Instance name,  X location,  Y location,  Voltage 
FILLER_0_178_1033, 482.64, 497.76, 1.79413
FILLER_0_178_1037, 482.64, 497.76, 1.79413
input7, 482.64, 492.32, 1.79413
FILLER_0_176_1029, 482.64, 492.32, 1.79413
FILLER_0_177_1045, 482.64, 492.32, 1.79413
FILLER_0_174_1029, 482.64, 486.88, 1.79413
FILLER_0_176_1049, 482.64, 486.88, 1.79413
FILLER_0_172_1029, 482.64, 481.44, 1.79413
FILLER_0_174_1049, 482.64, 481.44, 1.79413
FILLER_0_170_1029, 482.64, 476, 1.79414
FILLER_0_172_1049, 482.64, 476, 1.79414
FILLER_0_168_1029, 482.64, 470.56, 1.79414
FILLER_0_170_1049, 482.64, 470.56, 1.79414
FILLER_0_166_1029, 482.64, 465.12, 1.79414
FILLER_0_167_1045, 482.64, 465.12, 1.79414
FILLER_0_168_1049, 482.64, 465.12, 1.79414
FILLER_0_164_1029, 482.64, 459.68, 1.79414
FILLER_0_166_1049, 482.64, 459.68, 1.79414
FILLER_0_162_1029, 482.64, 454.24, 1.79415
FILLER_0_164_1049, 482.64, 454.24, 1.79415
FILLER_0_160_1029, 482.64, 448.8, 1.79415
FILLER_0_162_1049, 482.64, 448.8, 1.79415
_09324_, 482.64, 443.36, 1.79413
FILLER_0_158_1029, 482.64, 443.36, 1.79413
FILLER_0_160_1049, 482.64, 443.36, 1.79413
ANTENNA__09324__A, 482.64, 437.92, 1.79413
FILLER_0_156_1029, 482.64, 437.92, 1.79413
FILLER_0_154_1029, 482.64, 432.48, 1.79414
FILLER_0_156_1049, 482.64, 432.48, 1.79414
FILLER_0_152_1029, 482.64, 427.04, 1.79414
FILLER_0_154_1049, 482.64, 427.04, 1.79414
ANTENNA__08602__A, 482.64, 421.6, 1.79418
FILLER_0_150_1026, 482.64, 421.6, 1.79418
FILLER_0_152_1049, 482.64, 421.6, 1.79418
FILLER_0_148_1033, 482.64, 416.16, 1.79417
FILLER_0_150_1049, 482.64, 416.16, 1.79417
ANTENNA__12099__A0, 482.64, 410.72, 1.79417
FILLER_0_146_1031, 482.64, 410.72, 1.79417
FILLER_0_148_1049, 482.64, 410.72, 1.79417
_12100_, 482.64, 405.28, 1.79418
_12104_, 482.64, 405.28, 1.79418
input25, 482.64, 405.28, 1.79418
ANTENNA__07735__B1, 482.64, 405.28, 1.79418
ANTENNA__09037__A0, 482.64, 405.28, 1.79418
FILLER_0_146_1049, 482.64, 405.28, 1.79418
_09033_, 482.64, 399.84, 1.7942
ANTENNA__07735__A2, 482.64, 399.84, 1.7942
ANTENNA__09033__A0, 482.64, 399.84, 1.7942
ANTENNA__09033__S, 482.64, 399.84, 1.7942
FILLER_0_142_1032, 482.64, 399.84, 1.7942
_10101_, 482.64, 394.4, 1.79425
ANTENNA__07736__A2, 482.64, 394.4, 1.79425
FILLER_0_140_1025, 482.64, 394.4, 1.79425
FILLER_0_142_1049, 482.64, 394.4, 1.79425
_07736_, 482.64, 388.96, 1.79427
_10100_, 482.64, 388.96, 1.79427
_13815_, 482.64, 388.96, 1.79427
ANTENNA__09039__S, 482.64, 388.96, 1.79427
FILLER_0_140_1049, 482.64, 388.96, 1.79427
_07786_, 482.64, 383.52, 1.7943
ANTENNA__12105__A0, 482.64, 383.52, 1.7943
ANTENNA__07786__A2, 482.64, 383.52, 1.7943
ANTENNA__07786__B1, 482.64, 383.52, 1.7943
ANTENNA__07736__B1, 482.64, 383.52, 1.7943
ANTENNA__07785__A2, 482.64, 383.52, 1.7943
ANTENNA__09039__A0, 482.64, 383.52, 1.7943
ANTENNA__08763__A0, 482.64, 383.52, 1.7943
ANTENNA__08763__S, 482.64, 383.52, 1.7943
ANTENNA__10100__S, 482.64, 383.52, 1.7943
_10103_, 482.64, 378.08, 1.79433
_13816_, 482.64, 378.08, 1.79433
ANTENNA__07542__B1, 482.64, 378.08, 1.79433
FILLER_0_134_1033, 482.64, 378.08, 1.79433
FILLER_0_136_1048, 482.64, 378.08, 1.79433
_07542_, 482.64, 372.64, 1.79436
_10102_, 482.64, 372.64, 1.79436
input21, 482.64, 372.64, 1.79436
ANTENNA__10102__S, 482.64, 372.64, 1.79436
ANTENNA_clkbuf_leaf_85_wclk_A, 482.64, 372.64, 1.79436
_10093_, 482.64, 367.2, 1.79441
_13203_, 482.64, 367.2, 1.79441
_13811_, 482.64, 367.2, 1.79441
ANTENNA__07641__B1, 482.64, 367.2, 1.79441
ANTENNA__07542__A2, 482.64, 367.2, 1.79441
ANTENNA__08753__A0, 482.64, 367.2, 1.79441
FILLER_0_130_1037, 482.64, 367.2, 1.79441
FILLER_0_132_1049, 482.64, 367.2, 1.79441
_07543_, 482.64, 361.76, 1.79446
_07641_, 482.64, 361.76, 1.79446
_10092_, 482.64, 361.76, 1.79446
_13813_, 482.64, 361.76, 1.79446
ANTENNA__07641__A2, 482.64, 361.76, 1.79446
ANTENNA__08753__S, 482.64, 361.76, 1.79446
_10096_, 482.64, 356.32, 1.79451
ANTENNA__10096__A1, 482.64, 356.32, 1.79451
ANTENNA__08960__A0, 482.64, 356.32, 1.79451
ANTENNA__08757__A0, 482.64, 356.32, 1.79451
ANTENNA__08757__S, 482.64, 356.32, 1.79451
ANTENNA__08596__A, 482.64, 356.32, 1.79451
FILLER_0_127_1032, 482.64, 356.32, 1.79451
FILLER_0_127_1048, 482.64, 356.32, 1.79451
ANTENNA__09897__S, 482.64, 350.88, 1.79455
ANTENNA__10096__S, 482.64, 350.88, 1.79455
FILLER_0_124_1025, 482.64, 350.88, 1.79455
_09896_, 482.64, 345.44, 1.79459
_09898_, 482.64, 345.44, 1.79459
_12513_, 482.64, 345.44, 1.79459
_13719_, 482.64, 345.44, 1.79459
_13720_, 482.64, 345.44, 1.79459
_14904_, 482.64, 345.44, 1.79459
ANTENNA__09897__A0, 482.64, 345.44, 1.79459
ANTENNA__09895__S, 482.64, 345.44, 1.79459
FILLER_0_123_1025, 482.64, 345.44, 1.79459
_07784_, 482.64, 340, 1.79468
_09895_, 482.64, 340, 1.79468
_09897_, 482.64, 340, 1.79468
_12514_, 482.64, 340, 1.79468
ANTENNA__07790__A2, 482.64, 340, 1.79468
ANTENNA__07740__A2, 482.64, 340, 1.79468
ANTENNA__09108__A0, 482.64, 340, 1.79468
_07734_, 482.64, 334.56, 1.79472
_07741_, 482.64, 334.56, 1.79472
_07790_, 482.64, 334.56, 1.79472
_12512_, 482.64, 334.56, 1.79472
_14903_, 482.64, 334.56, 1.79472
ANTENNA__07784__B1, 482.64, 334.56, 1.79472
_07733_, 482.64, 329.12, 1.79483
_12172_, 482.64, 329.12, 1.79483
_12511_, 482.64, 329.12, 1.79483
ANTENNA__12375__S, 482.64, 329.12, 1.79483
ANTENNA__12511__S, 482.64, 329.12, 1.79483
ANTENNA__07733__A2, 482.64, 329.12, 1.79483
ANTENNA__07733__B1, 482.64, 329.12, 1.79483
ANTENNA__07740__B1, 482.64, 329.12, 1.79483
FILLER_0_117_1030, 482.64, 329.12, 1.79483
_07783_, 482.64, 323.68, 1.79485
_12171_, 482.64, 323.68, 1.79485
_12174_, 482.64, 323.68, 1.79485
_12375_, 482.64, 323.68, 1.79485
_12376_, 482.64, 323.68, 1.79485
_14744_, 482.64, 323.68, 1.79485
_14839_, 482.64, 323.68, 1.79485
ANTENNA__09098__A0, 482.64, 323.68, 1.79485
FILLER_0_115_1037, 482.64, 323.68, 1.79485
_07548_, 482.64, 318.24, 1.79494
_09098_, 482.64, 318.24, 1.79494
_12173_, 482.64, 318.24, 1.79494
_12378_, 482.64, 318.24, 1.79494
clkbuf_leaf_93_wclk, 482.64, 318.24, 1.79494
ANTENNA__12507__A1, 482.64, 318.24, 1.79494
_07547_, 482.64, 312.8, 1.79503
_07639_, 482.64, 312.8, 1.79503
_12377_, 482.64, 312.8, 1.79503
_14840_, 482.64, 312.8, 1.79503
ANTENNA__07639__B1, 482.64, 312.8, 1.79503
ANTENNA__07547__B1, 482.64, 312.8, 1.79503
_07646_, 482.64, 307.36, 1.79512
_09891_, 482.64, 307.36, 1.79512
_09892_, 482.64, 307.36, 1.79512
_12507_, 482.64, 307.36, 1.79512
_12508_, 482.64, 307.36, 1.79512
_14901_, 482.64, 307.36, 1.79512
input10, 482.64, 307.36, 1.79512
ANTENNA__07687__A2, 482.64, 307.36, 1.79512
ANTENNA__07639__A2, 482.64, 307.36, 1.79512
ANTENNA__07687__B1, 482.64, 307.36, 1.79512
_07687_, 482.64, 301.92, 1.7952
_12503_, 482.64, 301.92, 1.7952
_13717_, 482.64, 301.92, 1.7952
_14899_, 482.64, 301.92, 1.7952
ANTENNA__12503__S, 482.64, 301.92, 1.7952
ANTENNA__12503__A1, 482.64, 301.92, 1.7952
FILLER_0_107_1033, 482.64, 301.92, 1.7952
_12504_, 482.64, 296.48, 1.79532
_13715_, 482.64, 296.48, 1.79532
ANTENNA__07541__A2, 482.64, 296.48, 1.79532
ANTENNA__07541__B1, 482.64, 296.48, 1.79532
ANTENNA__09887__A0, 482.64, 296.48, 1.79532
ANTENNA__09887__S, 482.64, 296.48, 1.79532
_07540_, 482.64, 291.04, 1.79542
_07541_, 482.64, 291.04, 1.79542
_07638_, 482.64, 291.04, 1.79542
_09887_, 482.64, 291.04, 1.79542
_12167_, 482.64, 291.04, 1.79542
_12373_, 482.64, 291.04, 1.79542
_12374_, 482.64, 291.04, 1.79542
ANTENNA__12373__S, 482.64, 291.04, 1.79542
ANTENNA__07540__A2, 482.64, 291.04, 1.79542
ANTENNA__07540__B1, 482.64, 291.04, 1.79542
ANTENNA__12167__S, 482.64, 291.04, 1.79542
_12163_, 482.64, 285.6, 1.79549
_12164_, 482.64, 285.6, 1.79549
_12168_, 482.64, 285.6, 1.79549
_14739_, 482.64, 285.6, 1.79549
_14741_, 482.64, 285.6, 1.79549
ANTENNA__12373__A1, 482.64, 285.6, 1.79549
FILLER_0_100_1030, 482.64, 285.6, 1.79549
_12368_, 482.64, 280.16, 1.7956
_12372_, 482.64, 280.16, 1.7956
_14837_, 482.64, 280.16, 1.7956
FILLER_0_99_1035, 482.64, 280.16, 1.7956
_11456_, 482.64, 274.72, 1.79571
_12367_, 482.64, 274.72, 1.79571
_14421_, 482.64, 274.72, 1.79571
_14835_, 482.64, 274.72, 1.79571
_09318_, 482.64, 269.28, 1.79583
_09330_, 482.64, 269.28, 1.79583
_09333_, 482.64, 269.28, 1.79583
_12371_, 482.64, 269.28, 1.79583
ANTENNA__12371__S, 482.64, 269.28, 1.79583
ANTENNA__11455__A1, 482.64, 269.28, 1.79583
ANTENNA__11461__A1, 482.64, 269.28, 1.79583
ANTENNA__11461__S, 482.64, 269.28, 1.79583
ANTENNA_clkbuf_leaf_95_wclk_A, 482.64, 269.28, 1.79583
FILLER_0_94_1026, 482.64, 269.28, 1.79583
_07545_, 482.64, 263.84, 1.79593
_09613_, 482.64, 263.84, 1.79593
_09621_, 482.64, 263.84, 1.79593
_09622_, 482.64, 263.84, 1.79593
ANTENNA__07545__A2, 482.64, 263.84, 1.79593
ANTENNA__07545__B1, 482.64, 263.84, 1.79593
ANTENNA__09621__S, 482.64, 263.84, 1.79593
ANTENNA__09613__S, 482.64, 263.84, 1.79593
ANTENNA__11391__A1, 482.64, 263.84, 1.79593
FILLER_0_93_1035, 482.64, 263.84, 1.79593
_11392_, 482.64, 258.4, 1.79601
_13587_, 482.64, 258.4, 1.79601
clkbuf_leaf_95_wclk, 482.64, 258.4, 1.79601
_07738_, 482.64, 252.96, 1.79613
_07788_, 482.64, 252.96, 1.79613
_09624_, 482.64, 252.96, 1.79613
_11384_, 482.64, 252.96, 1.79613
_13591_, 482.64, 252.96, 1.79613
_13592_, 482.64, 252.96, 1.79613
ANTENNA__07788__A2, 482.64, 252.96, 1.79613
ANTENNA__07788__B1, 482.64, 252.96, 1.79613
ANTENNA__07738__B1, 482.64, 252.96, 1.79613
FILLER_0_89_1028, 482.64, 252.96, 1.79613
_07643_, 482.64, 247.52, 1.79626
_09617_, 482.64, 247.52, 1.79626
_09623_, 482.64, 247.52, 1.79626
_11394_, 482.64, 247.52, 1.79626
ANTENNA__07643__A2, 482.64, 247.52, 1.79626
ANTENNA__07643__B1, 482.64, 247.52, 1.79626
FILLER_0_86_1037, 482.64, 247.52, 1.79626
_07544_, 482.64, 242.08, 1.79637
_11387_, 482.64, 242.08, 1.79637
_13589_, 482.64, 242.08, 1.79637
ANTENNA__09623__S, 482.64, 242.08, 1.79637
_07642_, 482.64, 236.64, 1.7965
_12571_, 482.64, 236.64, 1.7965
_12572_, 482.64, 236.64, 1.7965
_12576_, 482.64, 236.64, 1.7965
_14931_, 482.64, 236.64, 1.7965
_07737_, 482.64, 231.2, 1.79663
_12575_, 482.64, 231.2, 1.79663
_14933_, 482.64, 231.2, 1.79663
ANTENNA__07544__A2, 482.64, 231.2, 1.79663
ANTENNA__12235__A1, 482.64, 231.2, 1.79663
FILLER_0_80_1033, 482.64, 231.2, 1.79663
FILLER_0_81_1031, 482.64, 231.2, 1.79663
_06625_, 482.64, 225.76, 1.79674
_07787_, 482.64, 225.76, 1.79674
_12239_, 482.64, 225.76, 1.79674
_12579_, 482.64, 225.76, 1.79674
_12580_, 482.64, 225.76, 1.79674
ANTENNA__12577__S, 482.64, 225.76, 1.79674
ANTENNA__07737__A2, 482.64, 225.76, 1.79674
ANTENNA__07737__B1, 482.64, 225.76, 1.79674
ANTENNA__12231__A1, 482.64, 225.76, 1.79674
_06640_, 482.64, 220.32, 1.79685
_12581_, 482.64, 220.32, 1.79685
_12582_, 482.64, 220.32, 1.79685
_14936_, 482.64, 220.32, 1.79685
ANTENNA__12581__S, 482.64, 220.32, 1.79685
ANTENNA__12239__S, 482.64, 220.32, 1.79685
_06631_, 482.64, 214.88, 1.79701
_11751_, 482.64, 214.88, 1.79701
ANTENNA__12241__A1, 482.64, 214.88, 1.79701
FILLER_0_74_1033, 482.64, 214.88, 1.79701
FILLER_0_75_1042, 482.64, 214.88, 1.79701
_11742_, 482.64, 209.44, 1.79713
ANTENNA__12643__A1, 482.64, 209.44, 1.79713
ANTENNA__12645__A1, 482.64, 209.44, 1.79713
ANTENNA__11030__A, 482.64, 209.44, 1.79713
ANTENNA__11745__A, 482.64, 209.44, 1.79713
ANTENNA__11751__A, 482.64, 209.44, 1.79713
_11748_, 482.64, 204, 1.79722
ANTENNA__11742__A, 482.64, 204, 1.79722
FILLER_0_70_1029, 482.64, 204, 1.79722
FILLER_0_71_1049, 482.64, 204, 1.79722
_11736_, 482.64, 198.56, 1.79738
input26, 482.64, 198.56, 1.79738
ANTENNA__11736__A, 482.64, 198.56, 1.79738
ANTENNA__11748__A, 482.64, 198.56, 1.79738
FILLER_0_69_1029, 482.64, 198.56, 1.79738
FILLER_0_66_1029, 482.64, 193.12, 1.79749
FILLER_0_68_1049, 482.64, 193.12, 1.79749
FILLER_0_64_1029, 482.64, 187.68, 1.79764
FILLER_0_66_1049, 482.64, 187.68, 1.79764
FILLER_0_62_1029, 482.64, 182.24, 1.79776
FILLER_0_64_1049, 482.64, 182.24, 1.79776
FILLER_0_60_1029, 482.64, 176.8, 1.79777
FILLER_0_62_1049, 482.64, 176.8, 1.79777
FILLER_0_58_1029, 482.64, 171.36, 1.79778
FILLER_0_59_1045, 482.64, 171.36, 1.79778
FILLER_0_60_1049, 482.64, 171.36, 1.79778
FILLER_0_56_1029, 482.64, 165.92, 1.79778
FILLER_0_58_1049, 482.64, 165.92, 1.79778
FILLER_0_54_1029, 482.64, 160.48, 1.79777
FILLER_0_56_1049, 482.64, 160.48, 1.79777
FILLER_0_52_1029, 482.64, 155.04, 1.79775
FILLER_0_54_1049, 482.64, 155.04, 1.79775
FILLER_0_50_1029, 482.64, 149.6, 1.79772
FILLER_0_52_1049, 482.64, 149.6, 1.79772
FILLER_0_48_1029, 482.64, 144.16, 1.79772
FILLER_0_49_1045, 482.64, 144.16, 1.79772
FILLER_0_50_1049, 482.64, 144.16, 1.79772
FILLER_0_46_1029, 482.64, 138.72, 1.7977
FILLER_0_48_1049, 482.64, 138.72, 1.7977
FILLER_0_44_1029, 482.64, 133.28, 1.79768
FILLER_0_46_1049, 482.64, 133.28, 1.79768
FILLER_0_42_1029, 482.64, 127.84, 1.79767
FILLER_0_44_1049, 482.64, 127.84, 1.79767
FILLER_0_40_1029, 482.64, 122.4, 1.79766
FILLER_0_42_1049, 482.64, 122.4, 1.79766
FILLER_0_38_1029, 482.64, 116.96, 1.79763
FILLER_0_40_1049, 482.64, 116.96, 1.79763
FILLER_0_36_1029, 482.64, 111.52, 1.79762
FILLER_0_37_1045, 482.64, 111.52, 1.79762
FILLER_0_38_1049, 482.64, 111.52, 1.79762
FILLER_0_34_1029, 482.64, 106.08, 1.79761
FILLER_0_36_1049, 482.64, 106.08, 1.79761
FILLER_0_32_1029, 482.64, 100.64, 1.79759
FILLER_0_34_1049, 482.64, 100.64, 1.79759
FILLER_0_30_1029, 482.64, 95.2, 1.79758
FILLER_0_32_1049, 482.64, 95.2, 1.79758
FILLER_0_28_1029, 482.64, 89.76, 1.79756
FILLER_0_30_1049, 482.64, 89.76, 1.79756
input9, 482.64, 84.32, 1.79755
FILLER_0_26_1029, 482.64, 84.32, 1.79755
FILLER_0_27_1045, 482.64, 84.32, 1.79755
FILLER_0_28_1049, 482.64, 84.32, 1.79755
FILLER_0_24_1029, 482.64, 78.88, 1.79753
FILLER_0_26_1049, 482.64, 78.88, 1.79753
FILLER_0_22_1029, 482.64, 73.44, 1.79752
FILLER_0_24_1049, 482.64, 73.44, 1.79752
FILLER_0_20_1029, 482.64, 68, 1.7975
FILLER_0_22_1049, 482.64, 68, 1.7975
FILLER_0_18_1029, 482.64, 62.56, 1.79749
FILLER_0_20_1049, 482.64, 62.56, 1.79749
FILLER_0_16_1029, 482.64, 57.12, 1.79748
FILLER_0_16_1037, 482.64, 57.12, 1.79748
FILLER_0_18_1049, 482.64, 57.12, 1.79748
input15, 482.64, 51.68, 1.79747
FILLER_0_14_1029, 482.64, 51.68, 1.79747
FILLER_0_12_1029, 482.64, 46.24, 1.79747
FILLER_0_14_1049, 482.64, 46.24, 1.79747
FILLER_0_10_1029, 482.64, 40.8, 1.79746
FILLER_0_12_1049, 482.64, 40.8, 1.79746
FILLER_0_8_1029, 482.64, 35.36, 1.79745
FILLER_0_10_1049, 482.64, 35.36, 1.79745
FILLER_0_6_1029, 482.64, 29.92, 1.79744
FILLER_0_8_1049, 482.64, 29.92, 1.79744
FILLER_0_4_1029, 482.64, 24.48, 1.79744
FILLER_0_5_1045, 482.64, 24.48, 1.79744
FILLER_0_6_1049, 482.64, 24.48, 1.79744
FILLER_0_2_1029, 482.64, 19.04, 1.79744
FILLER_0_4_1049, 482.64, 19.04, 1.79744
FILLER_0_0_1049, 482.64, 13.6, 1.79744
FILLER_0_2_1049, 482.64, 13.6, 1.79744
FILLER_0_178_697, 329.04, 497.76, 1.79409
FILLER_0_176_693, 329.04, 492.32, 1.7941
FILLER_0_174_693, 329.04, 486.88, 1.7941
FILLER_0_172_693, 329.04, 481.44, 1.79409
FILLER_0_170_693, 329.04, 476, 1.79409
FILLER_0_168_693, 329.04, 470.56, 1.79408
FILLER_0_166_693, 329.04, 465.12, 1.79407
FILLER_0_164_693, 329.04, 459.68, 1.79407
FILLER_0_162_693, 329.04, 454.24, 1.79406
FILLER_0_160_693, 329.04, 448.8, 1.79404
_10884_, 329.04, 443.36, 1.79399
_14167_, 329.04, 443.36, 1.79399
FILLER_0_158_694, 329.04, 443.36, 1.79399
_07768_, 329.04, 437.92, 1.79397
_10883_, 329.04, 437.92, 1.79397
ANTENNA__07768__B, 329.04, 437.92, 1.79397
ANTENNA__07768__C, 329.04, 437.92, 1.79397
ANTENNA__07822__B, 329.04, 437.92, 1.79397
ANTENNA__09761__A0, 329.04, 437.92, 1.79397
ANTENNA__09761__S, 329.04, 437.92, 1.79397
FILLER_0_157_696, 329.04, 437.92, 1.79397
_07822_, 329.04, 432.48, 1.79397
_09334_, 329.04, 432.48, 1.79397
_09335_, 329.04, 432.48, 1.79397
_10885_, 329.04, 432.48, 1.79397
_13464_, 329.04, 432.48, 1.79397
ANTENNA__07818__C, 329.04, 432.48, 1.79397
ANTENNA__09334__S, 329.04, 432.48, 1.79397
ANTENNA__10885__S, 329.04, 432.48, 1.79397
_07818_, 329.04, 427.04, 1.79394
_07823_, 329.04, 427.04, 1.79394
_10886_, 329.04, 427.04, 1.79394
_13496_, 329.04, 427.04, 1.79394
_14008_, 329.04, 427.04, 1.79394
_14168_, 329.04, 427.04, 1.79394
ANTENNA__09248__S, 329.04, 427.04, 1.79394
ANTENNA__09763__S, 329.04, 427.04, 1.79394
_07819_, 329.04, 421.6, 1.79401
ANTENNA__07876__A2, 329.04, 421.6, 1.79401
ANTENNA__07823__A2, 329.04, 421.6, 1.79401
ANTENNA__07873__B, 329.04, 421.6, 1.79401
ANTENNA__07875__B, 329.04, 421.6, 1.79401
ANTENNA__07875__C, 329.04, 421.6, 1.79401
ANTENNA_clkbuf_leaf_73_wclk_A, 329.04, 421.6, 1.79401
FILLER_0_151_704, 329.04, 421.6, 1.79401
_07874_, 329.04, 416.16, 1.79396
_09246_, 329.04, 416.16, 1.79396
_09248_, 329.04, 416.16, 1.79396
_13432_, 329.04, 416.16, 1.79396
ANTENNA__10887__A1, 329.04, 416.16, 1.79396
ANTENNA__10887__S, 329.04, 416.16, 1.79396
_08833_, 329.04, 410.72, 1.79397
_09247_, 329.04, 410.72, 1.79397
_09829_, 329.04, 410.72, 1.79397
_09830_, 329.04, 410.72, 1.79397
_13688_, 329.04, 410.72, 1.79397
ANTENNA__07388__B, 329.04, 410.72, 1.79397
ANTENNA__07390__A2, 329.04, 410.72, 1.79397
ANTENNA__07874__C, 329.04, 410.72, 1.79397
ANTENNA__07874__B, 329.04, 410.72, 1.79397
ANTENNA__09337__S, 329.04, 410.72, 1.79397
ANTENNA__09337__A0, 329.04, 410.72, 1.79397
ANTENNA__09745__S, 329.04, 410.72, 1.79397
ANTENNA__10869__A1, 329.04, 410.72, 1.79397
FILLER_0_146_697, 329.04, 410.72, 1.79397
_09311_, 329.04, 405.28, 1.79399
_10869_, 329.04, 405.28, 1.79399
ANTENNA__07386__B, 329.04, 405.28, 1.79399
ANTENNA__07389__B, 329.04, 405.28, 1.79399
ANTENNA__09745__A0, 329.04, 405.28, 1.79399
ANTENNA__09310__A0, 329.04, 405.28, 1.79399
ANTENNA__09829__S, 329.04, 405.28, 1.79399
ANTENNA__10869__S, 329.04, 405.28, 1.79399
FILLER_0_146_709, 329.04, 405.28, 1.79399
_07389_, 329.04, 399.84, 1.79399
_07390_, 329.04, 399.84, 1.79399
_09310_, 329.04, 399.84, 1.79399
_09745_, 329.04, 399.84, 1.79399
_13456_, 329.04, 399.84, 1.79399
ANTENNA__07386__C, 329.04, 399.84, 1.79399
ANTENNA__09041__A0, 329.04, 399.84, 1.79399
_07386_, 329.04, 394.4, 1.79405
_07388_, 329.04, 394.4, 1.79405
ANTENNA__06748__A, 329.04, 394.4, 1.79405
ANTENNA__07216__A, 329.04, 394.4, 1.79405
ANTENNA__07373__A, 329.04, 394.4, 1.79405
ANTENNA__07374__A, 329.04, 394.4, 1.79405
ANTENNA__07383__C, 329.04, 394.4, 1.79405
ANTENNA__07380__B, 329.04, 394.4, 1.79405
ANTENNA__09400__S, 329.04, 394.4, 1.79405
ANTENNA__10458__A1, 329.04, 394.4, 1.79405
ANTENNA__10458__S, 329.04, 394.4, 1.79405
ANTENNA__10868__A, 329.04, 394.4, 1.79405
_07387_, 329.04, 388.96, 1.79403
_09041_, 329.04, 388.96, 1.79403
_12108_, 329.04, 388.96, 1.79403
_13337_, 329.04, 388.96, 1.79403
ANTENNA__07387__A, 329.04, 388.96, 1.79403
ANTENNA__07382__B, 329.04, 388.96, 1.79403
ANTENNA__07380__C, 329.04, 388.96, 1.79403
ANTENNA__07383__B, 329.04, 388.96, 1.79403
ANTENNA__09400__A0, 329.04, 388.96, 1.79403
ANTENNA__10729__A, 329.04, 388.96, 1.79403
_07837_, 329.04, 383.52, 1.79409
_09042_, 329.04, 383.52, 1.79409
_09309_, 329.04, 383.52, 1.79409
_12107_, 329.04, 383.52, 1.79409
_14713_, 329.04, 383.52, 1.79409
ANTENNA__10525__A, 329.04, 383.52, 1.79409
FILLER_0_136_697, 329.04, 383.52, 1.79409
_07838_, 329.04, 378.08, 1.79415
_08765_, 329.04, 378.08, 1.79415
_08766_, 329.04, 378.08, 1.79415
_10105_, 329.04, 378.08, 1.79415
_13209_, 329.04, 378.08, 1.79415
ANTENNA__10322__A0, 329.04, 378.08, 1.79415
ANTENNA__07381__C, 329.04, 378.08, 1.79415
ANTENNA__09161__A0, 329.04, 378.08, 1.79415
ANTENNA_clkbuf_leaf_67_wclk_A, 329.04, 378.08, 1.79415
FILLER_0_135_691, 329.04, 378.08, 1.79415
_07370_, 329.04, 372.64, 1.79418
_13817_, 329.04, 372.64, 1.79418
ANTENNA__12923__S, 329.04, 372.64, 1.79418
ANTENNA__07370__B1, 329.04, 372.64, 1.79418
ANTENNA__09744__A, 329.04, 372.64, 1.79418
ANTENNA__12973__A1, 329.04, 372.64, 1.79418
ANTENNA__08614__A, 329.04, 372.64, 1.79418
FILLER_0_134_710, 329.04, 372.64, 1.79418
_08614_, 329.04, 367.2, 1.79422
_12973_, 329.04, 367.2, 1.79422
_13176_, 329.04, 367.2, 1.79422
ANTENNA__07372__A2, 329.04, 367.2, 1.79422
ANTENNA__07372__A3, 329.04, 367.2, 1.79422
ANTENNA__08678__S, 329.04, 367.2, 1.79422
ANTENNA__06615__A, 329.04, 367.2, 1.79422
ANTENNA__12923__A1, 329.04, 367.2, 1.79422
_06965_, 329.04, 361.76, 1.79426
_07516_, 329.04, 361.76, 1.79426
_07883_, 329.04, 361.76, 1.79426
_09336_, 329.04, 361.76, 1.79426
_10231_, 329.04, 361.76, 1.79426
_12923_, 329.04, 361.76, 1.79426
_12924_, 329.04, 361.76, 1.79426
ANTENNA__07404__D, 329.04, 361.76, 1.79426
ANTENNA__12905__A1, 329.04, 361.76, 1.79426
_07858_, 329.04, 356.32, 1.7943
_07859_, 329.04, 356.32, 1.7943
_10409_, 329.04, 356.32, 1.7943
_14617_, 329.04, 356.32, 1.7943
_15097_, 329.04, 356.32, 1.7943
clkbuf_leaf_66_wclk, 329.04, 356.32, 1.7943
ANTENNA__10408__A1, 329.04, 356.32, 1.7943
_11835_, 329.04, 350.88, 1.79437
_11903_, 329.04, 350.88, 1.79437
_11904_, 329.04, 350.88, 1.79437
ANTENNA__07858__A2, 329.04, 350.88, 1.79437
ANTENNA__07858__B1, 329.04, 350.88, 1.79437
ANTENNA__11903__A1, 329.04, 350.88, 1.79437
ANTENNA__11835__A1, 329.04, 350.88, 1.79437
ANTENNA__11835__S, 329.04, 350.88, 1.79437
FILLER_0_124_697, 329.04, 350.88, 1.79437
_13305_, 329.04, 345.44, 1.79445
ANTENNA__07859__A2, 329.04, 345.44, 1.79445
ANTENNA__07842__A2, 329.04, 345.44, 1.79445
ANTENNA__07842__B1, 329.04, 345.44, 1.79445
ANTENNA__07841__A2, 329.04, 345.44, 1.79445
ANTENNA__07841__B1, 329.04, 345.44, 1.79445
ANTENNA__08972__S, 329.04, 345.44, 1.79445
ANTENNA__09899__S, 329.04, 345.44, 1.79445
ANTENNA__10955__A1, 329.04, 345.44, 1.79445
ANTENNA__11903__S, 329.04, 345.44, 1.79445
ANTENNA__07408__A1, 329.04, 345.44, 1.79445
ANTENNA__13060__CLK, 329.04, 345.44, 1.79445
FILLER_0_123_692, 329.04, 345.44, 1.79445
_07841_, 329.04, 340, 1.79454
_07884_, 329.04, 340, 1.79454
_08972_, 329.04, 340, 1.79454
_08973_, 329.04, 340, 1.79454
_09899_, 329.04, 340, 1.79454
FILLER_0_120_701, 329.04, 340, 1.79454
_07215_, 329.04, 334.56, 1.79455
_07842_, 329.04, 334.56, 1.79455
_09110_, 329.04, 334.56, 1.79455
_12516_, 329.04, 334.56, 1.79455
_13369_, 329.04, 334.56, 1.79455
_13721_, 329.04, 334.56, 1.79455
_14905_, 329.04, 334.56, 1.79455
ANTENNA__07408__A2, 329.04, 334.56, 1.79455
_09111_, 329.04, 329.12, 1.79472
_12515_, 329.04, 329.12, 1.79472
ANTENNA__07215__A, 329.04, 329.12, 1.79472
ANTENNA__07270__A, 329.04, 329.12, 1.79472
ANTENNA__08885__A0, 329.04, 329.12, 1.79472
ANTENNA__08903__A0, 329.04, 329.12, 1.79472
ANTENNA__12175__S, 329.04, 329.12, 1.79472
ANTENNA_clkbuf_4_12_0_wclk_A, 329.04, 329.12, 1.79472
FILLER_0_118_714, 329.04, 329.12, 1.79472
_07835_, 329.04, 323.68, 1.79472
_12175_, 329.04, 323.68, 1.79472
_12380_, 329.04, 323.68, 1.79472
_14745_, 329.04, 323.68, 1.79472
ANTENNA__12175__A0, 329.04, 323.68, 1.79472
ANTENNA__07850__B1, 329.04, 323.68, 1.79472
ANTENNA__08884__A, 329.04, 323.68, 1.79472
_07850_, 329.04, 318.24, 1.79485
_12379_, 329.04, 318.24, 1.79485
_14841_, 329.04, 318.24, 1.79485
ANTENNA__07850__A2, 329.04, 318.24, 1.79485
ANTENNA__10816__A1, 329.04, 318.24, 1.79485
ANTENNA__10797__A, 329.04, 318.24, 1.79485
_10798_, 329.04, 312.8, 1.79492
ANTENNA__12379__S, 329.04, 312.8, 1.79492
ANTENNA__09487__S, 329.04, 312.8, 1.79492
ANTENNA_clkbuf_leaf_64_wclk_A, 329.04, 312.8, 1.79492
FILLER_0_111_713, 329.04, 312.8, 1.79492
FILLER_0_112_705, 329.04, 312.8, 1.79492
FILLER_0_112_710, 329.04, 312.8, 1.79492
_09485_, 329.04, 307.36, 1.79504
_09486_, 329.04, 307.36, 1.79504
_09487_, 329.04, 307.36, 1.79504
_13528_, 329.04, 307.36, 1.79504
ANTENNA__09485__S, 329.04, 307.36, 1.79504
ANTENNA__10798__A1, 329.04, 307.36, 1.79504
ANTENNA__10612__A1, 329.04, 307.36, 1.79504
FILLER_0_109_702, 329.04, 307.36, 1.79504
_07851_, 329.04, 301.92, 1.79514
_14040_, 329.04, 301.92, 1.79514
ANTENNA__07851__A2, 329.04, 301.92, 1.79514
ANTENNA__07851__B1, 329.04, 301.92, 1.79514
ANTENNA__07853__A2, 329.04, 301.92, 1.79514
ANTENNA__07853__B1, 329.04, 301.92, 1.79514
ANTENNA__09487__A0, 329.04, 301.92, 1.79514
FILLER_0_106_697, 329.04, 301.92, 1.79514
FILLER_0_107_715, 329.04, 301.92, 1.79514
_10593_, 329.04, 296.48, 1.79527
_10595_, 329.04, 296.48, 1.79527
_13784_, 329.04, 296.48, 1.79527
ANTENNA__10593__A, 329.04, 296.48, 1.79527
FILLER_0_105_712, 329.04, 296.48, 1.79527
FILLER_0_106_705, 329.04, 296.48, 1.79527
_07852_, 329.04, 291.04, 1.79539
_07854_, 329.04, 291.04, 1.79539
_10036_, 329.04, 291.04, 1.79539
_10037_, 329.04, 291.04, 1.79539
_11971_, 329.04, 291.04, 1.79539
ANTENNA__07854__B1, 329.04, 291.04, 1.79539
ANTENNA__10036__S, 329.04, 291.04, 1.79539
ANTENNA__10594__A1, 329.04, 291.04, 1.79539
ANTENNA__11971__S, 329.04, 291.04, 1.79539
FILLER_0_102_701, 329.04, 291.04, 1.79539
_11972_, 329.04, 285.6, 1.79549
_12447_, 329.04, 285.6, 1.79549
_12448_, 329.04, 285.6, 1.79549
_13785_, 329.04, 285.6, 1.79549
_14649_, 329.04, 285.6, 1.79549
ANTENNA__12447__S, 329.04, 285.6, 1.79549
ANTENNA__12447__A1, 329.04, 285.6, 1.79549
_07350_, 329.04, 280.16, 1.79559
_10017_, 329.04, 280.16, 1.79559
_11464_, 329.04, 280.16, 1.79559
_11954_, 329.04, 280.16, 1.79559
_14425_, 329.04, 280.16, 1.79559
ANTENNA__07350__A, 329.04, 280.16, 1.79559
ANTENNA__10018__S, 329.04, 280.16, 1.79559
ANTENNA__11953__A1, 329.04, 280.16, 1.79559
ANTENNA__11953__S, 329.04, 280.16, 1.79559
ANTENNA_clkbuf_leaf_104_wclk_A, 329.04, 280.16, 1.79559
FILLER_0_99_690, 329.04, 280.16, 1.79559
FILLER_0_99_707, 329.04, 280.16, 1.79559
FILLER_0_100_705, 329.04, 280.16, 1.79559
FILLER_0_100_713, 329.04, 280.16, 1.79559
_11191_, 329.04, 274.72, 1.79575
_11953_, 329.04, 274.72, 1.79575
_14640_, 329.04, 274.72, 1.79575
ANTENNA__10018__A0, 329.04, 274.72, 1.79575
FILLER_0_96_697, 329.04, 274.72, 1.79575
_07351_, 329.04, 269.28, 1.79588
_12856_, 329.04, 269.28, 1.79588
_14297_, 329.04, 269.28, 1.79588
_15065_, 329.04, 269.28, 1.79588
ANTENNA__07353__A2, 329.04, 269.28, 1.79588
ANTENNA__06889__A, 329.04, 269.28, 1.79588
ANTENNA__07353__B1, 329.04, 269.28, 1.79588
ANTENNA__09469__S, 329.04, 269.28, 1.79588
FILLER_0_95_693, 329.04, 269.28, 1.79588
FILLER_0_95_704, 329.04, 269.28, 1.79588
_06882_, 329.04, 263.84, 1.79599
_07353_, 329.04, 263.84, 1.79599
_07355_, 329.04, 263.84, 1.79599
_07848_, 329.04, 263.84, 1.79599
_12836_, 329.04, 263.84, 1.79599
_12855_, 329.04, 263.84, 1.79599
ANTENNA__07848__A, 329.04, 263.84, 1.79599
ANTENNA__07351__B1, 329.04, 263.84, 1.79599
FILLER_0_92_697, 329.04, 263.84, 1.79599
FILLER_0_92_701, 329.04, 263.84, 1.79599
_11172_, 329.04, 258.4, 1.79616
_11173_, 329.04, 258.4, 1.79616
_12837_, 329.04, 258.4, 1.79616
_12838_, 329.04, 258.4, 1.79616
_15056_, 329.04, 258.4, 1.79616
ANTENNA__06882__A, 329.04, 258.4, 1.79616
ANTENNA__09469__A0, 329.04, 258.4, 1.79616
FILLER_0_90_697, 329.04, 258.4, 1.79616
_07352_, 329.04, 252.96, 1.79631
_09625_, 329.04, 252.96, 1.79631
_09626_, 329.04, 252.96, 1.79631
_13593_, 329.04, 252.96, 1.79631
_14288_, 329.04, 252.96, 1.79631
ANTENNA__06891__A, 329.04, 252.96, 1.79631
ANTENNA__07352__B1, 329.04, 252.96, 1.79631
_07840_, 329.04, 247.52, 1.79643
_09694_, 329.04, 247.52, 1.79643
_13625_, 329.04, 247.52, 1.79643
clkbuf_leaf_106_wclk, 329.04, 247.52, 1.79643
ANTENNA__09675__A0, 329.04, 247.52, 1.79643
ANTENNA__09674__A, 329.04, 247.52, 1.79643
ANTENNA__11726__A, 329.04, 247.52, 1.79643
_11396_, 329.04, 242.08, 1.79661
_14393_, 329.04, 242.08, 1.79661
ANTENNA__07359__A2, 329.04, 242.08, 1.79661
ANTENNA__07359__B1, 329.04, 242.08, 1.79661
ANTENNA__07840__B1, 329.04, 242.08, 1.79661
ANTENNA__08863__A, 329.04, 242.08, 1.79661
ANTENNA__09625__S, 329.04, 242.08, 1.79661
ANTENNA__11241__A1, 329.04, 242.08, 1.79661
ANTENNA__11016__A1, 329.04, 242.08, 1.79661
ANTENNA__11016__S, 329.04, 242.08, 1.79661
FILLER_0_85_716, 329.04, 242.08, 1.79661
_07358_, 329.04, 236.64, 1.79681
_07839_, 329.04, 236.64, 1.79681
_09653_, 329.04, 236.64, 1.79681
_11310_, 329.04, 236.64, 1.79681
_12243_, 329.04, 236.64, 1.79681
_14777_, 329.04, 236.64, 1.79681
ANTENNA__06904__A, 329.04, 236.64, 1.79681
ANTENNA__07358__C1, 329.04, 236.64, 1.79681
ANTENNA__07840__A2, 329.04, 236.64, 1.79681
ANTENNA__11240__A, 329.04, 236.64, 1.79681
ANTENNA__11241__S, 329.04, 236.64, 1.79681
_06903_, 329.04, 231.2, 1.79697
_09655_, 329.04, 231.2, 1.79697
_11308_, 329.04, 231.2, 1.79697
_12244_, 329.04, 231.2, 1.79697
_14937_, 329.04, 231.2, 1.79697
ANTENNA__11288__S, 329.04, 231.2, 1.79697
_06645_, 329.04, 225.76, 1.79711
_07243_, 329.04, 225.76, 1.79711
_10572_, 329.04, 225.76, 1.79711
_10574_, 329.04, 225.76, 1.79711
ANTENNA__06744__A2, 329.04, 225.76, 1.79711
ANTENNA__06749__B, 329.04, 225.76, 1.79711
ANTENNA__06905__A, 329.04, 225.76, 1.79711
ANTENNA__09654__A0, 329.04, 225.76, 1.79711
ANTENNA__09653__A, 329.04, 225.76, 1.79711
FILLER_0_80_717, 329.04, 225.76, 1.79711
_12021_, 329.04, 220.32, 1.79731
_12022_, 329.04, 220.32, 1.79731
_12815_, 329.04, 220.32, 1.79731
_13037_, 329.04, 220.32, 1.79731
_14672_, 329.04, 220.32, 1.79731
ANTENNA__06617__A1, 329.04, 220.32, 1.79731
ANTENNA__07349__A2, 329.04, 220.32, 1.79731
ANTENNA__07349__B1, 329.04, 220.32, 1.79731
ANTENNA__08864__A0, 329.04, 220.32, 1.79731
ANTENNA_clkbuf_leaf_108_wclk_A, 329.04, 220.32, 1.79731
_07402_, 329.04, 214.88, 1.79753
_11151_, 329.04, 214.88, 1.79753
_12020_, 329.04, 214.88, 1.79753
_12633_, 329.04, 214.88, 1.79753
_14960_, 329.04, 214.88, 1.79753
ANTENNA__07348__B, 329.04, 214.88, 1.79753
_11514_, 329.04, 209.44, 1.79771
_12634_, 329.04, 209.44, 1.79771
_12702_, 329.04, 209.44, 1.79771
_14992_, 329.04, 209.44, 1.79771
ANTENNA__11152__A1, 329.04, 209.44, 1.79771
ANTENNA__11931__A, 329.04, 209.44, 1.79771
ANTENNA__12816__A1, 329.04, 209.44, 1.79771
_07397_, 329.04, 204, 1.79789
_07401_, 329.04, 204, 1.79789
_11513_, 329.04, 204, 1.79789
_12701_, 329.04, 204, 1.79789
_14448_, 329.04, 204, 1.79789
clkbuf_leaf_109_wclk, 329.04, 204, 1.79789
FILLER_0_70_690, 329.04, 204, 1.79789
_07269_, 329.04, 198.56, 1.79813
_07400_, 329.04, 198.56, 1.79813
_09278_, 329.04, 198.56, 1.79813
_09723_, 329.04, 198.56, 1.79813
_12632_, 329.04, 198.56, 1.79813
_14256_, 329.04, 198.56, 1.79813
FILLER_0_69_708, 329.04, 198.56, 1.79813
_06795_, 329.04, 193.12, 1.79832
_06797_, 329.04, 193.12, 1.79832
_06798_, 329.04, 193.12, 1.79832
_11105_, 329.04, 193.12, 1.79832
_11106_, 329.04, 193.12, 1.79832
_12768_, 329.04, 193.12, 1.79832
_15024_, 329.04, 193.12, 1.79832
ANTENNA__06778__B, 329.04, 193.12, 1.79832
ANTENNA__06778__A, 329.04, 193.12, 1.79832
ANTENNA__10505__S, 329.04, 193.12, 1.79832
FILLER_0_66_697, 329.04, 193.12, 1.79832
_06792_, 329.04, 187.68, 1.79856
_06800_, 329.04, 187.68, 1.79856
_07396_, 329.04, 187.68, 1.79856
_07398_, 329.04, 187.68, 1.79856
_09724_, 329.04, 187.68, 1.79856
_11600_, 329.04, 187.68, 1.79856
ANTENNA__06774__A, 329.04, 187.68, 1.79856
ANTENNA__09378__A, 329.04, 187.68, 1.79856
FILLER_0_65_697, 329.04, 187.68, 1.79856
_06799_, 329.04, 182.24, 1.79882
_11104_, 329.04, 182.24, 1.79882
_14489_, 329.04, 182.24, 1.79882
ANTENNA__12632__A, 329.04, 182.24, 1.79882
ANTENNA__06777__A, 329.04, 182.24, 1.79882
ANTENNA__06779__A, 329.04, 182.24, 1.79882
ANTENNA__06780__B1, 329.04, 182.24, 1.79882
ANTENNA__10847__A, 329.04, 182.24, 1.79882
ANTENNA__08550__A, 329.04, 182.24, 1.79882
FILLER_0_62_697, 329.04, 182.24, 1.79882
FILLER_0_63_709, 329.04, 182.24, 1.79882
_07324_, 329.04, 176.8, 1.79878
_09742_, 329.04, 176.8, 1.79878
_09743_, 329.04, 176.8, 1.79878
_13647_, 329.04, 176.8, 1.79878
ANTENNA__06798__A2, 329.04, 176.8, 1.79878
ANTENNA__06795__A, 329.04, 176.8, 1.79878
ANTENNA__10848__A1, 329.04, 176.8, 1.79878
ANTENNA__10777__S, 329.04, 176.8, 1.79878
ANTENNA__10848__S, 329.04, 176.8, 1.79878
FILLER_0_61_708, 329.04, 176.8, 1.79878
_07325_, 329.04, 171.36, 1.79866
_14159_, 329.04, 171.36, 1.79866
ANTENNA__06792__A, 329.04, 171.36, 1.79866
_07323_, 329.04, 165.92, 1.79855
_09211_, 329.04, 165.92, 1.79855
_10866_, 329.04, 165.92, 1.79855
clkbuf_leaf_112_wclk, 329.04, 165.92, 1.79855
ANTENNA__07314__A2, 329.04, 165.92, 1.79855
ANTENNA__08797__A0, 329.04, 165.92, 1.79855
ANTENNA__08797__S, 329.04, 165.92, 1.79855
ANTENNA__09742__S, 329.04, 165.92, 1.79855
ANTENNA__10866__A1, 329.04, 165.92, 1.79855
ANTENNA__10455__A1, 329.04, 165.92, 1.79855
ANTENNA__10727__S, 329.04, 165.92, 1.79855
ANTENNA__10866__S, 329.04, 165.92, 1.79855
_06926_, 329.04, 160.48, 1.79845
_09212_, 329.04, 160.48, 1.79845
_10850_, 329.04, 160.48, 1.79845
_10851_, 329.04, 160.48, 1.79845
_13415_, 329.04, 160.48, 1.79845
_14151_, 329.04, 160.48, 1.79845
ANTENNA__07020__C, 329.04, 160.48, 1.79845
ANTENNA__09227__S, 329.04, 160.48, 1.79845
_06976_, 329.04, 155.04, 1.79835
_09216_, 329.04, 155.04, 1.79835
_13417_, 329.04, 155.04, 1.79835
ANTENNA__06976__B, 329.04, 155.04, 1.79835
ANTENNA__07020__B, 329.04, 155.04, 1.79835
ANTENNA__06926__C, 329.04, 155.04, 1.79835
ANTENNA__09211__S, 329.04, 155.04, 1.79835
ANTENNA__10850__A1, 329.04, 155.04, 1.79835
ANTENNA__10850__S, 329.04, 155.04, 1.79835
FILLER_0_53_708, 329.04, 155.04, 1.79835
_07024_, 329.04, 149.6, 1.79822
_09215_, 329.04, 149.6, 1.79822
ANTENNA__06976__C, 329.04, 149.6, 1.79822
ANTENNA__07018__B, 329.04, 149.6, 1.79822
ANTENNA__07018__C, 329.04, 149.6, 1.79822
ANTENNA__09215__S, 329.04, 149.6, 1.79822
ANTENNA__09213__S, 329.04, 149.6, 1.79822
_06977_, 329.04, 144.16, 1.79816
_09731_, 329.04, 144.16, 1.79816
_13641_, 329.04, 144.16, 1.79816
ANTENNA__06977__B, 329.04, 144.16, 1.79816
ANTENNA__06977__C, 329.04, 144.16, 1.79816
ANTENNA__09215__A0, 329.04, 144.16, 1.79816
ANTENNA__09728__A0, 329.04, 144.16, 1.79816
ANTENNA__09728__S, 329.04, 144.16, 1.79816
FILLER_0_49_706, 329.04, 144.16, 1.79816
_06975_, 329.04, 138.72, 1.79807
_06978_, 329.04, 138.72, 1.79807
_09285_, 329.04, 138.72, 1.79807
clkbuf_leaf_138_wclk, 329.04, 138.72, 1.79807
ANTENNA__06978__A2, 329.04, 138.72, 1.79807
ANTENNA__09285__A0, 329.04, 138.72, 1.79807
ANTENNA_clkbuf_leaf_138_wclk_A, 329.04, 138.72, 1.79807
_07015_, 329.04, 133.28, 1.79796
_10444_, 329.04, 133.28, 1.79796
_10715_, 329.04, 133.28, 1.79796
_10716_, 329.04, 133.28, 1.79796
_14089_, 329.04, 133.28, 1.79796
_14153_, 329.04, 133.28, 1.79796
ANTENNA__06975__B, 329.04, 133.28, 1.79796
ANTENNA__06975__C, 329.04, 133.28, 1.79796
ANTENNA__09285__S, 329.04, 133.28, 1.79796
ANTENNA__10852__A1, 329.04, 133.28, 1.79796
ANTENNA__10713__A1, 329.04, 133.28, 1.79796
ANTENNA__10441__S, 329.04, 133.28, 1.79796
FILLER_0_46_714, 329.04, 133.28, 1.79796
_06968_, 329.04, 127.84, 1.79792
_10443_, 329.04, 127.84, 1.79792
_13961_, 329.04, 127.84, 1.79792
ANTENNA__10711__A1, 329.04, 127.84, 1.79792
ANTENNA__10441__A1, 329.04, 127.84, 1.79792
ANTENNA__10439__S, 329.04, 127.84, 1.79792
_10016_, 329.04, 122.4, 1.79786
ANTENNA__12834__S, 329.04, 122.4, 1.79786
ANTENNA__06968__A2, 329.04, 122.4, 1.79786
ANTENNA__06968__B1, 329.04, 122.4, 1.79786
ANTENNA__10439__A1, 329.04, 122.4, 1.79786
ANTENNA__10715__A1, 329.04, 122.4, 1.79786
FILLER_0_41_713, 329.04, 122.4, 1.79786
FILLER_0_42_705, 329.04, 122.4, 1.79786
_10015_, 329.04, 116.96, 1.79777
_12835_, 329.04, 116.96, 1.79777
_13775_, 329.04, 116.96, 1.79777
_15055_, 329.04, 116.96, 1.79777
ANTENNA__07296__A3, 329.04, 116.96, 1.79777
ANTENNA__07304__B1, 329.04, 116.96, 1.79777
ANTENNA__10015__S, 329.04, 116.96, 1.79777
FILLER_0_40_704, 329.04, 116.96, 1.79777
_07296_, 329.04, 111.52, 1.79774
_08580_, 329.04, 111.52, 1.79774
_09672_, 329.04, 111.52, 1.79774
ANTENNA__07296__B1, 329.04, 111.52, 1.79774
ANTENNA__07304__C1, 329.04, 111.52, 1.79774
ANTENNA__10015__A0, 329.04, 111.52, 1.79774
ANTENNA__11306__A1, 329.04, 111.52, 1.79774
_08559_, 329.04, 106.08, 1.7977
_09673_, 329.04, 106.08, 1.7977
_10225_, 329.04, 106.08, 1.7977
_11011_, 329.04, 106.08, 1.7977
_11171_, 329.04, 106.08, 1.7977
_14287_, 329.04, 106.08, 1.7977
ANTENNA__07304__A2, 329.04, 106.08, 1.7977
ANTENNA__09672__A0, 329.04, 106.08, 1.7977
ANTENNA__09672__S, 329.04, 106.08, 1.7977
ANTENNA__09668__S, 329.04, 106.08, 1.7977
ANTENNA__11170__S, 329.04, 106.08, 1.7977
ANTENNA__08559__A, 329.04, 106.08, 1.7977
_07200_, 329.04, 100.64, 1.79759
_09668_, 329.04, 100.64, 1.79759
_11170_, 329.04, 100.64, 1.79759
clkbuf_leaf_136_wclk, 329.04, 100.64, 1.79759
ANTENNA_clkbuf_leaf_136_wclk_A, 329.04, 100.64, 1.79759
FILLER_0_32_695, 329.04, 100.64, 1.79759
_11302_, 329.04, 95.2, 1.79757
_11303_, 329.04, 95.2, 1.79757
_12832_, 329.04, 95.2, 1.79757
_14349_, 329.04, 95.2, 1.79757
ANTENNA__07200__C1, 329.04, 95.2, 1.79757
ANTENNA__10781__A1, 329.04, 95.2, 1.79757
FILLER_0_32_709, 329.04, 95.2, 1.79757
_10204_, 329.04, 89.76, 1.79756
_11169_, 329.04, 89.76, 1.79756
_14286_, 329.04, 89.76, 1.79756
_15054_, 329.04, 89.76, 1.79756
ANTENNA__12832__S, 329.04, 89.76, 1.79756
ANTENNA__07251__B1, 329.04, 89.76, 1.79756
ANTENNA__07251__C1, 329.04, 89.76, 1.79756
ANTENNA__08868__S, 329.04, 89.76, 1.79756
ANTENNA__11302__S, 329.04, 89.76, 1.79756
_06954_, 329.04, 84.32, 1.7975
_08867_, 329.04, 84.32, 1.7975
_09670_, 329.04, 84.32, 1.7975
_11168_, 329.04, 84.32, 1.7975
_11304_, 329.04, 84.32, 1.7975
_13255_, 329.04, 84.32, 1.7975
_08866_, 329.04, 78.88, 1.79748
_10780_, 329.04, 78.88, 1.79748
_14119_, 329.04, 78.88, 1.79748
ANTENNA__06954__A2, 329.04, 78.88, 1.79748
ANTENNA__06954__B1, 329.04, 78.88, 1.79748
ANTENNA__11304__S, 329.04, 78.88, 1.79748
_07007_, 329.04, 73.44, 1.79743
_09661_, 329.04, 73.44, 1.79743
_10779_, 329.04, 73.44, 1.79743
_13609_, 329.04, 73.44, 1.79743
_14281_, 329.04, 73.44, 1.79743
ANTENNA__07007__A2, 329.04, 73.44, 1.79743
ANTENNA__09670__A0, 329.04, 73.44, 1.79743
ANTENNA__10779__S, 329.04, 73.44, 1.79743
FILLER_0_23_716, 329.04, 73.44, 1.79743
_09660_, 329.04, 68, 1.79741
ANTENNA__09660__A0, 329.04, 68, 1.79741
ANTENNA__09660__S, 329.04, 68, 1.79741
ANTENNA__10577__S, 329.04, 68, 1.79741
ANTENNA__11294__A1, 329.04, 68, 1.79741
ANTENNA__11158__S, 329.04, 68, 1.79741
FILLER_0_20_693, 329.04, 68, 1.79741
FILLER_0_21_698, 329.04, 68, 1.79741
FILLER_0_21_714, 329.04, 68, 1.79741
_06955_, 329.04, 62.56, 1.79741
_09451_, 329.04, 62.56, 1.79741
_10575_, 329.04, 62.56, 1.79741
_10576_, 329.04, 62.56, 1.79741
_13511_, 329.04, 62.56, 1.79741
_14023_, 329.04, 62.56, 1.79741
ANTENNA__06955__A2, 329.04, 62.56, 1.79741
ANTENNA__10575__S, 329.04, 62.56, 1.79741
_06893_, 329.04, 57.12, 1.79737
_06956_, 329.04, 57.12, 1.79737
_09450_, 329.04, 57.12, 1.79737
_11154_, 329.04, 57.12, 1.79737
ANTENNA__06953__A2, 329.04, 57.12, 1.79737
ANTENNA__06953__A3, 329.04, 57.12, 1.79737
ANTENNA__06953__B1, 329.04, 57.12, 1.79737
ANTENNA__06955__B1, 329.04, 57.12, 1.79737
ANTENNA__09450__S, 329.04, 57.12, 1.79737
_06952_, 329.04, 51.68, 1.79734
_10001_, 329.04, 51.68, 1.79734
_11155_, 329.04, 51.68, 1.79734
_14279_, 329.04, 51.68, 1.79734
_15047_, 329.04, 51.68, 1.79734
ANTENNA__06952__A2, 329.04, 51.68, 1.79734
ANTENNA__06952__B1, 329.04, 51.68, 1.79734
ANTENNA__09450__A0, 329.04, 51.68, 1.79734
_09659_, 329.04, 46.24, 1.79735
ANTENNA__06952__A3, 329.04, 46.24, 1.79735
ANTENNA__10001__A0, 329.04, 46.24, 1.79735
ANTENNA__10001__S, 329.04, 46.24, 1.79735
FILLER_0_12_697, 329.04, 46.24, 1.79735
FILLER_0_13_708, 329.04, 46.24, 1.79735
FILLER_0_13_716, 329.04, 46.24, 1.79735
FILLER_0_14_714, 329.04, 46.24, 1.79735
_09658_, 329.04, 40.8, 1.79731
_11935_, 329.04, 40.8, 1.79731
_13608_, 329.04, 40.8, 1.79731
_14631_, 329.04, 40.8, 1.79731
ANTENNA__06959__A2, 329.04, 40.8, 1.79731
ANTENNA__09999__A0, 329.04, 40.8, 1.79731
ANTENNA__09658__A0, 329.04, 40.8, 1.79731
_06906_, 329.04, 35.36, 1.79732
_09656_, 329.04, 35.36, 1.79732
_09657_, 329.04, 35.36, 1.79732
_11934_, 329.04, 35.36, 1.79732
ANTENNA__06906__A2, 329.04, 35.36, 1.79732
ANTENNA__06906__B1, 329.04, 35.36, 1.79732
ANTENNA__06906__C1, 329.04, 35.36, 1.79732
ANTENNA__09658__S, 329.04, 35.36, 1.79732
ANTENNA__09656__S, 329.04, 35.36, 1.79732
_09666_, 329.04, 29.92, 1.79732
_13607_, 329.04, 29.92, 1.79732
clkbuf_leaf_128_wclk, 329.04, 29.92, 1.79732
ANTENNA__07056__A2, 329.04, 29.92, 1.79732
ANTENNA__11290__A1, 329.04, 29.92, 1.79732
ANTENNA__11290__S, 329.04, 29.92, 1.79732
FILLER_0_6_701, 329.04, 29.92, 1.79732
_07105_, 329.04, 24.48, 1.7973
_07153_, 329.04, 24.48, 1.7973
_09663_, 329.04, 24.48, 1.7973
_13612_, 329.04, 24.48, 1.7973
ANTENNA__07153__B1, 329.04, 24.48, 1.7973
ANTENNA__07055__B1, 329.04, 24.48, 1.7973
ANTENNA__07055__C1, 329.04, 24.48, 1.7973
ANTENNA_clkbuf_leaf_128_wclk_A, 329.04, 24.48, 1.7973
_11296_, 329.04, 19.04, 1.79731
_11298_, 329.04, 19.04, 1.79731
ANTENNA__07055__A2, 329.04, 19.04, 1.79731
ANTENNA__07105__B1, 329.04, 19.04, 1.79731
ANTENNA__07153__C1, 329.04, 19.04, 1.79731
ANTENNA__11300__S, 329.04, 19.04, 1.79731
_11299_, 329.04, 13.6, 1.79731
input33, 329.04, 13.6, 1.79731
ANTENNA__11298__A1, 329.04, 13.6, 1.79731
ANTENNA__11300__A1, 329.04, 13.6, 1.79731
ANTENNA__11298__S, 329.04, 13.6, 1.79731
ANTENNA__11296__S, 329.04, 13.6, 1.79731
FILLER_0_0_697, 329.04, 13.6, 1.79731
FILLER_0_0_705, 329.04, 13.6, 1.79731
FILLER_0_178_361, 175.44, 497.76, 1.79415
output52, 175.44, 492.32, 1.79415
ANTENNA_output52_A, 175.44, 492.32, 1.79415
FILLER_0_176_357, 175.44, 492.32, 1.79415
FILLER_0_174_357, 175.44, 486.88, 1.79415
FILLER_0_172_357, 175.44, 481.44, 1.79415
FILLER_0_170_357, 175.44, 476, 1.79415
FILLER_0_168_357, 175.44, 470.56, 1.79415
FILLER_0_166_357, 175.44, 465.12, 1.79415
FILLER_0_164_357, 175.44, 459.68, 1.79414
FILLER_0_162_357, 175.44, 454.24, 1.79414
FILLER_0_160_357, 175.44, 448.8, 1.79412
FILLER_0_158_357, 175.44, 443.36, 1.79412
FILLER_0_156_357, 175.44, 437.92, 1.7941
_10753_, 175.44, 432.48, 1.79409
_10754_, 175.44, 432.48, 1.79409
_10755_, 175.44, 432.48, 1.79409
_14108_, 175.44, 432.48, 1.79409
ANTENNA__10753__A1, 175.44, 432.48, 1.79409
ANTENNA__10687__A1, 175.44, 432.48, 1.79409
FILLER_0_154_359, 175.44, 432.48, 1.79409
FILLER_0_154_365, 175.44, 432.48, 1.79409
FILLER_0_155_361, 175.44, 432.48, 1.79409
FILLER_0_155_369, 175.44, 432.48, 1.79409
_08118_, 175.44, 427.04, 1.79406
_10482_, 175.44, 427.04, 1.79406
_13979_, 175.44, 427.04, 1.79406
_14107_, 175.44, 427.04, 1.79406
FILLER_0_153_365, 175.44, 427.04, 1.79406
_08020_, 175.44, 421.6, 1.79411
_10690_, 175.44, 421.6, 1.79411
_10692_, 175.44, 421.6, 1.79411
ANTENNA__10685__A1, 175.44, 421.6, 1.79411
FILLER_0_150_361, 175.44, 421.6, 1.79411
FILLER_0_152_372, 175.44, 421.6, 1.79411
_08165_, 175.44, 416.16, 1.79409
_10487_, 175.44, 416.16, 1.79409
_10488_, 175.44, 416.16, 1.79409
_10760_, 175.44, 416.16, 1.79409
_13982_, 175.44, 416.16, 1.79409
ANTENNA__10691__A1, 175.44, 416.16, 1.79409
FILLER_0_150_377, 175.44, 416.16, 1.79409
_10764_, 175.44, 410.72, 1.79411
_14110_, 175.44, 410.72, 1.79411
_14112_, 175.44, 410.72, 1.79411
FILLER_0_147_374, 175.44, 410.72, 1.79411
FILLER_0_147_383, 175.44, 410.72, 1.79411
_08259_, 175.44, 405.28, 1.79411
_10763_, 175.44, 405.28, 1.79411
_13984_, 175.44, 405.28, 1.79411
ANTENNA__10763__A1, 175.44, 405.28, 1.79411
FILLER_0_144_361, 175.44, 405.28, 1.79411
FILLER_0_145_377, 175.44, 405.28, 1.79411
_10765_, 175.44, 399.84, 1.79412
_10766_, 175.44, 399.84, 1.79412
clkbuf_leaf_44_wclk, 175.44, 399.84, 1.79412
ANTENNA__10765__A1, 175.44, 399.84, 1.79412
FILLER_0_142_365, 175.44, 399.84, 1.79412
FILLER_0_143_360, 175.44, 399.84, 1.79412
_08306_, 175.44, 394.4, 1.79414
_10494_, 175.44, 394.4, 1.79414
_10700_, 175.44, 394.4, 1.79414
_13985_, 175.44, 394.4, 1.79414
_14113_, 175.44, 394.4, 1.79414
ANTENNA__10699__A1, 175.44, 394.4, 1.79414
_08353_, 175.44, 388.96, 1.79415
_10701_, 175.44, 388.96, 1.79415
_10702_, 175.44, 388.96, 1.79415
_14083_, 175.44, 388.96, 1.79415
ANTENNA__09987__S, 175.44, 388.96, 1.79415
ANTENNA__10701__A1, 175.44, 388.96, 1.79415
FILLER_0_138_361, 175.44, 388.96, 1.79415
FILLER_0_138_365, 175.44, 388.96, 1.79415
FILLER_0_139_367, 175.44, 388.96, 1.79415
_08715_, 175.44, 383.52, 1.79421
_09989_, 175.44, 383.52, 1.79421
_09990_, 175.44, 383.52, 1.79421
_13763_, 175.44, 383.52, 1.79421
ANTENNA__09987__A1, 175.44, 383.52, 1.79421
ANTENNA__08350__C, 175.44, 383.52, 1.79421
ANTENNA__08715__A0, 175.44, 383.52, 1.79421
ANTENNA__08715__S, 175.44, 383.52, 1.79421
FILLER_0_137_359, 175.44, 383.52, 1.79421
FILLER_0_137_372, 175.44, 383.52, 1.79421
_08350_, 175.44, 378.08, 1.79423
_08702_, 175.44, 378.08, 1.79423
_08716_, 175.44, 378.08, 1.79423
_09199_, 175.44, 378.08, 1.79423
_09364_, 175.44, 378.08, 1.79423
_13179_, 175.44, 378.08, 1.79423
ANTENNA__08349__B1, 175.44, 378.08, 1.79423
ANTENNA__08350__B, 175.44, 378.08, 1.79423
ANTENNA__08701__A0, 175.44, 378.08, 1.79423
ANTENNA__09198__A0, 175.44, 378.08, 1.79423
ANTENNA__09198__S, 175.44, 378.08, 1.79423
FILLER_0_135_360, 175.44, 378.08, 1.79423
FILLER_0_135_370, 175.44, 378.08, 1.79423
FILLER_0_136_374, 175.44, 378.08, 1.79423
FILLER_0_136_382, 175.44, 378.08, 1.79423
_08351_, 175.44, 372.64, 1.79429
_08701_, 175.44, 372.64, 1.79429
_08718_, 175.44, 372.64, 1.79429
_09198_, 175.44, 372.64, 1.79429
ANTENNA__08398__A2, 175.44, 372.64, 1.79429
ANTENNA__08018__B, 175.44, 372.64, 1.79429
ANTENNA__08018__C, 175.44, 372.64, 1.79429
FILLER_0_134_375, 175.44, 372.64, 1.79429
_08349_, 175.44, 367.2, 1.79431
_09201_, 175.44, 367.2, 1.79431
_13010_, 175.44, 367.2, 1.79431
ANTENNA__10343__A0, 175.44, 367.2, 1.79431
ANTENNA__08397__B, 175.44, 367.2, 1.79431
ANTENNA__10343__S, 175.44, 367.2, 1.79431
FILLER_0_131_375, 175.44, 367.2, 1.79431
FILLER_0_132_373, 175.44, 367.2, 1.79431
_10361_, 175.44, 361.76, 1.79434
_13411_, 175.44, 361.76, 1.79434
_15138_, 175.44, 361.76, 1.79434
ANTENNA__08396__B1, 175.44, 361.76, 1.79434
ANTENNA__10361__S, 175.44, 361.76, 1.79434
ANTENNA__12109__A, 175.44, 361.76, 1.79434
ANTENNA__12994__A1, 175.44, 361.76, 1.79434
ANTENNA__12942__A1, 175.44, 361.76, 1.79434
FILLER_0_128_365, 175.44, 361.76, 1.79434
FILLER_0_129_372, 175.44, 361.76, 1.79434
FILLER_0_130_374, 175.44, 361.76, 1.79434
_08369_, 175.44, 356.32, 1.79442
_10362_, 175.44, 356.32, 1.79442
_13013_, 175.44, 356.32, 1.79442
_13923_, 175.44, 356.32, 1.79442
ANTENNA__12994__S, 175.44, 356.32, 1.79442
ANTENNA__08348__B1, 175.44, 356.32, 1.79442
ANTENNA__08347__A2, 175.44, 356.32, 1.79442
ANTENNA__09346__A, 175.44, 356.32, 1.79442
ANTENNA__13012__A1, 175.44, 356.32, 1.79442
FILLER_0_126_365, 175.44, 356.32, 1.79442
FILLER_0_127_368, 175.44, 356.32, 1.79442
FILLER_0_127_381, 175.44, 356.32, 1.79442
_08348_, 175.44, 350.88, 1.79444
_09346_, 175.44, 350.88, 1.79444
_12945_, 175.44, 350.88, 1.79444
_13012_, 175.44, 350.88, 1.79444
_15139_, 175.44, 350.88, 1.79444
ANTENNA__13012__S, 175.44, 350.88, 1.79444
ANTENNA__09343__A, 175.44, 350.88, 1.79444
ANTENNA__10269__A, 175.44, 350.88, 1.79444
FILLER_0_124_361, 175.44, 350.88, 1.79444
_12944_, 175.44, 345.44, 1.79453
_13955_, 175.44, 345.44, 1.79453
_15107_, 175.44, 345.44, 1.79453
ANTENNA__12944__S, 175.44, 345.44, 1.79453
ANTENNA__08394__A2, 175.44, 345.44, 1.79453
ANTENNA__08416__D, 175.44, 345.44, 1.79453
ANTENNA__08621__A, 175.44, 345.44, 1.79453
ANTENNA__12944__A1, 175.44, 345.44, 1.79453
ANTENNA_clkbuf_leaf_54_wclk_A, 175.44, 345.44, 1.79453
FILLER_0_122_358, 175.44, 345.44, 1.79453
_08394_, 175.44, 340, 1.79461
_08395_, 175.44, 340, 1.79461
_08621_, 175.44, 340, 1.79461
_11925_, 175.44, 340, 1.79461
ANTENNA__11924__A1, 175.44, 340, 1.79461
FILLER_0_120_359, 175.44, 340, 1.79461
_11856_, 175.44, 334.56, 1.79466
_11924_, 175.44, 334.56, 1.79466
_14595_, 175.44, 334.56, 1.79466
_14627_, 175.44, 334.56, 1.79466
ANTENNA__11856__S, 175.44, 334.56, 1.79466
_08922_, 175.44, 329.12, 1.79477
_08923_, 175.44, 329.12, 1.79477
_11757_, 175.44, 329.12, 1.79477
ANTENNA__08339__B1, 175.44, 329.12, 1.79477
ANTENNA__08922__A0, 175.44, 329.12, 1.79477
ANTENNA__08922__S, 175.44, 329.12, 1.79477
ANTENNA__10835__A1, 175.44, 329.12, 1.79477
ANTENNA__10429__S, 175.44, 329.12, 1.79477
ANTENNA__11757__A, 175.44, 329.12, 1.79477
ANTENNA__13070__RESET_B, 175.44, 329.12, 1.79477
ANTENNA__07959__A1, 175.44, 329.12, 1.79477
FILLER_0_116_356, 175.44, 329.12, 1.79477
FILLER_0_117_369, 175.44, 329.12, 1.79477
FILLER_0_118_378, 175.44, 329.12, 1.79477
_08339_, 175.44, 323.68, 1.79477
_10835_, 175.44, 323.68, 1.79477
_13070_, 175.44, 323.68, 1.79477
_13282_, 175.44, 323.68, 1.79477
_14146_, 175.44, 323.68, 1.79477
ANTENNA__10835__S, 175.44, 323.68, 1.79477
FILLER_0_115_382, 175.44, 323.68, 1.79477
FILLER_0_116_374, 175.44, 323.68, 1.79477
_06646_, 175.44, 318.24, 1.79491
_08924_, 175.44, 318.24, 1.79491
_08925_, 175.44, 318.24, 1.79491
_10838_, 175.44, 318.24, 1.79491
_13283_, 175.44, 318.24, 1.79491
ANTENNA__08924__S, 175.44, 318.24, 1.79491
ANTENNA__10837__A1, 175.44, 318.24, 1.79491
ANTENNA__10837__S, 175.44, 318.24, 1.79491
ANTENNA__06646__A, 175.44, 318.24, 1.79491
FILLER_0_114_381, 175.44, 318.24, 1.79491
_08386_, 175.44, 312.8, 1.79499
_08417_, 175.44, 312.8, 1.79499
_10837_, 175.44, 312.8, 1.79499
_14147_, 175.44, 312.8, 1.79499
ANTENNA__08417__A, 175.44, 312.8, 1.79499
ANTENNA__10623__A1, 175.44, 312.8, 1.79499
FILLER_0_110_358, 175.44, 312.8, 1.79499
FILLER_0_110_365, 175.44, 312.8, 1.79499
FILLER_0_111_357, 175.44, 312.8, 1.79499
_09509_, 175.44, 307.36, 1.7951
_10633_, 175.44, 307.36, 1.7951
_10634_, 175.44, 307.36, 1.7951
_14051_, 175.44, 307.36, 1.7951
ANTENNA__08386__A2, 175.44, 307.36, 1.7951
ANTENNA__08386__B1, 175.44, 307.36, 1.7951
ANTENNA__10633__A1, 175.44, 307.36, 1.7951
ANTENNA__10633__S, 175.44, 307.36, 1.7951
FILLER_0_109_357, 175.44, 307.36, 1.7951
FILLER_0_109_381, 175.44, 307.36, 1.7951
FILLER_0_110_383, 175.44, 307.36, 1.7951
_08387_, 175.44, 301.92, 1.79521
_09508_, 175.44, 301.92, 1.79521
_13539_, 175.44, 301.92, 1.79521
ANTENNA__09498__S, 175.44, 301.92, 1.79521
ANTENNA__10617__A1, 175.44, 301.92, 1.79521
ANTENNA__10617__S, 175.44, 301.92, 1.79521
FILLER_0_107_357, 175.44, 301.92, 1.79521
FILLER_0_107_362, 175.44, 301.92, 1.79521
_10632_, 175.44, 296.48, 1.79533
ANTENNA__08340__A2, 175.44, 296.48, 1.79533
ANTENNA__08340__B1, 175.44, 296.48, 1.79533
ANTENNA__09506__A0, 175.44, 296.48, 1.79533
ANTENNA__09508__A0, 175.44, 296.48, 1.79533
ANTENNA__09506__S, 175.44, 296.48, 1.79533
ANTENNA__10631__A1, 175.44, 296.48, 1.79533
ANTENNA__11992__A1, 175.44, 296.48, 1.79533
ANTENNA__11992__S, 175.44, 296.48, 1.79533
FILLER_0_104_365, 175.44, 296.48, 1.79533
FILLER_0_105_365, 175.44, 296.48, 1.79533
FILLER_0_105_380, 175.44, 296.48, 1.79533
FILLER_0_106_377, 175.44, 296.48, 1.79533
_08340_, 175.44, 291.04, 1.79543
_10631_, 175.44, 291.04, 1.79543
_11992_, 175.44, 291.04, 1.79543
_11993_, 175.44, 291.04, 1.79543
_13795_, 175.44, 291.04, 1.79543
ANTENNA__10631__S, 175.44, 291.04, 1.79543
_08341_, 175.44, 285.6, 1.79555
_08393_, 175.44, 285.6, 1.79555
_14659_, 175.44, 285.6, 1.79555
clkbuf_leaf_19_wclk, 175.44, 285.6, 1.79555
ANTENNA__07990__A2, 175.44, 285.6, 1.79555
ANTENNA__07990__A3, 175.44, 285.6, 1.79555
ANTENNA__07990__B1, 175.44, 285.6, 1.79555
ANTENNA__10055__A0, 175.44, 285.6, 1.79555
FILLER_0_101_365, 175.44, 285.6, 1.79555
_10055_, 175.44, 280.16, 1.79567
_11990_, 175.44, 280.16, 1.79567
_11991_, 175.44, 280.16, 1.79567
_13794_, 175.44, 280.16, 1.79567
_14658_, 175.44, 280.16, 1.79567
ANTENNA__11990__S, 175.44, 280.16, 1.79567
_08337_, 175.44, 274.72, 1.7958
ANTENNA__08338__A2, 175.44, 274.72, 1.7958
ANTENNA__11976__S, 175.44, 274.72, 1.7958
FILLER_0_96_357, 175.44, 274.72, 1.7958
FILLER_0_97_357, 175.44, 274.72, 1.7958
_12876_, 175.44, 269.28, 1.79594
_15075_, 175.44, 269.28, 1.79594
ANTENNA__12876__S, 175.44, 269.28, 1.79594
ANTENNA__12874__S, 175.44, 269.28, 1.79594
ANTENNA__12874__A1, 175.44, 269.28, 1.79594
ANTENNA__12876__A1, 175.44, 269.28, 1.79594
FILLER_0_96_381, 175.44, 269.28, 1.79594
_08385_, 175.44, 263.84, 1.79606
_11212_, 175.44, 263.84, 1.79606
_11213_, 175.44, 263.84, 1.79606
_12877_, 175.44, 263.84, 1.79606
_14307_, 175.44, 263.84, 1.79606
ANTENNA__11212__A1, 175.44, 263.84, 1.79606
FILLER_0_92_357, 175.44, 263.84, 1.79606
FILLER_0_93_381, 175.44, 263.84, 1.79606
_14394_, 175.44, 258.4, 1.79619
FILLER_0_90_358, 175.44, 258.4, 1.79619
_11047_, 175.44, 252.96, 1.79636
_11398_, 175.44, 252.96, 1.79636
_11399_, 175.44, 252.96, 1.79636
_14726_, 175.44, 252.96, 1.79636
ANTENNA__08392__A2, 175.44, 252.96, 1.79636
ANTENNA__11074__S, 175.44, 252.96, 1.79636
ANTENNA__11398__S, 175.44, 252.96, 1.79636
FILLER_0_88_358, 175.44, 252.96, 1.79636
FILLER_0_89_356, 175.44, 252.96, 1.79636
FILLER_0_89_364, 175.44, 252.96, 1.79636
_11048_, 175.44, 247.52, 1.79647
_14234_, 175.44, 247.52, 1.79647
_14330_, 175.44, 247.52, 1.79647
clkbuf_leaf_16_wclk, 175.44, 247.52, 1.79647
ANTENNA__11398__A1, 175.44, 247.52, 1.79647
ANTENNA__11047__A1, 175.44, 247.52, 1.79647
ANTENNA__11047__S, 175.44, 247.52, 1.79647
FILLER_0_87_382, 175.44, 247.52, 1.79647
_11075_, 175.44, 242.08, 1.79666
_14404_, 175.44, 242.08, 1.79666
ANTENNA__08392__B1, 175.44, 242.08, 1.79666
ANTENNA__11046__A, 175.44, 242.08, 1.79666
ANTENNA__11418__A1, 175.44, 242.08, 1.79666
ANTENNA__11350__A1, 175.44, 242.08, 1.79666
ANTENNA_clkbuf_leaf_16_wclk_A, 175.44, 242.08, 1.79666
FILLER_0_84_365, 175.44, 242.08, 1.79666
_11046_, 175.44, 236.64, 1.79684
_11350_, 175.44, 236.64, 1.79684
_11351_, 175.44, 236.64, 1.79684
_11418_, 175.44, 236.64, 1.79684
_11419_, 175.44, 236.64, 1.79684
_14372_, 175.44, 236.64, 1.79684
ANTENNA__08010__A, 175.44, 236.64, 1.79684
ANTENNA__08438__B1, 175.44, 236.64, 1.79684
ANTENNA__11418__S, 175.44, 236.64, 1.79684
FILLER_0_83_362, 175.44, 236.64, 1.79684
_11077_, 175.44, 231.2, 1.79699
_11078_, 175.44, 231.2, 1.79699
_11329_, 175.44, 231.2, 1.79699
_14244_, 175.44, 231.2, 1.79699
ANTENNA__11330__A0, 175.44, 231.2, 1.79699
FILLER_0_80_361, 175.44, 231.2, 1.79699
FILLER_0_81_358, 175.44, 231.2, 1.79699
_12587_, 175.44, 225.76, 1.79716
ANTENNA__12586__S, 175.44, 225.76, 1.79716
ANTENNA__08438__A2, 175.44, 225.76, 1.79716
ANTENNA__11077__S, 175.44, 225.76, 1.79716
ANTENNA__11282__A1, 175.44, 225.76, 1.79716
ANTENNA__11077__A1, 175.44, 225.76, 1.79716
ANTENNA__11350__S, 175.44, 225.76, 1.79716
ANTENNA__11329__A, 175.44, 225.76, 1.79716
ANTENNA__11355__A, 175.44, 225.76, 1.79716
ANTENNA__12266__A1, 175.44, 225.76, 1.79716
FILLER_0_78_358, 175.44, 225.76, 1.79716
FILLER_0_78_365, 175.44, 225.76, 1.79716
FILLER_0_79_366, 175.44, 225.76, 1.79716
FILLER_0_80_372, 175.44, 225.76, 1.79716
_08424_, 175.44, 220.32, 1.79735
_12245_, 175.44, 220.32, 1.79735
_12266_, 175.44, 220.32, 1.79735
_12543_, 175.44, 220.32, 1.79735
_12585_, 175.44, 220.32, 1.79735
_12607_, 175.44, 220.32, 1.79735
ANTENNA__12476__S, 175.44, 220.32, 1.79735
ANTENNA__12585__A, 175.44, 220.32, 1.79735
ANTENNA__07975__A, 175.44, 220.32, 1.79735
ANTENNA__12476__A1, 175.44, 220.32, 1.79735
ANTENNA__12266__S, 175.44, 220.32, 1.79735
_14788_, 175.44, 214.88, 1.79752
_14948_, 175.44, 214.88, 1.79752
clkbuf_leaf_12_wclk, 175.44, 214.88, 1.79752
ANTENNA__12543__A, 175.44, 214.88, 1.79752
ANTENNA__08424__A2, 175.44, 214.88, 1.79752
ANTENNA__08383__B1, 175.44, 214.88, 1.79752
ANTENNA__12245__A, 175.44, 214.88, 1.79752
ANTENNA_clkbuf_leaf_12_wclk_A, 175.44, 214.88, 1.79752
FILLER_0_75_357, 175.44, 214.88, 1.79752
_11076_, 175.44, 209.44, 1.79774
_12041_, 175.44, 209.44, 1.79774
_12203_, 175.44, 209.44, 1.79774
_12267_, 175.44, 209.44, 1.79774
_12606_, 175.44, 209.44, 1.79774
ANTENNA__11622__A1, 175.44, 209.44, 1.79774
ANTENNA__12041__A, 175.44, 209.44, 1.79774
ANTENNA__11788__A, 175.44, 209.44, 1.79774
ANTENNA__11076__A, 175.44, 209.44, 1.79774
FILLER_0_73_382, 175.44, 209.44, 1.79774
_11622_, 175.44, 204, 1.79793
_11623_, 175.44, 204, 1.79793
_11691_, 175.44, 204, 1.79793
_12063_, 175.44, 204, 1.79793
_14500_, 175.44, 204, 1.79793
_14532_, 175.44, 204, 1.79793
_14692_, 175.44, 204, 1.79793
ANTENNA__08458__A2, 175.44, 204, 1.79793
ANTENNA__12203__A, 175.44, 204, 1.79793
_07952_, 175.44, 198.56, 1.79813
_08458_, 175.44, 198.56, 1.79813
_11555_, 175.44, 198.56, 1.79813
_11690_, 175.44, 198.56, 1.79813
ANTENNA__11690__A1, 175.44, 198.56, 1.79813
ANTENNA__11622__S, 175.44, 198.56, 1.79813
ANTENNA__11690__S, 175.44, 198.56, 1.79813
FILLER_0_69_359, 175.44, 198.56, 1.79813
FILLER_0_69_378, 175.44, 198.56, 1.79813
_06834_, 175.44, 193.12, 1.79837
_06836_, 175.44, 193.12, 1.79837
_08459_, 175.44, 193.12, 1.79837
_11554_, 175.44, 193.12, 1.79837
_12742_, 175.44, 193.12, 1.79837
_14468_, 175.44, 193.12, 1.79837
_15012_, 175.44, 193.12, 1.79837
_07947_, 175.44, 187.68, 1.79859
_11999_, 175.44, 187.68, 1.79859
_12743_, 175.44, 187.68, 1.79859
ANTENNA__07946__A, 175.44, 187.68, 1.79859
ANTENNA__07952__A, 175.44, 187.68, 1.79859
ANTENNA__11554__S, 175.44, 187.68, 1.79859
ANTENNA__12742__A1, 175.44, 187.68, 1.79859
FILLER_0_64_359, 175.44, 187.68, 1.79859
FILLER_0_65_376, 175.44, 187.68, 1.79859
_07946_, 175.44, 182.24, 1.79882
_12001_, 175.44, 182.24, 1.79882
_12611_, 175.44, 182.24, 1.79882
_12612_, 175.44, 182.24, 1.79882
_12721_, 175.44, 182.24, 1.79882
ANTENNA__12612__S, 175.44, 182.24, 1.79882
ANTENNA__12204__A1, 175.44, 182.24, 1.79882
ANTENNA__11999__A, 175.44, 182.24, 1.79882
ANTENNA__12204__S, 175.44, 182.24, 1.79882
FILLER_0_62_365, 175.44, 182.24, 1.79882
FILLER_0_63_378, 175.44, 182.24, 1.79882
FILLER_0_64_379, 175.44, 182.24, 1.79882
_07944_, 175.44, 176.8, 1.7988
_07945_, 175.44, 176.8, 1.7988
_11670_, 175.44, 176.8, 1.7988
_12613_, 175.44, 176.8, 1.7988
_14662_, 175.44, 176.8, 1.7988
_14950_, 175.44, 176.8, 1.7988
ANTENNA__07947__A, 175.44, 176.8, 1.7988
_07943_, 175.44, 171.36, 1.79863
_11601_, 175.44, 171.36, 1.79863
_11669_, 175.44, 171.36, 1.79863
_11671_, 175.44, 171.36, 1.79863
ANTENNA__11670__A1, 175.44, 171.36, 1.79863
FILLER_0_58_365, 175.44, 171.36, 1.79863
FILLER_0_59_381, 175.44, 171.36, 1.79863
_12495_, 175.44, 165.92, 1.79855
_14895_, 175.44, 165.92, 1.79855
ANTENNA__12494__S, 175.44, 165.92, 1.79855
ANTENNA__07944__A, 175.44, 165.92, 1.79855
ANTENNA__07945__B1, 175.44, 165.92, 1.79855
ANTENNA__11602__S, 175.44, 165.92, 1.79855
ANTENNA__11669__A, 175.44, 165.92, 1.79855
ANTENNA__11670__S, 175.44, 165.92, 1.79855
ANTENNA__12222__S, 175.44, 165.92, 1.79855
FILLER_0_57_360, 175.44, 165.92, 1.79855
FILLER_0_58_372, 175.44, 165.92, 1.79855
FILLER_0_58_382, 175.44, 165.92, 1.79855
_07284_, 175.44, 160.48, 1.79843
_12222_, 175.44, 160.48, 1.79843
_12494_, 175.44, 160.48, 1.79843
_12562_, 175.44, 160.48, 1.79843
_13711_, 175.44, 160.48, 1.79843
_14927_, 175.44, 160.48, 1.79843
ANTENNA_12, 175.44, 160.48, 1.79843
FILLER_0_55_357, 175.44, 160.48, 1.79843
_07288_, 175.44, 155.04, 1.79834
_12563_, 175.44, 155.04, 1.79834
ANTENNA__07285__A2, 175.44, 155.04, 1.79834
ANTENNA__07284__B1, 175.44, 155.04, 1.79834
ANTENNA__12222__A1, 175.44, 155.04, 1.79834
ANTENNA_1, 175.44, 155.04, 1.79834
FILLER_0_52_365, 175.44, 155.04, 1.79834
FILLER_0_53_374, 175.44, 155.04, 1.79834
FILLER_0_53_381, 175.44, 155.04, 1.79834
_07184_, 175.44, 149.6, 1.79823
_09016_, 175.44, 149.6, 1.79823
_09017_, 175.44, 149.6, 1.79823
ANTENNA__12562__S, 175.44, 149.6, 1.79823
ANTENNA__12562__A0, 175.44, 149.6, 1.79823
ANTENNA__07184__A2, 175.44, 149.6, 1.79823
ANTENNA__07184__B1, 175.44, 149.6, 1.79823
ANTENNA__09016__A0, 175.44, 149.6, 1.79823
ANTENNA__09016__S, 175.44, 149.6, 1.79823
FILLER_0_51_372, 175.44, 149.6, 1.79823
FILLER_0_51_382, 175.44, 149.6, 1.79823
FILLER_0_52_383, 175.44, 149.6, 1.79823
_08740_, 175.44, 144.16, 1.79816
_08741_, 175.44, 144.16, 1.79816
_10079_, 175.44, 144.16, 1.79816
_13197_, 175.44, 144.16, 1.79816
_13805_, 175.44, 144.16, 1.79816
ANTENNA__08740__A0, 175.44, 144.16, 1.79816
_07185_, 175.44, 138.72, 1.79807
_09601_, 175.44, 138.72, 1.79807
ANTENNA__08740__S, 175.44, 138.72, 1.79807
ANTENNA__09874__A0, 175.44, 138.72, 1.79807
ANTENNA__09874__S, 175.44, 138.72, 1.79807
FILLER_0_46_368, 175.44, 138.72, 1.79807
FILLER_0_47_357, 175.44, 138.72, 1.79807
_07187_, 175.44, 133.28, 1.79799
_09007_, 175.44, 133.28, 1.79799
_09600_, 175.44, 133.28, 1.79799
_13581_, 175.44, 133.28, 1.79799
ANTENNA__09600__A0, 175.44, 133.28, 1.79799
FILLER_0_46_378, 175.44, 133.28, 1.79799
_06943_, 175.44, 127.84, 1.79791
_09006_, 175.44, 127.84, 1.79791
_12084_, 175.44, 127.84, 1.79791
_12085_, 175.44, 127.84, 1.79791
_14381_, 175.44, 127.84, 1.79791
ANTENNA__12084__A0, 175.44, 127.84, 1.79791
FILLER_0_42_365, 175.44, 127.84, 1.79791
FILLER_0_43_375, 175.44, 127.84, 1.79791
_08731_, 175.44, 122.4, 1.79786
_09299_, 175.44, 122.4, 1.79786
_10069_, 175.44, 122.4, 1.79786
_10070_, 175.44, 122.4, 1.79786
_14702_, 175.44, 122.4, 1.79786
ANTENNA__10069__A1, 175.44, 122.4, 1.79786
ANTENNA__06943__A2, 175.44, 122.4, 1.79786
ANTENNA__06943__B1, 175.44, 122.4, 1.79786
ANTENNA__09006__A0, 175.44, 122.4, 1.79786
ANTENNA__09006__S, 175.44, 122.4, 1.79786
ANTENNA__09600__S, 175.44, 122.4, 1.79786
ANTENNA_clkbuf_leaf_150_wclk_A, 175.44, 122.4, 1.79786
FILLER_0_41_359, 175.44, 122.4, 1.79786
FILLER_0_41_383, 175.44, 122.4, 1.79786
_06944_, 175.44, 116.96, 1.79777
_08730_, 175.44, 116.96, 1.79777
_13800_, 175.44, 116.96, 1.79777
ANTENNA__06944__A2, 175.44, 116.96, 1.79777
ANTENNA__10069__S, 175.44, 116.96, 1.79777
FILLER_0_39_373, 175.44, 116.96, 1.79777
FILLER_0_39_378, 175.44, 116.96, 1.79777
_09864_, 175.44, 111.52, 1.79772
_09865_, 175.44, 111.52, 1.79772
ANTENNA__07330__A2, 175.44, 111.52, 1.79772
ANTENNA__07330__B1, 175.44, 111.52, 1.79772
ANTENNA__08730__A0, 175.44, 111.52, 1.79772
ANTENNA__08730__S, 175.44, 111.52, 1.79772
ANTENNA__12630__A1, 175.44, 111.52, 1.79772
FILLER_0_36_359, 175.44, 111.52, 1.79772
FILLER_0_36_365, 175.44, 111.52, 1.79772
FILLER_0_37_370, 175.44, 111.52, 1.79772
FILLER_0_38_382, 175.44, 111.52, 1.79772
_06941_, 175.44, 106.08, 1.79768
_06942_, 175.44, 106.08, 1.79768
_12480_, 175.44, 106.08, 1.79768
_12481_, 175.44, 106.08, 1.79768
_13704_, 175.44, 106.08, 1.79768
_14888_, 175.44, 106.08, 1.79768
ANTENNA__06941__A2, 175.44, 106.08, 1.79768
ANTENNA__06941__B1, 175.44, 106.08, 1.79768
_12015_, 175.44, 100.64, 1.7976
_12344_, 175.44, 100.64, 1.7976
ANTENNA__12344__S, 175.44, 100.64, 1.7976
ANTENNA__12480__A1, 175.44, 100.64, 1.7976
ANTENNA__12344__A1, 175.44, 100.64, 1.7976
ANTENNA__12014__S, 175.44, 100.64, 1.7976
FILLER_0_32_368, 175.44, 100.64, 1.7976
FILLER_0_33_381, 175.44, 100.64, 1.7976
_12152_, 175.44, 95.2, 1.79753
_12153_, 175.44, 95.2, 1.79753
_14734_, 175.44, 95.2, 1.79753
ANTENNA__12152__A0, 175.44, 95.2, 1.79753
ANTENNA__07232__A2, 175.44, 95.2, 1.79753
ANTENNA__07232__B1, 175.44, 95.2, 1.79753
ANTENNA__09866__A0, 175.44, 95.2, 1.79753
FILLER_0_30_359, 175.44, 95.2, 1.79753
FILLER_0_30_365, 175.44, 95.2, 1.79753
FILLER_0_31_364, 175.44, 95.2, 1.79753
FILLER_0_32_374, 175.44, 95.2, 1.79753
FILLER_0_32_380, 175.44, 95.2, 1.79753
_07232_, 175.44, 89.76, 1.79752
_12356_, 175.44, 89.76, 1.79752
_12357_, 175.44, 89.76, 1.79752
_13710_, 175.44, 89.76, 1.79752
_14830_, 175.44, 89.76, 1.79752
ANTENNA__06990__A2, 175.44, 89.76, 1.79752
FILLER_0_28_361, 175.44, 89.76, 1.79752
FILLER_0_28_365, 175.44, 89.76, 1.79752
FILLER_0_29_360, 175.44, 89.76, 1.79752
_07034_, 175.44, 84.32, 1.79747
_12492_, 175.44, 84.32, 1.79747
_14894_, 175.44, 84.32, 1.79747
ANTENNA__12356__S, 175.44, 84.32, 1.79747
ANTENNA__07034__B, 175.44, 84.32, 1.79747
ANTENNA__09866__S, 175.44, 84.32, 1.79747
FILLER_0_26_359, 175.44, 84.32, 1.79747
FILLER_0_26_365, 175.44, 84.32, 1.79747
FILLER_0_27_357, 175.44, 84.32, 1.79747
FILLER_0_28_371, 175.44, 84.32, 1.79747
_07226_, 175.44, 78.88, 1.79745
_12493_, 175.44, 78.88, 1.79745
_12627_, 175.44, 78.88, 1.79745
_14957_, 175.44, 78.88, 1.79745
clkbuf_leaf_162_wclk, 175.44, 78.88, 1.79745
ANTENNA__07226__A2, 175.44, 78.88, 1.79745
ANTENNA__07226__B1, 175.44, 78.88, 1.79745
ANTENNA__07084__B, 175.44, 78.88, 1.79745
ANTENNA__09592__S, 175.44, 78.88, 1.79745
FILLER_0_25_382, 175.44, 78.88, 1.79745
FILLER_0_26_382, 175.44, 78.88, 1.79745
_06938_, 175.44, 73.44, 1.79741
_07132_, 175.44, 73.44, 1.79741
_12626_, 175.44, 73.44, 1.79741
ANTENNA__06938__B, 175.44, 73.44, 1.79741
ANTENNA__07132__B, 175.44, 73.44, 1.79741
ANTENNA__11360__A1, 175.44, 73.44, 1.79741
ANTENNA__12626__A1, 175.44, 73.44, 1.79741
FILLER_0_22_369, 175.44, 73.44, 1.79741
FILLER_0_23_378, 175.44, 73.44, 1.79741
_11360_, 175.44, 68, 1.79738
_11361_, 175.44, 68, 1.79738
_11363_, 175.44, 68, 1.79738
_13576_, 175.44, 68, 1.79738
_14376_, 175.44, 68, 1.79738
ANTENNA__12626__S, 175.44, 68, 1.79738
ANTENNA__11362__A1, 175.44, 68, 1.79738
_09590_, 175.44, 62.56, 1.79739
_09591_, 175.44, 62.56, 1.79739
_12017_, 175.44, 62.56, 1.79739
ANTENNA__07278__B1, 175.44, 62.56, 1.79739
ANTENNA__11364__A1, 175.44, 62.56, 1.79739
ANTENNA__11368__A1, 175.44, 62.56, 1.79739
ANTENNA__11368__S, 175.44, 62.56, 1.79739
ANTENNA__11364__S, 175.44, 62.56, 1.79739
ANTENNA__11362__S, 175.44, 62.56, 1.79739
FILLER_0_18_359, 175.44, 62.56, 1.79739
FILLER_0_19_362, 175.44, 62.56, 1.79739
FILLER_0_19_368, 175.44, 62.56, 1.79739
FILLER_0_19_378, 175.44, 62.56, 1.79739
_07278_, 175.44, 57.12, 1.79734
_11367_, 175.44, 57.12, 1.79734
_12016_, 175.44, 57.12, 1.79734
_14670_, 175.44, 57.12, 1.79734
_14958_, 175.44, 57.12, 1.79734
ANTENNA__07278__A2, 175.44, 57.12, 1.79734
FILLER_0_16_361, 175.44, 57.12, 1.79734
FILLER_0_18_372, 175.44, 57.12, 1.79734
_11366_, 175.44, 51.68, 1.79732
_12561_, 175.44, 51.68, 1.79732
_12629_, 175.44, 51.68, 1.79732
_14926_, 175.44, 51.68, 1.79732
ANTENNA__11366__A1, 175.44, 51.68, 1.79732
ANTENNA__11366__S, 175.44, 51.68, 1.79732
FILLER_0_14_358, 175.44, 51.68, 1.79732
FILLER_0_14_365, 175.44, 51.68, 1.79732
FILLER_0_15_367, 175.44, 51.68, 1.79732
FILLER_0_16_382, 175.44, 51.68, 1.79732
_12548_, 175.44, 46.24, 1.79733
_12628_, 175.44, 46.24, 1.79733
ANTENNA__12560__S, 175.44, 46.24, 1.79733
ANTENNA__12548__S, 175.44, 46.24, 1.79733
ANTENNA__12628__S, 175.44, 46.24, 1.79733
ANTENNA__12618__S, 175.44, 46.24, 1.79733
ANTENNA__11358__A1, 175.44, 46.24, 1.79733
ANTENNA__11358__S, 175.44, 46.24, 1.79733
ANTENNA__12628__A1, 175.44, 46.24, 1.79733
ANTENNA_clkbuf_leaf_161_wclk_A, 175.44, 46.24, 1.79733
FILLER_0_13_364, 175.44, 46.24, 1.79733
_06945_, 175.44, 40.8, 1.7973
_12208_, 175.44, 40.8, 1.7973
_12209_, 175.44, 40.8, 1.7973
_12549_, 175.44, 40.8, 1.7973
_14760_, 175.44, 40.8, 1.7973
_14920_, 175.44, 40.8, 1.7973
ANTENNA__07031__B1, 175.44, 40.8, 1.7973
ANTENNA__06945__B1, 175.44, 40.8, 1.7973
_14442_, 175.44, 35.36, 1.79729
ANTENNA__07176__A2, 175.44, 35.36, 1.79729
ANTENNA__07031__A2, 175.44, 35.36, 1.79729
ANTENNA__06935__A2, 175.44, 35.36, 1.79729
ANTENNA__07081__B1, 175.44, 35.36, 1.79729
ANTENNA__12208__S, 175.44, 35.36, 1.79729
FILLER_0_8_361, 175.44, 35.36, 1.79729
FILLER_0_8_369, 175.44, 35.36, 1.79729
FILLER_0_9_362, 175.44, 35.36, 1.79729
FILLER_0_9_370, 175.44, 35.36, 1.79729
FILLER_0_10_381, 175.44, 35.36, 1.79729
_07129_, 175.44, 29.92, 1.79731
_11501_, 175.44, 29.92, 1.79731
_12622_, 175.44, 29.92, 1.79731
_14444_, 175.44, 29.92, 1.79731
ANTENNA__12622__S, 175.44, 29.92, 1.79731
ANTENNA__12688__S, 175.44, 29.92, 1.79731
ANTENNA__07129__A2, 175.44, 29.92, 1.79731
ANTENNA_clkbuf_leaf_159_wclk_A, 175.44, 29.92, 1.79731
FILLER_0_6_358, 175.44, 29.92, 1.79731
_07176_, 175.44, 24.48, 1.79729
_11505_, 175.44, 24.48, 1.79729
_12624_, 175.44, 24.48, 1.79729
ANTENNA__12692__S, 175.44, 24.48, 1.79729
ANTENNA__06983__A2, 175.44, 24.48, 1.79729
ANTENNA__06983__B1, 175.44, 24.48, 1.79729
ANTENNA__12622__A1, 175.44, 24.48, 1.79729
ANTENNA__12624__A1, 175.44, 24.48, 1.79729
FILLER_0_5_358, 175.44, 24.48, 1.79729
FILLER_0_5_371, 175.44, 24.48, 1.79729
FILLER_0_6_372, 175.44, 24.48, 1.79729
_06983_, 175.44, 19.04, 1.79727
_12004_, 175.44, 19.04, 1.79727
_12005_, 175.44, 19.04, 1.79727
_12616_, 175.44, 19.04, 1.79727
_12617_, 175.44, 19.04, 1.79727
_14664_, 175.44, 19.04, 1.79727
_14952_, 175.44, 13.6, 1.79729
ANTENNA__12616__S, 175.44, 13.6, 1.79729
ANTENNA__12004__A0, 175.44, 13.6, 1.79729
ANTENNA__12012__S, 175.44, 13.6, 1.79729
ANTENNA__12004__S, 175.44, 13.6, 1.79729
ANTENNA_clkbuf_leaf_160_wclk_A, 175.44, 13.6, 1.79729
FILLER_0_0_357, 175.44, 13.6, 1.79729
FILLER_0_0_369, 175.44, 13.6, 1.79729
FILLER_0_2_381, 175.44, 13.6, 1.79729
ANTENNA_output46_A, 21.84, 497.76, 1.79424
FILLER_0_178_45, 21.84, 492.32, 1.79424
FILLER_0_157_48, 21.84, 437.92, 1.79431
_14721_, 21.84, 372.64, 1.79452
FILLER_0_134_41, 21.84, 372.64, 1.79452
_12128_, 21.84, 361.76, 1.79458
_12129_, 21.84, 361.76, 1.79458
FILLER_0_129_39, 21.84, 361.76, 1.79458
ANTENNA__06665__A, 21.84, 350.88, 1.79469
FILLER_0_125_45, 21.84, 350.88, 1.79469
_14909_, 21.84, 340, 1.7948
FILLER_0_120_29, 21.84, 340, 1.7948
_12525_, 21.84, 334.56, 1.79484
_13729_, 21.84, 334.56, 1.79484
_14913_, 21.84, 334.56, 1.79484
FILLER_0_118_29, 21.84, 334.56, 1.79484
FILLER_0_119_48, 21.84, 334.56, 1.79484
_12397_, 21.84, 329.12, 1.79492
_12524_, 21.84, 329.12, 1.79492
_12532_, 21.84, 329.12, 1.79492
_12533_, 21.84, 329.12, 1.79492
ANTENNA__12396__S, 21.84, 329.12, 1.79492
ANTENNA__12524__S, 21.84, 329.12, 1.79492
ANTENNA__12524__A1, 21.84, 329.12, 1.79492
ANTENNA__12388__A1, 21.84, 329.12, 1.79492
ANTENNA__12532__A1, 21.84, 329.12, 1.79492
FILLER_0_116_29, 21.84, 329.12, 1.79492
FILLER_0_117_27, 21.84, 329.12, 1.79492
FILLER_0_118_41, 21.84, 329.12, 1.79492
_12193_, 21.84, 323.68, 1.79496
_12388_, 21.84, 323.68, 1.79496
_12389_, 21.84, 323.68, 1.79496
_14753_, 21.84, 323.68, 1.79496
_14849_, 21.84, 323.68, 1.79496
FILLER_0_114_29, 21.84, 323.68, 1.79496
_12185_, 21.84, 318.24, 1.79505
_14749_, 21.84, 318.24, 1.79505
_14845_, 21.84, 318.24, 1.79505
FILLER_0_113_27, 21.84, 318.24, 1.79505
_12536_, 21.84, 312.8, 1.79513
clkbuf_leaf_30_wclk, 21.84, 312.8, 1.79513
ANTENNA__12536__S, 21.84, 312.8, 1.79513
ANTENNA__12536__A1, 21.84, 312.8, 1.79513
FILLER_0_110_29, 21.84, 312.8, 1.79513
FILLER_0_111_27, 21.84, 312.8, 1.79513
FILLER_0_111_35, 21.84, 312.8, 1.79513
_09921_, 21.84, 307.36, 1.79522
_12537_, 21.84, 307.36, 1.79522
_13731_, 21.84, 307.36, 1.79522
_14912_, 21.84, 307.36, 1.79522
_14915_, 21.84, 307.36, 1.79522
FILLER_0_108_29, 21.84, 307.36, 1.79522
FILLER_0_109_27, 21.84, 307.36, 1.79522
FILLER_0_110_41, 21.84, 307.36, 1.79522
_12530_, 21.84, 301.92, 1.79531
_12531_, 21.84, 301.92, 1.79531
FILLER_0_107_27, 21.84, 301.92, 1.79531
FILLER_0_107_35, 21.84, 301.92, 1.79531
FILLER_0_107_41, 21.84, 301.92, 1.79531
_12191_, 21.84, 296.48, 1.79541
_12394_, 21.84, 296.48, 1.79541
_12395_, 21.84, 296.48, 1.79541
_14752_, 21.84, 296.48, 1.79541
_14848_, 21.84, 296.48, 1.79541
FILLER_0_104_29, 21.84, 296.48, 1.79541
FILLER_0_105_27, 21.84, 296.48, 1.79541
_12190_, 21.84, 291.04, 1.79548
_12196_, 21.84, 291.04, 1.79548
_12197_, 21.84, 291.04, 1.79548
ANTENNA__12196__A0, 21.84, 291.04, 1.79548
FILLER_0_103_39, 21.84, 291.04, 1.79548
_12401_, 21.84, 285.6, 1.79561
_14851_, 21.84, 285.6, 1.79561
FILLER_0_101_39, 21.84, 285.6, 1.79561
_13601_, 21.84, 252.96, 1.79622
FILLER_0_90_41, 21.84, 252.96, 1.79622
_09647_, 21.84, 242.08, 1.79644
FILLER_0_86_41, 21.84, 242.08, 1.79644
_12260_, 21.84, 231.2, 1.79667
_12261_, 21.84, 231.2, 1.79667
_14785_, 21.84, 231.2, 1.79667
ANTENNA__12260__A1, 21.84, 231.2, 1.79667
FILLER_0_81_38, 21.84, 231.2, 1.79667
FILLER_0_82_41, 21.84, 231.2, 1.79667
_14781_, 21.84, 225.76, 1.79679
FILLER_0_79_39, 21.84, 225.76, 1.79679
FILLER_0_79_47, 21.84, 225.76, 1.79679
ANTENNA__12252__A1, 21.84, 220.32, 1.79693
FILLER_0_78_41, 21.84, 220.32, 1.79693
_12264_, 21.84, 214.88, 1.79703
ANTENNA__12264__A1, 21.84, 214.88, 1.79703
FILLER_0_76_41, 21.84, 214.88, 1.79703
FILLER_0_71_46, 21.84, 204, 1.7973
output54, 21.84, 13.6, 1.79742
FILLER_0_0_41, 21.84, 13.6, 1.79742
PHY_356, 5.52, 497.76, 1.79424
PHY_357, 494.04, 497.76, 1.79413
FILLER_0_178_53, 34.64, 497.76, 1.79423
input1, 47.44, 497.76, 1.79423
FILLER_0_178_81, 47.44, 497.76, 1.79423
FILLER_0_178_108, 60.24, 497.76, 1.79422
output69, 73.04, 497.76, 1.79421
FILLER_0_178_137, 73.04, 497.76, 1.79421
FILLER_0_178_162, 85.84, 497.76, 1.7942
FILLER_0_178_193, 98.64, 497.76, 1.7942
FILLER_0_178_197, 98.64, 497.76, 1.7942
FILLER_0_178_218, 111.44, 497.76, 1.79419
FILLER_0_178_249, 124.24, 497.76, 1.79418
FILLER_0_178_277, 137.04, 497.76, 1.79417
FILLER_0_178_305, 149.84, 497.76, 1.79417
FILLER_0_178_331, 162.64, 497.76, 1.79416
FILLER_0_178_384, 188.24, 497.76, 1.79414
FILLER_0_178_417, 201.04, 497.76, 1.79414
input6, 213.84, 497.76, 1.79413
FILLER_0_178_445, 213.84, 497.76, 1.79413
FILLER_0_178_472, 226.64, 497.76, 1.79413
output39, 239.44, 497.76, 1.79412
FILLER_0_178_501, 239.44, 497.76, 1.79412
FILLER_0_178_526, 252.24, 497.76, 1.79412
output36, 265.04, 497.76, 1.79411
FILLER_0_178_557, 265.04, 497.76, 1.79411
FILLER_0_178_582, 277.84, 497.76, 1.79411
FILLER_0_178_613, 290.64, 497.76, 1.79411
FILLER_0_178_617, 290.64, 497.76, 1.79411
FILLER_0_178_641, 303.44, 497.76, 1.7941
FILLER_0_178_669, 316.24, 497.76, 1.7941
FILLER_0_178_673, 316.24, 497.76, 1.7941
FILLER_0_178_725, 341.84, 497.76, 1.7941
ANTENNA_output45_A, 354.64, 497.76, 1.7941
FILLER_0_178_752, 354.64, 497.76, 1.7941
FILLER_0_178_781, 367.44, 497.76, 1.7941
input27, 380.24, 497.76, 1.7941
FILLER_0_178_809, 380.24, 497.76, 1.7941
FILLER_0_178_837, 393.04, 497.76, 1.7941
output50, 405.84, 497.76, 1.79411
ANTENNA_output50_A, 405.84, 497.76, 1.79411
FILLER_0_178_893, 418.64, 497.76, 1.79411
FILLER_0_178_921, 431.44, 497.76, 1.79411
FILLER_0_178_946, 444.24, 497.76, 1.79412
FILLER_0_178_977, 457.04, 497.76, 1.79412
FILLER_0_178_981, 457.04, 497.76, 1.79412
FILLER_0_178_1005, 469.84, 497.76, 1.79413
PHY_352, 5.52, 492.32, 1.79424
PHY_354, 5.52, 492.32, 1.79424
output55, 5.52, 492.32, 1.79424
ANTENNA_output55_A, 5.52, 492.32, 1.79424
PHY_353, 494.04, 492.32, 1.79413
PHY_355, 494.04, 492.32, 1.79413
output37, 494.04, 492.32, 1.79413
ANTENNA_output37_A, 494.04, 492.32, 1.79413
output46, 13.68, 492.32, 1.79424
FILLER_0_177_51, 34.64, 492.32, 1.79424
FILLER_0_177_105, 47.44, 492.32, 1.79423
ANTENNA_output69_A, 73.04, 492.32, 1.79421
FILLER_0_176_133, 73.04, 492.32, 1.79421
FILLER_0_177_161, 85.84, 492.32, 1.7942
input28, 98.64, 492.32, 1.79419
FILLER_0_176_189, 98.64, 492.32, 1.79419
FILLER_0_177_217, 111.44, 492.32, 1.79418
FILLER_0_176_245, 124.24, 492.32, 1.79418
FILLER_0_177_273, 137.04, 492.32, 1.79417
input16, 149.84, 492.32, 1.79416
FILLER_0_176_301, 149.84, 492.32, 1.79416
FILLER_0_178_321, 149.84, 492.32, 1.79416
FILLER_0_177_329, 162.64, 492.32, 1.79416
FILLER_0_177_385, 188.24, 492.32, 1.79415
FILLER_0_176_413, 201.04, 492.32, 1.79414
FILLER_0_177_441, 213.84, 492.32, 1.79414
FILLER_0_176_469, 226.64, 492.32, 1.79413
ANTENNA_output39_A, 239.44, 492.32, 1.79413
FILLER_0_177_497, 239.44, 492.32, 1.79413
FILLER_0_176_525, 252.24, 492.32, 1.79412
ANTENNA_output36_A, 265.04, 492.32, 1.79412
FILLER_0_177_553, 265.04, 492.32, 1.79412
FILLER_0_176_581, 277.84, 492.32, 1.79411
output49, 290.64, 492.32, 1.79411
ANTENNA_output49_A, 290.64, 492.32, 1.79411
FILLER_0_177_609, 290.64, 492.32, 1.79411
FILLER_0_176_637, 303.44, 492.32, 1.7941
output44, 316.24, 492.32, 1.7941
ANTENNA_output44_A, 316.24, 492.32, 1.7941
FILLER_0_177_665, 316.24, 492.32, 1.7941
FILLER_0_178_689, 316.24, 492.32, 1.7941
output45, 341.84, 492.32, 1.7941
FILLER_0_177_721, 341.84, 492.32, 1.7941
FILLER_0_178_741, 341.84, 492.32, 1.7941
FILLER_0_176_749, 354.64, 492.32, 1.7941
FILLER_0_177_777, 367.44, 492.32, 1.7941
FILLER_0_176_805, 380.24, 492.32, 1.79411
FILLER_0_177_833, 393.04, 492.32, 1.79411
FILLER_0_178_853, 393.04, 492.32, 1.79411
FILLER_0_176_861, 405.84, 492.32, 1.79411
FILLER_0_177_889, 418.64, 492.32, 1.79411
output68, 431.44, 492.32, 1.79412
ANTENNA_output68_A, 431.44, 492.32, 1.79412
FILLER_0_176_917, 431.44, 492.32, 1.79412
FILLER_0_177_945, 444.24, 492.32, 1.79412
output56, 457.04, 492.32, 1.79412
ANTENNA_output56_A, 457.04, 492.32, 1.79412
FILLER_0_176_973, 457.04, 492.32, 1.79412
FILLER_0_177_1001, 469.84, 492.32, 1.79413
PHY_348, 5.52, 486.88, 1.79425
PHY_350, 5.52, 486.88, 1.79425
PHY_349, 494.04, 486.88, 1.79413
PHY_351, 494.04, 486.88, 1.79413
FILLER_0_175_51, 34.64, 486.88, 1.79424
FILLER_0_176_77, 34.64, 486.88, 1.79424
FILLER_0_175_105, 47.44, 486.88, 1.79423
FILLER_0_174_133, 73.04, 486.88, 1.79422
FILLER_0_175_161, 85.84, 486.88, 1.79421
FILLER_0_174_189, 98.64, 486.88, 1.7942
FILLER_0_175_217, 111.44, 486.88, 1.79419
FILLER_0_174_245, 124.24, 486.88, 1.79418
FILLER_0_175_273, 137.04, 486.88, 1.79418
FILLER_0_174_301, 149.84, 486.88, 1.79417
FILLER_0_175_329, 162.64, 486.88, 1.79416
FILLER_0_175_385, 188.24, 486.88, 1.79415
FILLER_0_174_413, 201.04, 486.88, 1.79414
FILLER_0_175_441, 213.84, 486.88, 1.79414
FILLER_0_174_469, 226.64, 486.88, 1.79413
FILLER_0_175_497, 239.44, 486.88, 1.79413
FILLER_0_174_525, 252.24, 486.88, 1.79412
FILLER_0_175_553, 265.04, 486.88, 1.79412
FILLER_0_174_581, 277.84, 486.88, 1.79412
FILLER_0_175_609, 290.64, 486.88, 1.79411
FILLER_0_174_637, 303.44, 486.88, 1.79411
FILLER_0_175_665, 316.24, 486.88, 1.7941
FILLER_0_175_721, 341.84, 486.88, 1.7941
FILLER_0_174_749, 354.64, 486.88, 1.7941
FILLER_0_175_777, 367.44, 486.88, 1.79411
FILLER_0_174_805, 380.24, 486.88, 1.79411
FILLER_0_175_833, 393.04, 486.88, 1.79411
FILLER_0_174_861, 405.84, 486.88, 1.79411
FILLER_0_175_889, 418.64, 486.88, 1.79412
FILLER_0_174_917, 431.44, 486.88, 1.79412
FILLER_0_175_945, 444.24, 486.88, 1.79412
FILLER_0_174_973, 457.04, 486.88, 1.79413
FILLER_0_175_1001, 469.84, 486.88, 1.79413
PHY_344, 5.52, 481.44, 1.79425
PHY_346, 5.52, 481.44, 1.79425
PHY_345, 494.04, 481.44, 1.79413
PHY_347, 494.04, 481.44, 1.79413
FILLER_0_173_51, 34.64, 481.44, 1.79424
FILLER_0_174_77, 34.64, 481.44, 1.79424
FILLER_0_173_105, 47.44, 481.44, 1.79424
FILLER_0_172_133, 73.04, 481.44, 1.79422
FILLER_0_173_161, 85.84, 481.44, 1.79421
FILLER_0_172_189, 98.64, 481.44, 1.7942
FILLER_0_173_217, 111.44, 481.44, 1.79419
FILLER_0_172_245, 124.24, 481.44, 1.79419
FILLER_0_173_273, 137.04, 481.44, 1.79418
FILLER_0_172_301, 149.84, 481.44, 1.79417
FILLER_0_173_329, 162.64, 481.44, 1.79416
FILLER_0_173_385, 188.24, 481.44, 1.79415
FILLER_0_172_413, 201.04, 481.44, 1.79414
FILLER_0_173_441, 213.84, 481.44, 1.79414
FILLER_0_172_469, 226.64, 481.44, 1.79413
FILLER_0_173_497, 239.44, 481.44, 1.79413
FILLER_0_172_525, 252.24, 481.44, 1.79412
FILLER_0_173_553, 265.04, 481.44, 1.79412
FILLER_0_172_581, 277.84, 481.44, 1.79411
FILLER_0_173_609, 290.64, 481.44, 1.79411
FILLER_0_172_637, 303.44, 481.44, 1.7941
FILLER_0_173_665, 316.24, 481.44, 1.7941
FILLER_0_173_721, 341.84, 481.44, 1.79409
FILLER_0_172_749, 354.64, 481.44, 1.7941
FILLER_0_173_777, 367.44, 481.44, 1.7941
FILLER_0_172_805, 380.24, 481.44, 1.79411
FILLER_0_173_833, 393.04, 481.44, 1.79411
FILLER_0_172_861, 405.84, 481.44, 1.79411
FILLER_0_173_889, 418.64, 481.44, 1.79412
FILLER_0_172_917, 431.44, 481.44, 1.79412
FILLER_0_173_945, 444.24, 481.44, 1.79412
FILLER_0_172_973, 457.04, 481.44, 1.79413
FILLER_0_173_1001, 469.84, 481.44, 1.79413
PHY_340, 5.52, 476, 1.79426
PHY_342, 5.52, 476, 1.79426
PHY_341, 494.04, 476, 1.79414
PHY_343, 494.04, 476, 1.79414
FILLER_0_171_51, 34.64, 476, 1.79425
FILLER_0_172_77, 34.64, 476, 1.79425
FILLER_0_171_105, 47.44, 476, 1.79424
FILLER_0_170_133, 73.04, 476, 1.79422
FILLER_0_171_161, 85.84, 476, 1.79421
FILLER_0_170_189, 98.64, 476, 1.7942
FILLER_0_171_217, 111.44, 476, 1.7942
FILLER_0_170_245, 124.24, 476, 1.79419
FILLER_0_171_273, 137.04, 476, 1.79418
FILLER_0_170_301, 149.84, 476, 1.79417
FILLER_0_171_329, 162.64, 476, 1.79416
FILLER_0_171_385, 188.24, 476, 1.79414
FILLER_0_170_413, 201.04, 476, 1.79414
FILLER_0_171_441, 213.84, 476, 1.79413
FILLER_0_170_469, 226.64, 476, 1.79413
FILLER_0_171_497, 239.44, 476, 1.79412
FILLER_0_170_525, 252.24, 476, 1.79412
FILLER_0_171_553, 265.04, 476, 1.79411
FILLER_0_170_581, 277.84, 476, 1.79411
FILLER_0_171_609, 290.64, 476, 1.7941
FILLER_0_170_637, 303.44, 476, 1.7941
FILLER_0_171_665, 316.24, 476, 1.79409
FILLER_0_171_721, 341.84, 476, 1.79409
FILLER_0_170_749, 354.64, 476, 1.79409
FILLER_0_171_777, 367.44, 476, 1.7941
FILLER_0_170_805, 380.24, 476, 1.7941
FILLER_0_171_833, 393.04, 476, 1.79411
FILLER_0_170_861, 405.84, 476, 1.79411
FILLER_0_171_889, 418.64, 476, 1.79411
FILLER_0_170_917, 431.44, 476, 1.79412
FILLER_0_171_945, 444.24, 476, 1.79412
FILLER_0_170_973, 457.04, 476, 1.79413
FILLER_0_171_1001, 469.84, 476, 1.79413
PHY_336, 5.52, 470.56, 1.79427
PHY_338, 5.52, 470.56, 1.79427
PHY_337, 494.04, 470.56, 1.79414
PHY_339, 494.04, 470.56, 1.79414
FILLER_0_169_51, 34.64, 470.56, 1.79426
FILLER_0_170_77, 34.64, 470.56, 1.79426
FILLER_0_169_105, 47.44, 470.56, 1.79425
FILLER_0_168_133, 73.04, 470.56, 1.79423
FILLER_0_169_161, 85.84, 470.56, 1.79422
FILLER_0_168_189, 98.64, 470.56, 1.79421
FILLER_0_169_217, 111.44, 470.56, 1.7942
FILLER_0_168_245, 124.24, 470.56, 1.79419
FILLER_0_169_273, 137.04, 470.56, 1.79418
FILLER_0_168_301, 149.84, 470.56, 1.79417
FILLER_0_169_329, 162.64, 470.56, 1.79416
FILLER_0_169_385, 188.24, 470.56, 1.79414
FILLER_0_168_413, 201.04, 470.56, 1.79414
FILLER_0_169_441, 213.84, 470.56, 1.79413
FILLER_0_168_469, 226.64, 470.56, 1.79413
FILLER_0_169_497, 239.44, 470.56, 1.79412
FILLER_0_168_525, 252.24, 470.56, 1.79411
FILLER_0_169_553, 265.04, 470.56, 1.79411
FILLER_0_168_581, 277.84, 470.56, 1.7941
FILLER_0_169_609, 290.64, 470.56, 1.7941
FILLER_0_168_637, 303.44, 470.56, 1.79409
FILLER_0_169_665, 316.24, 470.56, 1.79409
FILLER_0_169_721, 341.84, 470.56, 1.79409
FILLER_0_168_749, 354.64, 470.56, 1.79409
FILLER_0_169_777, 367.44, 470.56, 1.79409
FILLER_0_168_805, 380.24, 470.56, 1.7941
FILLER_0_169_833, 393.04, 470.56, 1.7941
FILLER_0_168_861, 405.84, 470.56, 1.79411
FILLER_0_169_889, 418.64, 470.56, 1.79411
FILLER_0_168_917, 431.44, 470.56, 1.79412
FILLER_0_169_945, 444.24, 470.56, 1.79412
FILLER_0_168_973, 457.04, 470.56, 1.79413
FILLER_0_169_1001, 469.84, 470.56, 1.79413
PHY_332, 5.52, 465.12, 1.79427
PHY_334, 5.52, 465.12, 1.79427
PHY_333, 494.04, 465.12, 1.79414
PHY_335, 494.04, 465.12, 1.79414
output51, 494.04, 465.12, 1.79414
ANTENNA_output51_A, 494.04, 465.12, 1.79414
FILLER_0_167_51, 34.64, 465.12, 1.79426
FILLER_0_168_77, 34.64, 465.12, 1.79426
FILLER_0_167_105, 47.44, 465.12, 1.79425
FILLER_0_166_133, 73.04, 465.12, 1.79423
FILLER_0_167_161, 85.84, 465.12, 1.79422
FILLER_0_166_189, 98.64, 465.12, 1.79421
FILLER_0_167_217, 111.44, 465.12, 1.7942
FILLER_0_166_245, 124.24, 465.12, 1.79419
FILLER_0_167_273, 137.04, 465.12, 1.79418
FILLER_0_166_301, 149.84, 465.12, 1.79417
FILLER_0_167_329, 162.64, 465.12, 1.79416
FILLER_0_167_385, 188.24, 465.12, 1.79414
FILLER_0_166_413, 201.04, 465.12, 1.79413
FILLER_0_167_441, 213.84, 465.12, 1.79413
FILLER_0_166_469, 226.64, 465.12, 1.79412
FILLER_0_167_497, 239.44, 465.12, 1.79412
FILLER_0_166_525, 252.24, 465.12, 1.79411
FILLER_0_167_553, 265.04, 465.12, 1.7941
FILLER_0_166_581, 277.84, 465.12, 1.7941
FILLER_0_167_609, 290.64, 465.12, 1.79409
FILLER_0_166_637, 303.44, 465.12, 1.79409
FILLER_0_167_665, 316.24, 465.12, 1.79408
FILLER_0_167_721, 341.84, 465.12, 1.79408
FILLER_0_166_749, 354.64, 465.12, 1.79408
FILLER_0_167_777, 367.44, 465.12, 1.79409
FILLER_0_166_805, 380.24, 465.12, 1.7941
FILLER_0_167_833, 393.04, 465.12, 1.7941
FILLER_0_166_861, 405.84, 465.12, 1.79411
FILLER_0_167_889, 418.64, 465.12, 1.79411
FILLER_0_166_917, 431.44, 465.12, 1.79412
FILLER_0_167_945, 444.24, 465.12, 1.79412
FILLER_0_166_973, 457.04, 465.12, 1.79413
FILLER_0_167_1001, 469.84, 465.12, 1.79413
PHY_328, 5.52, 459.68, 1.79428
PHY_330, 5.52, 459.68, 1.79428
PHY_329, 494.04, 459.68, 1.79414
PHY_331, 494.04, 459.68, 1.79414
FILLER_0_165_51, 34.64, 459.68, 1.79427
FILLER_0_166_77, 34.64, 459.68, 1.79427
FILLER_0_165_105, 47.44, 459.68, 1.79426
FILLER_0_164_133, 73.04, 459.68, 1.79423
FILLER_0_165_161, 85.84, 459.68, 1.79422
FILLER_0_164_189, 98.64, 459.68, 1.79421
FILLER_0_165_217, 111.44, 459.68, 1.7942
FILLER_0_164_245, 124.24, 459.68, 1.79419
FILLER_0_165_273, 137.04, 459.68, 1.79418
FILLER_0_164_301, 149.84, 459.68, 1.79417
FILLER_0_165_329, 162.64, 459.68, 1.79415
FILLER_0_165_385, 188.24, 459.68, 1.79414
FILLER_0_164_413, 201.04, 459.68, 1.79413
FILLER_0_165_441, 213.84, 459.68, 1.79412
FILLER_0_164_469, 226.64, 459.68, 1.79412
FILLER_0_165_497, 239.44, 459.68, 1.79411
FILLER_0_164_525, 252.24, 459.68, 1.79411
FILLER_0_165_553, 265.04, 459.68, 1.7941
FILLER_0_164_581, 277.84, 459.68, 1.79409
FILLER_0_165_609, 290.64, 459.68, 1.79409
FILLER_0_164_637, 303.44, 459.68, 1.79408
FILLER_0_165_665, 316.24, 459.68, 1.79407
FILLER_0_165_721, 341.84, 459.68, 1.79407
FILLER_0_164_749, 354.64, 459.68, 1.79408
FILLER_0_165_777, 367.44, 459.68, 1.79409
FILLER_0_164_805, 380.24, 459.68, 1.79409
FILLER_0_165_833, 393.04, 459.68, 1.7941
FILLER_0_164_861, 405.84, 459.68, 1.7941
FILLER_0_165_889, 418.64, 459.68, 1.79411
FILLER_0_164_917, 431.44, 459.68, 1.79412
FILLER_0_165_945, 444.24, 459.68, 1.79412
FILLER_0_164_973, 457.04, 459.68, 1.79413
FILLER_0_165_1001, 469.84, 459.68, 1.79414
PHY_324, 5.52, 454.24, 1.79429
PHY_326, 5.52, 454.24, 1.79429
PHY_325, 494.04, 454.24, 1.79415
PHY_327, 494.04, 454.24, 1.79415
FILLER_0_163_51, 34.64, 454.24, 1.79428
FILLER_0_164_77, 34.64, 454.24, 1.79428
FILLER_0_163_105, 47.44, 454.24, 1.79426
FILLER_0_162_133, 73.04, 454.24, 1.79424
FILLER_0_163_161, 85.84, 454.24, 1.79423
FILLER_0_162_189, 98.64, 454.24, 1.79421
FILLER_0_163_217, 111.44, 454.24, 1.7942
FILLER_0_162_245, 124.24, 454.24, 1.79419
FILLER_0_163_273, 137.04, 454.24, 1.79418
FILLER_0_162_301, 149.84, 454.24, 1.79416
FILLER_0_163_329, 162.64, 454.24, 1.79415
FILLER_0_163_385, 188.24, 454.24, 1.79413
FILLER_0_162_413, 201.04, 454.24, 1.79413
FILLER_0_163_441, 213.84, 454.24, 1.79412
_09342_, 226.64, 454.24, 1.79411
FILLER_0_163_497, 239.44, 454.24, 1.7941
FILLER_0_162_525, 252.24, 454.24, 1.7941
FILLER_0_163_553, 265.04, 454.24, 1.79409
FILLER_0_162_581, 277.84, 454.24, 1.79409
FILLER_0_163_609, 290.64, 454.24, 1.79408
FILLER_0_162_637, 303.44, 454.24, 1.79407
FILLER_0_163_665, 316.24, 454.24, 1.79407
FILLER_0_163_721, 341.84, 454.24, 1.79407
FILLER_0_162_749, 354.64, 454.24, 1.79407
FILLER_0_163_777, 367.44, 454.24, 1.79408
FILLER_0_162_805, 380.24, 454.24, 1.79409
FILLER_0_163_833, 393.04, 454.24, 1.7941
FILLER_0_162_861, 405.84, 454.24, 1.7941
FILLER_0_163_889, 418.64, 454.24, 1.79411
FILLER_0_162_917, 431.44, 454.24, 1.79412
FILLER_0_163_945, 444.24, 454.24, 1.79412
FILLER_0_162_973, 457.04, 454.24, 1.79413
FILLER_0_163_1001, 469.84, 454.24, 1.79414
PHY_320, 5.52, 448.8, 1.7943
PHY_322, 5.52, 448.8, 1.7943
PHY_321, 494.04, 448.8, 1.79415
PHY_323, 494.04, 448.8, 1.79415
FILLER_0_161_51, 34.64, 448.8, 1.79428
FILLER_0_162_77, 34.64, 448.8, 1.79428
FILLER_0_161_105, 47.44, 448.8, 1.79427
FILLER_0_160_133, 73.04, 448.8, 1.79424
FILLER_0_161_161, 85.84, 448.8, 1.79422
FILLER_0_160_189, 98.64, 448.8, 1.79421
FILLER_0_161_217, 111.44, 448.8, 1.7942
FILLER_0_160_245, 124.24, 448.8, 1.79418
FILLER_0_161_273, 137.04, 448.8, 1.79417
FILLER_0_160_301, 149.84, 448.8, 1.79415
FILLER_0_161_329, 162.64, 448.8, 1.79414
FILLER_0_161_385, 188.24, 448.8, 1.7941
FILLER_0_160_413, 201.04, 448.8, 1.79408
FILLER_0_161_441, 213.84, 448.8, 1.79405
FILLER_0_161_461, 213.84, 448.8, 1.79405
_09341_, 226.64, 448.8, 1.79403
_13466_, 226.64, 448.8, 1.79403
_13467_, 226.64, 448.8, 1.79403
ANTENNA__09344__A0, 226.64, 448.8, 1.79403
_09771_, 239.44, 448.8, 1.79402
_13468_, 239.44, 448.8, 1.79402
_13660_, 239.44, 448.8, 1.79402
ANTENNA__09341__S, 239.44, 448.8, 1.79402
FILLER_0_160_497, 239.44, 448.8, 1.79402
FILLER_0_160_505, 239.44, 448.8, 1.79402
FILLER_0_161_500, 239.44, 448.8, 1.79402
FILLER_0_161_505, 239.44, 448.8, 1.79402
_09348_, 252.24, 448.8, 1.79401
FILLER_0_160_527, 252.24, 448.8, 1.79401
_09837_, 265.04, 448.8, 1.79401
_09838_, 265.04, 448.8, 1.79401
_09839_, 265.04, 448.8, 1.79401
_13692_, 265.04, 448.8, 1.79401
ANTENNA__09838__A0, 265.04, 448.8, 1.79401
ANTENNA__09838__S, 265.04, 448.8, 1.79401
FILLER_0_161_554, 265.04, 448.8, 1.79401
FILLER_0_161_561, 265.04, 448.8, 1.79401
ANTENNA__09836__A0, 277.84, 448.8, 1.79402
FILLER_0_160_583, 277.84, 448.8, 1.79402
FILLER_0_160_637, 303.44, 448.8, 1.79403
FILLER_0_161_665, 316.24, 448.8, 1.79403
FILLER_0_161_721, 341.84, 448.8, 1.79404
_09826_, 354.64, 448.8, 1.79405
ANTENNA__09825__A0, 354.64, 448.8, 1.79405
ANTENNA__09827__S, 354.64, 448.8, 1.79405
ANTENNA__10536__S, 354.64, 448.8, 1.79405
ANTENNA_clkbuf_leaf_74_wclk_A, 354.64, 448.8, 1.79405
FILLER_0_161_768, 354.64, 448.8, 1.79405
ANTENNA__07667__B, 367.44, 448.8, 1.79405
ANTENNA__10538__S, 367.44, 448.8, 1.79405
FILLER_0_161_774, 367.44, 448.8, 1.79405
_09757_, 380.24, 448.8, 1.79406
ANTENNA__09757__A0, 380.24, 448.8, 1.79406
ANTENNA__09757__S, 380.24, 448.8, 1.79406
FILLER_0_161_824, 380.24, 448.8, 1.79406
_13461_, 393.04, 448.8, 1.79407
ANTENNA__09328__S, 393.04, 448.8, 1.79407
ANTENNA__09755__A0, 393.04, 448.8, 1.79407
FILLER_0_161_836, 393.04, 448.8, 1.79407
ANTENNA__09325__A0, 405.84, 448.8, 1.79408
ANTENNA_clkbuf_leaf_81_wclk_A, 405.84, 448.8, 1.79408
FILLER_0_160_861, 405.84, 448.8, 1.79408
ANTENNA__10740__A1, 418.64, 448.8, 1.79409
FILLER_0_161_893, 418.64, 448.8, 1.79409
FILLER_0_161_945, 444.24, 448.8, 1.79411
FILLER_0_160_973, 457.04, 448.8, 1.79412
FILLER_0_161_1001, 469.84, 448.8, 1.79413
PHY_316, 5.52, 443.36, 1.79431
PHY_318, 5.52, 443.36, 1.79431
PHY_317, 494.04, 443.36, 1.79413
PHY_319, 494.04, 443.36, 1.79413
FILLER_0_159_51, 34.64, 443.36, 1.79429
FILLER_0_160_77, 34.64, 443.36, 1.79429
FILLER_0_159_105, 47.44, 443.36, 1.79427
FILLER_0_158_133, 73.04, 443.36, 1.79424
FILLER_0_159_161, 85.84, 443.36, 1.79423
FILLER_0_158_189, 98.64, 443.36, 1.79421
FILLER_0_159_217, 111.44, 443.36, 1.79419
FILLER_0_158_245, 124.24, 443.36, 1.79418
FILLER_0_159_273, 137.04, 443.36, 1.79416
FILLER_0_158_301, 149.84, 443.36, 1.79415
FILLER_0_159_329, 162.64, 443.36, 1.79413
FILLER_0_159_385, 188.24, 443.36, 1.79408
FILLER_0_158_413, 201.04, 443.36, 1.79405
_09766_, 213.84, 443.36, 1.79402
_09767_, 213.84, 443.36, 1.79402
_13658_, 213.84, 443.36, 1.79402
_13659_, 213.84, 443.36, 1.79402
ANTENNA__09766__A0, 213.84, 443.36, 1.79402
ANTENNA__09341__A0, 213.84, 443.36, 1.79402
ANTENNA__09768__A0, 213.84, 443.36, 1.79402
ANTENNA__09766__S, 213.84, 443.36, 1.79402
FILLER_0_159_441, 213.84, 443.36, 1.79402
FILLER_0_160_457, 213.84, 443.36, 1.79402
_09344_, 226.64, 443.36, 1.794
_09345_, 226.64, 443.36, 1.794
_09768_, 226.64, 443.36, 1.794
_09769_, 226.64, 443.36, 1.794
ANTENNA__08126__B, 226.64, 443.36, 1.794
ANTENNA__07940__C, 226.64, 443.36, 1.794
_08029_, 239.44, 443.36, 1.79398
_09347_, 239.44, 443.36, 1.79398
_09770_, 239.44, 443.36, 1.79398
_10891_, 239.44, 443.36, 1.79398
ANTENNA__08029__B, 239.44, 443.36, 1.79398
ANTENNA__09344__S, 239.44, 443.36, 1.79398
ANTENNA__09770__A0, 239.44, 443.36, 1.79398
ANTENNA__09347__A0, 239.44, 443.36, 1.79398
FILLER_0_158_499, 239.44, 443.36, 1.79398
FILLER_0_159_498, 239.44, 443.36, 1.79398
_10547_, 252.24, 443.36, 1.79397
_14010_, 252.24, 443.36, 1.79397
ANTENNA__08079__B, 252.24, 443.36, 1.79397
ANTENNA__09347__S, 252.24, 443.36, 1.79397
ANTENNA__10547__A1, 252.24, 443.36, 1.79397
FILLER_0_158_533, 252.24, 443.36, 1.79397
FILLER_0_159_531, 252.24, 443.36, 1.79397
_09424_, 265.04, 443.36, 1.79396
_13499_, 265.04, 443.36, 1.79396
_13691_, 265.04, 443.36, 1.79396
FILLER_0_159_552, 265.04, 443.36, 1.79396
FILLER_0_159_561, 265.04, 443.36, 1.79396
_09835_, 277.84, 443.36, 1.79396
_09836_, 277.84, 443.36, 1.79396
_13690_, 277.84, 443.36, 1.79396
ANTENNA__08027__B, 277.84, 443.36, 1.79396
ANTENNA__09423__A0, 277.84, 443.36, 1.79396
ANTENNA__09836__S, 277.84, 443.36, 1.79396
ANTENNA__09834__S, 277.84, 443.36, 1.79396
FILLER_0_158_583, 277.84, 443.36, 1.79396
ANTENNA__09834__A0, 290.64, 443.36, 1.79397
FILLER_0_159_613, 290.64, 443.36, 1.79397
FILLER_0_158_637, 303.44, 443.36, 1.79398
ANTENNA__07865__B1, 316.24, 443.36, 1.79398
FILLER_0_158_662, 316.24, 443.36, 1.79398
FILLER_0_158_673, 316.24, 443.36, 1.79398
FILLER_0_159_665, 316.24, 443.36, 1.79398
_09828_, 341.84, 443.36, 1.79396
_10541_, 341.84, 443.36, 1.79396
_13687_, 341.84, 443.36, 1.79396
_14007_, 341.84, 443.36, 1.79396
ANTENNA__07764__C, 341.84, 443.36, 1.79396
ANTENNA__10883__A1, 341.84, 443.36, 1.79396
FILLER_0_159_721, 341.84, 443.36, 1.79396
FILLER_0_160_737, 341.84, 443.36, 1.79396
_09824_, 354.64, 443.36, 1.79393
_09825_, 354.64, 443.36, 1.79393
_13685_, 354.64, 443.36, 1.79393
_13686_, 354.64, 443.36, 1.79393
_14005_, 354.64, 443.36, 1.79393
ANTENNA__09827__A0, 354.64, 443.36, 1.79393
ANTENNA__09825__S, 354.64, 443.36, 1.79393
_09760_, 367.44, 443.36, 1.79392
_10537_, 367.44, 443.36, 1.79392
_10538_, 367.44, 443.36, 1.79392
_10539_, 367.44, 443.36, 1.79392
_13655_, 367.44, 443.36, 1.79392
ANTENNA__07715__B, 367.44, 443.36, 1.79392
ANTENNA__09759__S, 367.44, 443.36, 1.79392
ANTENNA__10538__A1, 367.44, 443.36, 1.79392
FILLER_0_160_800, 367.44, 443.36, 1.79392
_09332_, 380.24, 443.36, 1.79392
_09755_, 380.24, 443.36, 1.79392
_09756_, 380.24, 443.36, 1.79392
_09758_, 380.24, 443.36, 1.79392
_13653_, 380.24, 443.36, 1.79392
_13654_, 380.24, 443.36, 1.79392
ANTENNA__09755__S, 380.24, 443.36, 1.79392
FILLER_0_158_809, 380.24, 443.36, 1.79392
_09325_, 393.04, 443.36, 1.79394
_09326_, 393.04, 443.36, 1.79394
_09328_, 393.04, 443.36, 1.79394
_09329_, 393.04, 443.36, 1.79394
_13462_, 393.04, 443.36, 1.79394
ANTENNA__09325__S, 393.04, 443.36, 1.79394
ANTENNA__09328__A0, 393.04, 443.36, 1.79394
FILLER_0_160_855, 393.04, 443.36, 1.79394
_10469_, 405.84, 443.36, 1.79396
_10740_, 405.84, 443.36, 1.79396
_10741_, 405.84, 443.36, 1.79396
_14103_, 405.84, 443.36, 1.79396
ANTENNA__07712__A2, 405.84, 443.36, 1.79396
ANTENNA__07664__A2, 405.84, 443.36, 1.79396
ANTENNA__07664__B1, 405.84, 443.36, 1.79396
ANTENNA__10474__S, 405.84, 443.36, 1.79396
ANTENNA__10468__S, 405.84, 443.36, 1.79396
ANTENNA__10740__S, 405.84, 443.36, 1.79396
FILLER_0_160_873, 405.84, 443.36, 1.79396
_10744_, 418.64, 443.36, 1.79399
ANTENNA__10744__A1, 418.64, 443.36, 1.79399
ANTENNA__10744__S, 418.64, 443.36, 1.79399
ANTENNA__10742__S, 418.64, 443.36, 1.79399
ANTENNA__10742__A1, 431.44, 443.36, 1.79402
ANTENNA__10472__A1, 431.44, 443.36, 1.79402
FILLER_0_158_919, 431.44, 443.36, 1.79402
FILLER_0_159_945, 444.24, 443.36, 1.79405
FILLER_0_158_973, 457.04, 443.36, 1.79408
FILLER_0_159_1001, 469.84, 443.36, 1.7941
PHY_312, 5.52, 437.92, 1.79431
PHY_314, 5.52, 437.92, 1.79431
input3, 5.52, 437.92, 1.79431
PHY_313, 494.04, 437.92, 1.79413
PHY_315, 494.04, 437.92, 1.79413
output58, 494.04, 437.92, 1.79413
ANTENNA_output58_A, 494.04, 437.92, 1.79413
FILLER_0_158_77, 34.64, 437.92, 1.79429
FILLER_0_157_105, 47.44, 437.92, 1.79428
FILLER_0_156_133, 73.04, 437.92, 1.79424
FILLER_0_157_161, 85.84, 437.92, 1.79422
FILLER_0_156_189, 98.64, 437.92, 1.7942
FILLER_0_157_217, 111.44, 437.92, 1.79419
FILLER_0_156_245, 124.24, 437.92, 1.79417
FILLER_0_157_273, 137.04, 437.92, 1.79415
FILLER_0_156_301, 149.84, 437.92, 1.79413
FILLER_0_157_329, 162.64, 437.92, 1.79411
_10484_, 188.24, 437.92, 1.79404
_13980_, 188.24, 437.92, 1.79404
ANTENNA__10755__A1, 188.24, 437.92, 1.79404
ANTENNA__10483__A1, 188.24, 437.92, 1.79404
FILLER_0_157_385, 188.24, 437.92, 1.79404
_10480_, 201.04, 437.92, 1.79398
_10752_, 201.04, 437.92, 1.79398
_13978_, 201.04, 437.92, 1.79398
FILLER_0_157_416, 201.04, 437.92, 1.79398
FILLER_0_158_433, 201.04, 437.92, 1.79398
_07940_, 213.84, 437.92, 1.79394
_07942_, 213.84, 437.92, 1.79394
_09772_, 213.84, 437.92, 1.79394
_09773_, 213.84, 437.92, 1.79394
_13661_, 213.84, 437.92, 1.79394
ANTENNA__07940__B, 213.84, 437.92, 1.79394
FILLER_0_156_445, 213.84, 437.92, 1.79394
FILLER_0_157_441, 213.84, 437.92, 1.79394
FILLER_0_158_458, 213.84, 437.92, 1.79394
_07941_, 226.64, 437.92, 1.7939
_08031_, 226.64, 437.92, 1.7939
_08032_, 226.64, 437.92, 1.7939
_14170_, 226.64, 437.92, 1.7939
ANTENNA__08031__C, 226.64, 437.92, 1.7939
ANTENNA__09350__A0, 226.64, 437.92, 1.7939
ANTENNA__09768__S, 226.64, 437.92, 1.7939
ANTENNA_clkbuf_leaf_48_wclk_A, 226.64, 437.92, 1.7939
FILLER_0_157_470, 226.64, 437.92, 1.7939
FILLER_0_158_490, 226.64, 437.92, 1.7939
clkbuf_leaf_48_wclk, 239.44, 437.92, 1.79387
ANTENNA__08029__C, 239.44, 437.92, 1.79387
ANTENNA__09770__S, 239.44, 437.92, 1.79387
ANTENNA__10894__A1, 239.44, 437.92, 1.79387
FILLER_0_158_514, 239.44, 437.92, 1.79387
FILLER_0_158_520, 239.44, 437.92, 1.79387
_08077_, 252.24, 437.92, 1.79386
_08079_, 252.24, 437.92, 1.79386
_10548_, 252.24, 437.92, 1.79386
_10552_, 252.24, 437.92, 1.79386
_14011_, 252.24, 437.92, 1.79386
_14012_, 252.24, 437.92, 1.79386
_08073_, 265.04, 437.92, 1.79387
_09423_, 265.04, 437.92, 1.79387
_09425_, 265.04, 437.92, 1.79387
_09426_, 265.04, 437.92, 1.79387
_10550_, 265.04, 437.92, 1.79387
_13500_, 265.04, 437.92, 1.79387
ANTENNA__08079__C, 265.04, 437.92, 1.79387
ANTENNA__09425__A0, 265.04, 437.92, 1.79387
FILLER_0_156_554, 265.04, 437.92, 1.79387
FILLER_0_157_554, 265.04, 437.92, 1.79387
_08027_, 277.84, 437.92, 1.79388
_09834_, 277.84, 437.92, 1.79388
_09840_, 277.84, 437.92, 1.79388
_09841_, 277.84, 437.92, 1.79388
_13693_, 277.84, 437.92, 1.79388
ANTENNA__08075__C, 277.84, 437.92, 1.79388
ANTENNA__09840__S, 277.84, 437.92, 1.79388
FILLER_0_158_597, 277.84, 437.92, 1.79388
_07932_, 290.64, 437.92, 1.7939
_07934_, 290.64, 437.92, 1.7939
ANTENNA__07934__C, 290.64, 437.92, 1.7939
ANTENNA__08122__B, 290.64, 437.92, 1.7939
ANTENNA__07934__B, 290.64, 437.92, 1.7939
ANTENNA__09840__A0, 290.64, 437.92, 1.7939
_10749_, 303.44, 437.92, 1.79392
_13977_, 303.44, 437.92, 1.79392
ANTENNA__10544__S, 303.44, 437.92, 1.79392
FILLER_0_156_634, 303.44, 437.92, 1.79392
FILLER_0_156_645, 303.44, 437.92, 1.79392
FILLER_0_157_649, 303.44, 437.92, 1.79392
FILLER_0_158_657, 303.44, 437.92, 1.79392
_07865_, 316.24, 437.92, 1.79394
_10476_, 316.24, 437.92, 1.79394
ANTENNA__07865__A2, 316.24, 437.92, 1.79394
ANTENNA__10476__A1, 316.24, 437.92, 1.79394
ANTENNA__10476__S, 316.24, 437.92, 1.79394
FILLER_0_157_688, 316.24, 437.92, 1.79394
_07762_, 341.84, 437.92, 1.79393
_07764_, 341.84, 437.92, 1.79393
_09827_, 341.84, 437.92, 1.79393
_10540_, 341.84, 437.92, 1.79393
ANTENNA__09416__A0, 341.84, 437.92, 1.79393
ANTENNA__09334__A0, 341.84, 437.92, 1.79393
ANTENNA__09416__S, 341.84, 437.92, 1.79393
ANTENNA__10885__A1, 341.84, 437.92, 1.79393
ANTENNA__10542__S, 341.84, 437.92, 1.79393
ANTENNA__10540__S, 341.84, 437.92, 1.79393
ANTENNA__10883__S, 341.84, 437.92, 1.79393
FILLER_0_156_724, 341.84, 437.92, 1.79393
_09823_, 354.64, 437.92, 1.79389
_14006_, 354.64, 437.92, 1.79389
clkbuf_leaf_74_wclk, 354.64, 437.92, 1.79389
ANTENNA__07762__B, 354.64, 437.92, 1.79389
ANTENNA__07764__B, 354.64, 437.92, 1.79389
ANTENNA__09414__A0, 354.64, 437.92, 1.79389
ANTENNA__10540__A1, 354.64, 437.92, 1.79389
_07667_, 367.44, 437.92, 1.79387
_07715_, 367.44, 437.92, 1.79387
_09331_, 367.44, 437.92, 1.79387
_09759_, 367.44, 437.92, 1.79387
_10536_, 367.44, 437.92, 1.79387
_13463_, 367.44, 437.92, 1.79387
ANTENNA__07717__C, 367.44, 437.92, 1.79387
_07771_, 380.24, 437.92, 1.79387
ANTENNA__07771__A2, 380.24, 437.92, 1.79387
ANTENNA__07715__C, 380.24, 437.92, 1.79387
ANTENNA__09331__S, 380.24, 437.92, 1.79387
ANTENNA__09759__A0, 380.24, 437.92, 1.79387
ANTENNA__10536__A1, 380.24, 437.92, 1.79387
_10882_, 393.04, 437.92, 1.79386
_13973_, 393.04, 437.92, 1.79386
clkbuf_leaf_81_wclk, 393.04, 437.92, 1.79386
ANTENNA__09331__A0, 393.04, 437.92, 1.79386
ANTENNA__10881__S, 393.04, 437.92, 1.79386
FILLER_0_157_837, 393.04, 437.92, 1.79386
FILLER_0_157_841, 393.04, 437.92, 1.79386
_07664_, 405.84, 437.92, 1.79389
_10468_, 405.84, 437.92, 1.79389
_10743_, 405.84, 437.92, 1.79389
_14101_, 405.84, 437.92, 1.79389
_14102_, 405.84, 437.92, 1.79389
ANTENNA__07719__B, 405.84, 437.92, 1.79389
ANTENNA__07719__C, 405.84, 437.92, 1.79389
ANTENNA__07721__B, 405.84, 437.92, 1.79389
_10472_, 418.64, 437.92, 1.79392
_10742_, 418.64, 437.92, 1.79392
_10745_, 418.64, 437.92, 1.79392
_13975_, 418.64, 437.92, 1.79392
ANTENNA__10474__A1, 418.64, 437.92, 1.79392
ANTENNA__10472__S, 418.64, 437.92, 1.79392
ANTENNA__07712__B1, 431.44, 437.92, 1.79396
ANTENNA__10468__A1, 431.44, 437.92, 1.79396
ANTENNA__10470__A1, 431.44, 437.92, 1.79396
ANTENNA__10470__S, 431.44, 437.92, 1.79396
FILLER_0_156_925, 431.44, 437.92, 1.79396
FILLER_0_157_947, 444.24, 437.92, 1.794
ANTENNA__10247__A, 457.04, 437.92, 1.79405
FILLER_0_156_970, 457.04, 437.92, 1.79405
FILLER_0_157_1001, 469.84, 437.92, 1.79409
PHY_308, 5.52, 432.48, 1.79432
PHY_310, 5.52, 432.48, 1.79432
PHY_309, 494.04, 432.48, 1.79414
PHY_311, 494.04, 432.48, 1.79414
FILLER_0_155_51, 34.64, 432.48, 1.79431
FILLER_0_156_77, 34.64, 432.48, 1.79431
FILLER_0_155_105, 47.44, 432.48, 1.79429
FILLER_0_154_133, 73.04, 432.48, 1.79425
FILLER_0_155_161, 85.84, 432.48, 1.79423
FILLER_0_154_189, 98.64, 432.48, 1.79421
FILLER_0_155_217, 111.44, 432.48, 1.79419
FILLER_0_154_245, 124.24, 432.48, 1.79417
FILLER_0_155_273, 137.04, 432.48, 1.79415
FILLER_0_154_301, 149.84, 432.48, 1.79413
_14076_, 162.64, 432.48, 1.79411
FILLER_0_155_329, 162.64, 432.48, 1.79411
_08070_, 188.24, 432.48, 1.79404
_10481_, 188.24, 432.48, 1.79404
_10483_, 188.24, 432.48, 1.79404
_10756_, 188.24, 432.48, 1.79404
FILLER_0_156_410, 188.24, 432.48, 1.79404
_10479_, 201.04, 432.48, 1.794
_10751_, 201.04, 432.48, 1.794
_14106_, 201.04, 432.48, 1.794
ANTENNA__10481__A1, 201.04, 432.48, 1.794
FILLER_0_154_416, 201.04, 432.48, 1.794
FILLER_0_154_421, 201.04, 432.48, 1.794
FILLER_0_155_414, 201.04, 432.48, 1.794
_08126_, 213.84, 432.48, 1.79396
_13435_, 213.84, 432.48, 1.79396
ANTENNA__08030__B, 213.84, 432.48, 1.79396
ANTENNA__08126__C, 213.84, 432.48, 1.79396
ANTENNA__09772__A0, 213.84, 432.48, 1.79396
ANTENNA__09772__S, 213.84, 432.48, 1.79396
ANTENNA__10479__A1, 213.84, 432.48, 1.79396
FILLER_0_155_453, 213.84, 432.48, 1.79396
FILLER_0_155_459, 213.84, 432.48, 1.79396
FILLER_0_156_457, 213.84, 432.48, 1.79396
_08030_, 226.64, 432.48, 1.79393
_08125_, 226.64, 432.48, 1.79393
_09350_, 226.64, 432.48, 1.79393
_10893_, 226.64, 432.48, 1.79393
_13469_, 226.64, 432.48, 1.79393
_14171_, 226.64, 432.48, 1.79393
ANTENNA__08125__B, 226.64, 432.48, 1.79393
ANTENNA__08031__B, 226.64, 432.48, 1.79393
ANTENNA__09350__S, 226.64, 432.48, 1.79393
ANTENNA__10890__A1, 226.64, 432.48, 1.79393
FILLER_0_155_488, 226.64, 432.48, 1.79393
_07937_, 239.44, 432.48, 1.7939
_10890_, 239.44, 432.48, 1.7939
_10892_, 239.44, 432.48, 1.7939
_10894_, 239.44, 432.48, 1.7939
_14172_, 239.44, 432.48, 1.7939
ANTENNA__07937__B, 239.44, 432.48, 1.7939
ANTENNA__07937__C, 239.44, 432.48, 1.7939
FILLER_0_154_496, 239.44, 432.48, 1.7939
_08080_, 252.24, 432.48, 1.79389
_10549_, 252.24, 432.48, 1.79389
_10551_, 252.24, 432.48, 1.79389
ANTENNA__08077__C, 252.24, 432.48, 1.79389
_08024_, 265.04, 432.48, 1.79388
_08028_, 265.04, 432.48, 1.79388
_08075_, 265.04, 432.48, 1.79388
_08076_, 265.04, 432.48, 1.79388
ANTENNA__08073__C, 265.04, 432.48, 1.79388
ANTENNA__10551__A1, 265.04, 432.48, 1.79388
FILLER_0_154_562, 265.04, 432.48, 1.79388
FILLER_0_156_573, 265.04, 432.48, 1.79388
_08072_, 277.84, 432.48, 1.79387
_08122_, 277.84, 432.48, 1.79387
_09421_, 277.84, 432.48, 1.79387
_09422_, 277.84, 432.48, 1.79387
_09428_, 277.84, 432.48, 1.79387
_13498_, 277.84, 432.48, 1.79387
ANTENNA__08072__C, 277.84, 432.48, 1.79387
ANTENNA__08022__C, 277.84, 432.48, 1.79387
ANTENNA__08027__C, 277.84, 432.48, 1.79387
ANTENNA__08075__B, 277.84, 432.48, 1.79387
FILLER_0_154_582, 277.84, 432.48, 1.79387
_07931_, 290.64, 432.48, 1.79387
_07935_, 290.64, 432.48, 1.79387
clkbuf_leaf_72_wclk, 290.64, 432.48, 1.79387
ANTENNA__07932__B, 290.64, 432.48, 1.79387
ANTENNA__07932__C, 290.64, 432.48, 1.79387
ANTENNA__08122__C, 290.64, 432.48, 1.79387
ANTENNA__09421__A0, 290.64, 432.48, 1.79387
_09419_, 303.44, 432.48, 1.79389
_10477_, 303.44, 432.48, 1.79389
_10544_, 303.44, 432.48, 1.79389
_10545_, 303.44, 432.48, 1.79389
_10748_, 303.44, 432.48, 1.79389
_14009_, 303.44, 432.48, 1.79389
_14105_, 303.44, 432.48, 1.79389
ANTENNA__10544__A1, 303.44, 432.48, 1.79389
ANTENNA_clkbuf_leaf_72_wclk_A, 303.44, 432.48, 1.79389
FILLER_0_154_637, 303.44, 432.48, 1.79389
_13656_, 316.24, 432.48, 1.79393
ANTENNA__07867__C, 316.24, 432.48, 1.79393
ANTENNA__07871__C, 316.24, 432.48, 1.79393
ANTENNA__07871__B, 316.24, 432.48, 1.79393
ANTENNA__07822__C, 316.24, 432.48, 1.79393
ANTENNA__09418__A0, 316.24, 432.48, 1.79393
ANTENNA__10748__A1, 316.24, 432.48, 1.79393
ANTENNA__10748__S, 316.24, 432.48, 1.79393
FILLER_0_155_669, 316.24, 432.48, 1.79393
_09416_, 341.84, 432.48, 1.79395
_09417_, 341.84, 432.48, 1.79395
_13495_, 341.84, 432.48, 1.79395
ANTENNA__07761__B, 341.84, 432.48, 1.79395
ANTENNA__07762__C, 341.84, 432.48, 1.79395
FILLER_0_156_733, 341.84, 432.48, 1.79395
FILLER_0_156_738, 341.84, 432.48, 1.79395
_07670_, 354.64, 432.48, 1.79394
_07714_, 354.64, 432.48, 1.79394
_07717_, 354.64, 432.48, 1.79394
_07765_, 354.64, 432.48, 1.79394
_09410_, 354.64, 432.48, 1.79394
_09411_, 354.64, 432.48, 1.79394
_13493_, 354.64, 432.48, 1.79394
ANTENNA__07761__C, 354.64, 432.48, 1.79394
ANTENNA__09414__S, 354.64, 432.48, 1.79394
ANTENNA__09410__S, 354.64, 432.48, 1.79394
_07666_, 367.44, 432.48, 1.79394
_07668_, 367.44, 432.48, 1.79394
_07671_, 367.44, 432.48, 1.79394
_07718_, 367.44, 432.48, 1.79394
_07770_, 367.44, 432.48, 1.79394
ANTENNA__07668__C, 367.44, 432.48, 1.79394
ANTENNA__07666__C, 367.44, 432.48, 1.79394
ANTENNA__07717__B, 367.44, 432.48, 1.79394
ANTENNA__09410__A0, 367.44, 432.48, 1.79394
ANTENNA__09823__S, 367.44, 432.48, 1.79394
FILLER_0_155_773, 367.44, 432.48, 1.79394
_07674_, 380.24, 432.48, 1.79394
_07721_, 380.24, 432.48, 1.79394
_07769_, 380.24, 432.48, 1.79394
_14166_, 380.24, 432.48, 1.79394
ANTENNA__07770__B, 380.24, 432.48, 1.79394
ANTENNA__07770__C, 380.24, 432.48, 1.79394
ANTENNA__07769__C, 380.24, 432.48, 1.79394
ANTENNA__07667__C, 380.24, 432.48, 1.79394
ANTENNA__07670__C, 380.24, 432.48, 1.79394
ANTENNA__07673__B, 380.24, 432.48, 1.79394
ANTENNA__07670__B, 380.24, 432.48, 1.79394
ANTENNA__09823__A0, 380.24, 432.48, 1.79394
FILLER_0_155_819, 380.24, 432.48, 1.79394
_07675_, 393.04, 432.48, 1.79394
_07722_, 393.04, 432.48, 1.79394
_10881_, 393.04, 432.48, 1.79394
_14165_, 393.04, 432.48, 1.79394
ANTENNA__07674__B, 393.04, 432.48, 1.79394
ANTENNA__07721__C, 393.04, 432.48, 1.79394
ANTENNA__07674__C, 393.04, 432.48, 1.79394
_07676_, 405.84, 432.48, 1.79395
_07712_, 405.84, 432.48, 1.79395
_10473_, 405.84, 432.48, 1.79395
_10474_, 405.84, 432.48, 1.79395
_10475_, 405.84, 432.48, 1.79395
_10746_, 405.84, 432.48, 1.79395
_10747_, 405.84, 432.48, 1.79395
ANTENNA__07722__A2, 405.84, 432.48, 1.79395
ANTENNA__07675__A2, 405.84, 432.48, 1.79395
ANTENNA__10881__A1, 405.84, 432.48, 1.79395
ANTENNA__10746__S, 405.84, 432.48, 1.79395
_07723_, 418.64, 432.48, 1.79397
_07759_, 418.64, 432.48, 1.79397
_07772_, 418.64, 432.48, 1.79397
_10470_, 418.64, 432.48, 1.79397
_10471_, 418.64, 432.48, 1.79397
_13974_, 418.64, 432.48, 1.79397
_07760_, 431.44, 432.48, 1.794
ANTENNA__07759__A2, 431.44, 432.48, 1.794
ANTENNA__07760__A2, 431.44, 432.48, 1.794
ANTENNA__07665__A2, 431.44, 432.48, 1.794
ANTENNA__07760__B1, 431.44, 432.48, 1.794
FILLER_0_155_921, 431.44, 432.48, 1.794
_10247_, 444.24, 432.48, 1.79404
_10675_, 444.24, 432.48, 1.79404
ANTENNA__10674__S, 444.24, 432.48, 1.79404
FILLER_0_156_956, 444.24, 432.48, 1.79404
FILLER_0_154_974, 457.04, 432.48, 1.79407
FILLER_0_155_1001, 469.84, 432.48, 1.79411
PHY_304, 5.52, 427.04, 1.79433
PHY_306, 5.52, 427.04, 1.79433
PHY_305, 494.04, 427.04, 1.79414
PHY_307, 494.04, 427.04, 1.79414
FILLER_0_153_51, 34.64, 427.04, 1.79431
FILLER_0_154_77, 34.64, 427.04, 1.79431
FILLER_0_153_105, 47.44, 427.04, 1.79429
FILLER_0_152_133, 73.04, 427.04, 1.79424
FILLER_0_153_161, 85.84, 427.04, 1.79421
FILLER_0_152_189, 98.64, 427.04, 1.79419
FILLER_0_153_217, 111.44, 427.04, 1.79417
FILLER_0_152_245, 124.24, 427.04, 1.79414
FILLER_0_153_273, 137.04, 427.04, 1.79412
FILLER_0_152_301, 149.84, 427.04, 1.79409
_10687_, 162.64, 427.04, 1.79407
_10688_, 162.64, 427.04, 1.79407
_14075_, 162.64, 427.04, 1.79407
_14077_, 162.64, 427.04, 1.79407
ANTENNA__10689__A1, 162.64, 427.04, 1.79407
FILLER_0_153_329, 162.64, 427.04, 1.79407
FILLER_0_153_337, 162.64, 427.04, 1.79407
_08033_, 188.24, 427.04, 1.79396
_08081_, 188.24, 427.04, 1.79396
_10486_, 188.24, 427.04, 1.79396
_10758_, 188.24, 427.04, 1.79396
_13981_, 188.24, 427.04, 1.79396
clkbuf_leaf_46_wclk, 188.24, 427.04, 1.79396
FILLER_0_153_386, 188.24, 427.04, 1.79396
_07926_, 201.04, 427.04, 1.7939
_08128_, 201.04, 427.04, 1.7939
_10757_, 201.04, 427.04, 1.7939
ANTENNA__09253__A0, 201.04, 427.04, 1.7939
ANTENNA__10751__A1, 201.04, 427.04, 1.7939
FILLER_0_153_427, 201.04, 427.04, 1.7939
FILLER_0_153_435, 201.04, 427.04, 1.7939
_07939_, 213.84, 427.04, 1.79385
_09252_, 213.84, 427.04, 1.79385
_09253_, 213.84, 427.04, 1.79385
_09254_, 213.84, 427.04, 1.79385
_09258_, 213.84, 427.04, 1.79385
_13434_, 213.84, 427.04, 1.79385
clkbuf_leaf_47_wclk, 213.84, 427.04, 1.79385
ANTENNA__07939__B, 213.84, 427.04, 1.79385
FILLER_0_154_457, 213.84, 427.04, 1.79385
_08127_, 226.64, 427.04, 1.79382
_09351_, 226.64, 427.04, 1.79382
_08078_, 239.44, 427.04, 1.7938
_10895_, 239.44, 427.04, 1.7938
_10896_, 239.44, 427.04, 1.7938
_10897_, 239.44, 427.04, 1.7938
_13436_, 239.44, 427.04, 1.7938
ANTENNA__10892__A1, 239.44, 427.04, 1.7938
ANTENNA__10896__A1, 239.44, 427.04, 1.7938
FILLER_0_153_514, 239.44, 427.04, 1.7938
FILLER_0_154_522, 239.44, 427.04, 1.7938
_08839_, 252.24, 427.04, 1.79378
_10553_, 252.24, 427.04, 1.79378
_10554_, 252.24, 427.04, 1.79378
_13244_, 252.24, 427.04, 1.79378
_14013_, 252.24, 427.04, 1.79378
ANTENNA__08078__B, 252.24, 427.04, 1.79378
ANTENNA__08077__B, 252.24, 427.04, 1.79378
ANTENNA__08839__A0, 252.24, 427.04, 1.79378
ANTENNA__10549__A1, 252.24, 427.04, 1.79378
FILLER_0_152_533, 252.24, 427.04, 1.79378
FILLER_0_154_541, 252.24, 427.04, 1.79378
_08022_, 265.04, 427.04, 1.79378
_08026_, 265.04, 427.04, 1.79378
_08074_, 265.04, 427.04, 1.79378
_08120_, 265.04, 427.04, 1.79378
_08842_, 265.04, 427.04, 1.79378
clkbuf_leaf_71_wclk, 265.04, 427.04, 1.79378
ANTENNA__08120__C, 265.04, 427.04, 1.79378
ANTENNA__08024__C, 265.04, 427.04, 1.79378
FILLER_0_153_555, 265.04, 427.04, 1.79378
FILLER_0_153_566, 265.04, 427.04, 1.79378
FILLER_0_153_578, 265.04, 427.04, 1.79378
FILLER_0_154_568, 265.04, 427.04, 1.79378
_08119_, 277.84, 427.04, 1.7938
_08121_, 277.84, 427.04, 1.7938
_08123_, 277.84, 427.04, 1.7938
_08838_, 277.84, 427.04, 1.7938
_09427_, 277.84, 427.04, 1.7938
_13501_, 277.84, 427.04, 1.7938
ANTENNA_clkbuf_leaf_71_wclk_A, 277.84, 427.04, 1.7938
_07933_, 290.64, 427.04, 1.79383
_13689_, 290.64, 427.04, 1.79383
ANTENNA__08119__C, 290.64, 427.04, 1.79383
ANTENNA__07933__B, 290.64, 427.04, 1.79383
ANTENNA__07931__C, 290.64, 427.04, 1.79383
ANTENNA__09427__A0, 290.64, 427.04, 1.79383
FILLER_0_152_618, 290.64, 427.04, 1.79383
_07871_, 303.44, 427.04, 1.79386
_09418_, 303.44, 427.04, 1.79386
_09831_, 303.44, 427.04, 1.79386
_13497_, 303.44, 427.04, 1.79386
_07867_, 316.24, 427.04, 1.7939
_09761_, 316.24, 427.04, 1.7939
_09762_, 316.24, 427.04, 1.7939
_09763_, 316.24, 427.04, 1.7939
_09764_, 316.24, 427.04, 1.7939
_13657_, 316.24, 427.04, 1.7939
ANTENNA__07867__B, 316.24, 427.04, 1.7939
ANTENNA__09763__A0, 316.24, 427.04, 1.7939
_07761_, 341.84, 427.04, 1.79391
_07814_, 341.84, 427.04, 1.79391
_09414_, 341.84, 427.04, 1.79391
_09415_, 341.84, 427.04, 1.79391
_10542_, 341.84, 427.04, 1.79391
_10543_, 341.84, 427.04, 1.79391
_13494_, 341.84, 427.04, 1.79391
ANTENNA__07818__B, 341.84, 427.04, 1.79391
FILLER_0_152_725, 341.84, 427.04, 1.79391
FILLER_0_153_741, 341.84, 427.04, 1.79391
_07763_, 354.64, 427.04, 1.79388
_09412_, 354.64, 427.04, 1.79388
_09413_, 354.64, 427.04, 1.79388
ANTENNA__07763__B, 354.64, 427.04, 1.79388
ANTENNA__09412__S, 354.64, 427.04, 1.79388
_07716_, 367.44, 427.04, 1.79386
_09245_, 367.44, 427.04, 1.79386
_13237_, 367.44, 427.04, 1.79386
_13238_, 367.44, 427.04, 1.79386
ANTENNA__07716__C, 367.44, 427.04, 1.79386
ANTENNA__07666__B, 367.44, 427.04, 1.79386
ANTENNA__07716__B, 367.44, 427.04, 1.79386
ANTENNA__07668__B, 367.44, 427.04, 1.79386
ANTENNA__09412__A0, 367.44, 427.04, 1.79386
FILLER_0_152_777, 367.44, 427.04, 1.79386
_07673_, 380.24, 427.04, 1.79384
_09241_, 380.24, 427.04, 1.79384
_09243_, 380.24, 427.04, 1.79384
_10880_, 380.24, 427.04, 1.79384
_13429_, 380.24, 427.04, 1.79384
_13430_, 380.24, 427.04, 1.79384
_13431_, 380.24, 427.04, 1.79384
ANTENNA__07769__B, 380.24, 427.04, 1.79384
ANTENNA__08828__A0, 380.24, 427.04, 1.79384
FILLER_0_154_821, 380.24, 427.04, 1.79384
_07672_, 393.04, 427.04, 1.79384
_07719_, 393.04, 427.04, 1.79384
_07720_, 393.04, 427.04, 1.79384
_09240_, 393.04, 427.04, 1.79384
_10879_, 393.04, 427.04, 1.79384
ANTENNA__07673__C, 393.04, 427.04, 1.79384
ANTENNA__09240__S, 393.04, 427.04, 1.79384
FILLER_0_153_854, 393.04, 427.04, 1.79384
_07811_, 405.84, 427.04, 1.79385
_10679_, 405.84, 427.04, 1.79385
_13976_, 405.84, 427.04, 1.79385
_14072_, 405.84, 427.04, 1.79385
_14104_, 405.84, 427.04, 1.79385
ANTENNA__07672__B, 405.84, 427.04, 1.79385
ANTENNA__07672__C, 405.84, 427.04, 1.79385
_07665_, 418.64, 427.04, 1.79387
_10673_, 418.64, 427.04, 1.79387
_14069_, 418.64, 427.04, 1.79387
clkbuf_leaf_82_wclk, 418.64, 427.04, 1.79387
ANTENNA__07759__B1, 418.64, 427.04, 1.79387
ANTENNA__07665__B1, 418.64, 427.04, 1.79387
ANTENNA__10738__A1, 418.64, 427.04, 1.79387
ANTENNA__10746__A1, 418.64, 427.04, 1.79387
FILLER_0_152_889, 418.64, 427.04, 1.79387
FILLER_0_152_894, 418.64, 427.04, 1.79387
FILLER_0_153_893, 418.64, 427.04, 1.79387
_10672_, 431.44, 427.04, 1.79391
_10677_, 431.44, 427.04, 1.79391
_14070_, 431.44, 427.04, 1.79391
_14071_, 431.44, 427.04, 1.79391
_07713_, 444.24, 427.04, 1.79397
_10674_, 444.24, 427.04, 1.79397
ANTENNA__07713__B1, 444.24, 427.04, 1.79397
ANTENNA__10674__A1, 444.24, 427.04, 1.79397
FILLER_0_152_972, 457.04, 427.04, 1.79402
FILLER_0_153_1005, 469.84, 427.04, 1.79408
PHY_300, 5.52, 421.6, 1.79435
PHY_302, 5.52, 421.6, 1.79435
PHY_301, 494.04, 421.6, 1.79418
PHY_303, 494.04, 421.6, 1.79418
FILLER_0_151_51, 34.64, 421.6, 1.79433
FILLER_0_152_77, 34.64, 421.6, 1.79433
FILLER_0_151_105, 47.44, 421.6, 1.79431
FILLER_0_150_133, 73.04, 421.6, 1.79427
FILLER_0_151_161, 85.84, 421.6, 1.79425
FILLER_0_150_189, 98.64, 421.6, 1.79422
FILLER_0_151_217, 111.44, 421.6, 1.7942
_08627_, 124.24, 421.6, 1.79418
FILLER_0_150_245, 124.24, 421.6, 1.79418
_09978_, 137.04, 421.6, 1.79416
ANTENNA__10272__A, 137.04, 421.6, 1.79416
FILLER_0_150_278, 137.04, 421.6, 1.79416
FILLER_0_151_273, 137.04, 421.6, 1.79416
FILLER_0_151_281, 137.04, 421.6, 1.79416
FILLER_0_150_305, 149.84, 421.6, 1.79414
FILLER_0_150_309, 149.84, 421.6, 1.79414
_08021_, 162.64, 421.6, 1.79413
_10685_, 162.64, 421.6, 1.79413
_10686_, 162.64, 421.6, 1.79413
_10689_, 162.64, 421.6, 1.79413
ANTENNA_clkbuf_leaf_45_wclk_A, 162.64, 421.6, 1.79413
FILLER_0_150_340, 162.64, 421.6, 1.79413
FILLER_0_151_329, 162.64, 421.6, 1.79413
FILLER_0_151_337, 162.64, 421.6, 1.79413
_08175_, 188.24, 421.6, 1.79406
_10485_, 188.24, 421.6, 1.79406
_14109_, 188.24, 421.6, 1.79406
ANTENNA_clkbuf_leaf_46_wclk_A, 188.24, 421.6, 1.79406
FILLER_0_151_393, 188.24, 421.6, 1.79406
_07929_, 201.04, 421.6, 1.79402
_08117_, 201.04, 421.6, 1.79402
_10684_, 201.04, 421.6, 1.79402
_14074_, 201.04, 421.6, 1.79402
ANTENNA__10757__A1, 201.04, 421.6, 1.79402
FILLER_0_150_417, 201.04, 421.6, 1.79402
_09251_, 213.84, 421.6, 1.79399
_09257_, 213.84, 421.6, 1.79399
_13437_, 213.84, 421.6, 1.79399
ANTENNA__09251__A0, 213.84, 421.6, 1.79399
ANTENNA__09257__A0, 213.84, 421.6, 1.79399
ANTENNA_clkbuf_leaf_47_wclk_A, 213.84, 421.6, 1.79399
FILLER_0_150_439, 213.84, 421.6, 1.79399
FILLER_0_151_465, 213.84, 421.6, 1.79399
FILLER_0_152_459, 213.84, 421.6, 1.79399
_09774_, 226.64, 421.6, 1.79397
_09775_, 226.64, 421.6, 1.79397
_13662_, 226.64, 421.6, 1.79397
_14173_, 226.64, 421.6, 1.79397
ANTENNA__09774__A0, 226.64, 421.6, 1.79397
ANTENNA__09774__S, 226.64, 421.6, 1.79397
FILLER_0_151_488, 226.64, 421.6, 1.79397
_08124_, 239.44, 421.6, 1.79395
_09255_, 239.44, 421.6, 1.79395
_09256_, 239.44, 421.6, 1.79395
_14174_, 239.44, 421.6, 1.79395
ANTENNA__09255__A0, 239.44, 421.6, 1.79395
ANTENNA__10553__A1, 239.44, 421.6, 1.79395
ANTENNA__10898__A1, 239.44, 421.6, 1.79395
FILLER_0_151_496, 239.44, 421.6, 1.79395
_13243_, 252.24, 421.6, 1.79394
ANTENNA__08124__B, 252.24, 421.6, 1.79394
ANTENNA__08124__C, 252.24, 421.6, 1.79394
ANTENNA__08841__A0, 252.24, 421.6, 1.79394
FILLER_0_151_531, 252.24, 421.6, 1.79394
_08840_, 265.04, 421.6, 1.79394
_08843_, 265.04, 421.6, 1.79394
_08844_, 265.04, 421.6, 1.79394
_13245_, 265.04, 421.6, 1.79394
ANTENNA__08843__A0, 265.04, 421.6, 1.79394
FILLER_0_151_555, 265.04, 421.6, 1.79394
_08837_, 277.84, 421.6, 1.79395
_09429_, 277.84, 421.6, 1.79395
_09430_, 277.84, 421.6, 1.79395
_13242_, 277.84, 421.6, 1.79395
ANTENNA__08837__A0, 277.84, 421.6, 1.79395
ANTENNA__09429__A0, 277.84, 421.6, 1.79395
FILLER_0_151_580, 277.84, 421.6, 1.79395
FILLER_0_151_588, 277.84, 421.6, 1.79395
FILLER_0_151_605, 277.84, 421.6, 1.79395
_09832_, 290.64, 421.6, 1.79396
ANTENNA__09831__A0, 290.64, 421.6, 1.79396
FILLER_0_150_619, 290.64, 421.6, 1.79396
FILLER_0_151_613, 290.64, 421.6, 1.79396
FILLER_0_151_629, 290.64, 421.6, 1.79396
FILLER_0_152_626, 290.64, 421.6, 1.79396
_07868_, 303.44, 421.6, 1.79397
_07870_, 303.44, 421.6, 1.79397
_07872_, 303.44, 421.6, 1.79397
ANTENNA__07617__A, 303.44, 421.6, 1.79397
ANTENNA__07868__B, 303.44, 421.6, 1.79397
ANTENNA__07870__B, 303.44, 421.6, 1.79397
ANTENNA__07868__C, 303.44, 421.6, 1.79397
ANTENNA__08834__A0, 303.44, 421.6, 1.79397
ANTENNA__08834__S, 303.44, 421.6, 1.79397
FILLER_0_152_660, 303.44, 421.6, 1.79397
_07873_, 316.24, 421.6, 1.79398
_07875_, 316.24, 421.6, 1.79398
_07876_, 316.24, 421.6, 1.79398
_07877_, 316.24, 421.6, 1.79398
_13433_, 316.24, 421.6, 1.79398
ANTENNA__09968__A1, 316.24, 421.6, 1.79398
ANTENNA__07873__C, 316.24, 421.6, 1.79398
ANTENNA__09418__S, 316.24, 421.6, 1.79398
ANTENNA__09831__S, 316.24, 421.6, 1.79398
FILLER_0_152_679, 316.24, 421.6, 1.79398
_07813_, 341.84, 421.6, 1.794
_07817_, 341.84, 421.6, 1.794
ANTENNA__07813__B, 341.84, 421.6, 1.794
ANTENNA__07819__C, 341.84, 421.6, 1.794
ANTENNA__07814__B, 341.84, 421.6, 1.794
ANTENNA__07813__C, 341.84, 421.6, 1.794
ANTENNA__07814__C, 341.84, 421.6, 1.794
ANTENNA__07816__C, 341.84, 421.6, 1.794
ANTENNA__07819__B, 341.84, 421.6, 1.794
ANTENNA__09246__A0, 341.84, 421.6, 1.794
ANTENNA__09246__S, 341.84, 421.6, 1.794
ANTENNA__10542__A1, 341.84, 421.6, 1.794
FILLER_0_151_743, 341.84, 421.6, 1.794
_07824_, 354.64, 421.6, 1.794
_08831_, 354.64, 421.6, 1.794
_09409_, 354.64, 421.6, 1.794
_13239_, 354.64, 421.6, 1.794
ANTENNA__07763__C, 354.64, 421.6, 1.794
ANTENNA__07714__B, 354.64, 421.6, 1.794
ANTENNA__07714__C, 354.64, 421.6, 1.794
ANTENNA__08830__S, 354.64, 421.6, 1.794
FILLER_0_151_757, 354.64, 421.6, 1.794
_08826_, 367.44, 421.6, 1.79401
_08827_, 367.44, 421.6, 1.79401
_08828_, 367.44, 421.6, 1.79401
_08829_, 367.44, 421.6, 1.79401
ANTENNA__07619__B, 367.44, 421.6, 1.79401
ANTENNA__07618__C, 367.44, 421.6, 1.79401
ANTENNA__08826__S, 367.44, 421.6, 1.79401
ANTENNA__09821__A0, 367.44, 421.6, 1.79401
FILLER_0_151_799, 367.44, 421.6, 1.79401
_09242_, 380.24, 421.6, 1.79402
_09244_, 380.24, 421.6, 1.79402
ANTENNA__07626__C, 380.24, 421.6, 1.79402
ANTENNA__08826__A0, 380.24, 421.6, 1.79402
ANTENNA__09238__S, 380.24, 421.6, 1.79402
ANTENNA__10534__A1, 380.24, 421.6, 1.79402
FILLER_0_150_809, 380.24, 421.6, 1.79402
_10877_, 393.04, 421.6, 1.79403
_10878_, 393.04, 421.6, 1.79403
ANTENNA__07623__B, 393.04, 421.6, 1.79403
ANTENNA__07623__C, 393.04, 421.6, 1.79403
ANTENNA__07626__B, 393.04, 421.6, 1.79403
ANTENNA__07720__C, 393.04, 421.6, 1.79403
ANTENNA__07720__B, 393.04, 421.6, 1.79403
ANTENNA__09240__A0, 393.04, 421.6, 1.79403
ANTENNA__09242__A0, 393.04, 421.6, 1.79403
ANTENNA__09242__S, 393.04, 421.6, 1.79403
ANTENNA__10877__A1, 393.04, 421.6, 1.79403
ANTENNA__10879__A1, 393.04, 421.6, 1.79403
ANTENNA__10879__S, 393.04, 421.6, 1.79403
FILLER_0_150_829, 393.04, 421.6, 1.79403
_07812_, 405.84, 421.6, 1.79404
_10678_, 405.84, 421.6, 1.79404
ANTENNA__07811__A2, 405.84, 421.6, 1.79404
ANTENNA__07811__B1, 405.84, 421.6, 1.79404
ANTENNA__10678__S, 405.84, 421.6, 1.79404
FILLER_0_150_869, 405.84, 421.6, 1.79404
FILLER_0_151_865, 405.84, 421.6, 1.79404
_07614_, 418.64, 421.6, 1.79406
_09961_, 418.64, 421.6, 1.79406
_13749_, 418.64, 421.6, 1.79406
ANTENNA__07614__A2, 418.64, 421.6, 1.79406
ANTENNA__07614__B1, 418.64, 421.6, 1.79406
ANTENNA__09960__S, 418.64, 421.6, 1.79406
ANTENNA__10678__A1, 418.64, 421.6, 1.79406
ANTENNA__10466__S, 418.64, 421.6, 1.79406
FILLER_0_151_910, 418.64, 421.6, 1.79406
_09964_, 431.44, 421.6, 1.79408
_10676_, 431.44, 421.6, 1.79408
ANTENNA__09960__A1, 431.44, 421.6, 1.79408
ANTENNA__09964__S, 431.44, 421.6, 1.79408
ANTENNA__10670__A1, 431.44, 421.6, 1.79408
ANTENNA__10672__A1, 431.44, 421.6, 1.79408
ANTENNA__10676__S, 431.44, 421.6, 1.79408
ANTENNA__10672__S, 431.44, 421.6, 1.79408
ANTENNA__10670__S, 431.44, 421.6, 1.79408
ANTENNA_clkbuf_leaf_82_wclk_A, 431.44, 421.6, 1.79408
FILLER_0_151_924, 431.44, 421.6, 1.79408
FILLER_0_152_929, 431.44, 421.6, 1.79408
_09962_, 444.24, 421.6, 1.7941
ANTENNA__09962__A1, 444.24, 421.6, 1.7941
ANTENNA__09964__A1, 444.24, 421.6, 1.7941
ANTENNA__07713__A2, 444.24, 421.6, 1.7941
ANTENNA__09962__S, 444.24, 421.6, 1.7941
ANTENNA__10676__A1, 444.24, 421.6, 1.7941
FILLER_0_150_977, 457.04, 421.6, 1.79413
FILLER_0_150_1005, 469.84, 421.6, 1.79415
FILLER_0_151_997, 469.84, 421.6, 1.79415
FILLER_0_151_1005, 469.84, 421.6, 1.79415
PHY_296, 5.52, 416.16, 1.79436
PHY_298, 5.52, 416.16, 1.79436
PHY_297, 494.04, 416.16, 1.79417
PHY_299, 494.04, 416.16, 1.79417
FILLER_0_149_51, 34.64, 416.16, 1.79433
FILLER_0_150_77, 34.64, 416.16, 1.79433
FILLER_0_149_105, 47.44, 416.16, 1.7943
FILLER_0_148_133, 73.04, 416.16, 1.79424
FILLER_0_149_161, 85.84, 416.16, 1.79421
FILLER_0_148_189, 98.64, 416.16, 1.79418
FILLER_0_149_217, 111.44, 416.16, 1.79414
_10272_, 124.24, 416.16, 1.79411
ANTENNA__08627__A, 124.24, 416.16, 1.79411
ANTENNA__06656__A, 124.24, 416.16, 1.79411
FILLER_0_148_245, 124.24, 416.16, 1.79411
FILLER_0_150_263, 124.24, 416.16, 1.79411
_09976_, 137.04, 416.16, 1.79409
_13756_, 137.04, 416.16, 1.79409
_13757_, 137.04, 416.16, 1.79409
FILLER_0_148_281, 137.04, 416.16, 1.79409
FILLER_0_149_273, 137.04, 416.16, 1.79409
FILLER_0_149_281, 137.04, 416.16, 1.79409
_09977_, 149.84, 416.16, 1.79407
_09980_, 149.84, 416.16, 1.79407
_13755_, 149.84, 416.16, 1.79407
clkbuf_leaf_45_wclk, 149.84, 416.16, 1.79407
ANTENNA__09977__A1, 149.84, 416.16, 1.79407
ANTENNA__09975__S, 149.84, 416.16, 1.79407
FILLER_0_149_305, 149.84, 416.16, 1.79407
_08071_, 162.64, 416.16, 1.79407
_09973_, 162.64, 416.16, 1.79407
_09979_, 162.64, 416.16, 1.79407
_14078_, 162.64, 416.16, 1.79407
ANTENNA__09973__A1, 162.64, 416.16, 1.79407
ANTENNA__09973__S, 162.64, 416.16, 1.79407
FILLER_0_149_330, 162.64, 416.16, 1.79407
FILLER_0_150_348, 162.64, 416.16, 1.79407
_08164_, 188.24, 416.16, 1.79404
_10759_, 188.24, 416.16, 1.79404
ANTENNA__10485__A1, 188.24, 416.16, 1.79404
ANTENNA__10487__A1, 188.24, 416.16, 1.79404
FILLER_0_150_402, 188.24, 416.16, 1.79404
FILLER_0_150_409, 188.24, 416.16, 1.79404
_09971_, 201.04, 416.16, 1.79399
_09972_, 201.04, 416.16, 1.79399
_10683_, 201.04, 416.16, 1.79399
_13754_, 201.04, 416.16, 1.79399
ANTENNA__10683__A1, 201.04, 416.16, 1.79399
FILLER_0_148_412, 201.04, 416.16, 1.79399
_09260_, 213.84, 416.16, 1.79396
_13438_, 213.84, 416.16, 1.79396
ANTENNA__08173__B, 213.84, 416.16, 1.79396
ANTENNA__09259__A0, 213.84, 416.16, 1.79396
ANTENNA__09776__S, 213.84, 416.16, 1.79396
FILLER_0_149_440, 213.84, 416.16, 1.79396
FILLER_0_149_449, 213.84, 416.16, 1.79396
_08172_, 226.64, 416.16, 1.79392
_08173_, 226.64, 416.16, 1.79392
_08174_, 226.64, 416.16, 1.79392
_13470_, 226.64, 416.16, 1.79392
ANTENNA__08172__B, 226.64, 416.16, 1.79392
ANTENNA__08173__C, 226.64, 416.16, 1.79392
ANTENNA__09353__A0, 226.64, 416.16, 1.79392
FILLER_0_148_467, 226.64, 416.16, 1.79392
FILLER_0_150_493, 226.64, 416.16, 1.79392
_08171_, 239.44, 416.16, 1.7939
_10898_, 239.44, 416.16, 1.7939
_10899_, 239.44, 416.16, 1.7939
_10902_, 239.44, 416.16, 1.7939
ANTENNA__08171__C, 239.44, 416.16, 1.7939
ANTENNA__10902__A1, 239.44, 416.16, 1.7939
ANTENNA_clkbuf_leaf_49_wclk_A, 239.44, 416.16, 1.7939
FILLER_0_148_495, 239.44, 416.16, 1.7939
_08841_, 252.24, 416.16, 1.79387
_10555_, 252.24, 416.16, 1.79387
_10556_, 252.24, 416.16, 1.79387
_14014_, 252.24, 416.16, 1.79387
ANTENNA__08171__B, 252.24, 416.16, 1.79387
ANTENNA__10555__A1, 252.24, 416.16, 1.79387
_08170_, 265.04, 416.16, 1.79386
_08845_, 265.04, 416.16, 1.79386
_08846_, 265.04, 416.16, 1.79386
_13246_, 265.04, 416.16, 1.79386
ANTENNA__08845__A0, 265.04, 416.16, 1.79386
FILLER_0_150_573, 265.04, 416.16, 1.79386
_08166_, 277.84, 416.16, 1.79385
_08169_, 277.84, 416.16, 1.79385
_09843_, 277.84, 416.16, 1.79385
_13502_, 277.84, 416.16, 1.79385
_13694_, 277.84, 416.16, 1.79385
ANTENNA__08166__C, 277.84, 416.16, 1.79385
FILLER_0_150_598, 277.84, 416.16, 1.79385
_08023_, 290.64, 416.16, 1.79385
_08834_, 290.64, 416.16, 1.79385
_09432_, 290.64, 416.16, 1.79385
_13241_, 290.64, 416.16, 1.79385
_13503_, 290.64, 416.16, 1.79385
ANTENNA__07620__A, 290.64, 416.16, 1.79385
ANTENNA__08213__C, 290.64, 416.16, 1.79385
FILLER_0_149_613, 290.64, 416.16, 1.79385
FILLER_0_149_617, 290.64, 416.16, 1.79385
FILLER_0_149_624, 290.64, 416.16, 1.79385
_07617_, 303.44, 416.16, 1.79387
_07866_, 303.44, 416.16, 1.79387
_09968_, 303.44, 416.16, 1.79387
_09969_, 303.44, 416.16, 1.79387
_10681_, 303.44, 416.16, 1.79387
_13753_, 303.44, 416.16, 1.79387
ANTENNA__07624__A, 303.44, 416.16, 1.79387
ANTENNA__06917__A, 303.44, 416.16, 1.79387
ANTENNA__07866__A2, 303.44, 416.16, 1.79387
ANTENNA__07866__B1, 303.44, 416.16, 1.79387
ANTENNA__09968__S, 303.44, 416.16, 1.79387
_09249_, 316.24, 416.16, 1.7939
_09338_, 316.24, 416.16, 1.7939
_13465_, 316.24, 416.16, 1.7939
_14169_, 316.24, 416.16, 1.7939
clkbuf_leaf_73_wclk, 316.24, 416.16, 1.7939
FILLER_0_149_666, 316.24, 416.16, 1.7939
_07815_, 341.84, 416.16, 1.79394
_07816_, 341.84, 416.16, 1.79394
_13240_, 341.84, 416.16, 1.79394
_13492_, 341.84, 416.16, 1.79394
ANTENNA__07815__C, 341.84, 416.16, 1.79394
ANTENNA__07815__B, 341.84, 416.16, 1.79394
ANTENNA__07816__B, 341.84, 416.16, 1.79394
ANTENNA__08832__A0, 341.84, 416.16, 1.79394
ANTENNA__09248__A0, 341.84, 416.16, 1.79394
ANTENNA__09408__S, 341.84, 416.16, 1.79394
FILLER_0_150_740, 341.84, 416.16, 1.79394
_08830_, 354.64, 416.16, 1.79393
_09408_, 354.64, 416.16, 1.79393
_09821_, 354.64, 416.16, 1.79393
ANTENNA__07621__B, 354.64, 416.16, 1.79393
ANTENNA__07616__C, 354.64, 416.16, 1.79393
ANTENNA__07621__C, 354.64, 416.16, 1.79393
ANTENNA__09408__A0, 354.64, 416.16, 1.79393
ANTENNA__09821__S, 354.64, 416.16, 1.79393
_07619_, 367.44, 416.16, 1.79392
_08825_, 367.44, 416.16, 1.79392
_10534_, 367.44, 416.16, 1.79392
_14004_, 367.44, 416.16, 1.79392
ANTENNA__07619__C, 367.44, 416.16, 1.79392
ANTENNA__07616__B, 367.44, 416.16, 1.79392
ANTENNA__08830__A0, 367.44, 416.16, 1.79392
ANTENNA__10534__S, 367.44, 416.16, 1.79392
ANTENNA_16, 367.44, 416.16, 1.79392
FILLER_0_150_796, 367.44, 416.16, 1.79392
_09238_, 380.24, 416.16, 1.79392
_09753_, 380.24, 416.16, 1.79392
_13428_, 380.24, 416.16, 1.79392
ANTENNA__09238__A0, 380.24, 416.16, 1.79392
ANTENNA__09244__A0, 380.24, 416.16, 1.79392
ANTENNA__08828__S, 380.24, 416.16, 1.79392
ANTENNA__09244__S, 380.24, 416.16, 1.79392
FILLER_0_149_801, 380.24, 416.16, 1.79392
_07623_, 393.04, 416.16, 1.79393
_07626_, 393.04, 416.16, 1.79393
_14164_, 393.04, 416.16, 1.79393
ANTENNA__10877__S, 393.04, 416.16, 1.79393
ANTENNA_clkbuf_leaf_80_wclk_A, 393.04, 416.16, 1.79393
_09323_, 405.84, 416.16, 1.79394
_09966_, 405.84, 416.16, 1.79394
_10738_, 405.84, 416.16, 1.79394
_13752_, 405.84, 416.16, 1.79394
_14100_, 405.84, 416.16, 1.79394
ANTENNA__07812__A2, 405.84, 416.16, 1.79394
ANTENNA__07812__B1, 405.84, 416.16, 1.79394
ANTENNA__10738__S, 405.84, 416.16, 1.79394
FILLER_0_149_875, 405.84, 416.16, 1.79394
_09960_, 418.64, 416.16, 1.79396
_10466_, 418.64, 416.16, 1.79396
_10467_, 418.64, 416.16, 1.79396
_13972_, 418.64, 416.16, 1.79396
ANTENNA__09958__S, 418.64, 416.16, 1.79396
FILLER_0_149_910, 418.64, 416.16, 1.79396
FILLER_0_150_902, 418.64, 416.16, 1.79396
_07615_, 431.44, 416.16, 1.79399
_09963_, 431.44, 416.16, 1.79399
_09965_, 431.44, 416.16, 1.79399
_10670_, 431.44, 416.16, 1.79399
_10671_, 431.44, 416.16, 1.79399
_13750_, 431.44, 416.16, 1.79399
_13751_, 431.44, 416.16, 1.79399
ANTENNA__07615__A2, 431.44, 416.16, 1.79399
ANTENNA__07615__B1, 431.44, 416.16, 1.79399
ANTENNA__10466__A1, 431.44, 416.16, 1.79399
ANTENNA__07567__A2, 444.24, 416.16, 1.79404
ANTENNA_clkbuf_leaf_83_wclk_A, 444.24, 416.16, 1.79404
FILLER_0_148_972, 457.04, 416.16, 1.79408
_08602_, 469.84, 416.16, 1.79413
FILLER_0_149_1001, 469.84, 416.16, 1.79413
FILLER_0_150_1013, 469.84, 416.16, 1.79413
PHY_292, 5.52, 410.72, 1.79438
PHY_294, 5.52, 410.72, 1.79438
PHY_293, 494.04, 410.72, 1.79417
PHY_295, 494.04, 410.72, 1.79417
FILLER_0_147_51, 34.64, 410.72, 1.79435
FILLER_0_148_77, 34.64, 410.72, 1.79435
FILLER_0_147_105, 47.44, 410.72, 1.79432
FILLER_0_146_133, 73.04, 410.72, 1.79427
FILLER_0_147_161, 85.84, 410.72, 1.79424
FILLER_0_146_189, 98.64, 410.72, 1.79421
FILLER_0_147_217, 111.44, 410.72, 1.79418
FILLER_0_147_237, 111.44, 410.72, 1.79418
_06656_, 124.24, 410.72, 1.79415
_08137_, 124.24, 410.72, 1.79415
ANTENNA__08137__A2, 124.24, 410.72, 1.79415
ANTENNA__08625__S, 124.24, 410.72, 1.79415
ANTENNA__08625__A0, 124.24, 410.72, 1.79415
ANTENNA__13073__RESET_B, 124.24, 410.72, 1.79415
FILLER_0_146_253, 124.24, 410.72, 1.79415
FILLER_0_147_245, 124.24, 410.72, 1.79415
FILLER_0_147_254, 124.24, 410.72, 1.79415
FILLER_0_147_259, 124.24, 410.72, 1.79415
_09975_, 137.04, 410.72, 1.79413
_13759_, 137.04, 410.72, 1.79413
ANTENNA__09975__A1, 137.04, 410.72, 1.79413
ANTENNA__09981__S, 137.04, 410.72, 1.79413
FILLER_0_147_277, 137.04, 410.72, 1.79413
FILLER_0_147_281, 137.04, 410.72, 1.79413
FILLER_0_147_289, 137.04, 410.72, 1.79413
FILLER_0_147_294, 137.04, 410.72, 1.79413
_09974_, 149.84, 410.72, 1.79411
_13147_, 149.84, 410.72, 1.79411
_13758_, 149.84, 410.72, 1.79411
ANTENNA__08184__A2, 149.84, 410.72, 1.79411
ANTENNA__08631__S, 149.84, 410.72, 1.79411
ANTENNA__08631__A0, 149.84, 410.72, 1.79411
ANTENNA__09977__S, 149.84, 410.72, 1.79411
ANTENNA__13074__RESET_B, 149.84, 410.72, 1.79411
ANTENNA__08184__A1, 149.84, 410.72, 1.79411
ANTENNA__13074__CLK, 149.84, 410.72, 1.79411
FILLER_0_147_326, 149.84, 410.72, 1.79411
_10691_, 162.64, 410.72, 1.79411
_10693_, 162.64, 410.72, 1.79411
_10694_, 162.64, 410.72, 1.79411
_10695_, 162.64, 410.72, 1.79411
_10696_, 162.64, 410.72, 1.79411
ANTENNA__09979__A1, 162.64, 410.72, 1.79411
ANTENNA__08622__A0, 162.64, 410.72, 1.79411
ANTENNA__09979__S, 162.64, 410.72, 1.79411
ANTENNA__10693__A1, 162.64, 410.72, 1.79411
ANTENNA__10695__A1, 162.64, 410.72, 1.79411
FILLER_0_146_333, 162.64, 410.72, 1.79411
FILLER_0_147_337, 162.64, 410.72, 1.79411
_10492_, 188.24, 410.72, 1.79405
ANTENNA__10759__A1, 188.24, 410.72, 1.79405
_10490_, 201.04, 410.72, 1.794
_10761_, 201.04, 410.72, 1.794
_13663_, 201.04, 410.72, 1.794
ANTENNA__09971__A1, 201.04, 410.72, 1.794
ANTENNA__09971__S, 201.04, 410.72, 1.794
ANTENNA__10761__A1, 201.04, 410.72, 1.794
FILLER_0_146_415, 201.04, 410.72, 1.794
FILLER_0_147_421, 201.04, 410.72, 1.794
FILLER_0_147_429, 201.04, 410.72, 1.794
FILLER_0_148_434, 201.04, 410.72, 1.794
_08220_, 213.84, 410.72, 1.79395
_09259_, 213.84, 410.72, 1.79395
_09261_, 213.84, 410.72, 1.79395
_09776_, 213.84, 410.72, 1.79395
_09777_, 213.84, 410.72, 1.79395
ANTENNA__08220__B, 213.84, 410.72, 1.79395
ANTENNA__09261__A0, 213.84, 410.72, 1.79395
ANTENNA__09776__A0, 213.84, 410.72, 1.79395
FILLER_0_146_444, 213.84, 410.72, 1.79395
FILLER_0_147_458, 213.84, 410.72, 1.79395
_09353_, 226.64, 410.72, 1.79391
_09354_, 226.64, 410.72, 1.79391
_09356_, 226.64, 410.72, 1.79391
_09357_, 226.64, 410.72, 1.79391
ANTENNA__08220__C, 226.64, 410.72, 1.79391
ANTENNA__09263__A0, 226.64, 410.72, 1.79391
ANTENNA__09356__S, 226.64, 410.72, 1.79391
ANTENNA__09353__S, 226.64, 410.72, 1.79391
ANTENNA__09356__A0, 226.64, 410.72, 1.79391
FILLER_0_147_471, 226.64, 410.72, 1.79391
FILLER_0_147_492, 226.64, 410.72, 1.79391
_08218_, 239.44, 410.72, 1.79387
_10901_, 239.44, 410.72, 1.79387
_14176_, 239.44, 410.72, 1.79387
clkbuf_leaf_49_wclk, 239.44, 410.72, 1.79387
ANTENNA__08266__B, 239.44, 410.72, 1.79387
ANTENNA__08218__C, 239.44, 410.72, 1.79387
FILLER_0_147_499, 239.44, 410.72, 1.79387
_10557_, 252.24, 410.72, 1.79385
_10558_, 252.24, 410.72, 1.79385
_10559_, 252.24, 410.72, 1.79385
_14015_, 252.24, 410.72, 1.79385
_14016_, 252.24, 410.72, 1.79385
ANTENNA__10557__A1, 252.24, 410.72, 1.79385
_08167_, 265.04, 410.72, 1.79385
_08168_, 265.04, 410.72, 1.79385
_08261_, 265.04, 410.72, 1.79385
ANTENNA__08261__C, 265.04, 410.72, 1.79385
ANTENNA__08167__C, 265.04, 410.72, 1.79385
FILLER_0_146_563, 265.04, 410.72, 1.79385
FILLER_0_147_575, 265.04, 410.72, 1.79385
_08214_, 277.84, 410.72, 1.79385
_09431_, 277.84, 410.72, 1.79385
_09842_, 277.84, 410.72, 1.79385
ANTENNA__08169__C, 277.84, 410.72, 1.79385
ANTENNA__08169__B, 277.84, 410.72, 1.79385
ANTENNA__09842__A0, 277.84, 410.72, 1.79385
ANTENNA__09842__S, 277.84, 410.72, 1.79385
FILLER_0_146_589, 277.84, 410.72, 1.79385
_06688_, 290.64, 410.72, 1.79385
_07472_, 290.64, 410.72, 1.79385
_07620_, 290.64, 410.72, 1.79385
_07624_, 290.64, 410.72, 1.79385
_07669_, 290.64, 410.72, 1.79385
_08213_, 290.64, 410.72, 1.79385
_08835_, 290.64, 410.72, 1.79385
ANTENNA__08214__C, 290.64, 410.72, 1.79385
ANTENNA__09431__A0, 290.64, 410.72, 1.79385
FILLER_0_147_622, 290.64, 410.72, 1.79385
FILLER_0_147_633, 290.64, 410.72, 1.79385
_06917_, 303.44, 410.72, 1.79387
_07568_, 303.44, 410.72, 1.79387
_10680_, 303.44, 410.72, 1.79387
_14073_, 303.44, 410.72, 1.79387
ANTENNA__06688__A, 303.44, 410.72, 1.79387
ANTENNA__07378__B1, 303.44, 410.72, 1.79387
ANTENNA__10662__S, 303.44, 410.72, 1.79387
_09337_, 316.24, 410.72, 1.79392
_10887_, 316.24, 410.72, 1.79392
_10888_, 316.24, 410.72, 1.79392
ANTENNA__07767__A, 316.24, 410.72, 1.79392
ANTENNA__07568__A, 316.24, 410.72, 1.79392
ANTENNA__07375__B1, 316.24, 410.72, 1.79392
ANTENNA__10730__A1, 316.24, 410.72, 1.79392
ANTENNA__10680__A1, 316.24, 410.72, 1.79392
ANTENNA__10680__S, 316.24, 410.72, 1.79392
ANTENNA__10730__S, 316.24, 410.72, 1.79392
_08832_, 341.84, 410.72, 1.79394
_09822_, 341.84, 410.72, 1.79394
_13684_, 341.84, 410.72, 1.79394
ANTENNA__08832__S, 341.84, 410.72, 1.79394
ANTENNA__09829__A0, 341.84, 410.72, 1.79394
ANTENNA_clkbuf_leaf_75_wclk_A, 341.84, 410.72, 1.79394
FILLER_0_146_719, 341.84, 410.72, 1.79394
FILLER_0_146_731, 341.84, 410.72, 1.79394
FILLER_0_147_725, 341.84, 410.72, 1.79394
FILLER_0_147_738, 341.84, 410.72, 1.79394
_07616_, 354.64, 410.72, 1.79391
_07618_, 354.64, 410.72, 1.79391
_07621_, 354.64, 410.72, 1.79391
_09407_, 354.64, 410.72, 1.79391
ANTENNA__09406__A0, 354.64, 410.72, 1.79391
FILLER_0_147_760, 354.64, 410.72, 1.79391
_07622_, 367.44, 410.72, 1.79388
_08824_, 367.44, 410.72, 1.79388
_09239_, 367.44, 410.72, 1.79388
_10535_, 367.44, 410.72, 1.79388
_13236_, 367.44, 410.72, 1.79388
ANTENNA__07569__B, 367.44, 410.72, 1.79388
ANTENNA__07618__B, 367.44, 410.72, 1.79388
ANTENNA__07569__C, 367.44, 410.72, 1.79388
ANTENNA__10532__S, 367.44, 410.72, 1.79388
FILLER_0_146_780, 367.44, 410.72, 1.79388
_07625_, 380.24, 410.72, 1.79386
_09754_, 380.24, 410.72, 1.79386
_13652_, 380.24, 410.72, 1.79386
clkbuf_leaf_80_wclk, 380.24, 410.72, 1.79386
ANTENNA__07625__B, 380.24, 410.72, 1.79386
ANTENNA__09753__A0, 380.24, 410.72, 1.79386
ANTENNA__09753__S, 380.24, 410.72, 1.79386
FILLER_0_146_813, 380.24, 410.72, 1.79386
_07627_, 393.04, 410.72, 1.79387
_09322_, 393.04, 410.72, 1.79387
_13460_, 393.04, 410.72, 1.79387
ANTENNA__07574__C, 393.04, 410.72, 1.79387
ANTENNA__07627__A2, 393.04, 410.72, 1.79387
ANTENNA__07577__A2, 393.04, 410.72, 1.79387
ANTENNA__10875__A1, 393.04, 410.72, 1.79387
FILLER_0_146_832, 393.04, 410.72, 1.79387
_09967_, 405.84, 410.72, 1.79389
_10739_, 405.84, 410.72, 1.79389
ANTENNA__09966__A1, 405.84, 410.72, 1.79389
ANTENNA__09322__A0, 405.84, 410.72, 1.79389
ANTENNA__09966__S, 405.84, 410.72, 1.79389
ANTENNA__10464__S, 405.84, 410.72, 1.79389
ANTENNA__10736__S, 405.84, 410.72, 1.79389
FILLER_0_146_863, 405.84, 410.72, 1.79389
FILLER_0_147_859, 405.84, 410.72, 1.79389
FILLER_0_147_869, 405.84, 410.72, 1.79389
FILLER_0_147_874, 405.84, 410.72, 1.79389
_07628_, 418.64, 410.72, 1.79391
_08599_, 418.64, 410.72, 1.79391
_09959_, 418.64, 410.72, 1.79391
_13748_, 418.64, 410.72, 1.79391
_14068_, 418.64, 410.72, 1.79391
ANTENNA__07566__A2, 418.64, 410.72, 1.79391
ANTENNA__07566__B1, 418.64, 410.72, 1.79391
ANTENNA__08599__A, 418.64, 410.72, 1.79391
FILLER_0_146_890, 418.64, 410.72, 1.79391
_09957_, 431.44, 410.72, 1.79394
_10669_, 431.44, 410.72, 1.79394
clkbuf_leaf_83_wclk, 431.44, 410.72, 1.79394
ANTENNA__09958__A1, 431.44, 410.72, 1.79394
ANTENNA__07520__B1, 431.44, 410.72, 1.79394
ANTENNA__10668__S, 431.44, 410.72, 1.79394
_14706_, 444.24, 410.72, 1.79399
ANTENNA__10668__A1, 444.24, 410.72, 1.79399
ANTENNA__12097__S, 444.24, 410.72, 1.79399
FILLER_0_147_957, 444.24, 410.72, 1.79399
_12097_, 457.04, 410.72, 1.79405
_12102_, 457.04, 410.72, 1.79405
_14710_, 457.04, 410.72, 1.79405
ANTENNA__12097__A0, 457.04, 410.72, 1.79405
ANTENNA__07590__A2, 457.04, 410.72, 1.79405
ANTENNA__07590__B1, 457.04, 410.72, 1.79405
FILLER_0_146_968, 457.04, 410.72, 1.79405
FILLER_0_147_973, 457.04, 410.72, 1.79405
FILLER_0_147_981, 457.04, 410.72, 1.79405
FILLER_0_147_989, 457.04, 410.72, 1.79405
_07590_, 469.84, 410.72, 1.79411
_09038_, 469.84, 410.72, 1.79411
_12103_, 469.84, 410.72, 1.79411
ANTENNA__12101__A0, 469.84, 410.72, 1.79411
ANTENNA__12103__A0, 469.84, 410.72, 1.79411
ANTENNA__09037__S, 469.84, 410.72, 1.79411
ANTENNA__12103__S, 469.84, 410.72, 1.79411
ANTENNA__12101__S, 469.84, 410.72, 1.79411
ANTENNA__12099__S, 469.84, 410.72, 1.79411
FILLER_0_147_1013, 469.84, 410.72, 1.79411
PHY_288, 5.52, 405.28, 1.79438
PHY_290, 5.52, 405.28, 1.79438
input4, 5.52, 405.28, 1.79438
PHY_289, 494.04, 405.28, 1.79418
PHY_291, 494.04, 405.28, 1.79418
FILLER_0_144_1053, 494.04, 405.28, 1.79418
FILLER_0_146_24, 13.68, 405.28, 1.79439
FILLER_0_145_51, 34.64, 405.28, 1.79435
FILLER_0_146_77, 34.64, 405.28, 1.79435
FILLER_0_145_105, 47.44, 405.28, 1.79432
FILLER_0_144_133, 73.04, 405.28, 1.79425
FILLER_0_145_161, 85.84, 405.28, 1.79422
FILLER_0_144_189, 98.64, 405.28, 1.79418
_08136_, 111.44, 405.28, 1.79415
_08625_, 111.44, 405.28, 1.79415
_08629_, 111.44, 405.28, 1.79415
ANTENNA__08136__B1, 111.44, 405.28, 1.79415
ANTENNA__08136__A2, 111.44, 405.28, 1.79415
ANTENNA_clkbuf_leaf_40_wclk_A, 111.44, 405.28, 1.79415
FILLER_0_144_221, 111.44, 405.28, 1.79415
FILLER_0_145_217, 111.44, 405.28, 1.79415
FILLER_0_145_225, 111.44, 405.28, 1.79415
FILLER_0_146_233, 111.44, 405.28, 1.79415
_08089_, 124.24, 405.28, 1.79412
clkbuf_leaf_40_wclk, 124.24, 405.28, 1.79412
ANTENNA__08089__B1, 124.24, 405.28, 1.79412
ANTENNA__08089__A2, 124.24, 405.28, 1.79412
ANTENNA__08137__A1, 124.24, 405.28, 1.79412
FILLER_0_146_271, 124.24, 405.28, 1.79412
_08631_, 137.04, 405.28, 1.7941
_09981_, 137.04, 405.28, 1.7941
_09982_, 137.04, 405.28, 1.7941
_09984_, 137.04, 405.28, 1.7941
_13150_, 137.04, 405.28, 1.7941
ANTENNA__09981__A1, 137.04, 405.28, 1.7941
ANTENNA__13073__CLK, 137.04, 405.28, 1.7941
_08183_, 149.84, 405.28, 1.79409
_08184_, 149.84, 405.28, 1.79409
_08632_, 149.84, 405.28, 1.79409
_13074_, 149.84, 405.28, 1.79409
_14079_, 162.64, 405.28, 1.79409
_14080_, 162.64, 405.28, 1.79409
ANTENNA__08622__S, 162.64, 405.28, 1.79409
_08258_, 188.24, 405.28, 1.79404
_08269_, 188.24, 405.28, 1.79404
_10491_, 188.24, 405.28, 1.79404
_13983_, 188.24, 405.28, 1.79404
ANTENNA__10491__A1, 188.24, 405.28, 1.79404
FILLER_0_144_388, 188.24, 405.28, 1.79404
_08211_, 201.04, 405.28, 1.79399
_10489_, 201.04, 405.28, 1.79399
_14111_, 201.04, 405.28, 1.79399
FILLER_0_146_430, 201.04, 405.28, 1.79399
_09262_, 213.84, 405.28, 1.79395
_13439_, 213.84, 405.28, 1.79395
_13471_, 213.84, 405.28, 1.79395
_13664_, 213.84, 405.28, 1.79395
FILLER_0_145_441, 213.84, 405.28, 1.79395
_08219_, 226.64, 405.28, 1.79392
_08221_, 226.64, 405.28, 1.79392
_08266_, 226.64, 405.28, 1.79392
_08267_, 226.64, 405.28, 1.79392
_09263_, 226.64, 405.28, 1.79392
_09360_, 226.64, 405.28, 1.79392
_13440_, 226.64, 405.28, 1.79392
ANTENNA__08219__B, 226.64, 405.28, 1.79392
ANTENNA__08218__B, 226.64, 405.28, 1.79392
FILLER_0_146_490, 226.64, 405.28, 1.79392
_08265_, 239.44, 405.28, 1.7939
_10900_, 239.44, 405.28, 1.7939
_10903_, 239.44, 405.28, 1.7939
_14175_, 239.44, 405.28, 1.7939
FILLER_0_144_503, 239.44, 405.28, 1.7939
_10560_, 252.24, 405.28, 1.79388
_13248_, 252.24, 405.28, 1.79388
ANTENNA__08849__A0, 252.24, 405.28, 1.79388
ANTENNA__10559__A1, 252.24, 405.28, 1.79388
FILLER_0_144_523, 252.24, 405.28, 1.79388
FILLER_0_144_533, 252.24, 405.28, 1.79388
FILLER_0_145_529, 252.24, 405.28, 1.79388
FILLER_0_146_549, 252.24, 405.28, 1.79388
_08260_, 265.04, 405.28, 1.79387
_08262_, 265.04, 405.28, 1.79387
_08264_, 265.04, 405.28, 1.79387
_08850_, 265.04, 405.28, 1.79387
_09433_, 265.04, 405.28, 1.79387
_09846_, 265.04, 405.28, 1.79387
_09847_, 265.04, 405.28, 1.79387
ANTENNA__09846__A0, 265.04, 405.28, 1.79387
ANTENNA__09433__A0, 265.04, 405.28, 1.79387
_08216_, 277.84, 405.28, 1.79387
_08217_, 277.84, 405.28, 1.79387
_08263_, 277.84, 405.28, 1.79387
_08848_, 277.84, 405.28, 1.79387
_09844_, 277.84, 405.28, 1.79387
_09845_, 277.84, 405.28, 1.79387
_13247_, 277.84, 405.28, 1.79387
ANTENNA__08263__C, 277.84, 405.28, 1.79387
ANTENNA__08260__C, 277.84, 405.28, 1.79387
ANTENNA__09844__A0, 277.84, 405.28, 1.79387
ANTENNA__09844__S, 277.84, 405.28, 1.79387
FILLER_0_145_593, 277.84, 405.28, 1.79387
_06806_, 290.64, 405.28, 1.79388
_07766_, 290.64, 405.28, 1.79388
_08215_, 290.64, 405.28, 1.79388
_13695_, 290.64, 405.28, 1.79388
ANTENNA__08216__C, 290.64, 405.28, 1.79388
ANTENNA__07766__A, 290.64, 405.28, 1.79388
ANTENNA__06806__A, 290.64, 405.28, 1.79388
FILLER_0_145_621, 290.64, 405.28, 1.79388
FILLER_0_146_625, 290.64, 405.28, 1.79388
_07118_, 303.44, 405.28, 1.79391
_10459_, 303.44, 405.28, 1.79391
_10731_, 303.44, 405.28, 1.79391
ANTENNA__09950__A1, 303.44, 405.28, 1.79391
ANTENNA__07379__A, 303.44, 405.28, 1.79391
ANTENNA__09813__A0, 303.44, 405.28, 1.79391
ANTENNA__09813__S, 303.44, 405.28, 1.79391
ANTENNA__09950__S, 303.44, 405.28, 1.79391
ANTENNA_clkbuf_leaf_70_wclk_A, 303.44, 405.28, 1.79391
FILLER_0_146_657, 303.44, 405.28, 1.79391
_07767_, 316.24, 405.28, 1.79395
_10870_, 316.24, 405.28, 1.79395
_13648_, 316.24, 405.28, 1.79395
ANTENNA__07069__A, 316.24, 405.28, 1.79395
ANTENNA__07073__A, 316.24, 405.28, 1.79395
ANTENNA__07066__A, 316.24, 405.28, 1.79395
ANTENNA__07375__A2, 316.24, 405.28, 1.79395
ANTENNA__07378__A2, 316.24, 405.28, 1.79395
ANTENNA__10457__A, 316.24, 405.28, 1.79395
FILLER_0_145_686, 316.24, 405.28, 1.79395
FILLER_0_146_677, 316.24, 405.28, 1.79395
FILLER_0_146_686, 316.24, 405.28, 1.79395
_13234_, 341.84, 405.28, 1.79396
_13491_, 341.84, 405.28, 1.79396
ANTENNA__07522__C, 341.84, 405.28, 1.79396
ANTENNA__07524__C, 341.84, 405.28, 1.79396
ANTENNA__07389__C, 341.84, 405.28, 1.79396
ANTENNA__07522__B, 341.84, 405.28, 1.79396
ANTENNA__08820__S, 341.84, 405.28, 1.79396
ANTENNA__09310__S, 341.84, 405.28, 1.79396
ANTENNA__10530__A1, 341.84, 405.28, 1.79396
ANTENNA__10530__S, 341.84, 405.28, 1.79396
ANTENNA__08593__A, 341.84, 405.28, 1.79396
FILLER_0_145_721, 341.84, 405.28, 1.79396
_07569_, 354.64, 405.28, 1.79394
_09406_, 354.64, 405.28, 1.79394
clkbuf_leaf_75_wclk, 354.64, 405.28, 1.79394
ANTENNA__07523__C, 354.64, 405.28, 1.79394
ANTENNA__07523__B, 354.64, 405.28, 1.79394
ANTENNA__09819__A0, 354.64, 405.28, 1.79394
ANTENNA__09406__S, 354.64, 405.28, 1.79394
FILLER_0_146_760, 354.64, 405.28, 1.79394
_07570_, 367.44, 405.28, 1.79393
_08822_, 367.44, 405.28, 1.79393
ANTENNA__07570__B, 367.44, 405.28, 1.79393
ANTENNA__07571__B, 367.44, 405.28, 1.79393
ANTENNA__08820__A0, 367.44, 405.28, 1.79393
ANTENNA__08824__A0, 367.44, 405.28, 1.79393
ANTENNA__08824__S, 367.44, 405.28, 1.79393
ANTENNA__08822__S, 367.44, 405.28, 1.79393
ANTENNA__10532__A1, 367.44, 405.28, 1.79393
ANTENNA__10528__S, 367.44, 405.28, 1.79393
FILLER_0_145_797, 367.44, 405.28, 1.79393
_06622_, 380.24, 405.28, 1.79392
_09752_, 380.24, 405.28, 1.79392
_10876_, 380.24, 405.28, 1.79392
_13651_, 380.24, 405.28, 1.79392
ANTENNA__07574__B, 380.24, 405.28, 1.79392
ANTENNA__07576__B, 380.24, 405.28, 1.79392
ANTENNA__07576__C, 380.24, 405.28, 1.79392
ANTENNA__07625__C, 380.24, 405.28, 1.79392
ANTENNA__08822__A0, 380.24, 405.28, 1.79392
ANTENNA__09751__A0, 380.24, 405.28, 1.79392
ANTENNA__10875__S, 380.24, 405.28, 1.79392
ANTENNA__06622__A, 380.24, 405.28, 1.79392
FILLER_0_145_806, 380.24, 405.28, 1.79392
FILLER_0_146_823, 380.24, 405.28, 1.79392
_07574_, 393.04, 405.28, 1.79393
_09319_, 393.04, 405.28, 1.79393
_14163_, 393.04, 405.28, 1.79393
ANTENNA__07575__C, 393.04, 405.28, 1.79393
ANTENNA__09322__S, 393.04, 405.28, 1.79393
ANTENNA__09319__S, 393.04, 405.28, 1.79393
ANTENNA__09319__A0, 393.04, 405.28, 1.79393
FILLER_0_145_854, 393.04, 405.28, 1.79393
_07566_, 405.84, 405.28, 1.79394
_10463_, 405.84, 405.28, 1.79394
_10464_, 405.84, 405.28, 1.79394
_10736_, 405.84, 405.28, 1.79394
_10737_, 405.84, 405.28, 1.79394
_14099_, 405.84, 405.28, 1.79394
ANTENNA__10462__A1, 405.84, 405.28, 1.79394
ANTENNA__10462__S, 405.84, 405.28, 1.79394
FILLER_0_144_869, 405.84, 405.28, 1.79394
FILLER_0_145_862, 405.84, 405.28, 1.79394
_07578_, 418.64, 405.28, 1.79395
_09958_, 418.64, 405.28, 1.79395
_10244_, 418.64, 405.28, 1.79395
_10465_, 418.64, 405.28, 1.79395
ANTENNA__07469__A2, 418.64, 405.28, 1.79395
ANTENNA__07469__B1, 418.64, 405.28, 1.79395
ANTENNA__10666__A1, 418.64, 405.28, 1.79395
ANTENNA__10736__A1, 418.64, 405.28, 1.79395
ANTENNA__10464__A1, 418.64, 405.28, 1.79395
FILLER_0_144_898, 418.64, 405.28, 1.79395
FILLER_0_146_907, 418.64, 405.28, 1.79395
_07520_, 431.44, 405.28, 1.79398
_07567_, 431.44, 405.28, 1.79398
_10668_, 431.44, 405.28, 1.79398
_13747_, 431.44, 405.28, 1.79398
_14067_, 431.44, 405.28, 1.79398
ANTENNA__09954__A1, 431.44, 405.28, 1.79398
ANTENNA__10666__S, 431.44, 405.28, 1.79398
ANTENNA__10244__A, 431.44, 405.28, 1.79398
FILLER_0_145_919, 431.44, 405.28, 1.79398
_12094_, 444.24, 405.28, 1.79401
_12098_, 444.24, 405.28, 1.79401
_13330_, 444.24, 405.28, 1.79401
_13332_, 444.24, 405.28, 1.79401
ANTENNA__09956__A1, 444.24, 405.28, 1.79401
ANTENNA__07567__B1, 444.24, 405.28, 1.79401
FILLER_0_145_949, 444.24, 405.28, 1.79401
FILLER_0_145_961, 444.24, 405.28, 1.79401
_09031_, 457.04, 405.28, 1.79406
_09032_, 457.04, 405.28, 1.79406
_13334_, 457.04, 405.28, 1.79406
_14708_, 457.04, 405.28, 1.79406
_09037_, 469.84, 405.28, 1.79411
_12099_, 469.84, 405.28, 1.79411
_12101_, 469.84, 405.28, 1.79411
_14709_, 469.84, 405.28, 1.79411
_14711_, 469.84, 405.28, 1.79411
PHY_284, 5.52, 399.84, 1.7944
PHY_286, 5.52, 399.84, 1.7944
PHY_285, 494.04, 399.84, 1.7942
PHY_287, 494.04, 399.84, 1.7942
FILLER_0_143_1050, 494.04, 399.84, 1.7942
FILLER_0_143_51, 34.64, 399.84, 1.79436
FILLER_0_144_77, 34.64, 399.84, 1.79436
FILLER_0_143_105, 47.44, 399.84, 1.79431
FILLER_0_142_133, 73.04, 399.84, 1.79423
FILLER_0_143_161, 85.84, 399.84, 1.79418
FILLER_0_142_189, 98.64, 399.84, 1.79414
_08626_, 111.44, 399.84, 1.79409
_13077_, 111.44, 399.84, 1.79409
_13148_, 111.44, 399.84, 1.79409
_13149_, 111.44, 399.84, 1.79409
ANTENNA__13077__CLK, 111.44, 399.84, 1.79409
FILLER_0_143_217, 111.44, 399.84, 1.79409
FILLER_0_143_225, 111.44, 399.84, 1.79409
_08090_, 124.24, 399.84, 1.79407
_08628_, 124.24, 399.84, 1.79407
_13072_, 124.24, 399.84, 1.79407
_13073_, 124.24, 399.84, 1.79407
ANTENNA__08325__A2, 124.24, 399.84, 1.79407
_09983_, 137.04, 399.84, 1.79407
_13760_, 137.04, 399.84, 1.79407
ANTENNA__09983__A1, 137.04, 399.84, 1.79407
ANTENNA__10349__S, 137.04, 399.84, 1.79407
ANTENNA__13072__CLK, 137.04, 399.84, 1.79407
FILLER_0_142_272, 137.04, 399.84, 1.79407
_08041_, 149.84, 399.84, 1.79408
_08042_, 149.84, 399.84, 1.79408
_08622_, 149.84, 399.84, 1.79408
_08623_, 149.84, 399.84, 1.79408
_13071_, 149.84, 399.84, 1.79408
ANTENNA__08183__B1, 149.84, 399.84, 1.79408
ANTENNA__08041__B1, 149.84, 399.84, 1.79408
ANTENNA__08183__A2, 149.84, 399.84, 1.79408
ANTENNA__08041__A2, 149.84, 399.84, 1.79408
ANTENNA__09983__S, 149.84, 399.84, 1.79408
ANTENNA__13071__CLK, 149.84, 399.84, 1.79408
FILLER_0_142_309, 149.84, 399.84, 1.79408
FILLER_0_143_302, 149.84, 399.84, 1.79408
_08212_, 162.64, 399.84, 1.7941
_10697_, 162.64, 399.84, 1.7941
ANTENNA__08372__A2, 162.64, 399.84, 1.7941
ANTENNA__08042__A2, 162.64, 399.84, 1.7941
ANTENNA__10697__A1, 162.64, 399.84, 1.7941
ANTENNA__13071__RESET_B, 162.64, 399.84, 1.7941
ANTENNA__08042__A1, 162.64, 399.84, 1.7941
ANTENNA__08372__A1, 162.64, 399.84, 1.7941
FILLER_0_142_337, 162.64, 399.84, 1.7941
FILLER_0_143_333, 162.64, 399.84, 1.7941
FILLER_0_143_345, 162.64, 399.84, 1.7941
_10493_, 188.24, 399.84, 1.79407
_10762_, 188.24, 399.84, 1.79407
ANTENNA__10493__A1, 188.24, 399.84, 1.79407
ANTENNA_clkbuf_leaf_44_wclk_A, 188.24, 399.84, 1.79407
FILLER_0_144_400, 188.24, 399.84, 1.79407
_08222_, 201.04, 399.84, 1.79403
ANTENNA__08222__C, 201.04, 399.84, 1.79403
ANTENNA__10489__A1, 201.04, 399.84, 1.79403
FILLER_0_142_417, 201.04, 399.84, 1.79403
FILLER_0_142_421, 201.04, 399.84, 1.79403
FILLER_0_143_413, 201.04, 399.84, 1.79403
FILLER_0_144_434, 201.04, 399.84, 1.79403
_07925_, 213.84, 399.84, 1.79399
_09778_, 213.84, 399.84, 1.79399
_09779_, 213.84, 399.84, 1.79399
_10750_, 213.84, 399.84, 1.79399
ANTENNA__07925__A, 213.84, 399.84, 1.79399
ANTENNA__09778__A0, 213.84, 399.84, 1.79399
ANTENNA__09778__S, 213.84, 399.84, 1.79399
ANTENNA__10750__A, 213.84, 399.84, 1.79399
FILLER_0_143_461, 213.84, 399.84, 1.79399
FILLER_0_144_464, 213.84, 399.84, 1.79399
_09264_, 226.64, 399.84, 1.79396
_09359_, 226.64, 399.84, 1.79396
_13472_, 226.64, 399.84, 1.79396
ANTENNA__08314__B, 226.64, 399.84, 1.79396
ANTENNA__08267__B, 226.64, 399.84, 1.79396
ANTENNA__08314__C, 226.64, 399.84, 1.79396
ANTENNA__08267__C, 226.64, 399.84, 1.79396
ANTENNA_clkbuf_leaf_50_wclk_A, 226.64, 399.84, 1.79396
_10904_, 239.44, 399.84, 1.79393
ANTENNA__08265__B, 239.44, 399.84, 1.79393
ANTENNA__08265__C, 239.44, 399.84, 1.79393
ANTENNA__09359__S, 239.44, 399.84, 1.79393
ANTENNA__09359__A0, 239.44, 399.84, 1.79393
ANTENNA__10900__A1, 239.44, 399.84, 1.79393
ANTENNA__10904__A1, 239.44, 399.84, 1.79393
ANTENNA__10561__A1, 239.44, 399.84, 1.79393
FILLER_0_143_497, 239.44, 399.84, 1.79393
FILLER_0_143_513, 239.44, 399.84, 1.79393
_08849_, 252.24, 399.84, 1.7939
_10561_, 252.24, 399.84, 1.7939
_14017_, 252.24, 399.84, 1.7939
FILLER_0_144_547, 252.24, 399.84, 1.7939
_13504_, 265.04, 399.84, 1.79388
_13696_, 265.04, 399.84, 1.79388
ANTENNA__08308__C, 265.04, 399.84, 1.79388
ANTENNA__09435__A0, 265.04, 399.84, 1.79388
FILLER_0_142_557, 265.04, 399.84, 1.79388
FILLER_0_142_563, 265.04, 399.84, 1.79388
_08847_, 277.84, 399.84, 1.79387
ANTENNA__08263__B, 277.84, 399.84, 1.79387
ANTENNA__08216__B, 277.84, 399.84, 1.79387
ANTENNA__08847__A0, 277.84, 399.84, 1.79387
ANTENNA__10565__A1, 277.84, 399.84, 1.79387
FILLER_0_142_583, 277.84, 399.84, 1.79387
FILLER_0_143_579, 277.84, 399.84, 1.79387
FILLER_0_143_605, 277.84, 399.84, 1.79387
_06760_, 290.64, 399.84, 1.79386
_09951_, 290.64, 399.84, 1.79386
_10663_, 290.64, 399.84, 1.79386
_13744_, 290.64, 399.84, 1.79386
_14064_, 290.64, 399.84, 1.79386
clkbuf_leaf_70_wclk, 290.64, 399.84, 1.79386
ANTENNA__07821__A, 290.64, 399.84, 1.79386
ANTENNA__08402__C, 290.64, 399.84, 1.79386
FILLER_0_143_613, 290.64, 399.84, 1.79386
_07378_, 303.44, 399.84, 1.79389
_09950_, 303.44, 399.84, 1.79389
_10662_, 303.44, 399.84, 1.79389
_13968_, 303.44, 399.84, 1.79389
_14096_, 303.44, 399.84, 1.79389
ANTENNA__06725__A, 303.44, 399.84, 1.79389
FILLER_0_144_649, 303.44, 399.84, 1.79389
_07073_, 316.24, 399.84, 1.79393
_07375_, 316.24, 399.84, 1.79393
_10458_, 316.24, 399.84, 1.79393
_14160_, 316.24, 399.84, 1.79393
ANTENNA__10662__A1, 316.24, 399.84, 1.79393
FILLER_0_143_680, 316.24, 399.84, 1.79393
_07523_, 341.84, 399.84, 1.79395
_08820_, 341.84, 399.84, 1.79395
_08821_, 341.84, 399.84, 1.79395
_10530_, 341.84, 399.84, 1.79395
_10531_, 341.84, 399.84, 1.79395
_14002_, 341.84, 399.84, 1.79395
ANTENNA__07524__B, 341.84, 399.84, 1.79395
_09819_, 354.64, 399.84, 1.79392
_09820_, 354.64, 399.84, 1.79392
_10528_, 354.64, 399.84, 1.79392
_10529_, 354.64, 399.84, 1.79392
_10533_, 354.64, 399.84, 1.79392
_14001_, 354.64, 399.84, 1.79392
_14003_, 354.64, 399.84, 1.79392
ANTENNA__09819__S, 354.64, 399.84, 1.79392
FILLER_0_143_764, 354.64, 399.84, 1.79392
_07573_, 367.44, 399.84, 1.7939
_10532_, 367.44, 399.84, 1.7939
_13235_, 367.44, 399.84, 1.7939
ANTENNA__07570__C, 367.44, 399.84, 1.7939
ANTENNA__10528__A1, 367.44, 399.84, 1.7939
FILLER_0_142_773, 367.44, 399.84, 1.7939
_07576_, 380.24, 399.84, 1.79389
_09237_, 380.24, 399.84, 1.79389
_09751_, 380.24, 399.84, 1.79389
_10238_, 380.24, 399.84, 1.79389
_10875_, 380.24, 399.84, 1.79389
_13427_, 380.24, 399.84, 1.79389
ANTENNA__07571__C, 380.24, 399.84, 1.79389
ANTENNA__09751__S, 380.24, 399.84, 1.79389
ANTENNA__10238__A, 380.24, 399.84, 1.79389
_07575_, 393.04, 399.84, 1.79389
_07577_, 393.04, 399.84, 1.79389
_09320_, 393.04, 399.84, 1.79389
_13459_, 393.04, 399.84, 1.79389
_13970_, 393.04, 399.84, 1.79389
ANTENNA__07480__B, 393.04, 399.84, 1.79389
ANTENNA__07481__A2, 393.04, 399.84, 1.79389
FILLER_0_142_842, 393.04, 399.84, 1.79389
_07469_, 405.84, 399.84, 1.7939
_10462_, 405.84, 399.84, 1.7939
_13971_, 405.84, 399.84, 1.7939
ANTENNA__07478__C, 405.84, 399.84, 1.7939
ANTENNA__10734__S, 405.84, 399.84, 1.7939
_09955_, 418.64, 399.84, 1.79392
_10666_, 418.64, 399.84, 1.79392
_10667_, 418.64, 399.84, 1.79392
_14066_, 418.64, 399.84, 1.79392
clkbuf_leaf_79_wclk, 418.64, 399.84, 1.79392
ANTENNA__10732__S, 418.64, 399.84, 1.79392
FILLER_0_143_893, 418.64, 399.84, 1.79392
_09028_, 431.44, 399.84, 1.79396
_09954_, 431.44, 399.84, 1.79396
_09956_, 431.44, 399.84, 1.79396
_10664_, 431.44, 399.84, 1.79396
ANTENNA__09956__S, 431.44, 399.84, 1.79396
ANTENNA__09954__S, 431.44, 399.84, 1.79396
ANTENNA__10664__A1, 431.44, 399.84, 1.79396
FILLER_0_142_921, 431.44, 399.84, 1.79396
FILLER_0_143_937, 431.44, 399.84, 1.79396
FILLER_0_144_936, 431.44, 399.84, 1.79396
_07494_, 444.24, 399.84, 1.79401
_09027_, 444.24, 399.84, 1.79401
_12093_, 444.24, 399.84, 1.79401
ANTENNA__07494__A2, 444.24, 399.84, 1.79401
ANTENNA__07494__B1, 444.24, 399.84, 1.79401
ANTENNA__08751__A0, 444.24, 399.84, 1.79401
ANTENNA__08751__S, 444.24, 399.84, 1.79401
ANTENNA__09027__S, 444.24, 399.84, 1.79401
ANTENNA__12093__S, 444.24, 399.84, 1.79401
_09036_, 457.04, 399.84, 1.79406
clkbuf_leaf_84_wclk, 457.04, 399.84, 1.79406
ANTENNA__09027__A0, 457.04, 399.84, 1.79406
ANTENNA__09031__A0, 457.04, 399.84, 1.79406
ANTENNA__09035__S, 457.04, 399.84, 1.79406
ANTENNA__09031__S, 457.04, 399.84, 1.79406
FILLER_0_142_981, 457.04, 399.84, 1.79406
FILLER_0_143_978, 457.04, 399.84, 1.79406
FILLER_0_143_984, 457.04, 399.84, 1.79406
_07735_, 469.84, 399.84, 1.79412
_13333_, 469.84, 399.84, 1.79412
_13335_, 469.84, 399.84, 1.79412
ANTENNA__09035__A0, 469.84, 399.84, 1.79412
PHY_280, 5.52, 394.4, 1.79442
PHY_282, 5.52, 394.4, 1.79442
PHY_281, 494.04, 394.4, 1.79425
PHY_283, 494.04, 394.4, 1.79425
_12122_, 34.64, 394.4, 1.79438
ANTENNA__12122__A0, 34.64, 394.4, 1.79438
ANTENNA__12122__S, 34.64, 394.4, 1.79438
FILLER_0_140_53, 34.64, 394.4, 1.79438
FILLER_0_141_51, 34.64, 394.4, 1.79438
FILLER_0_141_69, 34.64, 394.4, 1.79438
FILLER_0_141_74, 34.64, 394.4, 1.79438
FILLER_0_142_77, 34.64, 394.4, 1.79438
_12117_, 47.44, 394.4, 1.79435
_14717_, 47.44, 394.4, 1.79435
ANTENNA__08234__A2, 47.44, 394.4, 1.79435
ANTENNA__09056__A0, 47.44, 394.4, 1.79435
ANTENNA__09056__S, 47.44, 394.4, 1.79435
ANTENNA__12116__S, 47.44, 394.4, 1.79435
FILLER_0_141_84, 47.44, 394.4, 1.79435
_12118_, 60.24, 394.4, 1.79431
ANTENNA__12118__A0, 60.24, 394.4, 1.79431
FILLER_0_141_113, 60.24, 394.4, 1.79431
_12114_, 73.04, 394.4, 1.79428
ANTENNA__12114__A0, 73.04, 394.4, 1.79428
ANTENNA_clkbuf_leaf_39_wclk_A, 73.04, 394.4, 1.79428
FILLER_0_140_133, 73.04, 394.4, 1.79428
FILLER_0_140_141, 73.04, 394.4, 1.79428
FILLER_0_141_148, 73.04, 394.4, 1.79428
ANTENNA__12114__S, 85.84, 394.4, 1.79425
_09061_, 98.64, 394.4, 1.79422
ANTENNA__12112__A0, 98.64, 394.4, 1.79422
ANTENNA__12112__S, 98.64, 394.4, 1.79422
ANTENNA__13077__RESET_B, 98.64, 394.4, 1.79422
FILLER_0_142_209, 98.64, 394.4, 1.79422
_08325_, 111.44, 394.4, 1.79419
_08641_, 111.44, 394.4, 1.79419
_13153_, 111.44, 394.4, 1.79419
ANTENNA__08640__S, 111.44, 394.4, 1.79419
ANTENNA__08640__A0, 111.44, 394.4, 1.79419
ANTENNA__08325__A1, 111.44, 394.4, 1.79419
FILLER_0_141_217, 111.44, 394.4, 1.79419
FILLER_0_142_244, 111.44, 394.4, 1.79419
_08710_, 124.24, 394.4, 1.79416
ANTENNA__10349__A0, 124.24, 394.4, 1.79416
ANTENNA__08324__B1, 124.24, 394.4, 1.79416
ANTENNA__08090__A2, 124.24, 394.4, 1.79416
ANTENNA__08324__A2, 124.24, 394.4, 1.79416
ANTENNA__08628__S, 124.24, 394.4, 1.79416
ANTENNA__08705__A0, 124.24, 394.4, 1.79416
ANTENNA__08628__A0, 124.24, 394.4, 1.79416
ANTENNA__08713__A0, 124.24, 394.4, 1.79416
ANTENNA__08705__S, 124.24, 394.4, 1.79416
ANTENNA__13072__RESET_B, 124.24, 394.4, 1.79416
ANTENNA__08090__A1, 124.24, 394.4, 1.79416
FILLER_0_140_246, 124.24, 394.4, 1.79416
FILLER_0_141_256, 124.24, 394.4, 1.79416
_10349_, 137.04, 394.4, 1.79414
_10350_, 137.04, 394.4, 1.79414
_13916_, 137.04, 394.4, 1.79414
_13917_, 137.04, 394.4, 1.79414
ANTENNA__08713__S, 137.04, 394.4, 1.79414
FILLER_0_141_297, 137.04, 394.4, 1.79414
_08372_, 149.84, 394.4, 1.79413
_09985_, 149.84, 394.4, 1.79413
_09986_, 149.84, 394.4, 1.79413
_13761_, 149.84, 394.4, 1.79413
ANTENNA__08371__B1, 149.84, 394.4, 1.79413
ANTENNA__09985__S, 149.84, 394.4, 1.79413
ANTENNA__13078__RESET_B, 149.84, 394.4, 1.79413
ANTENNA__13078__CLK, 149.84, 394.4, 1.79413
FILLER_0_140_301, 149.84, 394.4, 1.79413
FILLER_0_142_326, 149.84, 394.4, 1.79413
_10698_, 162.64, 394.4, 1.79413
_10699_, 162.64, 394.4, 1.79413
_14081_, 162.64, 394.4, 1.79413
ANTENNA__08371__A2, 162.64, 394.4, 1.79413
ANTENNA__10351__S, 162.64, 394.4, 1.79413
FILLER_0_141_333, 162.64, 394.4, 1.79413
FILLER_0_141_341, 162.64, 394.4, 1.79413
_08305_, 188.24, 394.4, 1.79408
_08316_, 188.24, 394.4, 1.79408
_10768_, 188.24, 394.4, 1.79408
_14114_, 188.24, 394.4, 1.79408
FILLER_0_141_389, 188.24, 394.4, 1.79408
FILLER_0_142_400, 188.24, 394.4, 1.79408
FILLER_0_142_409, 188.24, 394.4, 1.79408
_08352_, 201.04, 394.4, 1.79402
_08399_, 201.04, 394.4, 1.79402
_10769_, 201.04, 394.4, 1.79402
_10770_, 201.04, 394.4, 1.79402
_14115_, 201.04, 394.4, 1.79402
ANTENNA__10769__A1, 201.04, 394.4, 1.79402
FILLER_0_142_437, 201.04, 394.4, 1.79402
_09780_, 213.84, 394.4, 1.79397
_09781_, 213.84, 394.4, 1.79397
_13665_, 213.84, 394.4, 1.79397
ANTENNA__09780__A0, 213.84, 394.4, 1.79397
ANTENNA__09362__A0, 213.84, 394.4, 1.79397
ANTENNA__09780__S, 213.84, 394.4, 1.79397
FILLER_0_141_445, 213.84, 394.4, 1.79397
FILLER_0_141_461, 213.84, 394.4, 1.79397
FILLER_0_142_463, 213.84, 394.4, 1.79397
_08268_, 226.64, 394.4, 1.79393
_08314_, 226.64, 394.4, 1.79393
_08315_, 226.64, 394.4, 1.79393
_09362_, 226.64, 394.4, 1.79393
_09363_, 226.64, 394.4, 1.79393
clkbuf_leaf_50_wclk, 226.64, 394.4, 1.79393
ANTENNA__09362__S, 226.64, 394.4, 1.79393
FILLER_0_141_490, 226.64, 394.4, 1.79393
_10562_, 239.44, 394.4, 1.79391
_10905_, 239.44, 394.4, 1.79391
_14177_, 239.44, 394.4, 1.79391
_14178_, 239.44, 394.4, 1.79391
ANTENNA__10906__A1, 239.44, 394.4, 1.79391
FILLER_0_141_498, 239.44, 394.4, 1.79391
FILLER_0_142_515, 239.44, 394.4, 1.79391
_08308_, 252.24, 394.4, 1.79391
_08852_, 252.24, 394.4, 1.79391
_13249_, 252.24, 394.4, 1.79391
ANTENNA__08359__B, 252.24, 394.4, 1.79391
ANTENNA__08359__C, 252.24, 394.4, 1.79391
ANTENNA__08312__C, 252.24, 394.4, 1.79391
ANTENNA__08851__A0, 252.24, 394.4, 1.79391
FILLER_0_140_533, 252.24, 394.4, 1.79391
FILLER_0_141_525, 252.24, 394.4, 1.79391
FILLER_0_142_549, 252.24, 394.4, 1.79391
_08307_, 265.04, 394.4, 1.7939
_08309_, 265.04, 394.4, 1.7939
_08311_, 265.04, 394.4, 1.7939
_09434_, 265.04, 394.4, 1.7939
_09435_, 265.04, 394.4, 1.7939
_13505_, 265.04, 394.4, 1.7939
ANTENNA__08307__C, 265.04, 394.4, 1.7939
ANTENNA__09846__S, 265.04, 394.4, 1.7939
FILLER_0_140_551, 265.04, 394.4, 1.7939
FILLER_0_142_571, 265.04, 394.4, 1.7939
_08402_, 277.84, 394.4, 1.79391
_09436_, 277.84, 394.4, 1.79391
_10565_, 277.84, 394.4, 1.79391
_10566_, 277.84, 394.4, 1.79391
_14019_, 277.84, 394.4, 1.79391
ANTENNA__07820__A, 277.84, 394.4, 1.79391
ANTENNA__10661__A, 277.84, 394.4, 1.79391
FILLER_0_140_585, 277.84, 394.4, 1.79391
FILLER_0_140_592, 277.84, 394.4, 1.79391
_07820_, 290.64, 394.4, 1.79393
_07821_, 290.64, 394.4, 1.79393
_09814_, 290.64, 394.4, 1.79393
_13680_, 290.64, 394.4, 1.79393
ANTENNA__08404__C, 290.64, 394.4, 1.79393
ANTENNA__08404__B, 290.64, 394.4, 1.79393
FILLER_0_141_613, 290.64, 394.4, 1.79393
FILLER_0_141_621, 290.64, 394.4, 1.79393
_07069_, 303.44, 394.4, 1.79396
_07376_, 303.44, 394.4, 1.79396
_09813_, 303.44, 394.4, 1.79396
_10730_, 303.44, 394.4, 1.79396
ANTENNA__07930__A, 303.44, 394.4, 1.79396
ANTENNA__07474__A, 303.44, 394.4, 1.79396
ANTENNA__07377__A, 303.44, 394.4, 1.79396
_07066_, 316.24, 394.4, 1.79399
_07216_, 316.24, 394.4, 1.79399
_07373_, 316.24, 394.4, 1.79399
_07374_, 316.24, 394.4, 1.79399
_07391_, 316.24, 394.4, 1.79399
_09746_, 316.24, 394.4, 1.79399
_10457_, 316.24, 394.4, 1.79399
_10729_, 316.24, 394.4, 1.79399
ANTENNA__07376__A, 316.24, 394.4, 1.79399
ANTENNA__07017__A, 316.24, 394.4, 1.79399
_07522_, 341.84, 394.4, 1.79403
_07524_, 341.84, 394.4, 1.79403
_07525_, 341.84, 394.4, 1.79403
_08593_, 341.84, 394.4, 1.79403
_09818_, 341.84, 394.4, 1.79403
_13682_, 341.84, 394.4, 1.79403
FILLER_0_141_719, 341.84, 394.4, 1.79403
FILLER_0_141_725, 341.84, 394.4, 1.79403
FILLER_0_141_729, 341.84, 394.4, 1.79403
_07473_, 354.64, 394.4, 1.79401
_07572_, 354.64, 394.4, 1.79401
_13683_, 354.64, 394.4, 1.79401
ANTENNA__07521__C, 354.64, 394.4, 1.79401
ANTENNA__07521__B, 354.64, 394.4, 1.79401
ANTENNA__07388__C, 354.64, 394.4, 1.79401
FILLER_0_141_748, 354.64, 394.4, 1.79401
_07571_, 367.44, 394.4, 1.79401
_08823_, 367.44, 394.4, 1.79401
_10874_, 367.44, 394.4, 1.79401
_14162_, 367.44, 394.4, 1.79401
ANTENNA__07473__C, 367.44, 394.4, 1.79401
ANTENNA__07572__B, 367.44, 394.4, 1.79401
ANTENNA__07475__C, 367.44, 394.4, 1.79401
ANTENNA__08818__A0, 367.44, 394.4, 1.79401
ANTENNA__09402__A0, 367.44, 394.4, 1.79401
FILLER_0_140_781, 367.44, 394.4, 1.79401
_07530_, 380.24, 394.4, 1.79401
_09236_, 380.24, 394.4, 1.79401
ANTENNA__07572__C, 380.24, 394.4, 1.79401
ANTENNA__07526__B, 380.24, 394.4, 1.79401
ANTENNA__07473__B, 380.24, 394.4, 1.79401
ANTENNA__10873__A1, 380.24, 394.4, 1.79401
FILLER_0_141_808, 380.24, 394.4, 1.79401
FILLER_0_141_820, 380.24, 394.4, 1.79401
_10235_, 393.04, 394.4, 1.79401
_10734_, 393.04, 394.4, 1.79401
_10735_, 393.04, 394.4, 1.79401
_10872_, 393.04, 394.4, 1.79401
_14098_, 393.04, 394.4, 1.79401
_14161_, 393.04, 394.4, 1.79401
ANTENNA__07479__C, 393.04, 394.4, 1.79401
ANTENNA__09236__S, 393.04, 394.4, 1.79401
FILLER_0_141_837, 393.04, 394.4, 1.79401
FILLER_0_141_851, 393.04, 394.4, 1.79401
_07519_, 405.84, 394.4, 1.79403
_10460_, 405.84, 394.4, 1.79403
_10732_, 405.84, 394.4, 1.79403
_10733_, 405.84, 394.4, 1.79403
_14097_, 405.84, 394.4, 1.79403
ANTENNA__07575__B, 405.84, 394.4, 1.79403
ANTENNA__09236__A0, 405.84, 394.4, 1.79403
FILLER_0_142_882, 405.84, 394.4, 1.79403
_10461_, 418.64, 394.4, 1.79405
_13746_, 418.64, 394.4, 1.79405
ANTENNA__07520__A2, 418.64, 394.4, 1.79405
ANTENNA__09171__S, 418.64, 394.4, 1.79405
ANTENNA__10460__A1, 418.64, 394.4, 1.79405
ANTENNA__10460__S, 418.64, 394.4, 1.79405
ANTENNA_clkbuf_leaf_79_wclk_A, 418.64, 394.4, 1.79405
FILLER_0_140_897, 418.64, 394.4, 1.79405
FILLER_0_141_901, 418.64, 394.4, 1.79405
FILLER_0_141_907, 418.64, 394.4, 1.79405
_07470_, 431.44, 394.4, 1.79408
_09953_, 431.44, 394.4, 1.79408
_10665_, 431.44, 394.4, 1.79408
_13745_, 431.44, 394.4, 1.79408
_14065_, 431.44, 394.4, 1.79408
ANTENNA__10664__S, 431.44, 394.4, 1.79408
_08751_, 444.24, 394.4, 1.79412
_08752_, 444.24, 394.4, 1.79412
_12091_, 444.24, 394.4, 1.79412
ANTENNA__12091__A0, 444.24, 394.4, 1.79412
ANTENNA__12093__A0, 444.24, 394.4, 1.79412
ANTENNA__07470__A2, 444.24, 394.4, 1.79412
ANTENNA__07470__B1, 444.24, 394.4, 1.79412
ANTENNA__07495__A2, 444.24, 394.4, 1.79412
ANTENNA__07495__B1, 444.24, 394.4, 1.79412
ANTENNA__12091__S, 444.24, 394.4, 1.79412
FILLER_0_141_961, 444.24, 394.4, 1.79412
_07688_, 457.04, 394.4, 1.79416
_08756_, 457.04, 394.4, 1.79416
_09035_, 457.04, 394.4, 1.79416
ANTENNA__07688__A2, 457.04, 394.4, 1.79416
ANTENNA__07419__A2, 457.04, 394.4, 1.79416
ANTENNA__07688__B1, 457.04, 394.4, 1.79416
ANTENNA_clkbuf_leaf_84_wclk_A, 457.04, 394.4, 1.79416
_07640_, 469.84, 394.4, 1.79421
_09034_, 469.84, 394.4, 1.79421
ANTENNA__07640__A2, 469.84, 394.4, 1.79421
ANTENNA__07640__B1, 469.84, 394.4, 1.79421
ANTENNA__08761__A0, 469.84, 394.4, 1.79421
FILLER_0_141_1009, 469.84, 394.4, 1.79421
PHY_276, 5.52, 388.96, 1.79441
PHY_278, 5.52, 388.96, 1.79441
PHY_277, 494.04, 388.96, 1.79427
PHY_279, 494.04, 388.96, 1.79427
ANTENNA__10100__A1, 494.04, 388.96, 1.79427
FILLER_0_138_1054, 494.04, 388.96, 1.79427
_09056_, 34.64, 388.96, 1.79432
_09057_, 34.64, 388.96, 1.79432
_12123_, 34.64, 388.96, 1.79432
_13344_, 34.64, 388.96, 1.79432
_14720_, 34.64, 388.96, 1.79432
FILLER_0_138_53, 34.64, 388.96, 1.79432
FILLER_0_139_51, 34.64, 388.96, 1.79432
_09051_, 47.44, 388.96, 1.79424
_12116_, 47.44, 388.96, 1.79424
_13341_, 47.44, 388.96, 1.79424
ANTENNA__12116__A0, 47.44, 388.96, 1.79424
ANTENNA__08234__B1, 47.44, 388.96, 1.79424
ANTENNA__08780__A0, 47.44, 388.96, 1.79424
FILLER_0_139_80, 47.44, 388.96, 1.79424
FILLER_0_140_104, 47.44, 388.96, 1.79424
_09053_, 60.24, 388.96, 1.79417
_12119_, 60.24, 388.96, 1.79417
_14718_, 60.24, 388.96, 1.79417
clkbuf_leaf_39_wclk, 60.24, 388.96, 1.79417
ANTENNA__09050__S, 60.24, 388.96, 1.79417
ANTENNA__12118__S, 60.24, 388.96, 1.79417
_12115_, 73.04, 388.96, 1.79412
_13340_, 73.04, 388.96, 1.79412
_14716_, 73.04, 388.96, 1.79412
ANTENNA__09048__A0, 73.04, 388.96, 1.79412
FILLER_0_139_158, 73.04, 388.96, 1.79412
FILLER_0_140_153, 73.04, 388.96, 1.79412
_09046_, 85.84, 388.96, 1.79408
_12113_, 85.84, 388.96, 1.79408
_13339_, 85.84, 388.96, 1.79408
_14722_, 85.84, 388.96, 1.79408
ANTENNA__08045__A2, 85.84, 388.96, 1.79408
ANTENNA__09046__A0, 85.84, 388.96, 1.79408
ANTENNA__09046__S, 85.84, 388.96, 1.79408
FILLER_0_140_175, 85.84, 388.96, 1.79408
FILLER_0_140_188, 85.84, 388.96, 1.79408
_12127_, 98.64, 388.96, 1.79405
_13346_, 98.64, 388.96, 1.79405
ANTENNA__09060__A0, 98.64, 388.96, 1.79405
ANTENNA__09060__S, 98.64, 388.96, 1.79405
FILLER_0_138_190, 98.64, 388.96, 1.79405
FILLER_0_138_197, 98.64, 388.96, 1.79405
FILLER_0_139_213, 98.64, 388.96, 1.79405
FILLER_0_140_204, 98.64, 388.96, 1.79405
FILLER_0_140_216, 98.64, 388.96, 1.79405
_08324_, 111.44, 388.96, 1.79403
_08640_, 111.44, 388.96, 1.79403
_08704_, 111.44, 388.96, 1.79403
_08705_, 111.44, 388.96, 1.79403
_08711_, 111.44, 388.96, 1.79403
clkbuf_leaf_41_wclk, 111.44, 388.96, 1.79403
ANTENNA__08328__A2, 111.44, 388.96, 1.79403
ANTENNA__08711__A0, 111.44, 388.96, 1.79403
ANTENNA__08711__S, 111.44, 388.96, 1.79403
ANTENNA__08703__S, 111.44, 388.96, 1.79403
ANTENNA_clkbuf_leaf_41_wclk_A, 111.44, 388.96, 1.79403
FILLER_0_139_225, 111.44, 388.96, 1.79403
_08706_, 124.24, 388.96, 1.79403
_08713_, 124.24, 388.96, 1.79403
_08714_, 124.24, 388.96, 1.79403
_13183_, 124.24, 388.96, 1.79403
_13185_, 124.24, 388.96, 1.79403
FILLER_0_140_270, 124.24, 388.96, 1.79403
_10348_, 137.04, 388.96, 1.79404
_10356_, 137.04, 388.96, 1.79404
_13920_, 137.04, 388.96, 1.79404
ANTENNA__10347__A0, 137.04, 388.96, 1.79404
ANTENNA__10355__A0, 137.04, 388.96, 1.79404
ANTENNA__08709__S, 137.04, 388.96, 1.79404
FILLER_0_138_273, 137.04, 388.96, 1.79404
FILLER_0_138_284, 137.04, 388.96, 1.79404
FILLER_0_139_297, 137.04, 388.96, 1.79404
_08371_, 149.84, 388.96, 1.79406
_08643_, 149.84, 388.96, 1.79406
_08644_, 149.84, 388.96, 1.79406
_10351_, 149.84, 388.96, 1.79406
_13078_, 149.84, 388.96, 1.79406
_13154_, 149.84, 388.96, 1.79406
ANTENNA__10351__A0, 149.84, 388.96, 1.79406
ANTENNA__09985__A1, 149.84, 388.96, 1.79406
ANTENNA__08643__S, 149.84, 388.96, 1.79406
FILLER_0_138_300, 149.84, 388.96, 1.79406
FILLER_0_139_321, 149.84, 388.96, 1.79406
_09988_, 162.64, 388.96, 1.7941
_13762_, 162.64, 388.96, 1.7941
_14082_, 162.64, 388.96, 1.7941
FILLER_0_139_337, 162.64, 388.96, 1.7941
_08400_, 188.24, 388.96, 1.79409
_10495_, 188.24, 388.96, 1.79409
_10496_, 188.24, 388.96, 1.79409
_13986_, 188.24, 388.96, 1.79409
ANTENNA__10495__A1, 188.24, 388.96, 1.79409
FILLER_0_139_400, 188.24, 388.96, 1.79409
FILLER_0_140_398, 188.24, 388.96, 1.79409
_07928_, 201.04, 388.96, 1.79403
_10497_, 201.04, 388.96, 1.79403
_10498_, 201.04, 388.96, 1.79403
_13987_, 201.04, 388.96, 1.79403
ANTENNA__07922__B, 201.04, 388.96, 1.79403
ANTENNA__08699__A0, 201.04, 388.96, 1.79403
ANTENNA__10497__A1, 201.04, 388.96, 1.79403
FILLER_0_138_425, 201.04, 388.96, 1.79403
FILLER_0_139_419, 201.04, 388.96, 1.79403
_07924_, 213.84, 388.96, 1.79399
_09266_, 213.84, 388.96, 1.79399
_10478_, 213.84, 388.96, 1.79399
_13441_, 213.84, 388.96, 1.79399
_08313_, 226.64, 388.96, 1.79395
_09970_, 226.64, 388.96, 1.79395
_10909_, 226.64, 388.96, 1.79395
_13473_, 226.64, 388.96, 1.79395
ANTENNA__08313__B, 226.64, 388.96, 1.79395
ANTENNA__09970__A, 226.64, 388.96, 1.79395
FILLER_0_138_470, 226.64, 388.96, 1.79395
_08312_, 239.44, 388.96, 1.79392
_10906_, 239.44, 388.96, 1.79392
_10907_, 239.44, 388.96, 1.79392
_10908_, 239.44, 388.96, 1.79392
_14179_, 239.44, 388.96, 1.79392
ANTENNA__08406__B, 239.44, 388.96, 1.79392
ANTENNA__08406__C, 239.44, 388.96, 1.79392
FILLER_0_139_497, 239.44, 388.96, 1.79392
_08851_, 252.24, 388.96, 1.79389
_08853_, 252.24, 388.96, 1.79389
_10563_, 252.24, 388.96, 1.79389
_10889_, 252.24, 388.96, 1.79389
_13250_, 252.24, 388.96, 1.79389
ANTENNA__08312__B, 252.24, 388.96, 1.79389
ANTENNA__08853__A0, 252.24, 388.96, 1.79389
ANTENNA__10889__A, 252.24, 388.96, 1.79389
FILLER_0_139_531, 252.24, 388.96, 1.79389
FILLER_0_139_546, 252.24, 388.96, 1.79389
_08310_, 265.04, 388.96, 1.79388
_08356_, 265.04, 388.96, 1.79388
_09848_, 265.04, 388.96, 1.79388
_09849_, 265.04, 388.96, 1.79388
_13697_, 265.04, 388.96, 1.79388
ANTENNA__09848__A0, 265.04, 388.96, 1.79388
FILLER_0_139_554, 265.04, 388.96, 1.79388
FILLER_0_139_577, 265.04, 388.96, 1.79388
_08403_, 277.84, 388.96, 1.79387
_08404_, 277.84, 388.96, 1.79387
_08856_, 277.84, 388.96, 1.79387
_09949_, 277.84, 388.96, 1.79387
_10546_, 277.84, 388.96, 1.79387
ANTENNA__08310__C, 277.84, 388.96, 1.79387
ANTENNA__08403__C, 277.84, 388.96, 1.79387
ANTENNA__08310__B, 277.84, 388.96, 1.79387
ANTENNA__09949__A, 277.84, 388.96, 1.79387
ANTENNA__10546__A, 277.84, 388.96, 1.79387
FILLER_0_139_588, 277.84, 388.96, 1.79387
FILLER_0_140_604, 277.84, 388.96, 1.79387
_06725_, 290.64, 388.96, 1.79386
_07377_, 290.64, 388.96, 1.79386
_07869_, 290.64, 388.96, 1.79386
_07930_, 290.64, 388.96, 1.79386
_08401_, 290.64, 388.96, 1.79386
_08405_, 290.64, 388.96, 1.79386
_08817_, 290.64, 388.96, 1.79386
_10661_, 290.64, 388.96, 1.79386
ANTENNA__08401__C, 290.64, 388.96, 1.79386
FILLER_0_138_618, 290.64, 388.96, 1.79386
FILLER_0_139_613, 290.64, 388.96, 1.79386
_06921_, 303.44, 388.96, 1.79388
_07379_, 303.44, 388.96, 1.79388
_07382_, 303.44, 388.96, 1.79388
_07383_, 303.44, 388.96, 1.79388
_07384_, 303.44, 388.96, 1.79388
_07474_, 303.44, 388.96, 1.79388
_09400_, 303.44, 388.96, 1.79388
ANTENNA__06703__A, 303.44, 388.96, 1.79388
ANTENNA__06773__A, 303.44, 388.96, 1.79388
FILLER_0_139_655, 303.44, 388.96, 1.79388
_06748_, 316.24, 388.96, 1.79394
_07380_, 316.24, 388.96, 1.79394
_09231_, 316.24, 388.96, 1.79394
_09401_, 316.24, 388.96, 1.79394
_10868_, 316.24, 388.96, 1.79394
_13424_, 316.24, 388.96, 1.79394
ANTENNA__07869__A, 316.24, 388.96, 1.79394
FILLER_0_140_679, 316.24, 388.96, 1.79394
_07521_, 341.84, 388.96, 1.794
_09405_, 341.84, 388.96, 1.794
_09817_, 341.84, 388.96, 1.794
_13490_, 341.84, 388.96, 1.794
clkbuf_leaf_76_wclk, 341.84, 388.96, 1.794
ANTENNA__07837__A2, 341.84, 388.96, 1.794
ANTENNA__09230__A0, 341.84, 388.96, 1.794
ANTENNA__09041__S, 341.84, 388.96, 1.794
ANTENNA__09230__S, 341.84, 388.96, 1.794
_07471_, 354.64, 388.96, 1.794
_07477_, 354.64, 388.96, 1.794
_09402_, 354.64, 388.96, 1.794
_09403_, 354.64, 388.96, 1.794
ANTENNA__07471__B, 354.64, 388.96, 1.794
ANTENNA__09817__A0, 354.64, 388.96, 1.794
ANTENNA__09404__S, 354.64, 388.96, 1.794
ANTENNA__09817__S, 354.64, 388.96, 1.794
ANTENNA_clkbuf_leaf_76_wclk_A, 354.64, 388.96, 1.794
FILLER_0_138_753, 354.64, 388.96, 1.794
FILLER_0_139_756, 354.64, 388.96, 1.794
_07475_, 367.44, 388.96, 1.794
_07526_, 367.44, 388.96, 1.794
_07527_, 367.44, 388.96, 1.794
_07529_, 367.44, 388.96, 1.794
_09749_, 367.44, 388.96, 1.794
_10873_, 367.44, 388.96, 1.794
ANTENNA__07471__C, 367.44, 388.96, 1.794
ANTENNA__07475__B, 367.44, 388.96, 1.794
ANTENNA__09402__S, 367.44, 388.96, 1.794
ANTENNA_3, 367.44, 388.96, 1.794
FILLER_0_138_780, 367.44, 388.96, 1.794
FILLER_0_139_785, 367.44, 388.96, 1.794
_07479_, 380.24, 388.96, 1.79401
_09315_, 380.24, 388.96, 1.79401
ANTENNA__07527__B, 380.24, 388.96, 1.79401
ANTENNA__07526__C, 380.24, 388.96, 1.79401
ANTENNA__07529__A2, 380.24, 388.96, 1.79401
ANTENNA__07527__C, 380.24, 388.96, 1.79401
ANTENNA__09234__A0, 380.24, 388.96, 1.79401
ANTENNA__09749__A0, 380.24, 388.96, 1.79401
ANTENNA__10873__S, 380.24, 388.96, 1.79401
_07478_, 393.04, 388.96, 1.79401
_07480_, 393.04, 388.96, 1.79401
_07482_, 393.04, 388.96, 1.79401
_10871_, 393.04, 388.96, 1.79401
_13457_, 393.04, 388.96, 1.79401
ANTENNA__07479__B, 393.04, 388.96, 1.79401
ANTENNA__10871__S, 393.04, 388.96, 1.79401
_13969_, 405.84, 388.96, 1.79403
ANTENNA__07478__B, 405.84, 388.96, 1.79403
ANTENNA__07480__C, 405.84, 388.96, 1.79403
ANTENNA__07519__A2, 405.84, 388.96, 1.79403
ANTENNA__07519__B1, 405.84, 388.96, 1.79403
ANTENNA__10871__A1, 405.84, 388.96, 1.79403
ANTENNA__10732__A1, 405.84, 388.96, 1.79403
ANTENNA__10734__A1, 405.84, 388.96, 1.79403
ANTENNA__10235__A, 405.84, 388.96, 1.79403
FILLER_0_138_860, 405.84, 388.96, 1.79403
FILLER_0_138_869, 405.84, 388.96, 1.79403
_09169_, 418.64, 388.96, 1.79404
_09171_, 418.64, 388.96, 1.79404
_13397_, 418.64, 388.96, 1.79404
ANTENNA__09169__A0, 418.64, 388.96, 1.79404
ANTENNA__09171__A0, 418.64, 388.96, 1.79404
ANTENNA__09173__S, 418.64, 388.96, 1.79404
ANTENNA__09169__S, 418.64, 388.96, 1.79404
_09170_, 431.44, 388.96, 1.79407
_09952_, 431.44, 388.96, 1.79407
_13202_, 431.44, 388.96, 1.79407
ANTENNA__09952__A1, 431.44, 388.96, 1.79407
ANTENNA__09952__S, 431.44, 388.96, 1.79407
FILLER_0_138_920, 431.44, 388.96, 1.79407
FILLER_0_138_925, 431.44, 388.96, 1.79407
_07495_, 444.24, 388.96, 1.7941
_12092_, 444.24, 388.96, 1.7941
_13329_, 444.24, 388.96, 1.7941
_13810_, 444.24, 388.96, 1.7941
_14705_, 444.24, 388.96, 1.7941
FILLER_0_140_954, 444.24, 388.96, 1.7941
_07419_, 457.04, 388.96, 1.79415
_10095_, 457.04, 388.96, 1.79415
_13204_, 457.04, 388.96, 1.79415
_07591_, 469.84, 388.96, 1.7942
_08761_, 469.84, 388.96, 1.7942
_08762_, 469.84, 388.96, 1.7942
_09039_, 469.84, 388.96, 1.7942
_13207_, 469.84, 388.96, 1.7942
ANTENNA__07591__A2, 469.84, 388.96, 1.7942
ANTENNA__07591__B1, 469.84, 388.96, 1.7942
ANTENNA__08761__S, 469.84, 388.96, 1.7942
FILLER_0_138_1006, 469.84, 388.96, 1.7942
FILLER_0_139_1005, 469.84, 388.96, 1.7942
FILLER_0_139_1009, 469.84, 388.96, 1.7942
PHY_272, 5.52, 383.52, 1.79447
PHY_274, 5.52, 383.52, 1.79447
PHY_273, 494.04, 383.52, 1.7943
PHY_275, 494.04, 383.52, 1.7943
FILLER_0_136_1056, 494.04, 383.52, 1.7943
_08234_, 34.64, 383.52, 1.79441
_08781_, 34.64, 383.52, 1.79441
ANTENNA__12124__A0, 34.64, 383.52, 1.79441
FILLER_0_137_51, 34.64, 383.52, 1.79441
FILLER_0_137_69, 34.64, 383.52, 1.79441
_08093_, 47.44, 383.52, 1.79436
_08780_, 47.44, 383.52, 1.79436
_09050_, 47.44, 383.52, 1.79436
ANTENNA__10119__A1, 47.44, 383.52, 1.79436
ANTENNA__09050__A0, 47.44, 383.52, 1.79436
ANTENNA__09058__A0, 47.44, 383.52, 1.79436
ANTENNA__08780__S, 47.44, 383.52, 1.79436
ANTENNA__09058__S, 47.44, 383.52, 1.79436
ANTENNA_clkbuf_leaf_38_wclk_A, 47.44, 383.52, 1.79436
_09052_, 60.24, 383.52, 1.79431
_13342_, 60.24, 383.52, 1.79431
ANTENNA__08093__A2, 60.24, 383.52, 1.79431
ANTENNA__08140__B1, 60.24, 383.52, 1.79431
ANTENNA__08093__B1, 60.24, 383.52, 1.79431
ANTENNA__08774__A0, 60.24, 383.52, 1.79431
ANTENNA__09052__A0, 60.24, 383.52, 1.79431
ANTENNA__08774__S, 60.24, 383.52, 1.79431
ANTENNA__09052__S, 60.24, 383.52, 1.79431
FILLER_0_137_117, 60.24, 383.52, 1.79431
_08045_, 73.04, 383.52, 1.79427
_08777_, 73.04, 383.52, 1.79427
_09048_, 73.04, 383.52, 1.79427
_09049_, 73.04, 383.52, 1.79427
_10115_, 73.04, 383.52, 1.79427
ANTENNA__09048__S, 73.04, 383.52, 1.79427
ANTENNA__08636__A, 73.04, 383.52, 1.79427
FILLER_0_137_139, 73.04, 383.52, 1.79427
_07970_, 85.84, 383.52, 1.79423
_08771_, 85.84, 383.52, 1.79423
_09047_, 85.84, 383.52, 1.79423
_12112_, 85.84, 383.52, 1.79423
_14715_, 85.84, 383.52, 1.79423
ANTENNA__08045__B1, 85.84, 383.52, 1.79423
ANTENNA__07970__B1, 85.84, 383.52, 1.79423
ANTENNA__10109__S, 85.84, 383.52, 1.79423
FILLER_0_136_168, 85.84, 383.52, 1.79423
FILLER_0_137_185, 85.84, 383.52, 1.79423
_08328_, 98.64, 383.52, 1.7942
_08785_, 98.64, 383.52, 1.7942
_09060_, 98.64, 383.52, 1.7942
_12126_, 98.64, 383.52, 1.7942
_13218_, 98.64, 383.52, 1.7942
ANTENNA__12126__A0, 98.64, 383.52, 1.7942
ANTENNA__07971__B1, 98.64, 383.52, 1.7942
ANTENNA__08328__B1, 98.64, 383.52, 1.7942
ANTENNA__08784__A0, 98.64, 383.52, 1.7942
ANTENNA__12126__S, 98.64, 383.52, 1.7942
FILLER_0_137_211, 98.64, 383.52, 1.7942
_08712_, 111.44, 383.52, 1.79418
_13180_, 111.44, 383.52, 1.79418
_13184_, 111.44, 383.52, 1.79418
ANTENNA__08256__C, 111.44, 383.52, 1.79418
ANTENNA__08709__A0, 111.44, 383.52, 1.79418
FILLER_0_137_218, 111.44, 383.52, 1.79418
_08709_, 124.24, 383.52, 1.79416
_13181_, 124.24, 383.52, 1.79416
ANTENNA__08257__A3, 124.24, 383.52, 1.79416
ANTENNA__08115__B, 124.24, 383.52, 1.79416
ANTENNA__09186__A0, 124.24, 383.52, 1.79416
ANTENNA__09188__A0, 124.24, 383.52, 1.79416
_10347_, 137.04, 383.52, 1.79416
_10355_, 137.04, 383.52, 1.79416
_15136_, 137.04, 383.52, 1.79416
ANTENNA__13000__S, 137.04, 383.52, 1.79416
ANTENNA__08114__A2, 137.04, 383.52, 1.79416
ANTENNA__08116__A2, 137.04, 383.52, 1.79416
ANTENNA__08114__B1, 137.04, 383.52, 1.79416
ANTENNA__09188__S, 137.04, 383.52, 1.79416
ANTENNA__10355__S, 137.04, 383.52, 1.79416
ANTENNA__10347__S, 137.04, 383.52, 1.79416
ANTENNA__13000__A1, 137.04, 383.52, 1.79416
FILLER_0_137_281, 137.04, 383.52, 1.79416
_08708_, 149.84, 383.52, 1.79415
_10352_, 149.84, 383.52, 1.79415
_13918_, 149.84, 383.52, 1.79415
clkbuf_leaf_43_wclk, 149.84, 383.52, 1.79415
ANTENNA__12998__S, 149.84, 383.52, 1.79415
ANTENNA__08066__A2, 149.84, 383.52, 1.79415
ANTENNA__08066__B1, 149.84, 383.52, 1.79415
ANTENNA__08643__A0, 149.84, 383.52, 1.79415
FILLER_0_136_305, 149.84, 383.52, 1.79415
FILLER_0_137_301, 149.84, 383.52, 1.79415
_09987_, 162.64, 383.52, 1.79418
ANTENNA__08161__A2, 162.64, 383.52, 1.79418
ANTENNA__08162__C, 162.64, 383.52, 1.79418
ANTENNA__08163__A3, 162.64, 383.52, 1.79418
ANTENNA__08162__B, 162.64, 383.52, 1.79418
ANTENNA_clkbuf_leaf_43_wclk_A, 162.64, 383.52, 1.79418
FILLER_0_136_330, 162.64, 383.52, 1.79418
FILLER_0_137_353, 162.64, 383.52, 1.79418
_08700_, 188.24, 383.52, 1.79416
_10767_, 188.24, 383.52, 1.79416
ANTENNA__09989__A1, 188.24, 383.52, 1.79416
ANTENNA__09200__A0, 188.24, 383.52, 1.79416
ANTENNA__08717__A0, 188.24, 383.52, 1.79416
ANTENNA__08717__S, 188.24, 383.52, 1.79416
ANTENNA__08701__S, 188.24, 383.52, 1.79416
ANTENNA__09989__S, 188.24, 383.52, 1.79416
ANTENNA__10767__A1, 188.24, 383.52, 1.79416
FILLER_0_136_395, 188.24, 383.52, 1.79416
FILLER_0_137_397, 188.24, 383.52, 1.79416
FILLER_0_137_409, 188.24, 383.52, 1.79416
_07927_, 201.04, 383.52, 1.79412
_08363_, 201.04, 383.52, 1.79412
_08410_, 201.04, 383.52, 1.79412
ANTENNA__12110__A0, 201.04, 383.52, 1.79412
ANTENNA__07927__A, 201.04, 383.52, 1.79412
ANTENNA__07928__A, 201.04, 383.52, 1.79412
ANTENNA__07922__C, 201.04, 383.52, 1.79412
ANTENNA__09182__A0, 201.04, 383.52, 1.79412
ANTENNA__09182__S, 201.04, 383.52, 1.79412
ANTENNA__12110__S, 201.04, 383.52, 1.79412
FILLER_0_136_425, 201.04, 383.52, 1.79412
FILLER_0_137_430, 201.04, 383.52, 1.79412
FILLER_0_137_435, 201.04, 383.52, 1.79412
_09265_, 213.84, 383.52, 1.79408
_10682_, 213.84, 383.52, 1.79408
ANTENNA__07969__A, 213.84, 383.52, 1.79408
ANTENNA__07924__A, 213.84, 383.52, 1.79408
ANTENNA__08422__A2, 213.84, 383.52, 1.79408
ANTENNA__09265__A0, 213.84, 383.52, 1.79408
ANTENNA__09267__A0, 213.84, 383.52, 1.79408
ANTENNA__08768__S, 213.84, 383.52, 1.79408
ANTENNA__10478__A, 213.84, 383.52, 1.79408
ANTENNA__10682__A, 213.84, 383.52, 1.79408
FILLER_0_136_452, 213.84, 383.52, 1.79408
FILLER_0_137_457, 213.84, 383.52, 1.79408
FILLER_0_138_455, 213.84, 383.52, 1.79408
_08360_, 226.64, 383.52, 1.79404
_09267_, 226.64, 383.52, 1.79404
_09269_, 226.64, 383.52, 1.79404
ANTENNA__08407__B, 226.64, 383.52, 1.79404
ANTENNA__08360__B, 226.64, 383.52, 1.79404
ANTENNA__09365__S, 226.64, 383.52, 1.79404
ANTENNA__09365__A0, 226.64, 383.52, 1.79404
ANTENNA__10908__A1, 226.64, 383.52, 1.79404
FILLER_0_137_489, 226.64, 383.52, 1.79404
FILLER_0_138_483, 226.64, 383.52, 1.79404
_08359_, 239.44, 383.52, 1.79401
_08362_, 239.44, 383.52, 1.79401
_08406_, 239.44, 383.52, 1.79401
_08409_, 239.44, 383.52, 1.79401
_08854_, 239.44, 383.52, 1.79401
_10564_, 239.44, 383.52, 1.79401
ANTENNA__09368__S, 239.44, 383.52, 1.79401
ANTENNA__09782__A0, 239.44, 383.52, 1.79401
ANTENNA__10563__A1, 239.44, 383.52, 1.79401
FILLER_0_137_505, 239.44, 383.52, 1.79401
_07936_, 252.24, 383.52, 1.79398
_07938_, 252.24, 383.52, 1.79398
_14018_, 252.24, 383.52, 1.79398
ANTENNA__08357__C, 252.24, 383.52, 1.79398
ANTENNA__07936__A, 252.24, 383.52, 1.79398
FILLER_0_137_544, 252.24, 383.52, 1.79398
FILLER_0_138_549, 252.24, 383.52, 1.79398
_08355_, 265.04, 383.52, 1.79396
_08357_, 265.04, 383.52, 1.79396
_08358_, 265.04, 383.52, 1.79396
_09437_, 265.04, 383.52, 1.79396
_13251_, 265.04, 383.52, 1.79396
ANTENNA__08357__B, 265.04, 383.52, 1.79396
ANTENNA__08355__C, 265.04, 383.52, 1.79396
ANTENNA__09850__A0, 265.04, 383.52, 1.79396
ANTENNA__09848__S, 265.04, 383.52, 1.79396
FILLER_0_137_557, 265.04, 383.52, 1.79396
FILLER_0_137_575, 265.04, 383.52, 1.79396
_08855_, 277.84, 383.52, 1.79395
_09833_, 277.84, 383.52, 1.79395
_13507_, 277.84, 383.52, 1.79395
_13699_, 277.84, 383.52, 1.79395
_06703_, 290.64, 383.52, 1.79395
_06741_, 290.64, 383.52, 1.79395
_06773_, 290.64, 383.52, 1.79395
_08836_, 290.64, 383.52, 1.79395
_09420_, 290.64, 383.52, 1.79395
_09440_, 290.64, 383.52, 1.79395
_13232_, 290.64, 383.52, 1.79395
_08816_, 303.44, 383.52, 1.79398
_09399_, 303.44, 383.52, 1.79398
_10527_, 303.44, 383.52, 1.79398
_13488_, 303.44, 383.52, 1.79398
_14000_, 303.44, 383.52, 1.79398
ANTENNA__06773__B, 303.44, 383.52, 1.79398
_07017_, 316.24, 383.52, 1.79402
_07381_, 316.24, 383.52, 1.79402
_07385_, 316.24, 383.52, 1.79402
_09230_, 316.24, 383.52, 1.79402
_10525_, 316.24, 383.52, 1.79402
ANTENNA__06921__A, 316.24, 383.52, 1.79402
ANTENNA__07381__B, 316.24, 383.52, 1.79402
ANTENNA__07382__C, 316.24, 383.52, 1.79402
ANTENNA__08816__S, 316.24, 383.52, 1.79402
FILLER_0_137_683, 316.24, 383.52, 1.79402
_09404_, 341.84, 383.52, 1.79406
_13489_, 341.84, 383.52, 1.79406
ANTENNA__07385__A, 341.84, 383.52, 1.79406
ANTENNA__07838__A2, 341.84, 383.52, 1.79406
ANTENNA__07837__B1, 341.84, 383.52, 1.79406
ANTENNA__09229__A, 341.84, 383.52, 1.79406
ANTENNA__09309__A, 341.84, 383.52, 1.79406
ANTENNA__12107__S, 341.84, 383.52, 1.79406
FILLER_0_138_743, 341.84, 383.52, 1.79406
_08818_, 354.64, 383.52, 1.79404
_09815_, 354.64, 383.52, 1.79404
_13233_, 354.64, 383.52, 1.79404
_07528_, 367.44, 383.52, 1.79403
_09234_, 367.44, 383.52, 1.79403
_09235_, 367.44, 383.52, 1.79403
_09317_, 367.44, 383.52, 1.79403
_13426_, 367.44, 383.52, 1.79403
_13458_, 367.44, 383.52, 1.79403
ANTENNA__07476__C, 367.44, 383.52, 1.79403
ANTENNA__08818__S, 367.44, 383.52, 1.79403
FILLER_0_137_781, 367.44, 383.52, 1.79403
FILLER_0_137_799, 367.44, 383.52, 1.79403
_07481_, 380.24, 383.52, 1.79402
_09232_, 380.24, 383.52, 1.79402
_09233_, 380.24, 383.52, 1.79402
_09316_, 380.24, 383.52, 1.79402
_09747_, 380.24, 383.52, 1.79402
_13425_, 380.24, 383.52, 1.79402
_13649_, 380.24, 383.52, 1.79402
ANTENNA__07528__B, 380.24, 383.52, 1.79402
ANTENNA__07528__C, 380.24, 383.52, 1.79402
ANTENNA__09315__A, 380.24, 383.52, 1.79402
_09313_, 393.04, 383.52, 1.79404
_09314_, 393.04, 383.52, 1.79404
ANTENNA__09232__A0, 393.04, 383.52, 1.79404
ANTENNA__09232__S, 393.04, 383.52, 1.79404
ANTENNA__09313__A0, 393.04, 383.52, 1.79404
ANTENNA__09747__S, 393.04, 383.52, 1.79404
_08688_, 405.84, 383.52, 1.79405
_08689_, 405.84, 383.52, 1.79405
_13173_, 405.84, 383.52, 1.79405
ANTENNA__08688__A0, 405.84, 383.52, 1.79405
ANTENNA__08690__S, 405.84, 383.52, 1.79405
ANTENNA__08688__S, 405.84, 383.52, 1.79405
ANTENNA__08686__S, 405.84, 383.52, 1.79405
FILLER_0_136_857, 405.84, 383.52, 1.79405
FILLER_0_137_879, 405.84, 383.52, 1.79405
FILLER_0_138_877, 405.84, 383.52, 1.79405
_09172_, 418.64, 383.52, 1.79407
_09173_, 418.64, 383.52, 1.79407
_09174_, 418.64, 383.52, 1.79407
_13396_, 418.64, 383.52, 1.79407
_13398_, 418.64, 383.52, 1.79407
ANTENNA__07663__A2, 418.64, 383.52, 1.79407
ANTENNA__07663__A3, 418.64, 383.52, 1.79407
FILLER_0_137_886, 418.64, 383.52, 1.79407
_10331_, 431.44, 383.52, 1.79411
_10333_, 431.44, 383.52, 1.79411
_13909_, 431.44, 383.52, 1.79411
ANTENNA__10330__A0, 431.44, 383.52, 1.79411
ANTENNA__07709__A2, 431.44, 383.52, 1.79411
ANTENNA__07709__A3, 431.44, 383.52, 1.79411
ANTENNA__07661__A3, 431.44, 383.52, 1.79411
ANTENNA__07611__A3, 431.44, 383.52, 1.79411
ANTENNA__07709__B1, 431.44, 383.52, 1.79411
ANTENNA__07661__B1, 431.44, 383.52, 1.79411
ANTENNA__09173__A0, 431.44, 383.52, 1.79411
ANTENNA__10330__S, 431.44, 383.52, 1.79411
FILLER_0_137_917, 431.44, 383.52, 1.79411
_07661_, 444.24, 383.52, 1.79415
_09025_, 444.24, 383.52, 1.79415
_09026_, 444.24, 383.52, 1.79415
_10090_, 444.24, 383.52, 1.79415
_10091_, 444.24, 383.52, 1.79415
ANTENNA__12983__S, 444.24, 383.52, 1.79415
ANTENNA__10090__S, 444.24, 383.52, 1.79415
ANTENNA_clkbuf_leaf_87_wclk_A, 444.24, 383.52, 1.79415
FILLER_0_137_949, 444.24, 383.52, 1.79415
_08755_, 457.04, 383.52, 1.79419
_10094_, 457.04, 383.52, 1.79419
_13812_, 457.04, 383.52, 1.79419
ANTENNA__10090__A1, 457.04, 383.52, 1.79419
ANTENNA__07419__B1, 457.04, 383.52, 1.79419
ANTENNA__09025__A0, 457.04, 383.52, 1.79419
ANTENNA__09025__S, 457.04, 383.52, 1.79419
ANTENNA__10088__S, 457.04, 383.52, 1.79419
FILLER_0_136_973, 457.04, 383.52, 1.79419
FILLER_0_137_978, 457.04, 383.52, 1.79419
_09040_, 469.84, 383.52, 1.79424
_13336_, 469.84, 383.52, 1.79424
_14712_, 469.84, 383.52, 1.79424
ANTENNA__10094__A1, 469.84, 383.52, 1.79424
ANTENNA__07785__B1, 469.84, 383.52, 1.79424
ANTENNA__12105__S, 469.84, 383.52, 1.79424
PHY_268, 5.52, 378.08, 1.79446
PHY_270, 5.52, 378.08, 1.79446
input19, 5.52, 378.08, 1.79446
PHY_269, 494.04, 378.08, 1.79433
PHY_271, 494.04, 378.08, 1.79433
FILLER_0_135_1055, 494.04, 378.08, 1.79433
_10120_, 34.64, 378.08, 1.79438
_12124_, 34.64, 378.08, 1.79438
_13216_, 34.64, 378.08, 1.79438
clkbuf_leaf_38_wclk, 34.64, 378.08, 1.79438
ANTENNA__12124__S, 34.64, 378.08, 1.79438
FILLER_0_135_51, 34.64, 378.08, 1.79438
FILLER_0_135_57, 34.64, 378.08, 1.79438
_08774_, 47.44, 378.08, 1.79431
_10119_, 47.44, 378.08, 1.79431
_13213_, 47.44, 378.08, 1.79431
ANTENNA__08782__A0, 47.44, 378.08, 1.79431
ANTENNA__10119__S, 47.44, 378.08, 1.79431
_08094_, 60.24, 378.08, 1.79426
_08140_, 60.24, 378.08, 1.79426
_10116_, 60.24, 378.08, 1.79426
_13214_, 60.24, 378.08, 1.79426
ANTENNA__10115__A1, 60.24, 378.08, 1.79426
ANTENNA__08094__B1, 60.24, 378.08, 1.79426
ANTENNA__08140__A2, 60.24, 378.08, 1.79426
ANTENNA__10115__S, 60.24, 378.08, 1.79426
_08636_, 73.04, 378.08, 1.79421
_13822_, 73.04, 378.08, 1.79421
clkbuf_leaf_36_wclk, 73.04, 378.08, 1.79421
ANTENNA__07970__A2, 73.04, 378.08, 1.79421
ANTENNA__08776__A0, 73.04, 378.08, 1.79421
ANTENNA_clkbuf_leaf_36_wclk_A, 73.04, 378.08, 1.79421
FILLER_0_136_150, 73.04, 378.08, 1.79421
_07971_, 85.84, 378.08, 1.79419
_10109_, 85.84, 378.08, 1.79419
_10124_, 85.84, 378.08, 1.79419
_13819_, 85.84, 378.08, 1.79419
ANTENNA__07971__A2, 85.84, 378.08, 1.79419
FILLER_0_136_180, 85.84, 378.08, 1.79419
_08784_, 98.64, 378.08, 1.79417
_10123_, 98.64, 378.08, 1.79417
_13826_, 98.64, 378.08, 1.79417
ANTENNA__10123__A1, 98.64, 378.08, 1.79417
ANTENNA__08784__S, 98.64, 378.08, 1.79417
FILLER_0_134_190, 98.64, 378.08, 1.79417
_08256_, 111.44, 378.08, 1.79416
_08703_, 111.44, 378.08, 1.79416
_09195_, 111.44, 378.08, 1.79416
_13408_, 111.44, 378.08, 1.79416
ANTENNA__08257__A2, 111.44, 378.08, 1.79416
ANTENNA__08115__C, 111.44, 378.08, 1.79416
ANTENNA__08068__C, 111.44, 378.08, 1.79416
ANTENNA__08256__B, 111.44, 378.08, 1.79416
ANTENNA__08068__B, 111.44, 378.08, 1.79416
ANTENNA__09194__S, 111.44, 378.08, 1.79416
FILLER_0_136_237, 111.44, 378.08, 1.79416
_08068_, 124.24, 378.08, 1.79416
_08115_, 124.24, 378.08, 1.79416
_08257_, 124.24, 378.08, 1.79416
_09189_, 124.24, 378.08, 1.79416
_13405_, 124.24, 378.08, 1.79416
ANTENNA__08116__A3, 124.24, 378.08, 1.79416
ANTENNA__08069__A3, 124.24, 378.08, 1.79416
FILLER_0_134_249, 124.24, 378.08, 1.79416
_08066_, 137.04, 378.08, 1.79416
_08114_, 137.04, 378.08, 1.79416
_13000_, 137.04, 378.08, 1.79416
_13001_, 137.04, 378.08, 1.79416
_13007_, 137.04, 378.08, 1.79416
_15133_, 137.04, 378.08, 1.79416
FILLER_0_136_298, 137.04, 378.08, 1.79416
_08707_, 149.84, 378.08, 1.79417
_09191_, 149.84, 378.08, 1.79417
_13182_, 149.84, 378.08, 1.79417
_13406_, 149.84, 378.08, 1.79417
ANTENNA__08707__A0, 149.84, 378.08, 1.79417
ANTENNA__08707__S, 149.84, 378.08, 1.79417
ANTENNA__12998__A1, 149.84, 378.08, 1.79417
FILLER_0_134_305, 149.84, 378.08, 1.79417
FILLER_0_135_307, 149.84, 378.08, 1.79417
_08161_, 162.64, 378.08, 1.7942
_08162_, 162.64, 378.08, 1.7942
_13186_, 162.64, 378.08, 1.7942
_15134_, 162.64, 378.08, 1.7942
ANTENNA__13002__S, 162.64, 378.08, 1.7942
ANTENNA__08161__B1, 162.64, 378.08, 1.7942
ANTENNA__13002__A1, 162.64, 378.08, 1.7942
ANTENNA__06671__A, 162.64, 378.08, 1.7942
FILLER_0_134_329, 162.64, 378.08, 1.7942
FILLER_0_135_333, 162.64, 378.08, 1.7942
FILLER_0_135_345, 162.64, 378.08, 1.7942
_08699_, 188.24, 378.08, 1.79418
_13178_, 188.24, 378.08, 1.79418
_13187_, 188.24, 378.08, 1.79418
ANTENNA__08397__C, 188.24, 378.08, 1.79418
ANTENNA__08398__A3, 188.24, 378.08, 1.79418
ANTENNA__08699__S, 188.24, 378.08, 1.79418
ANTENNA__09200__S, 188.24, 378.08, 1.79418
FILLER_0_135_393, 188.24, 378.08, 1.79418
_07922_, 201.04, 378.08, 1.79414
_12110_, 201.04, 378.08, 1.79414
_12111_, 201.04, 378.08, 1.79414
_14714_, 201.04, 378.08, 1.79414
ANTENNA__07919__A, 201.04, 378.08, 1.79414
ANTENNA__07923__A3, 201.04, 378.08, 1.79414
ANTENNA__08768__A0, 201.04, 378.08, 1.79414
ANTENNA__08698__A, 201.04, 378.08, 1.79414
FILLER_0_135_417, 201.04, 378.08, 1.79414
_09268_, 213.84, 378.08, 1.7941
_13338_, 213.84, 378.08, 1.7941
_13442_, 213.84, 378.08, 1.7941
ANTENNA__10107__A1, 213.84, 378.08, 1.7941
ANTENNA__07892__B1, 213.84, 378.08, 1.7941
ANTENNA__07891__A2, 213.84, 378.08, 1.7941
ANTENNA__08422__B1, 213.84, 378.08, 1.7941
ANTENNA__09044__S, 213.84, 378.08, 1.7941
FILLER_0_135_439, 213.84, 378.08, 1.7941
_08407_, 226.64, 378.08, 1.79408
_09270_, 226.64, 378.08, 1.79408
_09365_, 226.64, 378.08, 1.79408
_13443_, 226.64, 378.08, 1.79408
_13475_, 226.64, 378.08, 1.79408
ANTENNA__07891__B1, 226.64, 378.08, 1.79408
ANTENNA__10107__S, 226.64, 378.08, 1.79408
_09250_, 239.44, 378.08, 1.79407
_09368_, 239.44, 378.08, 1.79407
_09782_, 239.44, 378.08, 1.79407
ANTENNA__07938__A, 239.44, 378.08, 1.79407
ANTENNA__09250__A, 239.44, 378.08, 1.79407
ANTENNA__09368__A0, 239.44, 378.08, 1.79407
ANTENNA__09782__S, 239.44, 378.08, 1.79407
FILLER_0_135_514, 239.44, 378.08, 1.79407
_09340_, 252.24, 378.08, 1.79406
_09765_, 252.24, 378.08, 1.79406
_09784_, 252.24, 378.08, 1.79406
_13698_, 252.24, 378.08, 1.79406
ANTENNA__09340__A, 252.24, 378.08, 1.79406
ANTENNA__09765__A, 252.24, 378.08, 1.79406
FILLER_0_136_539, 252.24, 378.08, 1.79406
FILLER_0_136_548, 252.24, 378.08, 1.79406
_08354_, 265.04, 378.08, 1.79405
_09438_, 265.04, 378.08, 1.79405
_09850_, 265.04, 378.08, 1.79405
_09851_, 265.04, 378.08, 1.79405
_13506_, 265.04, 378.08, 1.79405
ANTENNA__09437__A0, 265.04, 378.08, 1.79405
_09439_, 277.84, 378.08, 1.79406
_09852_, 277.84, 378.08, 1.79406
_09853_, 277.84, 378.08, 1.79406
ANTENNA__08354__C, 277.84, 378.08, 1.79406
ANTENNA__08449__C, 277.84, 378.08, 1.79406
ANTENNA__08855__A0, 277.84, 378.08, 1.79406
ANTENNA__09852__A0, 277.84, 378.08, 1.79406
ANTENNA__09833__A, 277.84, 378.08, 1.79406
ANTENNA__09852__S, 277.84, 378.08, 1.79406
ANTENNA_clkbuf_leaf_69_wclk_A, 277.84, 378.08, 1.79406
FILLER_0_135_585, 277.84, 378.08, 1.79406
_06746_, 290.64, 378.08, 1.79407
_08025_, 290.64, 378.08, 1.79407
_09812_, 290.64, 378.08, 1.79407
ANTENNA__08025__A, 290.64, 378.08, 1.79407
ANTENNA__07862__A, 290.64, 378.08, 1.79407
ANTENNA__07864__A3, 290.64, 378.08, 1.79407
ANTENNA__08677__A, 290.64, 378.08, 1.79407
ANTENNA__08696__S, 290.64, 378.08, 1.79407
ANTENNA__08836__A, 290.64, 378.08, 1.79407
ANTENNA__08815__A, 290.64, 378.08, 1.79407
ANTENNA__09439__A0, 290.64, 378.08, 1.79407
ANTENNA__09420__A, 290.64, 378.08, 1.79407
ANTENNA__09812__A, 290.64, 378.08, 1.79407
FILLER_0_135_610, 290.64, 378.08, 1.79407
FILLER_0_135_625, 290.64, 378.08, 1.79407
FILLER_0_136_627, 290.64, 378.08, 1.79407
_06919_, 303.44, 378.08, 1.79409
_08815_, 303.44, 378.08, 1.79409
_10526_, 303.44, 378.08, 1.79409
ANTENNA__07863__B, 303.44, 378.08, 1.79409
ANTENNA__07864__A2, 303.44, 378.08, 1.79409
ANTENNA__07863__C, 303.44, 378.08, 1.79409
ANTENNA__09179__S, 303.44, 378.08, 1.79409
ANTENNA__09399__A, 303.44, 378.08, 1.79409
ANTENNA__10340__S, 303.44, 378.08, 1.79409
FILLER_0_136_651, 303.44, 378.08, 1.79409
_08679_, 316.24, 378.08, 1.79412
_09161_, 316.24, 378.08, 1.79412
_09162_, 316.24, 378.08, 1.79412
_09229_, 316.24, 378.08, 1.79412
_09744_, 316.24, 378.08, 1.79412
ANTENNA__07371__B, 316.24, 378.08, 1.79412
ANTENNA__08816__A0, 316.24, 378.08, 1.79412
ANTENNA__09161__S, 316.24, 378.08, 1.79412
ANTENNA__10526__A1, 316.24, 378.08, 1.79412
ANTENNA__10322__S, 316.24, 378.08, 1.79412
ANTENNA__10526__S, 316.24, 378.08, 1.79412
ANTENNA__12991__A1, 316.24, 378.08, 1.79412
FILLER_0_135_664, 316.24, 378.08, 1.79412
FILLER_0_135_669, 316.24, 378.08, 1.79412
_09816_, 341.84, 378.08, 1.79412
_10104_, 341.84, 378.08, 1.79412
_13681_, 341.84, 378.08, 1.79412
ANTENNA__12107__A0, 341.84, 378.08, 1.79412
ANTENNA__10104__A1, 341.84, 378.08, 1.79412
ANTENNA__07809__C, 341.84, 378.08, 1.79412
ANTENNA__07838__B1, 341.84, 378.08, 1.79412
ANTENNA__08765__S, 341.84, 378.08, 1.79412
ANTENNA__10104__S, 341.84, 378.08, 1.79412
FILLER_0_135_741, 341.84, 378.08, 1.79412
_07476_, 354.64, 378.08, 1.7941
_08590_, 354.64, 378.08, 1.7941
_08819_, 354.64, 378.08, 1.7941
ANTENNA__12989__S, 354.64, 378.08, 1.7941
ANTENNA__07476__B, 354.64, 378.08, 1.7941
ANTENNA__08694__A0, 354.64, 378.08, 1.7941
ANTENNA__09404__A0, 354.64, 378.08, 1.7941
ANTENNA__09815__S, 354.64, 378.08, 1.7941
ANTENNA__08590__A, 354.64, 378.08, 1.7941
FILLER_0_134_753, 354.64, 378.08, 1.7941
FILLER_0_134_757, 354.64, 378.08, 1.7941
FILLER_0_135_751, 354.64, 378.08, 1.7941
FILLER_0_135_766, 354.64, 378.08, 1.7941
_09750_, 367.44, 378.08, 1.79408
_13650_, 367.44, 378.08, 1.79408
ANTENNA__08682__A0, 367.44, 378.08, 1.79408
ANTENNA__09234__S, 367.44, 378.08, 1.79408
ANTENNA__09749__S, 367.44, 378.08, 1.79408
ANTENNA_clkbuf_leaf_77_wclk_A, 367.44, 378.08, 1.79408
FILLER_0_134_775, 367.44, 378.08, 1.79408
FILLER_0_135_778, 367.44, 378.08, 1.79408
_09748_, 380.24, 378.08, 1.79407
ANTENNA__07515__A3, 380.24, 378.08, 1.79407
ANTENNA__09316__S, 380.24, 378.08, 1.79407
ANTENNA__09747__A0, 380.24, 378.08, 1.79407
ANTENNA__09316__A0, 380.24, 378.08, 1.79407
ANTENNA__10326__S, 380.24, 378.08, 1.79407
ANTENNA__12975__A1, 380.24, 378.08, 1.79407
ANTENNA__12977__A1, 380.24, 378.08, 1.79407
FILLER_0_134_809, 380.24, 378.08, 1.79407
FILLER_0_135_801, 380.24, 378.08, 1.79407
FILLER_0_135_824, 380.24, 378.08, 1.79407
clkbuf_leaf_78_wclk, 393.04, 378.08, 1.79405
ANTENNA__12975__S, 393.04, 378.08, 1.79405
ANTENNA__09313__S, 393.04, 378.08, 1.79405
FILLER_0_135_833, 393.04, 378.08, 1.79405
FILLER_0_135_853, 393.04, 378.08, 1.79405
_08687_, 405.84, 378.08, 1.79406
_08690_, 405.84, 378.08, 1.79406
_08691_, 405.84, 378.08, 1.79406
_13172_, 405.84, 378.08, 1.79406
_13174_, 405.84, 378.08, 1.79406
ANTENNA_clkbuf_leaf_78_wclk_A, 405.84, 378.08, 1.79406
_07613_, 418.64, 378.08, 1.79408
_07662_, 418.64, 378.08, 1.79408
_07710_, 418.64, 378.08, 1.79408
_08686_, 418.64, 378.08, 1.79408
ANTENNA__07613__A2, 418.64, 378.08, 1.79408
ANTENNA__07711__A3, 418.64, 378.08, 1.79408
ANTENNA__07710__B, 418.64, 378.08, 1.79408
ANTENNA__07662__B, 418.64, 378.08, 1.79408
ANTENNA__08686__A0, 418.64, 378.08, 1.79408
ANTENNA__08690__A0, 418.64, 378.08, 1.79408
_10330_, 431.44, 378.08, 1.7941
_10335_, 431.44, 378.08, 1.7941
_13908_, 431.44, 378.08, 1.7941
ANTENNA__07711__A2, 431.44, 378.08, 1.7941
ANTENNA__07613__A3, 431.44, 378.08, 1.7941
FILLER_0_134_925, 431.44, 378.08, 1.7941
_08750_, 444.24, 378.08, 1.79413
_10089_, 444.24, 378.08, 1.79413
_10332_, 444.24, 378.08, 1.79413
_12984_, 444.24, 378.08, 1.79413
_13809_, 444.24, 378.08, 1.79413
clkbuf_leaf_87_wclk, 444.24, 378.08, 1.79413
ANTENNA__10332__A0, 444.24, 378.08, 1.79413
ANTENNA__07661__A2, 444.24, 378.08, 1.79413
ANTENNA__10332__S, 444.24, 378.08, 1.79413
ANTENNA__12983__A1, 444.24, 378.08, 1.79413
ANTENNA__12985__A1, 444.24, 378.08, 1.79413
_07420_, 457.04, 378.08, 1.79419
_10088_, 457.04, 378.08, 1.79419
ANTENNA__07420__A2, 457.04, 378.08, 1.79419
ANTENNA__07420__B1, 457.04, 378.08, 1.79419
ANTENNA__08755__A0, 457.04, 378.08, 1.79419
ANTENNA__08759__S, 457.04, 378.08, 1.79419
ANTENNA__08755__S, 457.04, 378.08, 1.79419
ANTENNA__10094__S, 457.04, 378.08, 1.79419
_07689_, 469.84, 378.08, 1.79426
_07785_, 469.84, 378.08, 1.79426
_08764_, 469.84, 378.08, 1.79426
_12105_, 469.84, 378.08, 1.79426
_12106_, 469.84, 378.08, 1.79426
_13208_, 469.84, 378.08, 1.79426
ANTENNA__07689__A2, 469.84, 378.08, 1.79426
ANTENNA__07689__B1, 469.84, 378.08, 1.79426
FILLER_0_135_1001, 469.84, 378.08, 1.79426
PHY_264, 5.52, 372.64, 1.79452
PHY_266, 5.52, 372.64, 1.79452
PHY_265, 494.04, 372.64, 1.79436
PHY_267, 494.04, 372.64, 1.79436
ANTENNA__10102__A1, 494.04, 372.64, 1.79436
FILLER_0_133_1054, 494.04, 372.64, 1.79436
_09058_, 34.64, 372.64, 1.79446
_09059_, 34.64, 372.64, 1.79446
_12125_, 34.64, 372.64, 1.79446
_13345_, 34.64, 372.64, 1.79446
_13824_, 34.64, 372.64, 1.79446
ANTENNA__09358__A, 34.64, 372.64, 1.79446
FILLER_0_132_53, 34.64, 372.64, 1.79446
FILLER_0_132_63, 34.64, 372.64, 1.79446
FILLER_0_134_65, 34.64, 372.64, 1.79446
_08235_, 47.44, 372.64, 1.79441
_08775_, 47.44, 372.64, 1.79441
_08782_, 47.44, 372.64, 1.79441
_08783_, 47.44, 372.64, 1.79441
_09358_, 47.44, 372.64, 1.79441
_13217_, 47.44, 372.64, 1.79441
_13821_, 47.44, 372.64, 1.79441
FILLER_0_134_96, 47.44, 372.64, 1.79441
_08141_, 60.24, 372.64, 1.79438
_10113_, 60.24, 372.64, 1.79438
_10114_, 60.24, 372.64, 1.79438
ANTENNA__10113__A1, 60.24, 372.64, 1.79438
ANTENNA__08235__A2, 60.24, 372.64, 1.79438
ANTENNA__08094__A2, 60.24, 372.64, 1.79438
ANTENNA__08235__B1, 60.24, 372.64, 1.79438
ANTENNA__08141__B1, 60.24, 372.64, 1.79438
ANTENNA__10113__S, 60.24, 372.64, 1.79438
FILLER_0_132_109, 60.24, 372.64, 1.79438
FILLER_0_133_130, 60.24, 372.64, 1.79438
FILLER_0_134_123, 60.24, 372.64, 1.79438
_08776_, 73.04, 372.64, 1.79435
_10111_, 73.04, 372.64, 1.79435
_10112_, 73.04, 372.64, 1.79435
_10281_, 73.04, 372.64, 1.79435
ANTENNA__10111__A1, 73.04, 372.64, 1.79435
ANTENNA__08141__A2, 73.04, 372.64, 1.79435
ANTENNA__08776__S, 73.04, 372.64, 1.79435
_08046_, 85.84, 372.64, 1.79432
_08770_, 85.84, 372.64, 1.79432
_08772_, 85.84, 372.64, 1.79432
_10110_, 85.84, 372.64, 1.79432
_13211_, 85.84, 372.64, 1.79432
ANTENNA__10109__A1, 85.84, 372.64, 1.79432
_08329_, 98.64, 372.64, 1.7943
_10417_, 98.64, 372.64, 1.7943
_10426_, 98.64, 372.64, 1.7943
ANTENNA__08329__A2, 98.64, 372.64, 1.7943
ANTENNA__08329__B1, 98.64, 372.64, 1.7943
ANTENNA__08770__A0, 98.64, 372.64, 1.7943
ANTENNA__08770__S, 98.64, 372.64, 1.7943
ANTENNA__10123__S, 98.64, 372.64, 1.7943
ANTENNA__10417__A1, 98.64, 372.64, 1.7943
FILLER_0_133_189, 98.64, 372.64, 1.7943
FILLER_0_133_198, 98.64, 372.64, 1.7943
FILLER_0_134_214, 98.64, 372.64, 1.7943
_09186_, 111.44, 372.64, 1.79429
_09187_, 111.44, 372.64, 1.79429
_09194_, 111.44, 372.64, 1.79429
_13404_, 111.44, 372.64, 1.79429
ANTENNA__08703__A0, 111.44, 372.64, 1.79429
ANTENNA__09194__A0, 111.44, 372.64, 1.79429
ANTENNA__09186__S, 111.44, 372.64, 1.79429
FILLER_0_132_224, 111.44, 372.64, 1.79429
_08069_, 124.24, 372.64, 1.79428
_08116_, 124.24, 372.64, 1.79428
_08209_, 124.24, 372.64, 1.79428
_08304_, 124.24, 372.64, 1.79428
_09188_, 124.24, 372.64, 1.79428
ANTENNA__08303__C, 124.24, 372.64, 1.79428
ANTENNA__08209__C, 124.24, 372.64, 1.79428
ANTENNA__08303__B, 124.24, 372.64, 1.79428
_12998_, 137.04, 372.64, 1.79427
_12999_, 137.04, 372.64, 1.79427
_13006_, 137.04, 372.64, 1.79427
_15132_, 137.04, 372.64, 1.79427
ANTENNA__13006__S, 137.04, 372.64, 1.79427
ANTENNA__08255__A2, 137.04, 372.64, 1.79427
ANTENNA__08209__B, 137.04, 372.64, 1.79427
ANTENNA__13006__A1, 137.04, 372.64, 1.79427
FILLER_0_132_272, 137.04, 372.64, 1.79427
FILLER_0_133_275, 137.04, 372.64, 1.79427
_08163_, 149.84, 372.64, 1.79427
_09190_, 149.84, 372.64, 1.79427
ANTENNA__08302__A2, 149.84, 372.64, 1.79427
ANTENNA__08163__A2, 149.84, 372.64, 1.79427
ANTENNA__08208__B1, 149.84, 372.64, 1.79427
ANTENNA__09190__A0, 149.84, 372.64, 1.79427
ANTENNA__09190__S, 149.84, 372.64, 1.79427
FILLER_0_132_305, 149.84, 372.64, 1.79427
FILLER_0_133_303, 149.84, 372.64, 1.79427
_06671_, 162.64, 372.64, 1.79428
_13002_, 162.64, 372.64, 1.79428
_13003_, 162.64, 372.64, 1.79428
_13410_, 162.64, 372.64, 1.79428
ANTENNA__08019__A3, 162.64, 372.64, 1.79428
ANTENNA__09364__A, 162.64, 372.64, 1.79428
FILLER_0_134_350, 162.64, 372.64, 1.79428
_08018_, 188.24, 372.64, 1.79424
_08398_, 188.24, 372.64, 1.79424
_08717_, 188.24, 372.64, 1.79424
_09183_, 188.24, 372.64, 1.79424
_13402_, 188.24, 372.64, 1.79424
ANTENNA__08396__A2, 188.24, 372.64, 1.79424
ANTENNA__07921__A2, 188.24, 372.64, 1.79424
ANTENNA__07923__A2, 188.24, 372.64, 1.79424
ANTENNA__07921__B1, 188.24, 372.64, 1.79424
FILLER_0_133_402, 188.24, 372.64, 1.79424
FILLER_0_134_404, 188.24, 372.64, 1.79424
_07923_, 201.04, 372.64, 1.7942
_08698_, 201.04, 372.64, 1.7942
_09045_, 201.04, 372.64, 1.7942
_09182_, 201.04, 372.64, 1.7942
FILLER_0_134_434, 201.04, 372.64, 1.7942
_07891_, 213.84, 372.64, 1.79415
_07892_, 213.84, 372.64, 1.79415
_08768_, 213.84, 372.64, 1.79415
_09044_, 213.84, 372.64, 1.79415
_13210_, 213.84, 372.64, 1.79415
_13818_, 213.84, 372.64, 1.79415
ANTENNA__07418__A, 213.84, 372.64, 1.79415
_09366_, 226.64, 372.64, 1.79413
_09369_, 226.64, 372.64, 1.79413
_13474_, 226.64, 372.64, 1.79413
ANTENNA__07920__A, 226.64, 372.64, 1.79413
ANTENNA__07892__A2, 226.64, 372.64, 1.79413
ANTENNA__09269__A0, 226.64, 372.64, 1.79413
ANTENNA__10342__A, 226.64, 372.64, 1.79413
ANTENNA__10275__A, 226.64, 372.64, 1.79413
FILLER_0_132_469, 226.64, 372.64, 1.79413
FILLER_0_133_481, 226.64, 372.64, 1.79413
FILLER_0_133_489, 226.64, 372.64, 1.79413
_09783_, 239.44, 372.64, 1.7941
_09785_, 239.44, 372.64, 1.7941
_13666_, 239.44, 372.64, 1.7941
_13667_, 239.44, 372.64, 1.7941
FILLER_0_133_495, 239.44, 372.64, 1.7941
FILLER_0_133_505, 239.44, 372.64, 1.7941
_08361_, 252.24, 372.64, 1.79409
_08408_, 252.24, 372.64, 1.79409
ANTENNA__07311__A, 252.24, 372.64, 1.79409
ANTENNA__08408__B, 252.24, 372.64, 1.79409
ANTENNA__08361__B, 252.24, 372.64, 1.79409
ANTENNA__08361__C, 252.24, 372.64, 1.79409
ANTENNA__09784__A0, 252.24, 372.64, 1.79409
ANTENNA__09784__S, 252.24, 372.64, 1.79409
FILLER_0_133_544, 252.24, 372.64, 1.79409
_10568_, 265.04, 372.64, 1.79408
_14020_, 265.04, 372.64, 1.79408
ANTENNA__12089__A0, 265.04, 372.64, 1.79408
ANTENNA__08408__C, 265.04, 372.64, 1.79408
ANTENNA__09023__A0, 265.04, 372.64, 1.79408
ANTENNA__09022__A, 265.04, 372.64, 1.79408
ANTENNA__09023__S, 265.04, 372.64, 1.79408
ANTENNA__09850__S, 265.04, 372.64, 1.79408
ANTENNA__09023__A1, 265.04, 372.64, 1.79408
FILLER_0_133_554, 265.04, 372.64, 1.79408
FILLER_0_134_577, 265.04, 372.64, 1.79408
_06925_, 277.84, 372.64, 1.79407
_08449_, 277.84, 372.64, 1.79407
_08858_, 277.84, 372.64, 1.79407
_13508_, 277.84, 372.64, 1.79407
ANTENNA__08451__C, 277.84, 372.64, 1.79407
ANTENNA__08451__B, 277.84, 372.64, 1.79407
ANTENNA__06925__A, 277.84, 372.64, 1.79407
FILLER_0_133_582, 277.84, 372.64, 1.79407
FILLER_0_133_598, 277.84, 372.64, 1.79407
FILLER_0_134_605, 277.84, 372.64, 1.79407
_07862_, 290.64, 372.64, 1.79408
_07863_, 290.64, 372.64, 1.79408
_08696_, 290.64, 372.64, 1.79408
_08697_, 290.64, 372.64, 1.79408
_09180_, 290.64, 372.64, 1.79408
_13177_, 290.64, 372.64, 1.79408
_13401_, 290.64, 372.64, 1.79408
ANTENNA__08450__C, 290.64, 372.64, 1.79408
FILLER_0_134_632, 290.64, 372.64, 1.79408
_07864_, 303.44, 372.64, 1.79409
_10340_, 303.44, 372.64, 1.79409
_10341_, 303.44, 372.64, 1.79409
_13168_, 303.44, 372.64, 1.79409
_13913_, 303.44, 372.64, 1.79409
ANTENNA__10340__A0, 303.44, 372.64, 1.79409
ANTENNA__07371__C, 303.44, 372.64, 1.79409
ANTENNA__09179__A0, 303.44, 372.64, 1.79409
ANTENNA__08696__A0, 303.44, 372.64, 1.79409
FILLER_0_134_657, 303.44, 372.64, 1.79409
_10322_, 316.24, 372.64, 1.79412
_10323_, 316.24, 372.64, 1.79412
_13392_, 316.24, 372.64, 1.79412
clkbuf_leaf_67_wclk, 316.24, 372.64, 1.79412
ANTENNA__08678__A0, 316.24, 372.64, 1.79412
FILLER_0_134_678, 316.24, 372.64, 1.79412
_08694_, 341.84, 372.64, 1.79415
_13400_, 341.84, 372.64, 1.79415
_13912_, 341.84, 372.64, 1.79415
ANTENNA__07370__A2, 341.84, 372.64, 1.79415
ANTENNA__07370__A3, 341.84, 372.64, 1.79415
ANTENNA__07809__B, 341.84, 372.64, 1.79415
ANTENNA__09177__A0, 341.84, 372.64, 1.79415
ANTENNA__08765__A0, 341.84, 372.64, 1.79415
_10338_, 354.64, 372.64, 1.79413
_10339_, 354.64, 372.64, 1.79413
ANTENNA__10338__A0, 354.64, 372.64, 1.79413
ANTENNA__07467__B, 354.64, 372.64, 1.79413
ANTENNA__08694__S, 354.64, 372.64, 1.79413
ANTENNA__09815__A0, 354.64, 372.64, 1.79413
FILLER_0_133_762, 354.64, 372.64, 1.79413
FILLER_0_134_768, 354.64, 372.64, 1.79413
_07517_, 367.44, 372.64, 1.79411
_07518_, 367.44, 372.64, 1.79411
_08683_, 367.44, 372.64, 1.79411
_09166_, 367.44, 372.64, 1.79411
_10327_, 367.44, 372.64, 1.79411
_13394_, 367.44, 372.64, 1.79411
ANTENNA__07518__A2, 367.44, 372.64, 1.79411
ANTENNA__07517__C, 367.44, 372.64, 1.79411
ANTENNA__07518__A3, 367.44, 372.64, 1.79411
ANTENNA__07517__B, 367.44, 372.64, 1.79411
ANTENNA__08682__S, 367.44, 372.64, 1.79411
_10325_, 380.24, 372.64, 1.7941
_10326_, 380.24, 372.64, 1.7941
_12976_, 380.24, 372.64, 1.7941
_12977_, 380.24, 372.64, 1.7941
_13905_, 380.24, 372.64, 1.7941
_15122_, 380.24, 372.64, 1.7941
ANTENNA__12977__S, 380.24, 372.64, 1.7941
ANTENNA__10326__A0, 380.24, 372.64, 1.7941
ANTENNA__07515__B1, 380.24, 372.64, 1.7941
FILLER_0_133_822, 380.24, 372.64, 1.7941
FILLER_0_134_817, 380.24, 372.64, 1.7941
_12975_, 393.04, 372.64, 1.7941
_13393_, 393.04, 372.64, 1.7941
_15121_, 393.04, 372.64, 1.7941
_07612_, 405.84, 372.64, 1.79412
_08685_, 405.84, 372.64, 1.79412
_08692_, 405.84, 372.64, 1.79412
ANTENNA__07612__C, 405.84, 372.64, 1.79412
ANTENNA__07466__A3, 405.84, 372.64, 1.79412
ANTENNA__07612__B, 405.84, 372.64, 1.79412
ANTENNA__08692__A0, 405.84, 372.64, 1.79412
ANTENNA__08692__S, 405.84, 372.64, 1.79412
FILLER_0_133_869, 405.84, 372.64, 1.79412
_07663_, 418.64, 372.64, 1.79413
_12981_, 418.64, 372.64, 1.79413
_12982_, 418.64, 372.64, 1.79413
_15124_, 418.64, 372.64, 1.79413
ANTENNA__07710__C, 418.64, 372.64, 1.79413
ANTENNA__07662__C, 418.64, 372.64, 1.79413
ANTENNA__08684__A0, 418.64, 372.64, 1.79413
_07611_, 431.44, 372.64, 1.79416
_07709_, 431.44, 372.64, 1.79416
_13910_, 431.44, 372.64, 1.79416
ANTENNA__12981__S, 431.44, 372.64, 1.79416
ANTENNA__07611__A2, 431.44, 372.64, 1.79416
ANTENNA__07758__A2, 431.44, 372.64, 1.79416
ANTENNA__07611__B1, 431.44, 372.64, 1.79416
ANTENNA__12981__A1, 431.44, 372.64, 1.79416
_12983_, 444.24, 372.64, 1.79419
_13201_, 444.24, 372.64, 1.79419
_15125_, 444.24, 372.64, 1.79419
_15126_, 444.24, 372.64, 1.79419
_08749_, 457.04, 372.64, 1.79423
_08759_, 457.04, 372.64, 1.79423
_08760_, 457.04, 372.64, 1.79423
_13206_, 457.04, 372.64, 1.79423
ANTENNA__12985__S, 457.04, 372.64, 1.79423
ANTENNA__10334__A0, 457.04, 372.64, 1.79423
ANTENNA__08749__A0, 457.04, 372.64, 1.79423
_08763_, 469.84, 372.64, 1.79428
_10098_, 469.84, 372.64, 1.79428
_12095_, 469.84, 372.64, 1.79428
clkbuf_leaf_85_wclk, 469.84, 372.64, 1.79428
ANTENNA__12095__A0, 469.84, 372.64, 1.79428
ANTENNA__10098__A1, 469.84, 372.64, 1.79428
ANTENNA__09029__A0, 469.84, 372.64, 1.79428
ANTENNA__08759__A0, 469.84, 372.64, 1.79428
ANTENNA__09029__S, 469.84, 372.64, 1.79428
ANTENNA__10098__S, 469.84, 372.64, 1.79428
ANTENNA__12095__S, 469.84, 372.64, 1.79428
FILLER_0_134_1015, 469.84, 372.64, 1.79428
PHY_260, 5.52, 367.2, 1.79456
PHY_262, 5.52, 367.2, 1.79456
PHY_261, 494.04, 367.2, 1.79441
PHY_263, 494.04, 367.2, 1.79441
ANTENNA__10092__A1, 494.04, 367.2, 1.79441
ANTENNA__10092__S, 494.04, 367.2, 1.79441
_08281_, 34.64, 367.2, 1.7945
_10122_, 34.64, 367.2, 1.7945
_12121_, 34.64, 367.2, 1.7945
_14719_, 34.64, 367.2, 1.7945
ANTENNA__12120__A0, 34.64, 367.2, 1.7945
ANTENNA__10121__A1, 34.64, 367.2, 1.7945
ANTENNA__12128__A0, 34.64, 367.2, 1.7945
ANTENNA__08281__A2, 34.64, 367.2, 1.7945
ANTENNA__08281__B1, 34.64, 367.2, 1.7945
ANTENNA__12120__S, 34.64, 367.2, 1.7945
FILLER_0_131_51, 34.64, 367.2, 1.7945
FILLER_0_131_57, 34.64, 367.2, 1.7945
FILLER_0_131_63, 34.64, 367.2, 1.7945
_08282_, 47.44, 367.2, 1.79445
_10121_, 47.44, 367.2, 1.79445
_13825_, 47.44, 367.2, 1.79445
ANTENNA__08282__A2, 47.44, 367.2, 1.79445
ANTENNA__08282__B1, 47.44, 367.2, 1.79445
ANTENNA__08375__A2, 47.44, 367.2, 1.79445
_08187_, 60.24, 367.2, 1.7944
_09054_, 60.24, 367.2, 1.7944
_09055_, 60.24, 367.2, 1.7944
_10118_, 60.24, 367.2, 1.7944
_13343_, 60.24, 367.2, 1.7944
ANTENNA__09054__A0, 60.24, 367.2, 1.7944
ANTENNA__08782__S, 60.24, 367.2, 1.7944
ANTENNA__09054__S, 60.24, 367.2, 1.7944
FILLER_0_131_129, 60.24, 367.2, 1.7944
FILLER_0_132_122, 60.24, 367.2, 1.7944
FILLER_0_132_131, 60.24, 367.2, 1.7944
_08773_, 73.04, 367.2, 1.79436
_10117_, 73.04, 367.2, 1.79436
_13212_, 73.04, 367.2, 1.79436
_13820_, 73.04, 367.2, 1.79436
ANTENNA__10281__A, 73.04, 367.2, 1.79436
FILLER_0_131_135, 73.04, 367.2, 1.79436
_10416_, 85.84, 367.2, 1.79433
_10418_, 85.84, 367.2, 1.79433
_13953_, 85.84, 367.2, 1.79433
ANTENNA__08046__A2, 85.84, 367.2, 1.79433
ANTENNA__08046__B1, 85.84, 367.2, 1.79433
ANTENNA__08772__A0, 85.84, 367.2, 1.79433
ANTENNA__08772__S, 85.84, 367.2, 1.79433
ANTENNA__10111__S, 85.84, 367.2, 1.79433
FILLER_0_130_170, 85.84, 367.2, 1.79433
FILLER_0_131_162, 85.84, 367.2, 1.79433
FILLER_0_131_169, 85.84, 367.2, 1.79433
FILLER_0_131_178, 85.84, 367.2, 1.79433
_13948_, 98.64, 367.2, 1.79431
_13949_, 98.64, 367.2, 1.79431
ANTENNA__08064__A2, 98.64, 367.2, 1.79431
ANTENNA__10417__S, 98.64, 367.2, 1.79431
FILLER_0_132_206, 98.64, 367.2, 1.79431
FILLER_0_132_216, 98.64, 367.2, 1.79431
_13409_, 111.44, 367.2, 1.7943
ANTENNA__12930__S, 111.44, 367.2, 1.7943
ANTENNA__08304__A2, 111.44, 367.2, 1.7943
ANTENNA__08069__A2, 111.44, 367.2, 1.7943
ANTENNA__09196__A0, 111.44, 367.2, 1.7943
FILLER_0_131_219, 111.44, 367.2, 1.7943
FILLER_0_131_225, 111.44, 367.2, 1.7943
_08303_, 124.24, 367.2, 1.79429
_09193_, 124.24, 367.2, 1.79429
_13407_, 124.24, 367.2, 1.79429
ANTENNA__08304__A3, 124.24, 367.2, 1.79429
ANTENNA__09192__A0, 124.24, 367.2, 1.79429
ANTENNA__09196__S, 124.24, 367.2, 1.79429
ANTENNA__09192__S, 124.24, 367.2, 1.79429
FILLER_0_130_253, 124.24, 367.2, 1.79429
FILLER_0_131_270, 124.24, 367.2, 1.79429
FILLER_0_132_266, 124.24, 367.2, 1.79429
_08208_, 137.04, 367.2, 1.79429
_08255_, 137.04, 367.2, 1.79429
_10353_, 137.04, 367.2, 1.79429
ANTENNA__10353__A0, 137.04, 367.2, 1.79429
ANTENNA__08208__A2, 137.04, 367.2, 1.79429
ANTENNA__08210__A3, 137.04, 367.2, 1.79429
ANTENNA__10353__S, 137.04, 367.2, 1.79429
_08302_, 149.84, 367.2, 1.79429
_09184_, 149.84, 367.2, 1.79429
_09185_, 149.84, 367.2, 1.79429
_10346_, 149.84, 367.2, 1.79429
_13403_, 149.84, 367.2, 1.79429
ANTENNA__08017__A2, 149.84, 367.2, 1.79429
ANTENNA__08302__B1, 149.84, 367.2, 1.79429
ANTENNA__08255__B1, 149.84, 367.2, 1.79429
ANTENNA__09184__A0, 149.84, 367.2, 1.79429
ANTENNA__09184__S, 149.84, 367.2, 1.79429
ANTENNA_clkbuf_leaf_42_wclk_A, 149.84, 367.2, 1.79429
_08017_, 162.64, 367.2, 1.79429
_08019_, 162.64, 367.2, 1.79429
_09352_, 162.64, 367.2, 1.79429
_10360_, 162.64, 367.2, 1.79429
_13922_, 162.64, 367.2, 1.79429
ANTENNA__08349__A2, 162.64, 367.2, 1.79429
ANTENNA__08351__A2, 162.64, 367.2, 1.79429
ANTENNA__08351__A3, 162.64, 367.2, 1.79429
FILLER_0_130_340, 162.64, 367.2, 1.79429
_08397_, 188.24, 367.2, 1.79423
_09200_, 188.24, 367.2, 1.79423
_10343_, 188.24, 367.2, 1.79423
_10344_, 188.24, 367.2, 1.79423
_13914_, 188.24, 367.2, 1.79423
clkbuf_leaf_53_wclk, 188.24, 367.2, 1.79423
ANTENNA_clkbuf_leaf_53_wclk_A, 188.24, 367.2, 1.79423
FILLER_0_131_385, 188.24, 367.2, 1.79423
_07921_, 201.04, 367.2, 1.79418
_07969_, 201.04, 367.2, 1.79418
_08769_, 201.04, 367.2, 1.79418
ANTENNA__07968__A, 201.04, 367.2, 1.79418
ANTENNA__07918__A, 201.04, 367.2, 1.79418
ANTENNA__07966__A, 201.04, 367.2, 1.79418
ANTENNA__09064__A0, 201.04, 367.2, 1.79418
ANTENNA__09064__S, 201.04, 367.2, 1.79418
ANTENNA__09043__A, 201.04, 367.2, 1.79418
ANTENNA_clkbuf_leaf_52_wclk_A, 201.04, 367.2, 1.79418
FILLER_0_130_415, 201.04, 367.2, 1.79418
FILLER_0_130_421, 201.04, 367.2, 1.79418
FILLER_0_132_429, 201.04, 367.2, 1.79418
_07968_, 213.84, 367.2, 1.79413
_09043_, 213.84, 367.2, 1.79413
_10107_, 213.84, 367.2, 1.79413
_10108_, 213.84, 367.2, 1.79413
_10275_, 213.84, 367.2, 1.79413
ANTENNA__07417__A, 213.84, 367.2, 1.79413
ANTENNA__10106__A, 213.84, 367.2, 1.79413
_08630_, 226.64, 367.2, 1.79408
_10342_, 226.64, 367.2, 1.79408
_10772_, 226.64, 367.2, 1.79408
_14116_, 226.64, 367.2, 1.79408
ANTENNA__09991__A1, 226.64, 367.2, 1.79408
ANTENNA__07415__A, 226.64, 367.2, 1.79408
ANTENNA__09044__A0, 226.64, 367.2, 1.79408
ANTENNA__09991__S, 226.64, 367.2, 1.79408
ANTENNA__10771__A1, 226.64, 367.2, 1.79408
ANTENNA__08630__A, 226.64, 367.2, 1.79408
FILLER_0_131_482, 226.64, 367.2, 1.79408
FILLER_0_131_488, 226.64, 367.2, 1.79408
_10500_, 239.44, 367.2, 1.79404
_13988_, 239.44, 367.2, 1.79404
clkbuf_leaf_51_wclk, 239.44, 367.2, 1.79404
ANTENNA__08446__A2, 239.44, 367.2, 1.79404
ANTENNA__08446__B1, 239.44, 367.2, 1.79404
ANTENNA__10499__A1, 239.44, 367.2, 1.79404
ANTENNA__10771__S, 239.44, 367.2, 1.79404
ANTENNA_clkbuf_leaf_51_wclk_A, 239.44, 367.2, 1.79404
FILLER_0_131_501, 239.44, 367.2, 1.79404
FILLER_0_132_513, 239.44, 367.2, 1.79404
FILLER_0_132_521, 239.44, 367.2, 1.79404
_07311_, 252.24, 367.2, 1.79403
_09023_, 252.24, 367.2, 1.79403
_09024_, 252.24, 367.2, 1.79403
_13328_, 252.24, 367.2, 1.79403
ANTENNA__10910__A1, 252.24, 367.2, 1.79403
ANTENNA__10287__A, 252.24, 367.2, 1.79403
FILLER_0_130_533, 252.24, 367.2, 1.79403
_09022_, 265.04, 367.2, 1.79403
_09855_, 265.04, 367.2, 1.79403
_12089_, 265.04, 367.2, 1.79403
_13700_, 265.04, 367.2, 1.79403
clkbuf_leaf_69_wclk, 265.04, 367.2, 1.79403
FILLER_0_131_557, 265.04, 367.2, 1.79403
_08450_, 277.84, 367.2, 1.79405
_08451_, 277.84, 367.2, 1.79405
_08857_, 277.84, 367.2, 1.79405
_09441_, 277.84, 367.2, 1.79405
_13252_, 277.84, 367.2, 1.79405
_06726_, 290.64, 367.2, 1.79409
_08677_, 290.64, 367.2, 1.79409
_09179_, 290.64, 367.2, 1.79409
ANTENNA__08857__A0, 290.64, 367.2, 1.79409
ANTENNA__09441__A0, 290.64, 367.2, 1.79409
_07861_, 303.44, 367.2, 1.79412
_12991_, 303.44, 367.2, 1.79412
_12992_, 303.44, 367.2, 1.79412
_15129_, 303.44, 367.2, 1.79412
ANTENNA__06726__A, 303.44, 367.2, 1.79412
ANTENNA__07860__A, 303.44, 367.2, 1.79412
ANTENNA__08448__C, 303.44, 367.2, 1.79412
ANTENNA__09441__S, 303.44, 367.2, 1.79412
_07371_, 316.24, 367.2, 1.79416
_07372_, 316.24, 367.2, 1.79416
_08678_, 316.24, 367.2, 1.79416
_13904_, 316.24, 367.2, 1.79416
_15120_, 316.24, 367.2, 1.79416
ANTENNA__12991__S, 316.24, 367.2, 1.79416
ANTENNA__07861__A3, 316.24, 367.2, 1.79416
FILLER_0_130_670, 316.24, 367.2, 1.79416
_07809_, 341.84, 367.2, 1.79418
_08695_, 341.84, 367.2, 1.79418
_09177_, 341.84, 367.2, 1.79418
_09178_, 341.84, 367.2, 1.79418
_15128_, 341.84, 367.2, 1.79418
ANTENNA__12973__S, 341.84, 367.2, 1.79418
FILLER_0_130_723, 341.84, 367.2, 1.79418
_12990_, 354.64, 367.2, 1.79416
_13169_, 354.64, 367.2, 1.79416
_13170_, 354.64, 367.2, 1.79416
ANTENNA__07516__A, 354.64, 367.2, 1.79416
ANTENNA__08680__S, 354.64, 367.2, 1.79416
ANTENNA__10338__S, 354.64, 367.2, 1.79416
FILLER_0_131_755, 354.64, 367.2, 1.79416
_07467_, 367.44, 367.2, 1.79414
_08682_, 367.44, 367.2, 1.79414
_09165_, 367.44, 367.2, 1.79414
clkbuf_leaf_77_wclk, 367.44, 367.2, 1.79414
ANTENNA__12989__A1, 367.44, 367.2, 1.79414
FILLER_0_130_782, 367.44, 367.2, 1.79414
_07515_, 380.24, 367.2, 1.79414
_09163_, 380.24, 367.2, 1.79414
_09164_, 380.24, 367.2, 1.79414
_10393_, 380.24, 367.2, 1.79414
_12978_, 380.24, 367.2, 1.79414
FILLER_0_131_821, 380.24, 367.2, 1.79414
_07466_, 393.04, 367.2, 1.79415
_07468_, 393.04, 367.2, 1.79415
_10324_, 393.04, 367.2, 1.79415
ANTENNA__10324__A0, 393.04, 367.2, 1.79415
ANTENNA__07468__A2, 393.04, 367.2, 1.79415
ANTENNA__07468__A3, 393.04, 367.2, 1.79415
ANTENNA__07466__B1, 393.04, 367.2, 1.79415
ANTENNA__09163__A0, 393.04, 367.2, 1.79415
ANTENNA__09163__S, 393.04, 367.2, 1.79415
FILLER_0_130_833, 393.04, 367.2, 1.79415
_08684_, 405.84, 367.2, 1.79417
_08693_, 405.84, 367.2, 1.79417
_13171_, 405.84, 367.2, 1.79417
_13175_, 405.84, 367.2, 1.79417
ANTENNA__07564__B, 405.84, 367.2, 1.79417
ANTENNA__08684__S, 405.84, 367.2, 1.79417
FILLER_0_131_857, 405.84, 367.2, 1.79417
_07564_, 418.64, 367.2, 1.79419
_07711_, 418.64, 367.2, 1.79419
_07758_, 418.64, 367.2, 1.79419
_09167_, 418.64, 367.2, 1.79419
_09176_, 418.64, 367.2, 1.79419
ANTENNA__07564__C, 418.64, 367.2, 1.79419
ANTENNA__09175__S, 418.64, 367.2, 1.79419
ANTENNA__09167__S, 418.64, 367.2, 1.79419
FILLER_0_130_890, 418.64, 367.2, 1.79419
FILLER_0_131_893, 418.64, 367.2, 1.79419
_07756_, 431.44, 367.2, 1.79422
_10328_, 431.44, 367.2, 1.79422
_10334_, 431.44, 367.2, 1.79422
_10336_, 431.44, 367.2, 1.79422
_10337_, 431.44, 367.2, 1.79422
_12985_, 431.44, 367.2, 1.79422
_13911_, 431.44, 367.2, 1.79422
ANTENNA__07758__A3, 431.44, 367.2, 1.79422
ANTENNA__07565__A3, 431.44, 367.2, 1.79422
FILLER_0_131_918, 431.44, 367.2, 1.79422
_12986_, 444.24, 367.2, 1.79425
_15127_, 444.24, 367.2, 1.79425
ANTENNA__07756__A2, 444.24, 367.2, 1.79425
ANTENNA__07756__A3, 444.24, 367.2, 1.79425
ANTENNA__07756__B1, 444.24, 367.2, 1.79425
ANTENNA__08749__S, 444.24, 367.2, 1.79425
ANTENNA__10334__S, 444.24, 367.2, 1.79425
ANTENNA__10328__S, 444.24, 367.2, 1.79425
_10099_, 457.04, 367.2, 1.7943
_10250_, 457.04, 367.2, 1.7943
_13814_, 457.04, 367.2, 1.7943
ANTENNA__10088__A1, 457.04, 367.2, 1.7943
ANTENNA__08605__A, 457.04, 367.2, 1.7943
ANTENNA__10253__A, 457.04, 367.2, 1.7943
ANTENNA__10256__A, 457.04, 367.2, 1.7943
FILLER_0_130_973, 457.04, 367.2, 1.7943
FILLER_0_131_981, 457.04, 367.2, 1.7943
FILLER_0_131_995, 457.04, 367.2, 1.7943
_09029_, 469.84, 367.2, 1.79434
_09030_, 469.84, 367.2, 1.79434
_09327_, 469.84, 367.2, 1.79434
_12096_, 469.84, 367.2, 1.79434
_13331_, 469.84, 367.2, 1.79434
_14707_, 469.84, 367.2, 1.79434
ANTENNA__09327__A, 469.84, 367.2, 1.79434
FILLER_0_130_1004, 469.84, 367.2, 1.79434
PHY_256, 5.52, 361.76, 1.79458
PHY_258, 5.52, 361.76, 1.79458
_10097_, 494.04, 361.76, 1.79446
PHY_257, 494.04, 361.76, 1.79446
PHY_259, 494.04, 361.76, 1.79446
ANTENNA__07543__A2, 494.04, 361.76, 1.79446
ANTENNA__07543__B1, 494.04, 361.76, 1.79446
FILLER_0_128_1056, 494.04, 361.76, 1.79446
_09062_, 34.64, 361.76, 1.7945
_12120_, 34.64, 361.76, 1.7945
_13347_, 34.64, 361.76, 1.7945
_14723_, 34.64, 361.76, 1.7945
ANTENNA__12128__S, 34.64, 361.76, 1.7945
_10125_, 47.44, 361.76, 1.79444
_10126_, 47.44, 361.76, 1.79444
_13827_, 47.44, 361.76, 1.79444
ANTENNA__10125__A1, 47.44, 361.76, 1.79444
ANTENNA__08375__B1, 47.44, 361.76, 1.79444
ANTENNA__08187__B1, 47.44, 361.76, 1.79444
ANTENNA__09062__S, 47.44, 361.76, 1.79444
ANTENNA__10125__S, 47.44, 361.76, 1.79444
ANTENNA__10121__S, 47.44, 361.76, 1.79444
FILLER_0_129_86, 47.44, 361.76, 1.79444
FILLER_0_130_102, 47.44, 361.76, 1.79444
_08188_, 60.24, 361.76, 1.79437
_08779_, 60.24, 361.76, 1.79437
_13215_, 60.24, 361.76, 1.79437
_13823_, 60.24, 361.76, 1.79437
ANTENNA__08187__A2, 60.24, 361.76, 1.79437
ANTENNA__09062__A0, 60.24, 361.76, 1.79437
ANTENNA__10284__A, 60.24, 361.76, 1.79437
_10963_, 73.04, 361.76, 1.79432
ANTENNA__10117__A1, 73.04, 361.76, 1.79432
ANTENNA__08188__A2, 73.04, 361.76, 1.79432
ANTENNA__08188__B1, 73.04, 361.76, 1.79432
ANTENNA__08778__A0, 73.04, 361.76, 1.79432
ANTENNA__08778__S, 73.04, 361.76, 1.79432
ANTENNA__10117__S, 73.04, 361.76, 1.79432
ANTENNA__10972__S, 73.04, 361.76, 1.79432
FILLER_0_129_158, 73.04, 361.76, 1.79432
_10415_, 85.84, 361.76, 1.79427
_14588_, 85.84, 361.76, 1.79427
ANTENNA__10415__A1, 85.84, 361.76, 1.79427
ANTENNA__10425__A1, 85.84, 361.76, 1.79427
ANTENNA__10425__S, 85.84, 361.76, 1.79427
ANTENNA__10415__S, 85.84, 361.76, 1.79427
FILLER_0_128_165, 85.84, 361.76, 1.79427
FILLER_0_129_181, 85.84, 361.76, 1.79427
FILLER_0_130_178, 85.84, 361.76, 1.79427
_08064_, 98.64, 361.76, 1.79422
_10425_, 98.64, 361.76, 1.79422
_12941_, 98.64, 361.76, 1.79422
_15100_, 98.64, 361.76, 1.79422
clkbuf_leaf_35_wclk, 98.64, 361.76, 1.79422
ANTENNA__08112__A2, 98.64, 361.76, 1.79422
ANTENNA__08112__B1, 98.64, 361.76, 1.79422
ANTENNA__08064__B1, 98.64, 361.76, 1.79422
ANTENNA__12940__A1, 98.64, 361.76, 1.79422
FILLER_0_129_210, 98.64, 361.76, 1.79422
FILLER_0_130_213, 98.64, 361.76, 1.79422
_09196_, 111.44, 361.76, 1.79421
_09197_, 111.44, 361.76, 1.79421
_12930_, 111.44, 361.76, 1.79421
_12931_, 111.44, 361.76, 1.79421
_15105_, 111.44, 361.76, 1.79421
ANTENNA__08065__B1, 111.44, 361.76, 1.79421
ANTENNA__08322__C, 111.44, 361.76, 1.79421
FILLER_0_129_218, 111.44, 361.76, 1.79421
FILLER_0_129_234, 111.44, 361.76, 1.79421
_08210_, 124.24, 361.76, 1.7942
_09192_, 124.24, 361.76, 1.7942
_10354_, 124.24, 361.76, 1.7942
_12932_, 124.24, 361.76, 1.7942
_12933_, 124.24, 361.76, 1.7942
_13919_, 124.24, 361.76, 1.7942
ANTENNA__12940__S, 124.24, 361.76, 1.7942
ANTENNA__08210__A2, 124.24, 361.76, 1.7942
ANTENNA__08065__A2, 124.24, 361.76, 1.7942
ANTENNA__08087__D, 124.24, 361.76, 1.7942
ANTENNA__12930__A1, 124.24, 361.76, 1.7942
FILLER_0_129_259, 124.24, 361.76, 1.7942
_10357_, 137.04, 361.76, 1.7942
_10358_, 137.04, 361.76, 1.7942
_13009_, 137.04, 361.76, 1.7942
_13921_, 137.04, 361.76, 1.7942
_15137_, 137.04, 361.76, 1.7942
clkbuf_leaf_42_wclk, 137.04, 361.76, 1.7942
_10345_, 149.84, 361.76, 1.79424
_13004_, 149.84, 361.76, 1.79424
_13005_, 149.84, 361.76, 1.79424
_13915_, 149.84, 361.76, 1.79424
ANTENNA__10345__A0, 149.84, 361.76, 1.79424
ANTENNA__10357__S, 149.84, 361.76, 1.79424
ANTENNA__10345__S, 149.84, 361.76, 1.79424
FILLER_0_128_301, 149.84, 361.76, 1.79424
FILLER_0_129_310, 149.84, 361.76, 1.79424
_10359_, 162.64, 361.76, 1.79429
_13011_, 162.64, 361.76, 1.79429
ANTENNA__13010__S, 162.64, 361.76, 1.79429
ANTENNA__10359__A0, 162.64, 361.76, 1.79429
ANTENNA__10361__A0, 162.64, 361.76, 1.79429
ANTENNA__08017__B1, 162.64, 361.76, 1.79429
ANTENNA__10359__S, 162.64, 361.76, 1.79429
ANTENNA__12996__A1, 162.64, 361.76, 1.79429
ANTENNA__09352__A, 162.64, 361.76, 1.79429
ANTENNA__13010__A1, 162.64, 361.76, 1.79429
FILLER_0_129_330, 162.64, 361.76, 1.79429
FILLER_0_129_337, 162.64, 361.76, 1.79429
_08396_, 188.24, 361.76, 1.79428
_15130_, 188.24, 361.76, 1.79428
ANTENNA__09181__A, 188.24, 361.76, 1.79428
ANTENNA__08617__A, 188.24, 361.76, 1.79428
FILLER_0_128_390, 188.24, 361.76, 1.79428
FILLER_0_129_387, 188.24, 361.76, 1.79428
_07919_, 201.04, 361.76, 1.79422
_08422_, 201.04, 361.76, 1.79422
_09181_, 201.04, 361.76, 1.79422
_12109_, 201.04, 361.76, 1.79422
_12131_, 201.04, 361.76, 1.79422
_13348_, 201.04, 361.76, 1.79422
_14724_, 201.04, 361.76, 1.79422
FILLER_0_129_417, 201.04, 361.76, 1.79422
_07417_, 213.84, 361.76, 1.79418
_07418_, 213.84, 361.76, 1.79418
_07918_, 213.84, 361.76, 1.79418
_07920_, 213.84, 361.76, 1.79418
_07966_, 213.84, 361.76, 1.79418
_09064_, 213.84, 361.76, 1.79418
_10106_, 213.84, 361.76, 1.79418
_07415_, 226.64, 361.76, 1.79415
_09991_, 226.64, 361.76, 1.79415
_10704_, 226.64, 361.76, 1.79415
_14084_, 226.64, 361.76, 1.79415
_08446_, 239.44, 361.76, 1.79413
_08447_, 239.44, 361.76, 1.79413
_08457_, 239.44, 361.76, 1.79413
_10287_, 239.44, 361.76, 1.79413
_10499_, 239.44, 361.76, 1.79413
_10771_, 239.44, 361.76, 1.79413
_14180_, 239.44, 361.76, 1.79413
_08453_, 252.24, 361.76, 1.79411
_10910_, 252.24, 361.76, 1.79411
_12090_, 252.24, 361.76, 1.79411
_13808_, 252.24, 361.76, 1.79411
_14704_, 252.24, 361.76, 1.79411
ANTENNA__08453__C, 252.24, 361.76, 1.79411
ANTENNA__09371__A0, 252.24, 361.76, 1.79411
ANTENNA__10910__S, 252.24, 361.76, 1.79411
FILLER_0_129_541, 252.24, 361.76, 1.79411
_10085_, 265.04, 361.76, 1.79412
_10086_, 265.04, 361.76, 1.79412
_10567_, 265.04, 361.76, 1.79412
_12088_, 265.04, 361.76, 1.79412
ANTENNA__10086__A0, 265.04, 361.76, 1.79412
ANTENNA__12089__A1, 265.04, 361.76, 1.79412
FILLER_0_128_553, 265.04, 361.76, 1.79412
FILLER_0_129_576, 265.04, 361.76, 1.79412
_08448_, 277.84, 361.76, 1.79412
_08452_, 277.84, 361.76, 1.79412
_09442_, 277.84, 361.76, 1.79412
_09854_, 277.84, 361.76, 1.79412
_10321_, 277.84, 361.76, 1.79412
ANTENNA__10086__A1, 277.84, 361.76, 1.79412
ANTENNA__10086__S, 277.84, 361.76, 1.79412
ANTENNA__10567__A1, 277.84, 361.76, 1.79412
ANTENNA__10567__S, 277.84, 361.76, 1.79412
ANTENNA__12088__A, 277.84, 361.76, 1.79412
ANTENNA__12089__S, 277.84, 361.76, 1.79412
FILLER_0_128_585, 277.84, 361.76, 1.79412
_06828_, 290.64, 361.76, 1.79413
_07367_, 290.64, 361.76, 1.79413
_07369_, 290.64, 361.76, 1.79413
_07860_, 290.64, 361.76, 1.79413
_09160_, 290.64, 361.76, 1.79413
ANTENNA__08448__B, 290.64, 361.76, 1.79413
ANTENNA__06828__B, 290.64, 361.76, 1.79413
ANTENNA__06828__A, 290.64, 361.76, 1.79413
ANTENNA__08857__S, 290.64, 361.76, 1.79413
FILLER_0_129_617, 290.64, 361.76, 1.79413
_07368_, 303.44, 361.76, 1.79417
_10390_, 303.44, 361.76, 1.79417
_10391_, 303.44, 361.76, 1.79417
ANTENNA__06704__A, 303.44, 361.76, 1.79417
ANTENNA__07368__A, 303.44, 361.76, 1.79417
ANTENNA__07369__A, 303.44, 361.76, 1.79417
ANTENNA__07861__B1, 303.44, 361.76, 1.79417
ANTENNA__07861__A2, 303.44, 361.76, 1.79417
ANTENNA__09160__A, 303.44, 361.76, 1.79417
ANTENNA__10390__A1, 303.44, 361.76, 1.79417
ANTENNA__10390__S, 303.44, 361.76, 1.79417
FILLER_0_128_639, 303.44, 361.76, 1.79417
_06615_, 316.24, 361.76, 1.79421
_07404_, 316.24, 361.76, 1.79421
_08586_, 316.24, 361.76, 1.79421
_12906_, 316.24, 361.76, 1.79421
_12974_, 316.24, 361.76, 1.79421
ANTENNA__12905__S, 316.24, 361.76, 1.79421
ANTENNA__07366__B1, 316.24, 361.76, 1.79421
ANTENNA__10408__S, 316.24, 361.76, 1.79421
FILLER_0_129_669, 316.24, 361.76, 1.79421
_07808_, 341.84, 361.76, 1.79425
_07810_, 341.84, 361.76, 1.79425
_12989_, 341.84, 361.76, 1.79425
ANTENNA__06965__A, 341.84, 361.76, 1.79425
ANTENNA__10231__A, 341.84, 361.76, 1.79425
ANTENNA__08586__A, 341.84, 361.76, 1.79425
ANTENNA_clkbuf_leaf_66_wclk_A, 341.84, 361.76, 1.79425
FILLER_0_130_739, 341.84, 361.76, 1.79425
_08680_, 354.64, 361.76, 1.79424
_08681_, 354.64, 361.76, 1.79424
ANTENNA__07810__A2, 354.64, 361.76, 1.79424
ANTENNA__07805__A2, 354.64, 361.76, 1.79424
ANTENNA__07805__B1, 354.64, 361.76, 1.79424
ANTENNA__07810__A3, 354.64, 361.76, 1.79424
ANTENNA__07808__A3, 354.64, 361.76, 1.79424
ANTENNA__07808__A2, 354.64, 361.76, 1.79424
ANTENNA__07883__D, 354.64, 361.76, 1.79424
ANTENNA__09177__S, 354.64, 361.76, 1.79424
ANTENNA__09336__A, 354.64, 361.76, 1.79424
FILLER_0_128_753, 354.64, 361.76, 1.79424
_13906_, 367.44, 361.76, 1.79422
_13937_, 367.44, 361.76, 1.79422
ANTENNA__12909__S, 367.44, 361.76, 1.79422
ANTENNA__07467__C, 367.44, 361.76, 1.79422
ANTENNA__08680__A0, 367.44, 361.76, 1.79422
ANTENNA__10394__A1, 367.44, 361.76, 1.79422
ANTENNA__10394__S, 367.44, 361.76, 1.79422
_07464_, 380.24, 361.76, 1.79422
_10392_, 380.24, 361.76, 1.79422
ANTENNA__12907__S, 380.24, 361.76, 1.79422
ANTENNA__07515__A2, 380.24, 361.76, 1.79422
ANTENNA__07465__A2, 380.24, 361.76, 1.79422
ANTENNA__07465__B1, 380.24, 361.76, 1.79422
ANTENNA__09165__A0, 380.24, 361.76, 1.79422
ANTENNA__09165__S, 380.24, 361.76, 1.79422
ANTENNA__10392__A1, 380.24, 361.76, 1.79422
ANTENNA__11819__A1, 380.24, 361.76, 1.79422
_10400_, 393.04, 361.76, 1.79422
_10401_, 393.04, 361.76, 1.79422
_13941_, 393.04, 361.76, 1.79422
ANTENNA__07466__A2, 393.04, 361.76, 1.79422
ANTENNA__07659__A2, 393.04, 361.76, 1.79422
ANTENNA__07464__A2, 393.04, 361.76, 1.79422
ANTENNA__10400__A1, 393.04, 361.76, 1.79422
ANTENNA__10402__A1, 393.04, 361.76, 1.79422
ANTENNA__10324__S, 393.04, 361.76, 1.79422
ANTENNA__10400__S, 393.04, 361.76, 1.79422
FILLER_0_129_829, 393.04, 361.76, 1.79422
FILLER_0_130_847, 393.04, 361.76, 1.79422
FILLER_0_130_856, 393.04, 361.76, 1.79422
_07757_, 405.84, 361.76, 1.79423
ANTENNA__07757__C, 405.84, 361.76, 1.79423
ANTENNA__07660__A2, 405.84, 361.76, 1.79423
ANTENNA__07660__B1, 405.84, 361.76, 1.79423
ANTENNA__07757__B, 405.84, 361.76, 1.79423
ANTENNA__11827__A1, 405.84, 361.76, 1.79423
FILLER_0_128_861, 405.84, 361.76, 1.79423
FILLER_0_128_869, 405.84, 361.76, 1.79423
FILLER_0_129_858, 405.84, 361.76, 1.79423
FILLER_0_129_872, 405.84, 361.76, 1.79423
_07565_, 418.64, 361.76, 1.79423
_09175_, 418.64, 361.76, 1.79423
_13395_, 418.64, 361.76, 1.79423
clkbuf_leaf_88_wclk, 418.64, 361.76, 1.79423
FILLER_0_128_885, 418.64, 361.76, 1.79423
_07563_, 431.44, 361.76, 1.79427
_09168_, 431.44, 361.76, 1.79427
_10329_, 431.44, 361.76, 1.79427
_13907_, 431.44, 361.76, 1.79427
ANTENNA__07565__A2, 431.44, 361.76, 1.79427
ANTENNA__09167__A0, 431.44, 361.76, 1.79427
ANTENNA__10336__S, 431.44, 361.76, 1.79427
ANTENNA_clkbuf_leaf_88_wclk_A, 431.44, 361.76, 1.79427
_12987_, 444.24, 361.76, 1.7943
_12988_, 444.24, 361.76, 1.7943
ANTENNA__10328__A0, 444.24, 361.76, 1.7943
ANTENNA__07563__A3, 444.24, 361.76, 1.7943
ANTENNA__10943__S, 444.24, 361.76, 1.7943
ANTENNA__12987__A1, 444.24, 361.76, 1.7943
FILLER_0_129_962, 444.24, 361.76, 1.7943
FILLER_0_130_967, 444.24, 361.76, 1.7943
_06634_, 457.04, 361.76, 1.79434
_08605_, 457.04, 361.76, 1.79434
_10256_, 457.04, 361.76, 1.79434
_10943_, 457.04, 361.76, 1.79434
_10944_, 457.04, 361.76, 1.79434
_14195_, 457.04, 361.76, 1.79434
_14200_, 457.04, 361.76, 1.79434
ANTENNA__10250__A, 457.04, 361.76, 1.79434
_08611_, 469.84, 361.76, 1.7944
_08753_, 469.84, 361.76, 1.7944
_08754_, 469.84, 361.76, 1.7944
_10954_, 469.84, 361.76, 1.7944
ANTENNA__06634__A, 469.84, 361.76, 1.7944
ANTENNA__08608__A, 469.84, 361.76, 1.7944
ANTENNA__08611__A, 469.84, 361.76, 1.7944
FILLER_0_128_1000, 469.84, 361.76, 1.7944
FILLER_0_129_1005, 469.84, 361.76, 1.7944
FILLER_0_129_1009, 469.84, 361.76, 1.7944
PHY_252, 5.52, 356.32, 1.79465
PHY_254, 5.52, 356.32, 1.79465
PHY_253, 494.04, 356.32, 1.79451
PHY_255, 494.04, 356.32, 1.79451
FILLER_0_126_1053, 494.04, 356.32, 1.79451
FILLER_0_127_1056, 494.04, 356.32, 1.79451
_08375_, 34.64, 356.32, 1.7946
_08787_, 34.64, 356.32, 1.7946
_09063_, 34.64, 356.32, 1.7946
_09361_, 34.64, 356.32, 1.7946
_13219_, 34.64, 356.32, 1.7946
ANTENNA__09361__A, 34.64, 356.32, 1.7946
ANTENNA__08645__A, 34.64, 356.32, 1.7946
FILLER_0_126_53, 34.64, 356.32, 1.7946
FILLER_0_127_51, 34.64, 356.32, 1.7946
FILLER_0_127_57, 34.64, 356.32, 1.7946
_08376_, 47.44, 356.32, 1.79455
_08786_, 47.44, 356.32, 1.79455
ANTENNA__09127__A0, 47.44, 356.32, 1.79455
ANTENNA__08786__A0, 47.44, 356.32, 1.79455
ANTENNA__08786__S, 47.44, 356.32, 1.79455
FILLER_0_127_104, 47.44, 356.32, 1.79455
_08778_, 60.24, 356.32, 1.7945
_10284_, 60.24, 356.32, 1.7945
_10973_, 60.24, 356.32, 1.7945
_14209_, 60.24, 356.32, 1.7945
ANTENNA__08989__A0, 60.24, 356.32, 1.7945
ANTENNA__10972__A1, 60.24, 356.32, 1.7945
FILLER_0_127_116, 60.24, 356.32, 1.7945
FILLER_0_127_121, 60.24, 356.32, 1.7945
FILLER_0_128_129, 60.24, 356.32, 1.7945
_10962_, 73.04, 356.32, 1.79447
_10966_, 73.04, 356.32, 1.79447
_10967_, 73.04, 356.32, 1.79447
_14204_, 73.04, 356.32, 1.79447
_14206_, 73.04, 356.32, 1.79447
ANTENNA__08989__S, 73.04, 356.32, 1.79447
ANTENNA__10962__A1, 73.04, 356.32, 1.79447
FILLER_0_126_135, 73.04, 356.32, 1.79447
_11842_, 85.84, 356.32, 1.79444
_11843_, 85.84, 356.32, 1.79444
_14593_, 85.84, 356.32, 1.79444
ANTENNA__08144__A2, 85.84, 356.32, 1.79444
ANTENNA__10966__A1, 85.84, 356.32, 1.79444
ANTENNA__10966__S, 85.84, 356.32, 1.79444
ANTENNA__10962__S, 85.84, 356.32, 1.79444
ANTENNA_clkbuf_leaf_35_wclk_A, 85.84, 356.32, 1.79444
_08112_, 98.64, 356.32, 1.79442
_08300_, 98.64, 356.32, 1.79442
_08301_, 98.64, 356.32, 1.79442
_11844_, 98.64, 356.32, 1.79442
ANTENNA__08301__A2, 98.64, 356.32, 1.79442
ANTENNA__08301__B1, 98.64, 356.32, 1.79442
_08065_, 111.44, 356.32, 1.7944
_08087_, 111.44, 356.32, 1.7944
_12940_, 111.44, 356.32, 1.7944
_15101_, 111.44, 356.32, 1.7944
ANTENNA__08087__C, 111.44, 356.32, 1.7944
FILLER_0_127_235, 111.44, 356.32, 1.7944
_06653_, 124.24, 356.32, 1.7944
_14621_, 124.24, 356.32, 1.7944
ANTENNA__12932__S, 124.24, 356.32, 1.7944
ANTENNA__08113__A2, 124.24, 356.32, 1.7944
ANTENNA__08113__B1, 124.24, 356.32, 1.7944
ANTENNA__12932__A1, 124.24, 356.32, 1.7944
FILLER_0_127_268, 124.24, 356.32, 1.7944
_13008_, 137.04, 356.32, 1.79439
ANTENNA__13008__S, 137.04, 356.32, 1.79439
ANTENNA__10357__A0, 137.04, 356.32, 1.79439
ANTENNA__06653__A, 137.04, 356.32, 1.79439
ANTENNA__06662__A, 137.04, 356.32, 1.79439
ANTENNA__13008__A1, 137.04, 356.32, 1.79439
FILLER_0_127_298, 137.04, 356.32, 1.79439
_12996_, 149.84, 356.32, 1.79439
_12997_, 149.84, 356.32, 1.79439
_15131_, 149.84, 356.32, 1.79439
_15135_, 149.84, 356.32, 1.79439
ANTENNA__12934__S, 149.84, 356.32, 1.79439
ANTENNA__12934__A1, 149.84, 356.32, 1.79439
ANTENNA__13004__A1, 149.84, 356.32, 1.79439
FILLER_0_126_313, 149.84, 356.32, 1.79439
_09355_, 162.64, 356.32, 1.7944
_10428_, 162.64, 356.32, 1.7944
_12942_, 162.64, 356.32, 1.7944
_12943_, 162.64, 356.32, 1.7944
ANTENNA__12942__S, 162.64, 356.32, 1.7944
ANTENNA__12928__S, 162.64, 356.32, 1.7944
ANTENNA__12996__S, 162.64, 356.32, 1.7944
ANTENNA__08019__A2, 162.64, 356.32, 1.7944
ANTENNA__08369__D, 162.64, 356.32, 1.7944
ANTENNA__09355__A, 162.64, 356.32, 1.7944
FILLER_0_126_328, 162.64, 356.32, 1.7944
FILLER_0_127_337, 162.64, 356.32, 1.7944
_09343_, 188.24, 356.32, 1.79435
_12927_, 188.24, 356.32, 1.79435
_12994_, 188.24, 356.32, 1.79435
_12995_, 188.24, 356.32, 1.79435
ANTENNA__12926__S, 188.24, 356.32, 1.79435
ANTENNA__12130__A0, 188.24, 356.32, 1.79435
ANTENNA__07916__A2, 188.24, 356.32, 1.79435
ANTENNA__08423__B1, 188.24, 356.32, 1.79435
ANTENNA__12130__S, 188.24, 356.32, 1.79435
ANTENNA__12926__A1, 188.24, 356.32, 1.79435
ANTENNA__10262__A, 188.24, 356.32, 1.79435
ANTENNA_clkbuf_4_7_0_wclk_A, 188.24, 356.32, 1.79435
FILLER_0_127_393, 188.24, 356.32, 1.79435
_08617_, 201.04, 356.32, 1.7943
_09065_, 201.04, 356.32, 1.7943
_12130_, 201.04, 356.32, 1.7943
ANTENNA__07967__A, 201.04, 356.32, 1.7943
ANTENNA__07416__A, 201.04, 356.32, 1.7943
ANTENNA__08788__S, 201.04, 356.32, 1.7943
FILLER_0_126_421, 201.04, 356.32, 1.7943
FILLER_0_127_432, 201.04, 356.32, 1.7943
_07416_, 213.84, 356.32, 1.79424
_07967_, 213.84, 356.32, 1.79424
_08423_, 213.84, 356.32, 1.79424
_09992_, 213.84, 356.32, 1.79424
_10127_, 213.84, 356.32, 1.79424
clkbuf_leaf_52_wclk, 213.84, 356.32, 1.79424
_10364_, 226.64, 356.32, 1.79421
_10703_, 226.64, 356.32, 1.79421
_12993_, 226.64, 356.32, 1.79421
_13764_, 226.64, 356.32, 1.79421
_13924_, 226.64, 356.32, 1.79421
ANTENNA__10703__A1, 226.64, 356.32, 1.79421
ANTENNA__10703__S, 226.64, 356.32, 1.79421
FILLER_0_127_486, 226.64, 356.32, 1.79421
_09271_, 239.44, 356.32, 1.79419
_10911_, 239.44, 356.32, 1.79419
ANTENNA__08443__A3, 239.44, 356.32, 1.79419
ANTENNA__08453__B, 239.44, 356.32, 1.79419
ANTENNA__08447__A2, 239.44, 356.32, 1.79419
ANTENNA__08447__B1, 239.44, 356.32, 1.79419
ANTENNA__09271__A0, 239.44, 356.32, 1.79419
ANTENNA__09271__S, 239.44, 356.32, 1.79419
ANTENNA__10499__S, 239.44, 356.32, 1.79419
FILLER_0_127_505, 239.44, 356.32, 1.79419
FILLER_0_128_509, 239.44, 356.32, 1.79419
_08454_, 252.24, 356.32, 1.79418
_08456_, 252.24, 356.32, 1.79418
_09371_, 252.24, 356.32, 1.79418
_10087_, 252.24, 356.32, 1.79418
ANTENNA__08454__B, 252.24, 356.32, 1.79418
ANTENNA__08454__C, 252.24, 356.32, 1.79418
ANTENNA__09371__S, 252.24, 356.32, 1.79418
ANTENNA__13111__RESET_B, 252.24, 356.32, 1.79418
FILLER_0_127_539, 252.24, 356.32, 1.79418
FILLER_0_127_544, 252.24, 356.32, 1.79418
FILLER_0_128_537, 252.24, 356.32, 1.79418
FILLER_0_128_547, 252.24, 356.32, 1.79418
_13111_, 265.04, 356.32, 1.79417
_13118_, 265.04, 356.32, 1.79417
ANTENNA__08456__A2, 265.04, 356.32, 1.79417
ANTENNA__10085__A, 265.04, 356.32, 1.79417
ANTENNA__08747__A1, 265.04, 356.32, 1.79417
ANTENNA__13118__RESET_B, 265.04, 356.32, 1.79417
ANTENNA__13117__RESET_B, 265.04, 356.32, 1.79417
FILLER_0_127_555, 265.04, 356.32, 1.79417
_08520_, 277.84, 356.32, 1.79416
_08547_, 277.84, 356.32, 1.79416
ANTENNA__08519__A, 277.84, 356.32, 1.79416
ANTENNA__09854__A0, 277.84, 356.32, 1.79416
ANTENNA__09854__S, 277.84, 356.32, 1.79416
ANTENNA__10321__A, 277.84, 356.32, 1.79416
FILLER_0_126_580, 277.84, 356.32, 1.79416
FILLER_0_127_590, 277.84, 356.32, 1.79416
FILLER_0_127_597, 277.84, 356.32, 1.79416
_06704_, 290.64, 356.32, 1.79416
_12972_, 290.64, 356.32, 1.79416
_13104_, 290.64, 356.32, 1.79416
_14576_, 290.64, 356.32, 1.79416
ANTENNA__12972__A, 290.64, 356.32, 1.79416
ANTENNA__07367__A, 290.64, 356.32, 1.79416
ANTENNA__08524__B2, 290.64, 356.32, 1.79416
FILLER_0_127_613, 290.64, 356.32, 1.79416
FILLER_0_127_625, 290.64, 356.32, 1.79416
_11817_, 303.44, 356.32, 1.7942
_11886_, 303.44, 356.32, 1.7942
_13936_, 303.44, 356.32, 1.7942
_15088_, 303.44, 356.32, 1.7942
ANTENNA__11817__S, 303.44, 356.32, 1.7942
_07366_, 316.24, 356.32, 1.79425
_09308_, 316.24, 356.32, 1.79425
_10408_, 316.24, 356.32, 1.79425
_12905_, 316.24, 356.32, 1.79425
_13945_, 316.24, 356.32, 1.79425
FILLER_0_126_674, 316.24, 356.32, 1.79425
_07805_, 341.84, 356.32, 1.79427
_10406_, 341.84, 356.32, 1.79427
_12922_, 341.84, 356.32, 1.79427
_14584_, 341.84, 356.32, 1.79427
_15096_, 341.84, 356.32, 1.79427
ANTENNA__07859__B1, 341.84, 356.32, 1.79427
ANTENNA__09308__A, 341.84, 356.32, 1.79427
_07806_, 354.64, 356.32, 1.79424
_07831_, 354.64, 356.32, 1.79424
_10395_, 354.64, 356.32, 1.79424
_11902_, 354.64, 356.32, 1.79424
_13938_, 354.64, 356.32, 1.79424
_15090_, 354.64, 356.32, 1.79424
ANTENNA__07808__B1, 354.64, 356.32, 1.79424
ANTENNA__07831__D, 354.64, 356.32, 1.79424
ANTENNA__10406__A1, 354.64, 356.32, 1.79424
_10394_, 367.44, 356.32, 1.79423
_11820_, 367.44, 356.32, 1.79423
_12909_, 367.44, 356.32, 1.79423
_12910_, 367.44, 356.32, 1.79423
_14577_, 367.44, 356.32, 1.79423
ANTENNA__07513__A2, 367.44, 356.32, 1.79423
ANTENNA__07513__B1, 367.44, 356.32, 1.79423
ANTENNA__12909__A1, 367.44, 356.32, 1.79423
_07465_, 380.24, 356.32, 1.79422
_12907_, 380.24, 356.32, 1.79422
_12908_, 380.24, 356.32, 1.79422
_15089_, 380.24, 356.32, 1.79422
ANTENNA__07464__B1, 380.24, 356.32, 1.79422
ANTENNA__10392__S, 380.24, 356.32, 1.79422
_07659_, 393.04, 356.32, 1.79423
_10402_, 393.04, 356.32, 1.79423
_10403_, 393.04, 356.32, 1.79423
_13942_, 393.04, 356.32, 1.79423
ANTENNA__07659__B1, 393.04, 356.32, 1.79423
ANTENNA__11827__S, 393.04, 356.32, 1.79423
ANTENNA__12907__A1, 393.04, 356.32, 1.79423
FILLER_0_127_837, 393.04, 356.32, 1.79423
_07488_, 405.84, 356.32, 1.79424
_07660_, 405.84, 356.32, 1.79424
_12916_, 405.84, 356.32, 1.79424
_12918_, 405.84, 356.32, 1.79424
_15093_, 405.84, 356.32, 1.79424
_15094_, 405.84, 356.32, 1.79424
ANTENNA__12917__S, 405.84, 356.32, 1.79424
ANTENNA__10402__S, 405.84, 356.32, 1.79424
FILLER_0_128_880, 405.84, 356.32, 1.79424
_07682_, 418.64, 356.32, 1.79426
_12917_, 418.64, 356.32, 1.79426
_13399_, 418.64, 356.32, 1.79426
ANTENNA__07708__B1, 418.64, 356.32, 1.79426
ANTENNA__07488__D, 418.64, 356.32, 1.79426
ANTENNA__09175__A0, 418.64, 356.32, 1.79426
ANTENNA__12915__A1, 418.64, 356.32, 1.79426
_12980_, 431.44, 356.32, 1.7943
_15123_, 431.44, 356.32, 1.7943
ANTENNA__12979__S, 431.44, 356.32, 1.7943
ANTENNA__10336__A0, 431.44, 356.32, 1.7943
ANTENNA__07563__A2, 431.44, 356.32, 1.7943
ANTENNA__07563__B1, 431.44, 356.32, 1.7943
ANTENNA__07682__D, 431.44, 356.32, 1.7943
ANTENNA__07729__D, 431.44, 356.32, 1.7943
ANTENNA__10941__A1, 431.44, 356.32, 1.7943
ANTENNA__10941__S, 431.44, 356.32, 1.7943
FILLER_0_126_925, 431.44, 356.32, 1.7943
_10241_, 444.24, 356.32, 1.79434
_10253_, 444.24, 356.32, 1.79434
_12979_, 444.24, 356.32, 1.79434
_14197_, 444.24, 356.32, 1.79434
ANTENNA__12987__S, 444.24, 356.32, 1.79434
ANTENNA__10943__A1, 444.24, 356.32, 1.79434
ANTENNA__12979__A1, 444.24, 356.32, 1.79434
ANTENNA__10241__A, 444.24, 356.32, 1.79434
FILLER_0_126_952, 444.24, 356.32, 1.79434
FILLER_0_127_949, 444.24, 356.32, 1.79434
_10948_, 457.04, 356.32, 1.79439
_10953_, 457.04, 356.32, 1.79439
ANTENNA__10953__A1, 457.04, 356.32, 1.79439
FILLER_0_126_977, 457.04, 356.32, 1.79439
FILLER_0_127_993, 457.04, 356.32, 1.79439
_07644_, 469.84, 356.32, 1.79445
_08596_, 469.84, 356.32, 1.79445
_08608_, 469.84, 356.32, 1.79445
_08757_, 469.84, 356.32, 1.79445
_08758_, 469.84, 356.32, 1.79445
_08960_, 469.84, 356.32, 1.79445
_13205_, 469.84, 356.32, 1.79445
ANTENNA__07644__A2, 469.84, 356.32, 1.79445
ANTENNA__07644__B1, 469.84, 356.32, 1.79445
ANTENNA__08970__A0, 469.84, 356.32, 1.79445
ANTENNA_clkbuf_leaf_86_wclk_A, 469.84, 356.32, 1.79445
FILLER_0_127_1000, 469.84, 356.32, 1.79445
PHY_248, 5.52, 350.88, 1.79469
PHY_250, 5.52, 350.88, 1.79469
input24, 5.52, 350.88, 1.79469
PHY_249, 494.04, 350.88, 1.79455
PHY_251, 494.04, 350.88, 1.79455
ANTENNA__09895__A0, 494.04, 350.88, 1.79455
FILLER_0_125_1055, 494.04, 350.88, 1.79455
_06665_, 34.64, 350.88, 1.79464
_06668_, 34.64, 350.88, 1.79464
_08639_, 34.64, 350.88, 1.79464
_08645_, 34.64, 350.88, 1.79464
_11779_, 34.64, 350.88, 1.79464
ANTENNA__11779__A, 34.64, 350.88, 1.79464
ANTENNA__08639__A, 34.64, 350.88, 1.79464
ANTENNA__06668__A, 34.64, 350.88, 1.79464
FILLER_0_124_57, 34.64, 350.88, 1.79464
FILLER_0_124_63, 34.64, 350.88, 1.79464
FILLER_0_125_77, 34.64, 350.88, 1.79464
FILLER_0_126_71, 34.64, 350.88, 1.79464
_08287_, 47.44, 350.88, 1.79458
_10965_, 47.44, 350.88, 1.79458
ANTENNA__08376__A2, 47.44, 350.88, 1.79458
ANTENNA__08376__B1, 47.44, 350.88, 1.79458
ANTENNA__08098__A2, 47.44, 350.88, 1.79458
ANTENNA__08287__C, 47.44, 350.88, 1.79458
ANTENNA__09119__A0, 47.44, 350.88, 1.79458
ANTENNA__09127__S, 47.44, 350.88, 1.79458
ANTENNA__09119__S, 47.44, 350.88, 1.79458
FILLER_0_124_81, 47.44, 350.88, 1.79458
FILLER_0_125_86, 47.44, 350.88, 1.79458
FILLER_0_125_99, 47.44, 350.88, 1.79458
FILLER_0_125_105, 47.44, 350.88, 1.79458
FILLER_0_126_101, 47.44, 350.88, 1.79458
_08990_, 60.24, 350.88, 1.79453
_10972_, 60.24, 350.88, 1.79453
_13313_, 60.24, 350.88, 1.79453
ANTENNA__08097__A2, 60.24, 350.88, 1.79453
_08049_, 73.04, 350.88, 1.79449
_08144_, 73.04, 350.88, 1.79449
_08979_, 73.04, 350.88, 1.79449
_08980_, 73.04, 350.88, 1.79449
ANTENNA__08285__A2, 73.04, 350.88, 1.79449
ANTENNA__08049__A2, 73.04, 350.88, 1.79449
ANTENNA__08285__B1, 73.04, 350.88, 1.79449
ANTENNA__08049__B1, 73.04, 350.88, 1.79449
ANTENNA__08979__A0, 73.04, 350.88, 1.79449
ANTENNA__08979__S, 73.04, 350.88, 1.79449
FILLER_0_126_150, 73.04, 350.88, 1.79449
FILLER_0_126_160, 73.04, 350.88, 1.79449
_08984_, 85.84, 350.88, 1.79445
_11852_, 85.84, 350.88, 1.79445
_11853_, 85.84, 350.88, 1.79445
_14589_, 85.84, 350.88, 1.79445
ANTENNA__08144__B1, 85.84, 350.88, 1.79445
ANTENNA__08983__A0, 85.84, 350.88, 1.79445
ANTENNA__08983__S, 85.84, 350.88, 1.79445
ANTENNA__11842__A1, 85.84, 350.88, 1.79445
ANTENNA__11852__A1, 85.84, 350.88, 1.79445
_11845_, 98.64, 350.88, 1.79441
_11911_, 98.64, 350.88, 1.79441
_14620_, 98.64, 350.88, 1.79441
_14625_, 98.64, 350.88, 1.79441
ANTENNA__08300__A2, 98.64, 350.88, 1.79441
ANTENNA__08300__B1, 98.64, 350.88, 1.79441
ANTENNA__08322__D, 98.64, 350.88, 1.79441
ANTENNA__11844__A1, 98.64, 350.88, 1.79441
ANTENNA__11852__S, 98.64, 350.88, 1.79441
ANTENNA__11844__S, 98.64, 350.88, 1.79441
FILLER_0_124_197, 98.64, 350.88, 1.79441
FILLER_0_126_206, 98.64, 350.88, 1.79441
_08088_, 111.44, 350.88, 1.79439
_08113_, 111.44, 350.88, 1.79439
_08322_, 111.44, 350.88, 1.79439
_08323_, 111.44, 350.88, 1.79439
_11910_, 111.44, 350.88, 1.79439
_11920_, 111.44, 350.88, 1.79439
ANTENNA__11910__S, 111.44, 350.88, 1.79439
FILLER_0_124_229, 111.44, 350.88, 1.79439
_06662_, 124.24, 350.88, 1.79438
_08134_, 124.24, 350.88, 1.79438
_08135_, 124.24, 350.88, 1.79438
_11912_, 124.24, 350.88, 1.79438
_11913_, 124.24, 350.88, 1.79438
ANTENNA__08134__C, 124.24, 350.88, 1.79438
ANTENNA__11910__A1, 124.24, 350.88, 1.79438
ANTENNA__11912__A1, 124.24, 350.88, 1.79438
ANTENNA__11764__A, 124.24, 350.88, 1.79438
FILLER_0_125_269, 124.24, 350.88, 1.79438
_10419_, 137.04, 350.88, 1.79439
_10420_, 137.04, 350.88, 1.79439
_12934_, 137.04, 350.88, 1.79439
_12935_, 137.04, 350.88, 1.79439
ANTENNA__10419__A1, 137.04, 350.88, 1.79439
ANTENNA__10419__S, 137.04, 350.88, 1.79439
FILLER_0_125_275, 137.04, 350.88, 1.79439
FILLER_0_125_290, 137.04, 350.88, 1.79439
FILLER_0_126_298, 137.04, 350.88, 1.79439
_08181_, 149.84, 350.88, 1.7944
_12928_, 149.84, 350.88, 1.7944
ANTENNA__13004__S, 149.84, 350.88, 1.7944
ANTENNA__08160__A2, 149.84, 350.88, 1.7944
ANTENNA__08160__B1, 149.84, 350.88, 1.7944
ANTENNA__08181__C, 149.84, 350.88, 1.7944
ANTENNA__08181__D, 149.84, 350.88, 1.7944
FILLER_0_124_303, 149.84, 350.88, 1.7944
FILLER_0_125_302, 149.84, 350.88, 1.7944
FILLER_0_125_309, 149.84, 350.88, 1.7944
FILLER_0_125_318, 149.84, 350.88, 1.7944
FILLER_0_126_320, 149.84, 350.88, 1.7944
_13954_, 162.64, 350.88, 1.79442
_15106_, 162.64, 350.88, 1.79442
ANTENNA__08348__A2, 162.64, 350.88, 1.79442
ANTENNA__10427__S, 162.64, 350.88, 1.79442
ANTENNA__12928__A1, 162.64, 350.88, 1.79442
FILLER_0_124_336, 162.64, 350.88, 1.79442
FILLER_0_125_331, 162.64, 350.88, 1.79442
FILLER_0_125_337, 162.64, 350.88, 1.79442
_10269_, 188.24, 350.88, 1.79434
_12926_, 188.24, 350.88, 1.79434
_15098_, 188.24, 350.88, 1.79434
clkbuf_4_7_0_wclk, 188.24, 350.88, 1.79434
ANTENNA__07917__A2, 188.24, 350.88, 1.79434
ANTENNA__07916__B1, 188.24, 350.88, 1.79434
ANTENNA__09339__A, 188.24, 350.88, 1.79434
FILLER_0_124_392, 188.24, 350.88, 1.79434
FILLER_0_125_387, 188.24, 350.88, 1.79434
FILLER_0_126_399, 188.24, 350.88, 1.79434
_07917_, 201.04, 350.88, 1.7943
_08788_, 201.04, 350.88, 1.7943
_10262_, 201.04, 350.88, 1.7943
_13220_, 201.04, 350.88, 1.7943
ANTENNA__10127__A1, 201.04, 350.88, 1.7943
ANTENNA__08423__A2, 201.04, 350.88, 1.7943
ANTENNA__08788__A0, 201.04, 350.88, 1.7943
ANTENNA__08767__A, 201.04, 350.88, 1.7943
ANTENNA__10127__S, 201.04, 350.88, 1.7943
ANTENNA__10411__S, 201.04, 350.88, 1.7943
FILLER_0_124_414, 201.04, 350.88, 1.7943
FILLER_0_125_417, 201.04, 350.88, 1.7943
_08720_, 213.84, 350.88, 1.79426
_08767_, 213.84, 350.88, 1.79426
_10128_, 213.84, 350.88, 1.79426
_13188_, 213.84, 350.88, 1.79426
_13828_, 213.84, 350.88, 1.79426
ANTENNA__12993__A, 213.84, 350.88, 1.79426
ANTENNA__07955__C, 213.84, 350.88, 1.79426
FILLER_0_126_463, 213.84, 350.88, 1.79426
_08443_, 226.64, 350.88, 1.79424
_09203_, 226.64, 350.88, 1.79424
_10363_, 226.64, 350.88, 1.79424
ANTENNA__10363__A0, 226.64, 350.88, 1.79424
ANTENNA__08444__B, 226.64, 350.88, 1.79424
ANTENNA__10363__S, 226.64, 350.88, 1.79424
FILLER_0_125_468, 226.64, 350.88, 1.79424
FILLER_0_126_493, 226.64, 350.88, 1.79424
_09272_, 239.44, 350.88, 1.79422
_13444_, 239.44, 350.88, 1.79422
_13476_, 239.44, 350.88, 1.79422
ANTENNA__08443__B1, 239.44, 350.88, 1.79422
ANTENNA__08443__A2, 239.44, 350.88, 1.79422
FILLER_0_124_506, 239.44, 350.88, 1.79422
FILLER_0_125_497, 239.44, 350.88, 1.79422
_06578_, 252.24, 350.88, 1.79421
_08455_, 252.24, 350.88, 1.79421
_08747_, 252.24, 350.88, 1.79421
_09372_, 252.24, 350.88, 1.79421
_09786_, 252.24, 350.88, 1.79421
ANTENNA__06578__A, 252.24, 350.88, 1.79421
ANTENNA__08455__C, 252.24, 350.88, 1.79421
FILLER_0_126_542, 252.24, 350.88, 1.79421
FILLER_0_126_548, 252.24, 350.88, 1.79421
_13117_, 265.04, 350.88, 1.7942
hold4, 265.04, 350.88, 1.7942
ANTENNA__08747__A0, 265.04, 350.88, 1.7942
ANTENNA__08747__S, 265.04, 350.88, 1.7942
FILLER_0_125_565, 265.04, 350.88, 1.7942
_08519_, 277.84, 350.88, 1.7942
_08523_, 277.84, 350.88, 1.7942
_08524_, 277.84, 350.88, 1.7942
_13124_, 277.84, 350.88, 1.7942
hold3, 277.84, 350.88, 1.7942
_06740_, 290.64, 350.88, 1.79421
_11818_, 290.64, 350.88, 1.79421
clkbuf_leaf_68_wclk, 290.64, 350.88, 1.79421
FILLER_0_124_607, 290.64, 350.88, 1.79421
_07365_, 303.44, 350.88, 1.79424
_11885_, 303.44, 350.88, 1.79424
_14608_, 303.44, 350.88, 1.79424
ANTENNA__06740__A, 303.44, 350.88, 1.79424
ANTENNA__06714__B_N, 303.44, 350.88, 1.79424
ANTENNA__07365__A2, 303.44, 350.88, 1.79424
ANTENNA__07365__B1, 303.44, 350.88, 1.79424
ANTENNA__13069__RESET_B, 303.44, 350.88, 1.79424
ANTENNA_clkbuf_leaf_68_wclk_A, 303.44, 350.88, 1.79424
FILLER_0_124_640, 303.44, 350.88, 1.79424
_11836_, 316.24, 350.88, 1.79428
_14585_, 316.24, 350.88, 1.79428
clkbuf_4_13_0_wclk, 316.24, 350.88, 1.79428
ANTENNA__07407__B1, 316.24, 350.88, 1.79428
ANTENNA__07887__A2, 316.24, 350.88, 1.79428
ANTENNA__11885__A1, 316.24, 350.88, 1.79428
ANTENNA__11885__S, 316.24, 350.88, 1.79428
ANTENNA__13060__RESET_B, 316.24, 350.88, 1.79428
FILLER_0_124_666, 316.24, 350.88, 1.79428
FILLER_0_125_669, 316.24, 350.88, 1.79428
_10407_, 341.84, 350.88, 1.79433
_11833_, 341.84, 350.88, 1.79433
_11834_, 341.84, 350.88, 1.79433
_13944_, 341.84, 350.88, 1.79433
_14616_, 341.84, 350.88, 1.79433
ANTENNA__10406__S, 341.84, 350.88, 1.79433
ANTENNA__11833__S, 341.84, 350.88, 1.79433
_11821_, 354.64, 350.88, 1.79431
_11822_, 354.64, 350.88, 1.79431
_12921_, 354.64, 350.88, 1.79431
_14578_, 354.64, 350.88, 1.79431
ANTENNA__12921__S, 354.64, 350.88, 1.79431
ANTENNA__07806__B1, 354.64, 350.88, 1.79431
ANTENNA__11901__A1, 354.64, 350.88, 1.79431
ANTENNA__12921__A1, 354.64, 350.88, 1.79431
_07513_, 367.44, 350.88, 1.79429
_07514_, 367.44, 350.88, 1.79429
_11819_, 367.44, 350.88, 1.79429
_14610_, 367.44, 350.88, 1.79429
ANTENNA__07514__B1, 367.44, 350.88, 1.79429
ANTENNA__11821__A1, 367.44, 350.88, 1.79429
FILLER_0_125_781, 367.44, 350.88, 1.79429
_07536_, 380.24, 350.88, 1.79428
_11887_, 380.24, 350.88, 1.79428
_11888_, 380.24, 350.88, 1.79428
_14582_, 380.24, 350.88, 1.79428
_14609_, 380.24, 350.88, 1.79428
FILLER_0_125_802, 380.24, 350.88, 1.79428
FILLER_0_125_821, 380.24, 350.88, 1.79428
_07707_, 393.04, 350.88, 1.79429
_11827_, 393.04, 350.88, 1.79429
_11829_, 393.04, 350.88, 1.79429
_11830_, 393.04, 350.88, 1.79429
_14581_, 393.04, 350.88, 1.79429
ANTENNA__11829__S, 393.04, 350.88, 1.79429
_11895_, 405.84, 350.88, 1.7943
_11896_, 405.84, 350.88, 1.7943
_12915_, 405.84, 350.88, 1.7943
_14613_, 405.84, 350.88, 1.7943
ANTENNA__07707__B1, 405.84, 350.88, 1.7943
ANTENNA__11895__S, 405.84, 350.88, 1.7943
FILLER_0_124_858, 405.84, 350.88, 1.7943
_07708_, 418.64, 350.88, 1.79432
_07729_, 418.64, 350.88, 1.79432
_10942_, 418.64, 350.88, 1.79432
_14194_, 418.64, 350.88, 1.79432
ANTENNA__12915__S, 418.64, 350.88, 1.79432
ANTENNA__11895__A1, 418.64, 350.88, 1.79432
ANTENNA__12917__A1, 418.64, 350.88, 1.79432
_08959_, 431.44, 350.88, 1.79435
_10939_, 431.44, 350.88, 1.79435
_10940_, 431.44, 350.88, 1.79435
_10941_, 431.44, 350.88, 1.79435
_13298_, 431.44, 350.88, 1.79435
ANTENNA__10939__A1, 431.44, 350.88, 1.79435
ANTENNA__10939__S, 431.44, 350.88, 1.79435
_10946_, 444.24, 350.88, 1.79439
_10947_, 444.24, 350.88, 1.79439
_14196_, 444.24, 350.88, 1.79439
ANTENNA__10945__A1, 444.24, 350.88, 1.79439
ANTENNA__10947__A1, 444.24, 350.88, 1.79439
ANTENNA__10947__S, 444.24, 350.88, 1.79439
ANTENNA__10945__S, 444.24, 350.88, 1.79439
FILLER_0_124_944, 444.24, 350.88, 1.79439
FILLER_0_125_947, 444.24, 350.88, 1.79439
_07594_, 457.04, 350.88, 1.79444
_08963_, 457.04, 350.88, 1.79444
_08971_, 457.04, 350.88, 1.79444
ANTENNA__07594__A2, 457.04, 350.88, 1.79444
ANTENNA__07546__A2, 457.04, 350.88, 1.79444
ANTENNA__07594__B1, 457.04, 350.88, 1.79444
ANTENNA__08970__S, 457.04, 350.88, 1.79444
ANTENNA__10953__S, 457.04, 350.88, 1.79444
FILLER_0_125_979, 457.04, 350.88, 1.79444
FILLER_0_125_986, 457.04, 350.88, 1.79444
FILLER_0_126_985, 457.04, 350.88, 1.79444
FILLER_0_126_993, 457.04, 350.88, 1.79444
_08970_, 469.84, 350.88, 1.79448
_13304_, 469.84, 350.88, 1.79448
clkbuf_leaf_86_wclk, 469.84, 350.88, 1.79448
ANTENNA__08960__S, 469.84, 350.88, 1.79448
FILLER_0_125_1005, 469.84, 350.88, 1.79448
PHY_244, 5.52, 345.44, 1.79473
PHY_246, 5.52, 345.44, 1.79473
PHY_245, 494.04, 345.44, 1.79459
PHY_247, 494.04, 345.44, 1.79459
input8, 494.04, 345.44, 1.79459
ANTENNA__12513__A1, 494.04, 345.44, 1.79459
_09120_, 34.64, 345.44, 1.79466
_09127_, 34.64, 345.44, 1.79466
_09128_, 34.64, 345.44, 1.79466
_13373_, 34.64, 345.44, 1.79466
FILLER_0_122_53, 34.64, 345.44, 1.79466
FILLER_0_122_61, 34.64, 345.44, 1.79466
FILLER_0_123_51, 34.64, 345.44, 1.79466
FILLER_0_123_57, 34.64, 345.44, 1.79466
_08098_, 47.44, 345.44, 1.79459
_09119_, 47.44, 345.44, 1.79459
_13309_, 47.44, 345.44, 1.79459
clkbuf_leaf_37_wclk, 47.44, 345.44, 1.79459
ANTENNA__08098__B1, 47.44, 345.44, 1.79459
ANTENNA_clkbuf_leaf_37_wclk_A, 47.44, 345.44, 1.79459
FILLER_0_123_93, 47.44, 345.44, 1.79459
FILLER_0_124_92, 47.44, 345.44, 1.79459
_08285_, 60.24, 345.44, 1.79454
_08989_, 60.24, 345.44, 1.79454
_10964_, 60.24, 345.44, 1.79454
_14205_, 60.24, 345.44, 1.79454
ANTENNA__08097__B1, 60.24, 345.44, 1.79454
FILLER_0_123_129, 60.24, 345.44, 1.79454
_08983_, 73.04, 345.44, 1.79451
_09118_, 73.04, 345.44, 1.79451
_13308_, 73.04, 345.44, 1.79451
_13310_, 73.04, 345.44, 1.79451
_13372_, 73.04, 345.44, 1.79451
ANTENNA__08051__C, 73.04, 345.44, 1.79451
ANTENNA__08146__C, 73.04, 345.44, 1.79451
ANTENNA__09117__A0, 73.04, 345.44, 1.79451
FILLER_0_123_150, 73.04, 345.44, 1.79451
_08977_, 85.84, 345.44, 1.79449
_13307_, 85.84, 345.44, 1.79449
ANTENNA__08977__A0, 85.84, 345.44, 1.79449
ANTENNA__08977__S, 85.84, 345.44, 1.79449
ANTENNA__11842__S, 85.84, 345.44, 1.79449
FILLER_0_123_165, 85.84, 345.44, 1.79449
FILLER_0_123_188, 85.84, 345.44, 1.79449
FILLER_0_124_175, 85.84, 345.44, 1.79449
FILLER_0_124_184, 85.84, 345.44, 1.79449
_08253_, 98.64, 345.44, 1.79447
_10423_, 98.64, 345.44, 1.79447
_10424_, 98.64, 345.44, 1.79447
_11851_, 98.64, 345.44, 1.79447
_11921_, 98.64, 345.44, 1.79447
_12939_, 98.64, 345.44, 1.79447
ANTENNA__08253__A2, 98.64, 345.44, 1.79447
ANTENNA__08253__B1, 98.64, 345.44, 1.79447
ANTENNA__10423__S, 98.64, 345.44, 1.79447
ANTENNA__11920__A1, 98.64, 345.44, 1.79447
ANTENNA__11920__S, 98.64, 345.44, 1.79447
FILLER_0_123_211, 98.64, 345.44, 1.79447
_11764_, 111.44, 345.44, 1.79446
_12938_, 111.44, 345.44, 1.79446
ANTENNA__12938__S, 111.44, 345.44, 1.79446
ANTENNA__08206__B1, 111.44, 345.44, 1.79446
ANTENNA__08275__C, 111.44, 345.44, 1.79446
ANTENNA__08275__D, 111.44, 345.44, 1.79446
ANTENNA__11918__A1, 111.44, 345.44, 1.79446
ANTENNA__11918__S, 111.44, 345.44, 1.79446
FILLER_0_123_217, 111.44, 345.44, 1.79446
FILLER_0_123_225, 111.44, 345.44, 1.79446
FILLER_0_123_236, 111.44, 345.44, 1.79446
_12937_, 124.24, 345.44, 1.79445
_13950_, 124.24, 345.44, 1.79445
_14590_, 124.24, 345.44, 1.79445
ANTENNA__08206__A2, 124.24, 345.44, 1.79445
ANTENNA__08134__D, 124.24, 345.44, 1.79445
ANTENNA__08228__D, 124.24, 345.44, 1.79445
ANTENNA__11912__S, 124.24, 345.44, 1.79445
ANTENNA__10278__A, 124.24, 345.44, 1.79445
FILLER_0_122_253, 124.24, 345.44, 1.79445
FILLER_0_123_249, 124.24, 345.44, 1.79445
FILLER_0_123_260, 124.24, 345.44, 1.79445
_08159_, 137.04, 345.44, 1.79445
_11846_, 137.04, 345.44, 1.79445
_11915_, 137.04, 345.44, 1.79445
_14622_, 137.04, 345.44, 1.79445
_15102_, 137.04, 345.44, 1.79445
_08160_, 149.84, 345.44, 1.79446
_08182_, 149.84, 345.44, 1.79446
_12929_, 149.84, 345.44, 1.79446
_13947_, 149.84, 345.44, 1.79446
_15099_, 149.84, 345.44, 1.79446
ANTENNA__10413__A1, 149.84, 345.44, 1.79446
FILLER_0_122_301, 149.84, 345.44, 1.79446
_08347_, 162.64, 345.44, 1.79449
_10414_, 162.64, 345.44, 1.79449
_10427_, 162.64, 345.44, 1.79449
_11854_, 162.64, 345.44, 1.79449
ANTENNA__08016__A2, 162.64, 345.44, 1.79449
ANTENNA__08016__B1, 162.64, 345.44, 1.79449
ANTENNA__08347__B1, 162.64, 345.44, 1.79449
ANTENNA__10427__A1, 162.64, 345.44, 1.79449
ANTENNA__10413__S, 162.64, 345.44, 1.79449
ANTENNA__11854__S, 162.64, 345.44, 1.79449
ANTENNA__11922__S, 162.64, 345.44, 1.79449
FILLER_0_122_329, 162.64, 345.44, 1.79449
FILLER_0_123_337, 162.64, 345.44, 1.79449
_07916_, 188.24, 345.44, 1.79446
_08416_, 188.24, 345.44, 1.79446
_10412_, 188.24, 345.44, 1.79446
_11839_, 188.24, 345.44, 1.79446
_13946_, 188.24, 345.44, 1.79446
_14586_, 188.24, 345.44, 1.79446
ANTENNA__07917__B1, 188.24, 345.44, 1.79446
ANTENNA__10411__A1, 188.24, 345.44, 1.79446
FILLER_0_123_396, 188.24, 345.44, 1.79446
_07955_, 201.04, 345.44, 1.79441
_08789_, 201.04, 345.44, 1.79441
_09339_, 201.04, 345.44, 1.79441
_09370_, 201.04, 345.44, 1.79441
_10411_, 201.04, 345.44, 1.79441
_11906_, 201.04, 345.44, 1.79441
FILLER_0_124_429, 201.04, 345.44, 1.79441
_08444_, 213.84, 345.44, 1.79437
_08648_, 213.84, 345.44, 1.79437
_08719_, 213.84, 345.44, 1.79437
ANTENNA__08444__C, 213.84, 345.44, 1.79437
ANTENNA__07955__D, 213.84, 345.44, 1.79437
ANTENNA__08719__A0, 213.84, 345.44, 1.79437
ANTENNA__08719__S, 213.84, 345.44, 1.79437
ANTENNA__08648__A, 213.84, 345.44, 1.79437
FILLER_0_122_439, 213.84, 345.44, 1.79437
FILLER_0_122_448, 213.84, 345.44, 1.79437
FILLER_0_123_441, 213.84, 345.44, 1.79437
FILLER_0_123_449, 213.84, 345.44, 1.79437
FILLER_0_123_463, 213.84, 345.44, 1.79437
_13014_, 226.64, 345.44, 1.79434
_13015_, 226.64, 345.44, 1.79434
_13412_, 226.64, 345.44, 1.79434
_15140_, 226.64, 345.44, 1.79434
ANTENNA__07915__A, 226.64, 345.44, 1.79434
ANTENNA__07895__B1, 226.64, 345.44, 1.79434
ANTENNA__08463__D, 226.64, 345.44, 1.79434
ANTENNA__09202__A0, 226.64, 345.44, 1.79434
ANTENNA__13014__A1, 226.64, 345.44, 1.79434
ANTENNA__12946__A1, 226.64, 345.44, 1.79434
_09787_, 239.44, 345.44, 1.79431
_13668_, 239.44, 345.44, 1.79431
ANTENNA__13014__S, 239.44, 345.44, 1.79431
ANTENNA__08445__A2, 239.44, 345.44, 1.79431
ANTENNA__07914__A, 239.44, 345.44, 1.79431
ANTENNA__10410__A, 239.44, 345.44, 1.79431
FILLER_0_122_506, 239.44, 345.44, 1.79431
FILLER_0_123_513, 239.44, 345.44, 1.79431
_13110_, 252.24, 345.44, 1.79429
_13200_, 252.24, 345.44, 1.79429
ANTENNA__08455__B, 252.24, 345.44, 1.79429
ANTENNA__09786__A0, 252.24, 345.44, 1.79429
ANTENNA__09786__S, 252.24, 345.44, 1.79429
FILLER_0_122_529, 252.24, 345.44, 1.79429
FILLER_0_122_533, 252.24, 345.44, 1.79429
FILLER_0_123_525, 252.24, 345.44, 1.79429
FILLER_0_124_546, 252.24, 345.44, 1.79429
_08746_, 265.04, 345.44, 1.79428
_13125_, 265.04, 345.44, 1.79428
ANTENNA__13125__RESET_B, 265.04, 345.44, 1.79428
ANTENNA__13110__RESET_B, 265.04, 345.44, 1.79428
FILLER_0_122_557, 265.04, 345.44, 1.79428
FILLER_0_123_557, 265.04, 345.44, 1.79428
FILLER_0_123_561, 265.04, 345.44, 1.79428
_08521_, 277.84, 345.44, 1.79427
_08522_, 277.84, 345.44, 1.79427
_13088_, 277.84, 345.44, 1.79427
ANTENNA__06571__A, 277.84, 345.44, 1.79427
ANTENNA__13124__RESET_B, 277.84, 345.44, 1.79427
ANTENNA__13104__RESET_B, 277.84, 345.44, 1.79427
ANTENNA__13088__RESET_B, 277.84, 345.44, 1.79427
ANTENNA__13087__RESET_B, 277.84, 345.44, 1.79427
FILLER_0_123_599, 277.84, 345.44, 1.79427
_06527_, 290.64, 345.44, 1.79428
_06569_, 290.64, 345.44, 1.79428
_06702_, 290.64, 345.44, 1.79428
_06714_, 290.64, 345.44, 1.79428
_13102_, 290.64, 345.44, 1.79428
ANTENNA__13102__RESET_B, 290.64, 345.44, 1.79428
FILLER_0_123_609, 290.64, 345.44, 1.79428
_07886_, 303.44, 345.44, 1.79432
_08616_, 303.44, 345.44, 1.79432
_13069_, 303.44, 345.44, 1.79432
_13145_, 303.44, 345.44, 1.79432
ANTENNA__07886__A2, 303.44, 345.44, 1.79432
ANTENNA__07886__B1, 303.44, 345.44, 1.79432
ANTENNA__08615__A0, 303.44, 345.44, 1.79432
ANTENNA__11817__A1, 303.44, 345.44, 1.79432
FILLER_0_123_638, 303.44, 345.44, 1.79432
FILLER_0_123_646, 303.44, 345.44, 1.79432
FILLER_0_124_653, 303.44, 345.44, 1.79432
FILLER_0_124_659, 303.44, 345.44, 1.79432
ANTENNA__12904__A, 316.24, 345.44, 1.79439
ANTENNA__07361__A, 316.24, 345.44, 1.79439
ANTENNA__07366__A2, 316.24, 345.44, 1.79439
ANTENNA__08588__A0, 316.24, 345.44, 1.79439
ANTENNA__08615__S, 316.24, 345.44, 1.79439
ANTENNA__10955__S, 316.24, 345.44, 1.79439
ANTENNA__07887__A1, 316.24, 345.44, 1.79439
ANTENNA_clkbuf_4_13_0_wclk_A, 316.24, 345.44, 1.79439
FILLER_0_123_677, 316.24, 345.44, 1.79439
_07843_, 341.84, 345.44, 1.79442
_11901_, 341.84, 345.44, 1.79442
ANTENNA__07843__C, 341.84, 345.44, 1.79442
ANTENNA__09899__A0, 341.84, 345.44, 1.79442
ANTENNA__11833__A1, 341.84, 345.44, 1.79442
ANTENNA__11901__S, 341.84, 345.44, 1.79442
FILLER_0_122_728, 341.84, 345.44, 1.79442
FILLER_0_123_722, 341.84, 345.44, 1.79442
FILLER_0_123_729, 341.84, 345.44, 1.79442
FILLER_0_123_743, 341.84, 345.44, 1.79442
_07539_, 354.64, 345.44, 1.79439
_07834_, 354.64, 345.44, 1.79439
ANTENNA__07806__A2, 354.64, 345.44, 1.79439
ANTENNA__11821__S, 354.64, 345.44, 1.79439
ANTENNA__07539__A1, 354.64, 345.44, 1.79439
ANTENNA__07834__A1, 354.64, 345.44, 1.79439
FILLER_0_123_771, 354.64, 345.44, 1.79439
FILLER_0_124_761, 354.64, 345.44, 1.79439
FILLER_0_124_772, 354.64, 345.44, 1.79439
_10399_, 367.44, 345.44, 1.79437
_11889_, 367.44, 345.44, 1.79437
_11890_, 367.44, 345.44, 1.79437
ANTENNA__07514__A2, 367.44, 345.44, 1.79437
ANTENNA__10398__S, 367.44, 345.44, 1.79437
ANTENNA__11889__A1, 367.44, 345.44, 1.79437
ANTENNA__11819__S, 367.44, 345.44, 1.79437
ANTENNA__11889__S, 367.44, 345.44, 1.79437
FILLER_0_122_780, 367.44, 345.44, 1.79437
FILLER_0_122_785, 367.44, 345.44, 1.79437
FILLER_0_123_798, 367.44, 345.44, 1.79437
FILLER_0_124_795, 367.44, 345.44, 1.79437
_07537_, 380.24, 345.44, 1.79435
ANTENNA__07536__D, 380.24, 345.44, 1.79435
ANTENNA__11887__A1, 380.24, 345.44, 1.79435
ANTENNA__11887__S, 380.24, 345.44, 1.79435
FILLER_0_122_804, 380.24, 345.44, 1.79435
FILLER_0_124_822, 380.24, 345.44, 1.79435
_10396_, 393.04, 345.44, 1.79433
_10405_, 393.04, 345.44, 1.79433
_11828_, 393.04, 345.44, 1.79433
ANTENNA__07707__A2, 393.04, 345.44, 1.79433
ANTENNA__10404__S, 393.04, 345.44, 1.79433
ANTENNA__10396__S, 393.04, 345.44, 1.79433
ANTENNA__11829__A1, 393.04, 345.44, 1.79433
FILLER_0_122_831, 393.04, 345.44, 1.79433
FILLER_0_123_829, 393.04, 345.44, 1.79433
FILLER_0_123_837, 393.04, 345.44, 1.79433
_11897_, 405.84, 345.44, 1.79432
_14614_, 405.84, 345.44, 1.79432
ANTENNA__12919__S, 405.84, 345.44, 1.79432
ANTENNA__07754__A2, 405.84, 345.44, 1.79432
ANTENNA__11897__S, 405.84, 345.44, 1.79432
FILLER_0_122_862, 405.84, 345.44, 1.79432
FILLER_0_122_869, 405.84, 345.44, 1.79432
_07634_, 418.64, 345.44, 1.79431
_11898_, 418.64, 345.44, 1.79431
clkbuf_4_15_0_wclk, 418.64, 345.44, 1.79431
ANTENNA__07755__A2, 418.64, 345.44, 1.79431
ANTENNA__07708__A2, 418.64, 345.44, 1.79431
ANTENNA__07634__D, 418.64, 345.44, 1.79431
ANTENNA__11897__A1, 418.64, 345.44, 1.79431
ANTENNA__12919__A1, 418.64, 345.44, 1.79431
ANTENNA__13067__RESET_B, 418.64, 345.44, 1.79431
ANTENNA_clkbuf_4_15_0_wclk_A, 418.64, 345.44, 1.79431
FILLER_0_122_893, 418.64, 345.44, 1.79431
FILLER_0_123_897, 418.64, 345.44, 1.79431
_07498_, 431.44, 345.44, 1.79435
_08958_, 431.44, 345.44, 1.79435
_14193_, 431.44, 345.44, 1.79435
ANTENNA__07498__A2, 431.44, 345.44, 1.79435
ANTENNA__07498__B1, 431.44, 345.44, 1.79435
ANTENNA__08958__A0, 431.44, 345.44, 1.79435
ANTENNA__08609__A0, 431.44, 345.44, 1.79435
ANTENNA__08958__S, 431.44, 345.44, 1.79435
ANTENNA__07782__A1, 431.44, 345.44, 1.79435
FILLER_0_122_925, 431.44, 345.44, 1.79435
_07431_, 444.24, 345.44, 1.7944
_08956_, 444.24, 345.44, 1.7944
_08957_, 444.24, 345.44, 1.7944
_10945_, 444.24, 345.44, 1.7944
_13297_, 444.24, 345.44, 1.7944
ANTENNA__08956__A0, 444.24, 345.44, 1.7944
ANTENNA__08956__S, 444.24, 345.44, 1.7944
FILLER_0_123_940, 444.24, 345.44, 1.7944
_07546_, 457.04, 345.44, 1.79445
_08962_, 457.04, 345.44, 1.79445
_08965_, 457.04, 345.44, 1.79445
_13300_, 457.04, 345.44, 1.79445
_13301_, 457.04, 345.44, 1.79445
ANTENNA__07546__B1, 457.04, 345.44, 1.79445
ANTENNA__08964__S, 457.04, 345.44, 1.79445
FILLER_0_123_985, 457.04, 345.44, 1.79445
_07789_, 469.84, 345.44, 1.79452
_08961_, 469.84, 345.44, 1.79452
_08964_, 469.84, 345.44, 1.79452
_08969_, 469.84, 345.44, 1.79452
_13299_, 469.84, 345.44, 1.79452
ANTENNA__09108__S, 469.84, 345.44, 1.79452
PHY_240, 5.52, 340, 1.7948
PHY_242, 5.52, 340, 1.7948
_07791_, 494.04, 340, 1.79467
PHY_241, 494.04, 340, 1.79467
PHY_243, 494.04, 340, 1.79467
ANTENNA__07734__B1, 494.04, 340, 1.79467
_09909_, 34.64, 340, 1.79475
_13377_, 34.64, 340, 1.79475
ANTENNA__12532__S, 34.64, 340, 1.79475
ANTENNA__09908__A0, 34.64, 340, 1.79475
ANTENNA__09916__S, 34.64, 340, 1.79475
ANTENNA__09908__S, 34.64, 340, 1.79475
FILLER_0_121_60, 34.64, 340, 1.79475
FILLER_0_121_70, 34.64, 340, 1.79475
_08099_, 47.44, 340, 1.7947
_08286_, 47.44, 340, 1.7947
_08981_, 47.44, 340, 1.7947
_08982_, 47.44, 340, 1.7947
_12526_, 47.44, 340, 1.7947
ANTENNA__12526__S, 47.44, 340, 1.7947
ANTENNA__08286__A2, 47.44, 340, 1.7947
ANTENNA__08286__B1, 47.44, 340, 1.7947
ANTENNA__08099__C, 47.44, 340, 1.7947
ANTENNA__08981__A0, 47.44, 340, 1.7947
ANTENNA__12526__A1, 47.44, 340, 1.7947
FILLER_0_120_78, 47.44, 340, 1.7947
FILLER_0_120_85, 47.44, 340, 1.7947
FILLER_0_121_89, 47.44, 340, 1.7947
FILLER_0_122_99, 47.44, 340, 1.7947
_08097_, 60.24, 340, 1.79466
_08139_, 60.24, 340, 1.79466
ANTENNA__12390__S, 60.24, 340, 1.79466
ANTENNA__12182__A0, 60.24, 340, 1.79466
ANTENNA__08139__A2, 60.24, 340, 1.79466
ANTENNA__08139__B1, 60.24, 340, 1.79466
ANTENNA__08981__S, 60.24, 340, 1.79466
ANTENNA__09910__A0, 60.24, 340, 1.79466
ANTENNA__10964__A1, 60.24, 340, 1.79466
ANTENNA__10964__S, 60.24, 340, 1.79466
FILLER_0_122_130, 60.24, 340, 1.79466
_08050_, 73.04, 340, 1.79462
_08051_, 73.04, 340, 1.79462
_08145_, 73.04, 340, 1.79462
_08146_, 73.04, 340, 1.79462
_09117_, 73.04, 340, 1.79462
ANTENNA__08145__A2, 73.04, 340, 1.79462
ANTENNA__08145__B1, 73.04, 340, 1.79462
ANTENNA__09117__S, 73.04, 340, 1.79462
ANTENNA__12522__A1, 73.04, 340, 1.79462
FILLER_0_120_141, 73.04, 340, 1.79462
FILLER_0_121_133, 73.04, 340, 1.79462
_08978_, 85.84, 340, 1.79458
_10961_, 85.84, 340, 1.79458
_14203_, 85.84, 340, 1.79458
_14592_, 85.84, 340, 1.79458
ANTENNA__08050__A2, 85.84, 340, 1.79458
ANTENNA__08050__B1, 85.84, 340, 1.79458
ANTENNA__10423__A1, 85.84, 340, 1.79458
FILLER_0_121_172, 85.84, 340, 1.79458
FILLER_0_122_182, 85.84, 340, 1.79458
_08254_, 98.64, 340, 1.79456
_11850_, 98.64, 340, 1.79456
_13952_, 98.64, 340, 1.79456
_15104_, 98.64, 340, 1.79456
ANTENNA__08254__A2, 98.64, 340, 1.79456
ANTENNA__08254__B1, 98.64, 340, 1.79456
ANTENNA__12938__A1, 98.64, 340, 1.79456
FILLER_0_121_207, 98.64, 340, 1.79456
_08206_, 111.44, 340, 1.79454
_08275_, 111.44, 340, 1.79454
_10421_, 111.44, 340, 1.79454
_11918_, 111.44, 340, 1.79454
_15103_, 111.44, 340, 1.79454
ANTENNA__10421__S, 111.44, 340, 1.79454
FILLER_0_121_241, 111.44, 340, 1.79454
_08228_, 124.24, 340, 1.79454
_10278_, 124.24, 340, 1.79454
_11847_, 124.24, 340, 1.79454
_12936_, 124.24, 340, 1.79454
ANTENNA__12936__S, 124.24, 340, 1.79454
ANTENNA__11846__A1, 124.24, 340, 1.79454
FILLER_0_122_266, 124.24, 340, 1.79454
_08913_, 137.04, 340, 1.79455
_08920_, 137.04, 340, 1.79455
_11914_, 137.04, 340, 1.79455
ANTENNA__08159__A2, 137.04, 340, 1.79455
ANTENNA__08159__B1, 137.04, 340, 1.79455
ANTENNA__08228__C, 137.04, 340, 1.79455
ANTENNA__08920__A0, 137.04, 340, 1.79455
ANTENNA__08912__S, 137.04, 340, 1.79455
ANTENNA__11846__S, 137.04, 340, 1.79455
ANTENNA__11914__S, 137.04, 340, 1.79455
FILLER_0_121_281, 137.04, 340, 1.79455
FILLER_0_121_294, 137.04, 340, 1.79455
_08015_, 149.84, 340, 1.79455
_08016_, 149.84, 340, 1.79455
_10413_, 149.84, 340, 1.79455
_11770_, 149.84, 340, 1.79455
_11841_, 149.84, 340, 1.79455
_14587_, 149.84, 340, 1.79455
ANTENNA__08015__A2, 149.84, 340, 1.79455
ANTENNA__08015__B1, 149.84, 340, 1.79455
ANTENNA__08039__D, 149.84, 340, 1.79455
ANTENNA__11914__A1, 149.84, 340, 1.79455
ANTENNA__11770__A, 149.84, 340, 1.79455
FILLER_0_122_324, 149.84, 340, 1.79455
_11855_, 162.64, 340, 1.79457
_11922_, 162.64, 340, 1.79457
_11923_, 162.64, 340, 1.79457
clkbuf_leaf_54_wclk, 162.64, 340, 1.79457
ANTENNA__08039__C, 162.64, 340, 1.79457
ANTENNA__11922__A1, 162.64, 340, 1.79457
ANTENNA__11854__A1, 162.64, 340, 1.79457
ANTENNA__11908__S, 162.64, 340, 1.79457
ANTENNA__11761__A, 162.64, 340, 1.79457
_11838_, 188.24, 340, 1.79458
_11907_, 188.24, 340, 1.79458
_14618_, 188.24, 340, 1.79458
ANTENNA__08395__A2, 188.24, 340, 1.79458
ANTENNA__08395__B1, 188.24, 340, 1.79458
ANTENNA__11906__A1, 188.24, 340, 1.79458
ANTENNA__11838__A1, 188.24, 340, 1.79458
ANTENNA__11838__S, 188.24, 340, 1.79458
FILLER_0_121_387, 188.24, 340, 1.79458
FILLER_0_121_406, 188.24, 340, 1.79458
_07912_, 201.04, 340, 1.79455
_07913_, 201.04, 340, 1.79455
_09114_, 201.04, 340, 1.79455
_12925_, 201.04, 340, 1.79455
ANTENNA__12925__A, 201.04, 340, 1.79455
ANTENNA__07912__A, 201.04, 340, 1.79455
ANTENNA__07913__A, 201.04, 340, 1.79455
ANTENNA__09113__A0, 201.04, 340, 1.79455
ANTENNA__08619__A0, 201.04, 340, 1.79455
ANTENNA__08619__S, 201.04, 340, 1.79455
ANTENNA__11906__S, 201.04, 340, 1.79455
FILLER_0_120_421, 201.04, 340, 1.79455
FILLER_0_121_422, 201.04, 340, 1.79455
FILLER_0_122_430, 201.04, 340, 1.79455
_10958_, 213.84, 340, 1.79453
ANTENNA__07890__A2, 213.84, 340, 1.79453
ANTENNA__07896__A2, 213.84, 340, 1.79453
ANTENNA__07896__B1, 213.84, 340, 1.79453
ANTENNA__07895__A2, 213.84, 340, 1.79453
ANTENNA__08975__A0, 213.84, 340, 1.79453
ANTENNA__08975__S, 213.84, 340, 1.79453
ANTENNA__09113__S, 213.84, 340, 1.79453
ANTENNA__10958__A1, 213.84, 340, 1.79453
ANTENNA__10958__S, 213.84, 340, 1.79453
ANTENNA__09370__A, 213.84, 340, 1.79453
FILLER_0_121_449, 213.84, 340, 1.79453
FILLER_0_121_460, 213.84, 340, 1.79453
FILLER_0_122_454, 213.84, 340, 1.79453
FILLER_0_122_459, 213.84, 340, 1.79453
_07895_, 226.64, 340, 1.79451
_07915_, 226.64, 340, 1.79451
_08445_, 226.64, 340, 1.79451
_08975_, 226.64, 340, 1.79451
_09202_, 226.64, 340, 1.79451
_10410_, 226.64, 340, 1.79451
_08442_, 239.44, 340, 1.79449
_13956_, 239.44, 340, 1.79449
ANTENNA__12946__S, 239.44, 340, 1.79449
ANTENNA__08445__A3, 239.44, 340, 1.79449
ANTENNA__08442__A2, 239.44, 340, 1.79449
ANTENNA__08442__B1, 239.44, 340, 1.79449
ANTENNA__09202__S, 239.44, 340, 1.79449
ANTENNA__10431__A1, 239.44, 340, 1.79449
FILLER_0_121_505, 239.44, 340, 1.79449
FILLER_0_122_521, 239.44, 340, 1.79449
_08642_, 252.24, 340, 1.79448
_08748_, 252.24, 340, 1.79448
_10432_, 252.24, 340, 1.79448
ANTENNA__10431__S, 252.24, 340, 1.79448
ANTENNA__08642__A, 252.24, 340, 1.79448
FILLER_0_120_533, 252.24, 340, 1.79448
_06571_, 265.04, 340, 1.79447
_07362_, 265.04, 340, 1.79447
_13087_, 265.04, 340, 1.79447
ANTENNA__07362__A, 265.04, 340, 1.79447
ANTENNA__08746__A, 265.04, 340, 1.79447
ANTENNA__08954__S, 265.04, 340, 1.79447
FILLER_0_121_551, 265.04, 340, 1.79447
FILLER_0_121_571, 265.04, 340, 1.79447
FILLER_0_122_569, 265.04, 340, 1.79447
_13094_, 277.84, 340, 1.79447
ANTENNA__06817__A, 277.84, 340, 1.79447
ANTENNA__06817__B, 277.84, 340, 1.79447
ANTENNA__13094__RESET_B, 277.84, 340, 1.79447
FILLER_0_120_589, 277.84, 340, 1.79447
_13095_, 290.64, 340, 1.79447
hold11, 290.64, 340, 1.79447
ANTENNA__10389__A, 290.64, 340, 1.79447
FILLER_0_121_625, 290.64, 340, 1.79447
FILLER_0_122_629, 290.64, 340, 1.79447
_07361_, 303.44, 340, 1.79448
_07887_, 303.44, 340, 1.79448
_08615_, 303.44, 340, 1.79448
_10389_, 303.44, 340, 1.79448
_10938_, 303.44, 340, 1.79448
ANTENNA__10937__A0, 303.44, 340, 1.79448
_07407_, 316.24, 340, 1.79451
_08589_, 316.24, 340, 1.79451
_10955_, 316.24, 340, 1.79451
_10956_, 316.24, 340, 1.79451
_12904_, 316.24, 340, 1.79451
_13060_, 316.24, 340, 1.79451
ANTENNA__07407__A2, 316.24, 340, 1.79451
_09900_, 341.84, 340, 1.7945
_13062_, 341.84, 340, 1.7945
_13068_, 341.84, 340, 1.7945
ANTENNA__07834__A2, 341.84, 340, 1.7945
ANTENNA__08972__A0, 341.84, 340, 1.7945
ANTENNA__13068__RESET_B, 341.84, 340, 1.7945
ANTENNA__13062__RESET_B, 341.84, 340, 1.7945
FILLER_0_121_737, 341.84, 340, 1.7945
FILLER_0_122_740, 341.84, 340, 1.7945
_08613_, 354.64, 340, 1.79447
_13144_, 354.64, 340, 1.79447
_13940_, 354.64, 340, 1.79447
ANTENNA__07539__A2, 354.64, 340, 1.79447
ANTENNA__13062__CLK, 354.64, 340, 1.79447
ANTENNA__13068__CLK, 354.64, 340, 1.79447
FILLER_0_122_772, 354.64, 340, 1.79447
_07538_, 367.44, 340, 1.79445
_10398_, 367.44, 340, 1.79445
_12914_, 367.44, 340, 1.79445
ANTENNA__07538__B1, 367.44, 340, 1.79445
ANTENNA__07538__A2, 367.44, 340, 1.79445
ANTENNA__10398__A1, 367.44, 340, 1.79445
FILLER_0_122_796, 367.44, 340, 1.79445
_10397_, 380.24, 340, 1.79444
_12913_, 380.24, 340, 1.79444
_14612_, 380.24, 340, 1.79444
ANTENNA__12913__S, 380.24, 340, 1.79444
ANTENNA__07610__A2, 380.24, 340, 1.79444
ANTENNA__07610__B1, 380.24, 340, 1.79444
ANTENNA__12913__A1, 380.24, 340, 1.79444
FILLER_0_120_809, 380.24, 340, 1.79444
FILLER_0_121_825, 380.24, 340, 1.79444
FILLER_0_122_817, 380.24, 340, 1.79444
FILLER_0_122_822, 380.24, 340, 1.79444
_10404_, 393.04, 340, 1.79444
_13939_, 393.04, 340, 1.79444
_13943_, 393.04, 340, 1.79444
ANTENNA__07754__B1, 393.04, 340, 1.79444
ANTENNA__10396__A1, 393.04, 340, 1.79444
ANTENNA__10404__A1, 393.04, 340, 1.79444
_07754_, 405.84, 340, 1.79444
_07755_, 405.84, 340, 1.79444
_12912_, 405.84, 340, 1.79444
_12919_, 405.84, 340, 1.79444
_12920_, 405.84, 340, 1.79444
_15095_, 405.84, 340, 1.79444
ANTENNA__07755__B1, 405.84, 340, 1.79444
FILLER_0_121_864, 405.84, 340, 1.79444
_12911_, 418.64, 340, 1.79445
_13067_, 418.64, 340, 1.79445
_13143_, 418.64, 340, 1.79445
ANTENNA__12911__S, 418.64, 340, 1.79445
ANTENNA__07781__B1, 418.64, 340, 1.79445
ANTENNA__12911__A1, 418.64, 340, 1.79445
ANTENNA__13067__CLK, 418.64, 340, 1.79445
_07782_, 431.44, 340, 1.79448
_09885_, 431.44, 340, 1.79448
_09886_, 431.44, 340, 1.79448
_12502_, 431.44, 340, 1.79448
_14898_, 431.44, 340, 1.79448
ANTENNA__12501__S, 431.44, 340, 1.79448
ANTENNA__07782__A2, 431.44, 340, 1.79448
ANTENNA__09885__A0, 431.44, 340, 1.79448
ANTENNA__09885__S, 431.44, 340, 1.79448
FILLER_0_120_921, 431.44, 340, 1.79448
_10951_, 444.24, 340, 1.79452
_13714_, 444.24, 340, 1.79452
ANTENNA__07493__A2, 444.24, 340, 1.79452
ANTENNA__07493__B1, 444.24, 340, 1.79452
ANTENNA__07431__A2, 444.24, 340, 1.79452
ANTENNA__07431__B1, 444.24, 340, 1.79452
ANTENNA__10951__S, 444.24, 340, 1.79452
FILLER_0_121_949, 444.24, 340, 1.79452
FILLER_0_121_961, 444.24, 340, 1.79452
FILLER_0_122_966, 444.24, 340, 1.79452
_10952_, 457.04, 340, 1.79456
_13303_, 457.04, 340, 1.79456
_14199_, 457.04, 340, 1.79456
ANTENNA__07789__A2, 457.04, 340, 1.79456
ANTENNA__07789__B1, 457.04, 340, 1.79456
ANTENNA__08962__S, 457.04, 340, 1.79456
ANTENNA__10951__A1, 457.04, 340, 1.79456
FILLER_0_120_969, 457.04, 340, 1.79456
FILLER_0_120_981, 457.04, 340, 1.79456
FILLER_0_121_989, 457.04, 340, 1.79456
FILLER_0_122_985, 457.04, 340, 1.79456
_08968_, 469.84, 340, 1.79462
_09109_, 469.84, 340, 1.79462
ANTENNA__12513__S, 469.84, 340, 1.79462
ANTENNA__07784__A2, 469.84, 340, 1.79462
ANTENNA__07790__B1, 469.84, 340, 1.79462
ANTENNA__07739__A2, 469.84, 340, 1.79462
ANTENNA__08964__A0, 469.84, 340, 1.79462
ANTENNA__08968__A0, 469.84, 340, 1.79462
FILLER_0_121_1017, 469.84, 340, 1.79462
FILLER_0_122_1015, 469.84, 340, 1.79462
PHY_236, 5.52, 334.56, 1.79484
PHY_238, 5.52, 334.56, 1.79484
PHY_237, 494.04, 334.56, 1.79472
PHY_239, 494.04, 334.56, 1.79472
ANTENNA__07734__A2, 494.04, 334.56, 1.79472
ANTENNA__07791__C, 494.04, 334.56, 1.79472
ANTENNA__12511__A1, 494.04, 334.56, 1.79472
_08092_, 34.64, 334.56, 1.79476
_09908_, 34.64, 334.56, 1.79476
_09916_, 34.64, 334.56, 1.79476
_09917_, 34.64, 334.56, 1.79476
_13725_, 34.64, 334.56, 1.79476
ANTENNA__08280__A2, 34.64, 334.56, 1.79476
ANTENNA__09916__A0, 34.64, 334.56, 1.79476
ANTENNA__09367__A, 34.64, 334.56, 1.79476
_09911_, 47.44, 334.56, 1.7947
_12527_, 47.44, 334.56, 1.7947
_13726_, 47.44, 334.56, 1.7947
clkbuf_leaf_31_wclk, 47.44, 334.56, 1.7947
ANTENNA__08092__A2, 47.44, 334.56, 1.7947
ANTENNA__08280__B1, 47.44, 334.56, 1.7947
ANTENNA__08092__B1, 47.44, 334.56, 1.7947
ANTENNA_clkbuf_leaf_31_wclk_A, 47.44, 334.56, 1.7947
FILLER_0_118_78, 47.44, 334.56, 1.7947
FILLER_0_119_89, 47.44, 334.56, 1.7947
FILLER_0_120_102, 47.44, 334.56, 1.7947
_09910_, 60.24, 334.56, 1.79466
_12523_, 60.24, 334.56, 1.79466
_14908_, 60.24, 334.56, 1.79466
ANTENNA__12522__S, 60.24, 334.56, 1.79466
ANTENNA__09910__S, 60.24, 334.56, 1.79466
ANTENNA__12182__S, 60.24, 334.56, 1.79466
FILLER_0_119_113, 60.24, 334.56, 1.79466
FILLER_0_120_119, 60.24, 334.56, 1.79466
FILLER_0_120_125, 60.24, 334.56, 1.79466
_08044_, 73.04, 334.56, 1.79463
_09121_, 73.04, 334.56, 1.79463
_12522_, 73.04, 334.56, 1.79463
_13374_, 73.04, 334.56, 1.79463
ANTENNA__09121__S, 73.04, 334.56, 1.79463
FILLER_0_120_152, 73.04, 334.56, 1.79463
FILLER_0_120_158, 73.04, 334.56, 1.79463
_07982_, 85.84, 334.56, 1.7946
_10960_, 85.84, 334.56, 1.7946
ANTENNA__08044__A2, 85.84, 334.56, 1.7946
ANTENNA__08044__B1, 85.84, 334.56, 1.7946
ANTENNA__07984__C, 85.84, 334.56, 1.7946
ANTENNA__07982__B1, 85.84, 334.56, 1.7946
ANTENNA__09121__A0, 85.84, 334.56, 1.7946
ANTENNA__09906__A0, 85.84, 334.56, 1.7946
FILLER_0_118_168, 85.84, 334.56, 1.7946
FILLER_0_119_173, 85.84, 334.56, 1.7946
_11919_, 98.64, 334.56, 1.79457
_14624_, 98.64, 334.56, 1.79457
ANTENNA__07982__A2, 98.64, 334.56, 1.79457
ANTENNA__09115__S, 98.64, 334.56, 1.79457
ANTENNA__10960__A1, 98.64, 334.56, 1.79457
ANTENNA__10960__S, 98.64, 334.56, 1.79457
ANTENNA__11850__A1, 98.64, 334.56, 1.79457
ANTENNA__11850__S, 98.64, 334.56, 1.79457
ANTENNA_clkbuf_leaf_34_wclk_A, 98.64, 334.56, 1.79457
FILLER_0_118_193, 98.64, 334.56, 1.79457
FILLER_0_118_197, 98.64, 334.56, 1.79457
FILLER_0_119_204, 98.64, 334.56, 1.79457
_10422_, 111.44, 334.56, 1.79456
_13951_, 111.44, 334.56, 1.79456
_14623_, 111.44, 334.56, 1.79456
clkbuf_leaf_34_wclk, 111.44, 334.56, 1.79456
FILLER_0_118_222, 111.44, 334.56, 1.79456
_08207_, 124.24, 334.56, 1.79456
_08912_, 124.24, 334.56, 1.79456
_08921_, 124.24, 334.56, 1.79456
_11916_, 124.24, 334.56, 1.79456
ANTENNA__08207__A2, 124.24, 334.56, 1.79456
ANTENNA__08912__A0, 124.24, 334.56, 1.79456
ANTENNA__11916__A1, 124.24, 334.56, 1.79456
ANTENNA__11916__S, 124.24, 334.56, 1.79456
ANTENNA__12936__A1, 124.24, 334.56, 1.79456
FILLER_0_118_248, 124.24, 334.56, 1.79456
FILLER_0_118_257, 124.24, 334.56, 1.79456
FILLER_0_119_262, 124.24, 334.56, 1.79456
_13281_, 137.04, 334.56, 1.79458
ANTENNA__08910__A0, 137.04, 334.56, 1.79458
ANTENNA__08920__S, 137.04, 334.56, 1.79458
FILLER_0_120_291, 137.04, 334.56, 1.79458
_08039_, 149.84, 334.56, 1.79459
_11840_, 149.84, 334.56, 1.79459
_14619_, 149.84, 334.56, 1.79459
ANTENNA__08910__S, 149.84, 334.56, 1.79459
ANTENNA__11840__A1, 149.84, 334.56, 1.79459
ANTENNA__11840__S, 149.84, 334.56, 1.79459
FILLER_0_118_305, 149.84, 334.56, 1.79459
FILLER_0_118_309, 149.84, 334.56, 1.79459
_10430_, 162.64, 334.56, 1.79462
_11761_, 162.64, 334.56, 1.79462
_11908_, 162.64, 334.56, 1.79462
_11909_, 162.64, 334.56, 1.79462
_14594_, 162.64, 334.56, 1.79462
_14626_, 162.64, 334.56, 1.79462
_08620_, 188.24, 334.56, 1.79458
_13146_, 188.24, 334.56, 1.79458
ANTENNA__12178__A0, 188.24, 334.56, 1.79458
ANTENNA__07958__B1, 188.24, 334.56, 1.79458
ANTENNA__08394__B1, 188.24, 334.56, 1.79458
ANTENNA__07958__A2, 188.24, 334.56, 1.79458
ANTENNA__11924__S, 188.24, 334.56, 1.79458
ANTENNA__12178__S, 188.24, 334.56, 1.79458
ANTENNA_clkbuf_4_6_0_wclk_A, 188.24, 334.56, 1.79458
ANTENNA__13070__CLK, 188.24, 334.56, 1.79458
FILLER_0_118_384, 188.24, 334.56, 1.79458
FILLER_0_119_405, 188.24, 334.56, 1.79458
FILLER_0_120_401, 188.24, 334.56, 1.79458
FILLER_0_120_408, 188.24, 334.56, 1.79458
_09113_, 201.04, 334.56, 1.79452
_11905_, 201.04, 334.56, 1.79452
_13370_, 201.04, 334.56, 1.79452
ANTENNA__09902__A0, 201.04, 334.56, 1.79452
ANTENNA__09902__S, 201.04, 334.56, 1.79452
ANTENNA__12518__A1, 201.04, 334.56, 1.79452
ANTENNA__11905__A, 201.04, 334.56, 1.79452
FILLER_0_118_421, 201.04, 334.56, 1.79452
FILLER_0_119_412, 201.04, 334.56, 1.79452
_07896_, 213.84, 334.56, 1.79446
_07956_, 213.84, 334.56, 1.79446
_08976_, 213.84, 334.56, 1.79446
_10959_, 213.84, 334.56, 1.79446
_13306_, 213.84, 334.56, 1.79446
_14202_, 213.84, 334.56, 1.79446
ANTENNA_clkbuf_leaf_56_wclk_A, 213.84, 334.56, 1.79446
FILLER_0_119_442, 213.84, 334.56, 1.79446
FILLER_0_119_457, 213.84, 334.56, 1.79446
_07914_, 226.64, 334.56, 1.79441
_08463_, 226.64, 334.56, 1.79441
_08624_, 226.64, 334.56, 1.79441
_11837_, 226.64, 334.56, 1.79441
_12946_, 226.64, 334.56, 1.79441
_15108_, 226.64, 334.56, 1.79441
ANTENNA__11837__A, 226.64, 334.56, 1.79441
ANTENNA__10293__A, 226.64, 334.56, 1.79441
_10431_, 239.44, 334.56, 1.79438
_11858_, 239.44, 334.56, 1.79438
_11859_, 239.44, 334.56, 1.79438
_14596_, 239.44, 334.56, 1.79438
FILLER_0_119_521, 239.44, 334.56, 1.79438
FILLER_0_120_512, 239.44, 334.56, 1.79438
_08906_, 252.24, 334.56, 1.79436
_08907_, 252.24, 334.56, 1.79436
_08954_, 252.24, 334.56, 1.79436
_08955_, 252.24, 334.56, 1.79436
_13103_, 252.24, 334.56, 1.79436
_13296_, 252.24, 334.56, 1.79436
ANTENNA__08441__A2, 252.24, 334.56, 1.79436
ANTENNA__08441__B1, 252.24, 334.56, 1.79436
ANTENNA__13103__RESET_B, 252.24, 334.56, 1.79436
FILLER_0_119_531, 252.24, 334.56, 1.79436
FILLER_0_120_542, 252.24, 334.56, 1.79436
_06817_, 265.04, 334.56, 1.79435
_08516_, 265.04, 334.56, 1.79435
_09092_, 265.04, 334.56, 1.79435
clkbuf_2_2__f_rclk, 265.04, 334.56, 1.79435
ANTENNA__08954__A0, 265.04, 334.56, 1.79435
hold5, 277.84, 334.56, 1.79437
ANTENNA__09092__A0, 277.84, 334.56, 1.79437
ANTENNA__13095__RESET_B, 277.84, 334.56, 1.79437
ANTENNA__13093__RESET_B, 277.84, 334.56, 1.79437
ANTENNA_clkbuf_2_2__f_rclk_A, 277.84, 334.56, 1.79437
FILLER_0_118_589, 277.84, 334.56, 1.79437
FILLER_0_119_597, 277.84, 334.56, 1.79437
FILLER_0_120_603, 277.84, 334.56, 1.79437
_06547_, 290.64, 334.56, 1.79439
_06548_, 290.64, 334.56, 1.79439
_08515_, 290.64, 334.56, 1.79439
_14192_, 290.64, 334.56, 1.79439
ANTENNA__06546__A1, 290.64, 334.56, 1.79439
ANTENNA__10937__S, 290.64, 334.56, 1.79439
ANTENNA__11816__A, 290.64, 334.56, 1.79439
FILLER_0_118_614, 290.64, 334.56, 1.79439
FILLER_0_119_617, 290.64, 334.56, 1.79439
FILLER_0_119_630, 290.64, 334.56, 1.79439
_07363_, 303.44, 334.56, 1.79442
_07364_, 303.44, 334.56, 1.79442
_10937_, 303.44, 334.56, 1.79442
_13096_, 303.44, 334.56, 1.79442
_13136_, 303.44, 334.56, 1.79442
clkbuf_leaf_63_wclk, 303.44, 334.56, 1.79442
ANTENNA__07364__A, 303.44, 334.56, 1.79442
FILLER_0_119_642, 303.44, 334.56, 1.79442
_06643_, 316.24, 334.56, 1.79448
_07408_, 316.24, 334.56, 1.79448
_08588_, 316.24, 334.56, 1.79448
_14201_, 316.24, 334.56, 1.79448
_07836_, 341.84, 334.56, 1.79449
clkbuf_leaf_65_wclk, 341.84, 334.56, 1.79449
ANTENNA__07836__A2, 341.84, 334.56, 1.79449
ANTENNA__07836__B1, 341.84, 334.56, 1.79449
ANTENNA__09110__S, 341.84, 334.56, 1.79449
_07832_, 354.64, 334.56, 1.79445
_13138_, 354.64, 334.56, 1.79445
ANTENNA_clkbuf_leaf_65_wclk_A, 354.64, 334.56, 1.79445
_08595_, 367.44, 334.56, 1.79442
_14580_, 367.44, 334.56, 1.79442
_15092_, 367.44, 334.56, 1.79442
ANTENNA__07832__A, 367.44, 334.56, 1.79442
ANTENNA__08612__A0, 367.44, 334.56, 1.79442
FILLER_0_119_785, 367.44, 334.56, 1.79442
FILLER_0_120_787, 367.44, 334.56, 1.79442
_07610_, 380.24, 334.56, 1.7944
_11825_, 380.24, 334.56, 1.7944
_11832_, 380.24, 334.56, 1.7944
_11893_, 380.24, 334.56, 1.7944
_11894_, 380.24, 334.56, 1.7944
FILLER_0_119_825, 380.24, 334.56, 1.7944
_07561_, 393.04, 334.56, 1.79438
_11824_, 393.04, 334.56, 1.79438
_11831_, 393.04, 334.56, 1.79438
_14579_, 393.04, 334.56, 1.79438
_14583_, 393.04, 334.56, 1.79438
clkbuf_leaf_89_wclk, 393.04, 334.56, 1.79438
ANTENNA__11893__A1, 393.04, 334.56, 1.79438
ANTENNA__11831__S, 393.04, 334.56, 1.79438
_11892_, 405.84, 334.56, 1.7944
_14611_, 405.84, 334.56, 1.7944
_14615_, 405.84, 334.56, 1.7944
_15091_, 405.84, 334.56, 1.7944
ANTENNA__07561__A2, 405.84, 334.56, 1.7944
ANTENNA__07561__B1, 405.84, 334.56, 1.7944
_07584_, 418.64, 334.56, 1.79443
_07781_, 418.64, 334.56, 1.79443
_08609_, 418.64, 334.56, 1.79443
_08610_, 418.64, 334.56, 1.79443
_11899_, 418.64, 334.56, 1.79443
_11900_, 418.64, 334.56, 1.79443
ANTENNA_clkbuf_leaf_89_wclk_A, 418.64, 334.56, 1.79443
_07499_, 431.44, 334.56, 1.79447
_07780_, 431.44, 334.56, 1.79447
_09097_, 431.44, 334.56, 1.79447
_12501_, 431.44, 334.56, 1.79447
ANTENNA__07781__A2, 431.44, 334.56, 1.79447
ANTENNA__07584__D, 431.44, 334.56, 1.79447
ANTENNA__07779__C, 431.44, 334.56, 1.79447
ANTENNA__08609__S, 431.44, 334.56, 1.79447
ANTENNA__08597__A0, 431.44, 334.56, 1.79447
_07493_, 444.24, 334.56, 1.79451
_07500_, 444.24, 334.56, 1.79451
_09095_, 444.24, 334.56, 1.79451
ANTENNA__07499__A2, 444.24, 334.56, 1.79451
ANTENNA__07499__B1, 444.24, 334.56, 1.79451
ANTENNA__09096__A0, 444.24, 334.56, 1.79451
ANTENNA__08962__A0, 444.24, 334.56, 1.79451
ANTENNA__12501__A1, 444.24, 334.56, 1.79451
_07692_, 457.04, 334.56, 1.79456
_08967_, 457.04, 334.56, 1.79456
_10949_, 457.04, 334.56, 1.79456
clkbuf_leaf_92_wclk, 457.04, 334.56, 1.79456
ANTENNA__07432__A2, 457.04, 334.56, 1.79456
ANTENNA__07432__B1, 457.04, 334.56, 1.79456
ANTENNA__07692__A2, 457.04, 334.56, 1.79456
ANTENNA__07739__B1, 457.04, 334.56, 1.79456
ANTENNA__07692__B1, 457.04, 334.56, 1.79456
ANTENNA__10949__A1, 457.04, 334.56, 1.79456
ANTENNA__10949__S, 457.04, 334.56, 1.79456
ANTENNA_clkbuf_leaf_92_wclk_A, 457.04, 334.56, 1.79456
FILLER_0_118_974, 457.04, 334.56, 1.79456
FILLER_0_119_970, 457.04, 334.56, 1.79456
_07739_, 469.84, 334.56, 1.79463
_09107_, 469.84, 334.56, 1.79463
_09108_, 469.84, 334.56, 1.79463
_13367_, 469.84, 334.56, 1.79463
_13368_, 469.84, 334.56, 1.79463
ANTENNA__08968__S, 469.84, 334.56, 1.79463
PHY_232, 5.52, 329.12, 1.79492
PHY_234, 5.52, 329.12, 1.79492
PHY_233, 494.04, 329.12, 1.79483
PHY_235, 494.04, 329.12, 1.79483
ANTENNA__12375__A1, 494.04, 329.12, 1.79483
FILLER_0_117_1054, 494.04, 329.12, 1.79483
_08279_, 34.64, 329.12, 1.79486
_08280_, 34.64, 329.12, 1.79486
_12396_, 34.64, 329.12, 1.79486
_14846_, 34.64, 329.12, 1.79486
ANTENNA__12192__A0, 34.64, 329.12, 1.79486
ANTENNA__08279__A2, 34.64, 329.12, 1.79486
ANTENNA__08279__B1, 34.64, 329.12, 1.79486
FILLER_0_117_53, 34.64, 329.12, 1.79486
FILLER_0_117_57, 34.64, 329.12, 1.79486
_12187_, 47.44, 329.12, 1.79481
_12390_, 47.44, 329.12, 1.79481
_14750_, 47.44, 329.12, 1.79481
_14910_, 47.44, 329.12, 1.79481
_09906_, 60.24, 329.12, 1.79478
_12182_, 60.24, 329.12, 1.79478
_12183_, 60.24, 329.12, 1.79478
_12387_, 60.24, 329.12, 1.79478
_14748_, 60.24, 329.12, 1.79478
_14844_, 60.24, 329.12, 1.79478
FILLER_0_117_132, 60.24, 329.12, 1.79478
_09122_, 73.04, 329.12, 1.79475
_09907_, 73.04, 329.12, 1.79475
_13724_, 73.04, 329.12, 1.79475
ANTENNA__08043__A2, 73.04, 329.12, 1.79475
ANTENNA__09906__S, 73.04, 329.12, 1.79475
FILLER_0_117_158, 73.04, 329.12, 1.79475
_07983_, 85.84, 329.12, 1.79473
_07984_, 85.84, 329.12, 1.79473
_09115_, 85.84, 329.12, 1.79473
_12520_, 85.84, 329.12, 1.79473
_12521_, 85.84, 329.12, 1.79473
ANTENNA__12520__S, 85.84, 329.12, 1.79473
ANTENNA__12520__A1, 85.84, 329.12, 1.79473
_09116_, 98.64, 329.12, 1.79472
_11848_, 98.64, 329.12, 1.79472
_11849_, 98.64, 329.12, 1.79472
_14591_, 98.64, 329.12, 1.79472
ANTENNA__07983__A2, 98.64, 329.12, 1.79472
ANTENNA__07983__B1, 98.64, 329.12, 1.79472
ANTENNA__09115__A0, 98.64, 329.12, 1.79472
FILLER_0_116_197, 98.64, 329.12, 1.79472
_11773_, 111.44, 329.12, 1.79471
_11917_, 111.44, 329.12, 1.79471
ANTENNA__10421__A1, 111.44, 329.12, 1.79471
ANTENNA__10974__A1, 111.44, 329.12, 1.79471
ANTENNA__10974__S, 111.44, 329.12, 1.79471
ANTENNA__11848__A1, 111.44, 329.12, 1.79471
ANTENNA__11848__S, 111.44, 329.12, 1.79471
FILLER_0_116_229, 111.44, 329.12, 1.79471
FILLER_0_117_221, 111.44, 329.12, 1.79471
FILLER_0_117_233, 111.44, 329.12, 1.79471
FILLER_0_117_238, 111.44, 329.12, 1.79471
_10825_, 124.24, 329.12, 1.79471
_10826_, 124.24, 329.12, 1.79471
_10834_, 124.24, 329.12, 1.79471
_13277_, 124.24, 329.12, 1.79471
ANTENNA__08207__B1, 124.24, 329.12, 1.79471
ANTENNA__10825__A1, 124.24, 329.12, 1.79471
ANTENNA__10825__S, 124.24, 329.12, 1.79471
ANTENNA__11773__A, 124.24, 329.12, 1.79471
FILLER_0_117_252, 124.24, 329.12, 1.79471
FILLER_0_117_271, 124.24, 329.12, 1.79471
_08104_, 137.04, 329.12, 1.79471
_08910_, 137.04, 329.12, 1.79471
_08911_, 137.04, 329.12, 1.79471
_10833_, 137.04, 329.12, 1.79471
_13276_, 137.04, 329.12, 1.79471
ANTENNA__08104__A2, 137.04, 329.12, 1.79471
ANTENNA__08104__B1, 137.04, 329.12, 1.79471
ANTENNA__10833__S, 137.04, 329.12, 1.79471
FILLER_0_117_288, 137.04, 329.12, 1.79471
FILLER_0_118_290, 137.04, 329.12, 1.79471
_06650_, 149.84, 329.12, 1.79472
_08040_, 149.84, 329.12, 1.79472
_08915_, 149.84, 329.12, 1.79472
_13278_, 149.84, 329.12, 1.79472
ANTENNA__08914__A0, 149.84, 329.12, 1.79472
ANTENNA__11908__A1, 149.84, 329.12, 1.79472
ANTENNA__06650__A, 149.84, 329.12, 1.79472
ANTENNA__06659__A, 149.84, 329.12, 1.79472
ANTENNA__08633__A, 149.84, 329.12, 1.79472
FILLER_0_117_307, 149.84, 329.12, 1.79472
FILLER_0_117_320, 149.84, 329.12, 1.79472
_06659_, 162.64, 329.12, 1.79474
_08633_, 162.64, 329.12, 1.79474
_08908_, 162.64, 329.12, 1.79474
_10429_, 162.64, 329.12, 1.79474
_11857_, 162.64, 329.12, 1.79474
ANTENNA__08908__A0, 162.64, 329.12, 1.79474
ANTENNA__08908__S, 162.64, 329.12, 1.79474
ANTENNA__10429__A1, 162.64, 329.12, 1.79474
ANTENNA__11856__A1, 162.64, 329.12, 1.79474
FILLER_0_117_329, 162.64, 329.12, 1.79474
FILLER_0_117_343, 162.64, 329.12, 1.79474
FILLER_0_117_353, 162.64, 329.12, 1.79474
FILLER_0_118_346, 162.64, 329.12, 1.79474
_07958_, 188.24, 329.12, 1.79473
_08619_, 188.24, 329.12, 1.79473
_12178_, 188.24, 329.12, 1.79473
_12383_, 188.24, 329.12, 1.79473
_14746_, 188.24, 329.12, 1.79473
ANTENNA__07959__A2, 188.24, 329.12, 1.79473
_09902_, 201.04, 329.12, 1.79469
_09903_, 201.04, 329.12, 1.79469
_12518_, 201.04, 329.12, 1.79469
_12519_, 201.04, 329.12, 1.79469
_13722_, 201.04, 329.12, 1.79469
ANTENNA__12518__S, 201.04, 329.12, 1.79469
ANTENNA__07889__A2, 201.04, 329.12, 1.79469
_07889_, 213.84, 329.12, 1.79466
_07890_, 213.84, 329.12, 1.79466
_07897_, 213.84, 329.12, 1.79466
_08995_, 213.84, 329.12, 1.79466
_08996_, 213.84, 329.12, 1.79466
ANTENNA__08995__A0, 213.84, 329.12, 1.79466
ANTENNA__08995__S, 213.84, 329.12, 1.79466
ANTENNA__08624__A, 213.84, 329.12, 1.79466
_07981_, 226.64, 329.12, 1.79464
_10293_, 226.64, 329.12, 1.79464
_11927_, 226.64, 329.12, 1.79464
_12947_, 226.64, 329.12, 1.79464
_14628_, 226.64, 329.12, 1.79464
ANTENNA__08067__A, 226.64, 329.12, 1.79464
ANTENNA__07981__A, 226.64, 329.12, 1.79464
ANTENNA__07430__A, 226.64, 329.12, 1.79464
FILLER_0_117_478, 226.64, 329.12, 1.79464
FILLER_0_117_485, 226.64, 329.12, 1.79464
_08441_, 239.44, 329.12, 1.79462
_11926_, 239.44, 329.12, 1.79462
_13274_, 239.44, 329.12, 1.79462
ANTENNA__07429__A, 239.44, 329.12, 1.79462
ANTENNA__08906__A0, 239.44, 329.12, 1.79462
ANTENNA__11926__A1, 239.44, 329.12, 1.79462
ANTENNA__11858__A1, 239.44, 329.12, 1.79462
ANTENNA__11926__S, 239.44, 329.12, 1.79462
FILLER_0_116_497, 239.44, 329.12, 1.79462
FILLER_0_116_506, 239.44, 329.12, 1.79462
FILLER_0_117_497, 239.44, 329.12, 1.79462
_06727_, 252.24, 329.12, 1.79461
_09093_, 252.24, 329.12, 1.79461
_13360_, 252.24, 329.12, 1.79461
ANTENNA__06727__A, 252.24, 329.12, 1.79461
ANTENNA__08649__A0, 252.24, 329.12, 1.79461
ANTENNA__13080__CLK, 252.24, 329.12, 1.79461
FILLER_0_117_545, 252.24, 329.12, 1.79461
_06533_, 265.04, 329.12, 1.79461
_06570_, 265.04, 329.12, 1.79461
_08953_, 265.04, 329.12, 1.79461
_13086_, 265.04, 329.12, 1.79461
ANTENNA__09092__S, 265.04, 329.12, 1.79461
ANTENNA__13086__RESET_B, 265.04, 329.12, 1.79461
ANTENNA__13085__RESET_B, 265.04, 329.12, 1.79461
_06517_, 277.84, 329.12, 1.79462
_06518_, 277.84, 329.12, 1.79462
_06528_, 277.84, 329.12, 1.79462
_06546_, 277.84, 329.12, 1.79462
_13093_, 277.84, 329.12, 1.79462
hold6, 277.84, 329.12, 1.79462
_06515_, 290.64, 329.12, 1.79463
_06549_, 290.64, 329.12, 1.79463
_06550_, 290.64, 329.12, 1.79463
_06554_, 290.64, 329.12, 1.79463
_11816_, 290.64, 329.12, 1.79463
FILLER_0_117_617, 290.64, 329.12, 1.79463
FILLER_0_117_630, 290.64, 329.12, 1.79463
_06555_, 303.44, 329.12, 1.79466
_10936_, 303.44, 329.12, 1.79466
_11884_, 303.44, 329.12, 1.79466
ANTENNA__07363__A, 303.44, 329.12, 1.79466
ANTENNA__10937__A1, 303.44, 329.12, 1.79466
ANTENNA__10936__A, 303.44, 329.12, 1.79466
ANTENNA__13096__RESET_B, 303.44, 329.12, 1.79466
FILLER_0_116_645, 303.44, 329.12, 1.79466
FILLER_0_117_661, 303.44, 329.12, 1.79466
_07270_, 316.24, 329.12, 1.79468
_07405_, 316.24, 329.12, 1.79468
_08885_, 316.24, 329.12, 1.79468
_08903_, 316.24, 329.12, 1.79468
_13264_, 316.24, 329.12, 1.79468
ANTENNA__07405__A, 316.24, 329.12, 1.79468
ANTENNA__08588__S, 316.24, 329.12, 1.79468
ANTENNA__06643__A, 316.24, 329.12, 1.79468
ANTENNA_clkbuf_leaf_63_wclk_A, 316.24, 329.12, 1.79468
FILLER_0_116_663, 316.24, 329.12, 1.79468
_08612_, 341.84, 329.12, 1.79471
_08890_, 341.84, 329.12, 1.79471
_08902_, 341.84, 329.12, 1.79471
_13272_, 341.84, 329.12, 1.79471
ANTENNA__12515__S, 341.84, 329.12, 1.79471
ANTENNA__07833__B1, 341.84, 329.12, 1.79471
ANTENNA__07833__A2, 341.84, 329.12, 1.79471
ANTENNA__07835__A2, 341.84, 329.12, 1.79471
ANTENNA__08612__S, 341.84, 329.12, 1.79471
ANTENNA__09110__A0, 341.84, 329.12, 1.79471
ANTENNA__12515__A1, 341.84, 329.12, 1.79471
FILLER_0_117_725, 341.84, 329.12, 1.79471
FILLER_0_117_729, 341.84, 329.12, 1.79471
FILLER_0_117_742, 341.84, 329.12, 1.79471
FILLER_0_118_738, 341.84, 329.12, 1.79471
_07833_, 354.64, 329.12, 1.7947
_08594_, 354.64, 329.12, 1.7947
ANTENNA__07505__B1, 354.64, 329.12, 1.7947
ANTENNA__08594__S, 354.64, 329.12, 1.7947
FILLER_0_117_756, 354.64, 329.12, 1.7947
_07609_, 367.44, 329.12, 1.79469
_08893_, 367.44, 329.12, 1.79469
_11826_, 367.44, 329.12, 1.79469
_13268_, 367.44, 329.12, 1.79469
ANTENNA__07609__A2, 367.44, 329.12, 1.79469
ANTENNA__07609__B1, 367.44, 329.12, 1.79469
ANTENNA__08887__A0, 367.44, 329.12, 1.79469
ANTENNA_clkbuf_leaf_102_wclk_A, 367.44, 329.12, 1.79469
FILLER_0_116_778, 367.44, 329.12, 1.79469
FILLER_0_117_785, 367.44, 329.12, 1.79469
_08894_, 380.24, 329.12, 1.79469
_08900_, 380.24, 329.12, 1.79469
_10813_, 380.24, 329.12, 1.79469
_13271_, 380.24, 329.12, 1.79469
ANTENNA__08891__A0, 380.24, 329.12, 1.79469
ANTENNA__08893__A0, 380.24, 329.12, 1.79469
ANTENNA__11825__A1, 380.24, 329.12, 1.79469
ANTENNA__11825__S, 380.24, 329.12, 1.79469
ANTENNA__11893__S, 380.24, 329.12, 1.79469
FILLER_0_116_813, 380.24, 329.12, 1.79469
FILLER_0_118_821, 380.24, 329.12, 1.79469
_11823_, 393.04, 329.12, 1.7947
ANTENNA__08899__A0, 393.04, 329.12, 1.7947
ANTENNA__11823__A1, 393.04, 329.12, 1.7947
ANTENNA__11831__A1, 393.04, 329.12, 1.7947
ANTENNA__11823__S, 393.04, 329.12, 1.7947
FILLER_0_117_837, 393.04, 329.12, 1.7947
FILLER_0_117_854, 393.04, 329.12, 1.7947
_07562_, 405.84, 329.12, 1.7947
_11891_, 405.84, 329.12, 1.7947
ANTENNA__08591__S, 405.84, 329.12, 1.7947
ANTENNA__11891__S, 405.84, 329.12, 1.7947
FILLER_0_116_869, 405.84, 329.12, 1.7947
FILLER_0_117_862, 405.84, 329.12, 1.7947
_07779_, 418.64, 329.12, 1.79471
ANTENNA__07636__A2, 418.64, 329.12, 1.79471
ANTENNA__07779__D, 418.64, 329.12, 1.79471
ANTENNA__08597__S, 418.64, 329.12, 1.79471
ANTENNA__11899__A1, 418.64, 329.12, 1.79471
ANTENNA__11899__S, 418.64, 329.12, 1.79471
FILLER_0_116_894, 418.64, 329.12, 1.79471
FILLER_0_117_888, 418.64, 329.12, 1.79471
FILLER_0_117_905, 418.64, 329.12, 1.79471
FILLER_0_118_909, 418.64, 329.12, 1.79471
_07586_, 431.44, 329.12, 1.79472
_09096_, 431.44, 329.12, 1.79472
_12162_, 431.44, 329.12, 1.79472
_13362_, 431.44, 329.12, 1.79472
ANTENNA__07636__B1, 431.44, 329.12, 1.79472
ANTENNA__07586__B1, 431.44, 329.12, 1.79472
ANTENNA__07586__A2, 431.44, 329.12, 1.79472
ANTENNA__08606__A0, 431.44, 329.12, 1.79472
ANTENNA_clkbuf_4_14_0_wclk_A, 431.44, 329.12, 1.79472
_09094_, 444.24, 329.12, 1.79474
_13361_, 444.24, 329.12, 1.79474
ANTENNA__12161__A0, 444.24, 329.12, 1.79474
ANTENNA__07492__A2, 444.24, 329.12, 1.79474
ANTENNA__07492__B1, 444.24, 329.12, 1.79474
ANTENNA__09096__S, 444.24, 329.12, 1.79474
ANTENNA__09094__S, 444.24, 329.12, 1.79474
ANTENNA__12161__S, 444.24, 329.12, 1.79474
FILLER_0_116_952, 444.24, 329.12, 1.79474
_07432_, 457.04, 329.12, 1.79476
_07433_, 457.04, 329.12, 1.79476
_10950_, 457.04, 329.12, 1.79476
_14198_, 457.04, 329.12, 1.79476
FILLER_0_116_981, 457.04, 329.12, 1.79476
_07740_, 469.84, 329.12, 1.7948
_08966_, 469.84, 329.12, 1.7948
_09106_, 469.84, 329.12, 1.7948
ANTENNA__09106__A0, 469.84, 329.12, 1.7948
ANTENNA__09106__S, 469.84, 329.12, 1.7948
FILLER_0_116_1003, 469.84, 329.12, 1.7948
FILLER_0_116_1009, 469.84, 329.12, 1.7948
PHY_228, 5.52, 323.68, 1.79496
PHY_230, 5.52, 323.68, 1.79496
PHY_229, 494.04, 323.68, 1.79485
PHY_231, 494.04, 323.68, 1.79485
ANTENNA__12173__A0, 494.04, 323.68, 1.79485
ANTENNA__07783__A2, 494.04, 323.68, 1.79485
ANTENNA__12173__S, 494.04, 323.68, 1.79485
ANTENNA__12388__S, 13.68, 323.68, 1.79496
FILLER_0_115_15, 13.68, 323.68, 1.79496
_08091_, 34.64, 323.68, 1.79488
_09367_, 34.64, 323.68, 1.79488
_12184_, 34.64, 323.68, 1.79488
_12192_, 34.64, 323.68, 1.79488
_12391_, 34.64, 323.68, 1.79488
ANTENNA__08091__B1, 34.64, 323.68, 1.79488
FILLER_0_115_77, 34.64, 323.68, 1.79488
_08138_, 47.44, 323.68, 1.7948
_12186_, 47.44, 323.68, 1.7948
ANTENNA__12186__A0, 47.44, 323.68, 1.7948
ANTENNA__09131__A0, 47.44, 323.68, 1.7948
ANTENNA__09131__S, 47.44, 323.68, 1.7948
ANTENNA__12390__A1, 47.44, 323.68, 1.7948
ANTENNA__12186__S, 47.44, 323.68, 1.7948
FILLER_0_114_85, 47.44, 323.68, 1.7948
FILLER_0_115_97, 47.44, 323.68, 1.7948
FILLER_0_116_101, 47.44, 323.68, 1.7948
_08043_, 60.24, 323.68, 1.79472
_08985_, 60.24, 323.68, 1.79472
_12386_, 60.24, 323.68, 1.79472
ANTENNA__08138__A2, 60.24, 323.68, 1.79472
ANTENNA__08138__B1, 60.24, 323.68, 1.79472
ANTENNA__08985__A0, 60.24, 323.68, 1.79472
ANTENNA__08987__A0, 60.24, 323.68, 1.79472
ANTENNA__08985__S, 60.24, 323.68, 1.79472
ANTENNA__10968__S, 60.24, 323.68, 1.79472
FILLER_0_115_117, 60.24, 323.68, 1.79472
_08994_, 73.04, 323.68, 1.79464
_10977_, 73.04, 323.68, 1.79464
_13315_, 73.04, 323.68, 1.79464
_14907_, 73.04, 323.68, 1.79464
clkbuf_4_5_0_wclk, 73.04, 323.68, 1.79464
ANTENNA__12386__S, 73.04, 323.68, 1.79464
ANTENNA__08043__B1, 73.04, 323.68, 1.79464
ANTENNA__08987__S, 73.04, 323.68, 1.79464
ANTENNA__10970__A1, 73.04, 323.68, 1.79464
ANTENNA__12386__A1, 73.04, 323.68, 1.79464
ANTENNA_clkbuf_4_5_0_wclk_A, 73.04, 323.68, 1.79464
FILLER_0_114_133, 73.04, 323.68, 1.79464
FILLER_0_115_145, 73.04, 323.68, 1.79464
FILLER_0_115_151, 73.04, 323.68, 1.79464
FILLER_0_116_153, 73.04, 323.68, 1.79464
_07965_, 85.84, 323.68, 1.79462
_09904_, 85.84, 323.68, 1.79462
_09905_, 85.84, 323.68, 1.79462
_13371_, 85.84, 323.68, 1.79462
_13723_, 85.84, 323.68, 1.79462
ANTENNA__08379__A2, 85.84, 323.68, 1.79462
ANTENNA_clkbuf_leaf_33_wclk_A, 85.84, 323.68, 1.79462
FILLER_0_114_168, 85.84, 323.68, 1.79462
_08992_, 98.64, 323.68, 1.79461
_10974_, 98.64, 323.68, 1.79461
_10975_, 98.64, 323.68, 1.79461
_14210_, 98.64, 323.68, 1.79461
ANTENNA__07965__A2, 98.64, 323.68, 1.79461
ANTENNA__07965__B1, 98.64, 323.68, 1.79461
ANTENNA__07964__A2, 98.64, 323.68, 1.79461
ANTENNA__09904__A0, 98.64, 323.68, 1.79461
FILLER_0_114_197, 98.64, 323.68, 1.79461
_08332_, 111.44, 323.68, 1.79461
_08634_, 111.44, 323.68, 1.79461
_08635_, 111.44, 323.68, 1.79461
_08638_, 111.44, 323.68, 1.79461
_08991_, 111.44, 323.68, 1.79461
ANTENNA__08991__A0, 111.44, 323.68, 1.79461
ANTENNA__08991__S, 111.44, 323.68, 1.79461
FILLER_0_115_219, 111.44, 323.68, 1.79461
FILLER_0_115_234, 111.44, 323.68, 1.79461
FILLER_0_116_242, 111.44, 323.68, 1.79461
_08637_, 124.24, 323.68, 1.79461
_14141_, 124.24, 323.68, 1.79461
_14145_, 124.24, 323.68, 1.79461
ANTENNA__08634__S, 124.24, 323.68, 1.79461
ANTENNA__08634__A0, 124.24, 323.68, 1.79461
ANTENNA__08637__A0, 124.24, 323.68, 1.79461
FILLER_0_115_270, 124.24, 323.68, 1.79461
_08292_, 137.04, 323.68, 1.79463
_10824_, 137.04, 323.68, 1.79463
_14140_, 137.04, 323.68, 1.79463
clkbuf_leaf_21_wclk, 137.04, 323.68, 1.79463
ANTENNA__08245__A2, 137.04, 323.68, 1.79463
ANTENNA__08918__A0, 137.04, 323.68, 1.79463
ANTENNA__10833__A1, 137.04, 323.68, 1.79463
ANTENNA_clkbuf_leaf_21_wclk_A, 137.04, 323.68, 1.79463
_08056_, 149.84, 323.68, 1.79467
_08914_, 149.84, 323.68, 1.79467
_10823_, 149.84, 323.68, 1.79467
_10828_, 149.84, 323.68, 1.79467
_14142_, 149.84, 323.68, 1.79467
ANTENNA__08056__B1, 149.84, 323.68, 1.79467
ANTENNA__10823__S, 149.84, 323.68, 1.79467
_08909_, 162.64, 323.68, 1.79471
_10822_, 162.64, 323.68, 1.79471
_10836_, 162.64, 323.68, 1.79471
_13275_, 162.64, 323.68, 1.79471
_14139_, 162.64, 323.68, 1.79471
ANTENNA__07996__A2, 162.64, 323.68, 1.79471
FILLER_0_115_330, 162.64, 323.68, 1.79471
FILLER_0_116_349, 162.64, 323.68, 1.79471
_07959_, 188.24, 323.68, 1.79466
_08647_, 188.24, 323.68, 1.79466
_12179_, 188.24, 323.68, 1.79466
_12382_, 188.24, 323.68, 1.79466
_14842_, 188.24, 323.68, 1.79466
clkbuf_4_6_0_wclk, 188.24, 323.68, 1.79466
ANTENNA__08419__A2, 188.24, 323.68, 1.79466
ANTENNA__08646__S, 188.24, 323.68, 1.79466
ANTENNA__08646__A0, 188.24, 323.68, 1.79466
ANTENNA__12382__A1, 188.24, 323.68, 1.79466
FILLER_0_115_393, 188.24, 323.68, 1.79466
_14906_, 201.04, 323.68, 1.79461
ANTENNA__12382__S, 201.04, 323.68, 1.79461
ANTENNA__07957__A, 201.04, 323.68, 1.79461
ANTENNA__07889__B1, 201.04, 323.68, 1.79461
ANTENNA__08427__A2, 201.04, 323.68, 1.79461
ANTENNA__08427__B1, 201.04, 323.68, 1.79461
ANTENNA__08618__A, 201.04, 323.68, 1.79461
ANTENNA__13079__CLK, 201.04, 323.68, 1.79461
FILLER_0_114_421, 201.04, 323.68, 1.79461
FILLER_0_115_428, 201.04, 323.68, 1.79461
_08974_, 213.84, 323.68, 1.79456
_14212_, 213.84, 323.68, 1.79456
clkbuf_leaf_56_wclk, 213.84, 323.68, 1.79456
ANTENNA__07980__A, 213.84, 323.68, 1.79456
ANTENNA__07890__B1, 213.84, 323.68, 1.79456
ANTENNA__08426__A2, 213.84, 323.68, 1.79456
ANTENNA__08426__B1, 213.84, 323.68, 1.79456
ANTENNA__08652__S, 213.84, 323.68, 1.79456
ANTENNA__09133__A0, 213.84, 323.68, 1.79456
ANTENNA__08974__A, 213.84, 323.68, 1.79456
ANTENNA__09133__S, 213.84, 323.68, 1.79456
ANTENNA__09112__A, 213.84, 323.68, 1.79456
FILLER_0_115_439, 213.84, 323.68, 1.79456
FILLER_0_115_449, 213.84, 323.68, 1.79456
_07429_, 226.64, 323.68, 1.79454
_07430_, 226.64, 323.68, 1.79454
_10978_, 226.64, 323.68, 1.79454
_10979_, 226.64, 323.68, 1.79454
ANTENNA__07885__A, 226.64, 323.68, 1.79454
ANTENNA__10978__S, 226.64, 323.68, 1.79454
_10820_, 239.44, 323.68, 1.79452
clkbuf_leaf_57_wclk, 239.44, 323.68, 1.79452
ANTENNA__08433__A2, 239.44, 323.68, 1.79452
ANTENNA__08433__B1, 239.44, 323.68, 1.79452
ANTENNA__08906__S, 239.44, 323.68, 1.79452
ANTENNA__10978__A1, 239.44, 323.68, 1.79452
ANTENNA__10839__S, 239.44, 323.68, 1.79452
ANTENNA__11858__S, 239.44, 323.68, 1.79452
ANTENNA_clkbuf_leaf_57_wclk_A, 239.44, 323.68, 1.79452
FILLER_0_115_516, 239.44, 323.68, 1.79452
FILLER_0_116_520, 239.44, 323.68, 1.79452
_07904_, 252.24, 323.68, 1.79452
_08649_, 252.24, 323.68, 1.79452
ANTENNA__06727__B, 252.24, 323.68, 1.79452
ANTENNA__07904__A2, 252.24, 323.68, 1.79452
ANTENNA__08649__S, 252.24, 323.68, 1.79452
FILLER_0_116_543, 252.24, 323.68, 1.79452
FILLER_0_116_548, 252.24, 323.68, 1.79452
_06568_, 265.04, 323.68, 1.79452
_13085_, 265.04, 323.68, 1.79452
ANTENNA__06570__A, 265.04, 323.68, 1.79452
ANTENNA__06570__B, 265.04, 323.68, 1.79452
ANTENNA__07406__A, 265.04, 323.68, 1.79452
ANTENNA__07904__B1, 265.04, 323.68, 1.79452
ANTENNA__08953__A, 265.04, 323.68, 1.79452
ANTENNA__10818__A, 265.04, 323.68, 1.79452
ANTENNA__10266__A, 265.04, 323.68, 1.79452
_06529_, 277.84, 323.68, 1.79453
_13092_, 277.84, 323.68, 1.79453
_13101_, 277.84, 323.68, 1.79453
hold7, 277.84, 323.68, 1.79453
ANTENNA__06526__A2, 277.84, 323.68, 1.79453
ANTENNA__06528__A, 277.84, 323.68, 1.79453
ANTENNA__13092__RESET_B, 277.84, 323.68, 1.79453
FILLER_0_114_583, 277.84, 323.68, 1.79453
_06519_, 290.64, 323.68, 1.79456
_06543_, 290.64, 323.68, 1.79456
_06544_, 290.64, 323.68, 1.79456
_06553_, 290.64, 323.68, 1.79456
_13082_, 290.64, 323.68, 1.79456
ANTENNA__06526__A1, 290.64, 323.68, 1.79456
ANTENNA__06545__C, 290.64, 323.68, 1.79456
ANTENNA__13101__RESET_B, 290.64, 323.68, 1.79456
FILLER_0_114_618, 290.64, 323.68, 1.79456
FILLER_0_115_630, 290.64, 323.68, 1.79456
_06537_, 303.44, 323.68, 1.79459
hold12, 303.44, 323.68, 1.79459
ANTENNA__11884__A, 303.44, 323.68, 1.79459
ANTENNA__13089__RESET_B, 303.44, 323.68, 1.79459
FILLER_0_114_635, 303.44, 323.68, 1.79459
FILLER_0_114_645, 303.44, 323.68, 1.79459
_08886_, 316.24, 323.68, 1.79463
_13273_, 316.24, 323.68, 1.79463
clkbuf_4_12_0_wclk, 316.24, 323.68, 1.79463
ANTENNA__06534__B_N, 316.24, 323.68, 1.79463
ANTENNA__06534__A, 316.24, 323.68, 1.79463
ANTENNA__13089__CLK, 316.24, 323.68, 1.79463
FILLER_0_114_668, 316.24, 323.68, 1.79463
FILLER_0_115_673, 316.24, 323.68, 1.79463
_08889_, 341.84, 323.68, 1.79466
_08901_, 341.84, 323.68, 1.79466
_12176_, 341.84, 323.68, 1.79466
_13266_, 341.84, 323.68, 1.79466
ANTENNA__07835__B1, 341.84, 323.68, 1.79466
ANTENNA__08901__A0, 341.84, 323.68, 1.79466
FILLER_0_114_724, 341.84, 323.68, 1.79466
FILLER_0_115_738, 341.84, 323.68, 1.79466
_07505_, 354.64, 323.68, 1.79461
_08887_, 354.64, 323.68, 1.79461
_10801_, 354.64, 323.68, 1.79461
_13265_, 354.64, 323.68, 1.79461
_14129_, 354.64, 323.68, 1.79461
ANTENNA__07505__A2, 354.64, 323.68, 1.79461
ANTENNA__08594__A0, 354.64, 323.68, 1.79461
_08888_, 367.44, 323.68, 1.79457
_10807_, 367.44, 323.68, 1.79457
_14132_, 367.44, 323.68, 1.79457
clkbuf_leaf_102_wclk, 367.44, 323.68, 1.79457
_07746_, 380.24, 323.68, 1.79455
_08892_, 380.24, 323.68, 1.79455
_08899_, 380.24, 323.68, 1.79455
_10812_, 380.24, 323.68, 1.79455
_14135_, 380.24, 323.68, 1.79455
ANTENNA__07746__B1, 380.24, 323.68, 1.79455
FILLER_0_115_822, 380.24, 323.68, 1.79455
FILLER_0_116_823, 380.24, 323.68, 1.79455
_08897_, 393.04, 323.68, 1.79454
ANTENNA__07746__A2, 393.04, 323.68, 1.79454
ANTENNA__10810__A1, 393.04, 323.68, 1.79454
FILLER_0_114_831, 393.04, 323.68, 1.79454
FILLER_0_115_836, 393.04, 323.68, 1.79454
FILLER_0_115_853, 393.04, 323.68, 1.79454
FILLER_0_116_855, 393.04, 323.68, 1.79454
_07489_, 405.84, 323.68, 1.79453
_07490_, 405.84, 323.68, 1.79453
_08591_, 405.84, 323.68, 1.79453
_08592_, 405.84, 323.68, 1.79453
_13137_, 405.84, 323.68, 1.79453
ANTENNA__07490__B1, 405.84, 323.68, 1.79453
ANTENNA__07562__A2, 405.84, 323.68, 1.79453
ANTENNA__07562__B1, 405.84, 323.68, 1.79453
ANTENNA__07490__A2, 405.84, 323.68, 1.79453
ANTENNA__08591__A0, 405.84, 323.68, 1.79453
ANTENNA__11891__A1, 405.84, 323.68, 1.79453
_08597_, 418.64, 323.68, 1.79453
_08598_, 418.64, 323.68, 1.79453
_08600_, 418.64, 323.68, 1.79453
_08601_, 418.64, 323.68, 1.79453
_08607_, 418.64, 323.68, 1.79453
_13139_, 418.64, 323.68, 1.79453
ANTENNA__08606__S, 418.64, 323.68, 1.79453
ANTENNA__08600__S, 418.64, 323.68, 1.79453
ANTENNA__13061__RESET_B, 418.64, 323.68, 1.79453
FILLER_0_114_889, 418.64, 323.68, 1.79453
_07636_, 431.44, 323.68, 1.79454
_12161_, 431.44, 323.68, 1.79454
_12366_, 431.44, 323.68, 1.79454
_14738_, 431.44, 323.68, 1.79454
clkbuf_4_14_0_wclk, 431.44, 323.68, 1.79454
ANTENNA__08600__A0, 431.44, 323.68, 1.79454
FILLER_0_116_928, 431.44, 323.68, 1.79454
_07492_, 444.24, 323.68, 1.79461
_09884_, 444.24, 323.68, 1.79461
_12365_, 444.24, 323.68, 1.79461
_12500_, 444.24, 323.68, 1.79461
_13713_, 444.24, 323.68, 1.79461
_14897_, 444.24, 323.68, 1.79461
ANTENNA__09094__A0, 444.24, 323.68, 1.79461
FILLER_0_115_949, 444.24, 323.68, 1.79461
_07414_, 457.04, 323.68, 1.79468
_09883_, 457.04, 323.68, 1.79468
_13302_, 457.04, 323.68, 1.79468
ANTENNA__08966__S, 457.04, 323.68, 1.79468
ANTENNA__09883__A0, 457.04, 323.68, 1.79468
ANTENNA__09883__S, 457.04, 323.68, 1.79468
_14743_, 469.84, 323.68, 1.79477
ANTENNA__12171__A0, 469.84, 323.68, 1.79477
ANTENNA__07783__B1, 469.84, 323.68, 1.79477
ANTENNA__09102__A0, 469.84, 323.68, 1.79477
ANTENNA__08966__A0, 469.84, 323.68, 1.79477
ANTENNA__09102__S, 469.84, 323.68, 1.79477
ANTENNA__09098__S, 469.84, 323.68, 1.79477
ANTENNA__12171__S, 469.84, 323.68, 1.79477
FILLER_0_114_1002, 469.84, 323.68, 1.79477
FILLER_0_115_1000, 469.84, 323.68, 1.79477
FILLER_0_115_1009, 469.84, 323.68, 1.79477
PHY_224, 5.52, 318.24, 1.79505
PHY_226, 5.52, 318.24, 1.79505
output48, 5.52, 318.24, 1.79505
ANTENNA_output48_A, 5.52, 318.24, 1.79505
PHY_225, 494.04, 318.24, 1.79494
PHY_227, 494.04, 318.24, 1.79494
ANTENNA__12377__A1, 494.04, 318.24, 1.79494
ANTENNA_clkbuf_leaf_93_wclk_A, 494.04, 318.24, 1.79494
FILLER_0_114_22, 13.68, 318.24, 1.79505
_09132_, 34.64, 318.24, 1.79498
_13379_, 34.64, 318.24, 1.79498
ANTENNA__12184__A0, 34.64, 318.24, 1.79498
ANTENNA__08091__A2, 34.64, 318.24, 1.79498
ANTENNA__12396__A1, 34.64, 318.24, 1.79498
ANTENNA__12192__S, 34.64, 318.24, 1.79498
ANTENNA__12184__S, 34.64, 318.24, 1.79498
FILLER_0_113_53, 34.64, 318.24, 1.79498
FILLER_0_113_57, 34.64, 318.24, 1.79498
FILLER_0_114_68, 34.64, 318.24, 1.79498
FILLER_0_114_77, 34.64, 318.24, 1.79498
_09125_, 47.44, 318.24, 1.79491
_09131_, 47.44, 318.24, 1.79491
_10968_, 47.44, 318.24, 1.79491
_10969_, 47.44, 318.24, 1.79491
_14207_, 47.44, 318.24, 1.79491
ANTENNA__08380__A2, 47.44, 318.24, 1.79491
ANTENNA__09125__A0, 47.44, 318.24, 1.79491
ANTENNA__09125__S, 47.44, 318.24, 1.79491
ANTENNA__10968__A1, 47.44, 318.24, 1.79491
FILLER_0_113_95, 47.44, 318.24, 1.79491
_08988_, 60.24, 318.24, 1.79485
_10971_, 60.24, 318.24, 1.79485
_13312_, 60.24, 318.24, 1.79485
ANTENNA__08191__A2, 60.24, 318.24, 1.79485
FILLER_0_114_127, 60.24, 318.24, 1.79485
_10976_, 73.04, 318.24, 1.7948
_14211_, 73.04, 318.24, 1.7948
clkbuf_leaf_32_wclk, 73.04, 318.24, 1.7948
_08379_, 85.84, 318.24, 1.79478
_12384_, 85.84, 318.24, 1.79478
clkbuf_leaf_33_wclk, 85.84, 318.24, 1.79478
ANTENNA__12384__S, 85.84, 318.24, 1.79478
ANTENNA__08379__B1, 85.84, 318.24, 1.79478
ANTENNA__09904__S, 85.84, 318.24, 1.79478
ANTENNA__12384__A1, 85.84, 318.24, 1.79478
FILLER_0_112_167, 85.84, 318.24, 1.79478
FILLER_0_113_176, 85.84, 318.24, 1.79478
_09129_, 98.64, 318.24, 1.79477
_09130_, 98.64, 318.24, 1.79477
_13314_, 98.64, 318.24, 1.79477
_13378_, 98.64, 318.24, 1.79477
ANTENNA__07964__B1, 98.64, 318.24, 1.79477
FILLER_0_112_193, 98.64, 318.24, 1.79477
FILLER_0_112_197, 98.64, 318.24, 1.79477
_13151_, 111.44, 318.24, 1.79478
_13152_, 111.44, 318.24, 1.79478
ANTENNA__08333__B1, 111.44, 318.24, 1.79478
ANTENNA__08332__A2, 111.44, 318.24, 1.79478
ANTENNA__08332__B1, 111.44, 318.24, 1.79478
ANTENNA__09129__A0, 111.44, 318.24, 1.79478
ANTENNA__09129__S, 111.44, 318.24, 1.79478
FILLER_0_112_224, 111.44, 318.24, 1.79478
FILLER_0_113_219, 111.44, 318.24, 1.79478
FILLER_0_113_225, 111.44, 318.24, 1.79478
_08277_, 124.24, 318.24, 1.79479
_10829_, 124.24, 318.24, 1.79479
_10830_, 124.24, 318.24, 1.79479
_14144_, 124.24, 318.24, 1.79479
ANTENNA__08277__B1, 124.24, 318.24, 1.79479
ANTENNA__08231__A2, 124.24, 318.24, 1.79479
ANTENNA__08277__A2, 124.24, 318.24, 1.79479
ANTENNA__08637__S, 124.24, 318.24, 1.79479
ANTENNA__10829__S, 124.24, 318.24, 1.79479
FILLER_0_112_247, 124.24, 318.24, 1.79479
_08245_, 137.04, 318.24, 1.79482
_08917_, 137.04, 318.24, 1.79482
_08918_, 137.04, 318.24, 1.79482
_13279_, 137.04, 318.24, 1.79482
ANTENNA__08292__A2, 137.04, 318.24, 1.79482
ANTENNA__08292__B1, 137.04, 318.24, 1.79482
ANTENNA__08245__B1, 137.04, 318.24, 1.79482
ANTENNA__08918__S, 137.04, 318.24, 1.79482
FILLER_0_114_296, 137.04, 318.24, 1.79482
_08151_, 149.84, 318.24, 1.79485
_10827_, 149.84, 318.24, 1.79485
ANTENNA__08198__B1, 149.84, 318.24, 1.79485
ANTENNA__10823__A1, 149.84, 318.24, 1.79485
ANTENNA__10827__A1, 149.84, 318.24, 1.79485
ANTENNA__10625__A1, 149.84, 318.24, 1.79485
FILLER_0_112_309, 149.84, 318.24, 1.79485
FILLER_0_113_301, 149.84, 318.24, 1.79485
_07996_, 162.64, 318.24, 1.79488
_10821_, 162.64, 318.24, 1.79488
ANTENNA__08339__A2, 162.64, 318.24, 1.79488
ANTENNA__08151__A2, 162.64, 318.24, 1.79488
ANTENNA__08151__B1, 162.64, 318.24, 1.79488
ANTENNA__08924__A0, 162.64, 318.24, 1.79488
ANTENNA__08914__S, 162.64, 318.24, 1.79488
FILLER_0_112_328, 162.64, 318.24, 1.79488
FILLER_0_112_337, 162.64, 318.24, 1.79488
FILLER_0_113_346, 162.64, 318.24, 1.79488
FILLER_0_114_354, 162.64, 318.24, 1.79488
_08419_, 188.24, 318.24, 1.79484
_08646_, 188.24, 318.24, 1.79484
_13155_, 188.24, 318.24, 1.79484
ANTENNA__08418__B1, 188.24, 318.24, 1.79484
ANTENNA__08418__A2, 188.24, 318.24, 1.79484
ANTENNA__08419__A1, 188.24, 318.24, 1.79484
FILLER_0_112_390, 188.24, 318.24, 1.79484
FILLER_0_113_386, 188.24, 318.24, 1.79484
FILLER_0_113_393, 188.24, 318.24, 1.79484
_07957_, 201.04, 318.24, 1.79477
_08618_, 201.04, 318.24, 1.79477
_09133_, 201.04, 318.24, 1.79477
_09134_, 201.04, 318.24, 1.79477
_13380_, 201.04, 318.24, 1.79477
ANTENNA__08512__B1, 201.04, 318.24, 1.79477
ANTENNA__09922__A0, 201.04, 318.24, 1.79477
ANTENNA__09922__S, 201.04, 318.24, 1.79477
FILLER_0_113_412, 201.04, 318.24, 1.79477
FILLER_0_114_429, 201.04, 318.24, 1.79477
FILLER_0_114_436, 201.04, 318.24, 1.79477
_07980_, 213.84, 318.24, 1.79472
_08426_, 213.84, 318.24, 1.79472
_09112_, 213.84, 318.24, 1.79472
_13316_, 213.84, 318.24, 1.79472
ANTENNA__07334__A, 213.84, 318.24, 1.79472
ANTENNA__08491__C, 213.84, 318.24, 1.79472
ANTENNA__08721__S, 213.84, 318.24, 1.79472
ANTENNA__10957__A, 213.84, 318.24, 1.79472
FILLER_0_112_447, 213.84, 318.24, 1.79472
FILLER_0_113_449, 213.84, 318.24, 1.79472
_07885_, 226.64, 318.24, 1.79467
_08067_, 226.64, 318.24, 1.79467
_10840_, 226.64, 318.24, 1.79467
_10957_, 226.64, 318.24, 1.79467
_14148_, 226.64, 318.24, 1.79467
ANTENNA__08492__A2, 226.64, 318.24, 1.79467
ANTENNA__10839__A1, 226.64, 318.24, 1.79467
FILLER_0_113_482, 226.64, 318.24, 1.79467
FILLER_0_114_486, 226.64, 318.24, 1.79467
_08433_, 239.44, 318.24, 1.79464
_08926_, 239.44, 318.24, 1.79464
_08927_, 239.44, 318.24, 1.79464
_10839_, 239.44, 318.24, 1.79464
_13284_, 239.44, 318.24, 1.79464
_14138_, 239.44, 318.24, 1.79464
FILLER_0_113_521, 239.44, 318.24, 1.79464
_07406_, 252.24, 318.24, 1.79462
_08650_, 252.24, 318.24, 1.79462
_10266_, 252.24, 318.24, 1.79462
_10818_, 252.24, 318.24, 1.79462
_13080_, 252.24, 318.24, 1.79462
_13156_, 252.24, 318.24, 1.79462
ANTENNA__08466__A2, 252.24, 318.24, 1.79462
ANTENNA__08466__A1, 252.24, 318.24, 1.79462
FILLER_0_112_527, 252.24, 318.24, 1.79462
_06525_, 265.04, 318.24, 1.79463
_06708_, 265.04, 318.24, 1.79463
_09091_, 265.04, 318.24, 1.79463
ANTENNA__06525__A, 265.04, 318.24, 1.79463
ANTENNA__06568__A, 265.04, 318.24, 1.79463
ANTENNA__06568__B, 265.04, 318.24, 1.79463
ANTENNA__09091__A, 265.04, 318.24, 1.79463
ANTENNA__13107__RESET_B, 265.04, 318.24, 1.79463
ANTENNA__13084__RESET_B, 265.04, 318.24, 1.79463
FILLER_0_112_556, 265.04, 318.24, 1.79463
_06516_, 277.84, 318.24, 1.79465
_06526_, 277.84, 318.24, 1.79465
_06532_, 277.84, 318.24, 1.79465
_06545_, 277.84, 318.24, 1.79465
hold1, 277.84, 318.24, 1.79465
ANTENNA__13114__RESET_B, 277.84, 318.24, 1.79465
FILLER_0_112_582, 277.84, 318.24, 1.79465
FILLER_0_113_591, 277.84, 318.24, 1.79465
_06513_, 290.64, 318.24, 1.79469
_06520_, 290.64, 318.24, 1.79469
_06540_, 290.64, 318.24, 1.79469
_06542_, 290.64, 318.24, 1.79469
_06551_, 290.64, 318.24, 1.79469
_13098_, 290.64, 318.24, 1.79469
ANTENNA__06540__A1, 290.64, 318.24, 1.79469
ANTENNA__06532__B, 290.64, 318.24, 1.79469
ANTENNA__06532__C, 290.64, 318.24, 1.79469
ANTENNA__13098__RESET_B, 290.64, 318.24, 1.79469
ANTENNA__13082__RESET_B, 290.64, 318.24, 1.79469
FILLER_0_114_624, 290.64, 318.24, 1.79469
_06536_, 303.44, 318.24, 1.79473
_08587_, 303.44, 318.24, 1.79473
_13089_, 303.44, 318.24, 1.79473
ANTENNA__06539__A1, 303.44, 318.24, 1.79473
ANTENNA__08587__A, 303.44, 318.24, 1.79473
FILLER_0_112_637, 303.44, 318.24, 1.79473
_06511_, 316.24, 318.24, 1.79479
_06534_, 316.24, 318.24, 1.79479
_06535_, 316.24, 318.24, 1.79479
_08884_, 316.24, 318.24, 1.79479
_08904_, 316.24, 318.24, 1.79479
_10259_, 316.24, 318.24, 1.79479
_10817_, 316.24, 318.24, 1.79479
_14137_, 316.24, 318.24, 1.79479
ANTENNA__10259__A, 316.24, 318.24, 1.79479
ANTENNA__06511__A_N, 316.24, 318.24, 1.79479
ANTENNA__13098__CLK, 316.24, 318.24, 1.79479
_07797_, 341.84, 318.24, 1.79481
_10802_, 341.84, 318.24, 1.79481
_10803_, 341.84, 318.24, 1.79481
_14130_, 341.84, 318.24, 1.79481
_14136_, 341.84, 318.24, 1.79481
ANTENNA__07797__A2, 341.84, 318.24, 1.79481
ANTENNA__07797__B1, 341.84, 318.24, 1.79481
ANTENNA__12379__A1, 341.84, 318.24, 1.79481
FILLER_0_112_718, 341.84, 318.24, 1.79481
FILLER_0_113_723, 341.84, 318.24, 1.79481
_07445_, 354.64, 318.24, 1.79479
_10800_, 354.64, 318.24, 1.79479
ANTENNA__08889__A0, 354.64, 318.24, 1.79479
ANTENNA__10802__A1, 354.64, 318.24, 1.79479
FILLER_0_112_749, 354.64, 318.24, 1.79479
FILLER_0_112_757, 354.64, 318.24, 1.79479
_08891_, 367.44, 318.24, 1.79476
_10806_, 367.44, 318.24, 1.79476
_13267_, 367.44, 318.24, 1.79476
ANTENNA__07601__A2, 367.44, 318.24, 1.79476
ANTENNA__07445__A2, 367.44, 318.24, 1.79476
ANTENNA__10800__A1, 367.44, 318.24, 1.79476
_07553_, 380.24, 318.24, 1.79475
_07601_, 380.24, 318.24, 1.79475
_10809_, 380.24, 318.24, 1.79475
_10810_, 380.24, 318.24, 1.79475
_10811_, 380.24, 318.24, 1.79475
ANTENNA__07553__A2, 380.24, 318.24, 1.79475
ANTENNA__07553__B1, 380.24, 318.24, 1.79475
ANTENNA__10812__A1, 380.24, 318.24, 1.79475
FILLER_0_113_814, 380.24, 318.24, 1.79475
FILLER_0_114_826, 380.24, 318.24, 1.79475
_08895_, 393.04, 318.24, 1.79473
_08898_, 393.04, 318.24, 1.79473
_13269_, 393.04, 318.24, 1.79473
_13270_, 393.04, 318.24, 1.79473
ANTENNA__08895__A0, 393.04, 318.24, 1.79473
ANTENNA__08897__A0, 393.04, 318.24, 1.79473
FILLER_0_114_854, 393.04, 318.24, 1.79473
_07684_, 405.84, 318.24, 1.79473
_08603_, 405.84, 318.24, 1.79473
_08604_, 405.84, 318.24, 1.79473
_13061_, 405.84, 318.24, 1.79473
_13141_, 405.84, 318.24, 1.79473
ANTENNA__07684__A2, 405.84, 318.24, 1.79473
_08606_, 418.64, 318.24, 1.79474
_13140_, 418.64, 318.24, 1.79474
_13142_, 418.64, 318.24, 1.79474
FILLER_0_112_885, 418.64, 318.24, 1.79474
_07587_, 431.44, 318.24, 1.79476
_13063_, 431.44, 318.24, 1.79476
_14834_, 431.44, 318.24, 1.79476
ANTENNA__13066__CLK, 431.44, 318.24, 1.79476
_12499_, 444.24, 318.24, 1.7948
ANTENNA__12365__S, 444.24, 318.24, 1.7948
ANTENNA__12499__S, 444.24, 318.24, 1.7948
ANTENNA__12159__A0, 444.24, 318.24, 1.7948
ANTENNA__07587__A2, 444.24, 318.24, 1.7948
ANTENNA__07413__B1, 444.24, 318.24, 1.7948
ANTENNA__12499__A1, 444.24, 318.24, 1.7948
ANTENNA__12365__A1, 444.24, 318.24, 1.7948
ANTENNA__12159__S, 444.24, 318.24, 1.7948
ANTENNA__07587__A1, 444.24, 318.24, 1.7948
ANTENNA_clkbuf_leaf_90_wclk_A, 444.24, 318.24, 1.7948
ANTENNA__13063__CLK, 444.24, 318.24, 1.7948
FILLER_0_112_953, 444.24, 318.24, 1.7948
FILLER_0_113_961, 444.24, 318.24, 1.7948
_07413_, 457.04, 318.24, 1.79484
_09100_, 457.04, 318.24, 1.79484
_09101_, 457.04, 318.24, 1.79484
_09104_, 457.04, 318.24, 1.79484
_13364_, 457.04, 318.24, 1.79484
ANTENNA__07414__A2, 457.04, 318.24, 1.79484
ANTENNA__07414__B1, 457.04, 318.24, 1.79484
ANTENNA__07413__A2, 457.04, 318.24, 1.79484
ANTENNA__09100__A0, 457.04, 318.24, 1.79484
ANTENNA__09104__A0, 457.04, 318.24, 1.79484
ANTENNA__09104__S, 457.04, 318.24, 1.79484
ANTENNA__09100__S, 457.04, 318.24, 1.79484
FILLER_0_114_985, 457.04, 318.24, 1.79484
FILLER_0_114_994, 457.04, 318.24, 1.79484
_09099_, 469.84, 318.24, 1.79488
_09102_, 469.84, 318.24, 1.79488
_09105_, 469.84, 318.24, 1.79488
_13363_, 469.84, 318.24, 1.79488
_13366_, 469.84, 318.24, 1.79488
ANTENNA__07547__A2, 469.84, 318.24, 1.79488
PHY_220, 5.52, 312.8, 1.79513
PHY_222, 5.52, 312.8, 1.79513
PHY_221, 494.04, 312.8, 1.79503
PHY_223, 494.04, 312.8, 1.79503
ANTENNA__12377__S, 494.04, 312.8, 1.79503
_08374_, 34.64, 312.8, 1.79506
_09126_, 34.64, 312.8, 1.79506
_09920_, 34.64, 312.8, 1.79506
_13376_, 34.64, 312.8, 1.79506
ANTENNA__08374__A2, 34.64, 312.8, 1.79506
ANTENNA__08374__B1, 34.64, 312.8, 1.79506
ANTENNA_clkbuf_leaf_30_wclk_A, 34.64, 312.8, 1.79506
FILLER_0_111_53, 34.64, 312.8, 1.79506
_08239_, 47.44, 312.8, 1.79501
_08240_, 47.44, 312.8, 1.79501
_08380_, 47.44, 312.8, 1.79501
_08381_, 47.44, 312.8, 1.79501
_13311_, 47.44, 312.8, 1.79501
ANTENNA__08239__A2, 47.44, 312.8, 1.79501
ANTENNA__08239__B1, 47.44, 312.8, 1.79501
ANTENNA__09123__A0, 47.44, 312.8, 1.79501
FILLER_0_110_85, 47.44, 312.8, 1.79501
FILLER_0_111_78, 47.44, 312.8, 1.79501
FILLER_0_111_100, 47.44, 312.8, 1.79501
_08191_, 60.24, 312.8, 1.79497
_08986_, 60.24, 312.8, 1.79497
_08987_, 60.24, 312.8, 1.79497
_09123_, 60.24, 312.8, 1.79497
_09124_, 60.24, 312.8, 1.79497
_10970_, 60.24, 312.8, 1.79497
ANTENNA__08192__A2, 60.24, 312.8, 1.79497
ANTENNA__08380__B1, 60.24, 312.8, 1.79497
ANTENNA__09123__S, 60.24, 312.8, 1.79497
FILLER_0_110_108, 60.24, 312.8, 1.79497
FILLER_0_111_109, 60.24, 312.8, 1.79497
_08993_, 73.04, 312.8, 1.79493
_14208_, 73.04, 312.8, 1.79493
ANTENNA__08238__A2, 73.04, 312.8, 1.79493
ANTENNA__08238__B1, 73.04, 312.8, 1.79493
ANTENNA__08993__A0, 73.04, 312.8, 1.79493
ANTENNA__08993__S, 73.04, 312.8, 1.79493
ANTENNA__10976__A1, 73.04, 312.8, 1.79493
FILLER_0_111_149, 73.04, 312.8, 1.79493
_07964_, 85.84, 312.8, 1.79489
_12180_, 85.84, 312.8, 1.79489
_12181_, 85.84, 312.8, 1.79489
_12385_, 85.84, 312.8, 1.79489
_14747_, 85.84, 312.8, 1.79489
_14843_, 85.84, 312.8, 1.79489
ANTENNA__10976__S, 85.84, 312.8, 1.79489
_08333_, 98.64, 312.8, 1.79487
_08334_, 98.64, 312.8, 1.79487
_09919_, 98.64, 312.8, 1.79487
_13730_, 98.64, 312.8, 1.79487
ANTENNA__12180__A0, 98.64, 312.8, 1.79487
ANTENNA__08333__A2, 98.64, 312.8, 1.79487
ANTENNA__12194__S, 98.64, 312.8, 1.79487
ANTENNA__12180__S, 98.64, 312.8, 1.79487
_08229_, 111.44, 312.8, 1.79486
_08230_, 111.44, 312.8, 1.79486
_08231_, 111.44, 312.8, 1.79486
_08276_, 111.44, 312.8, 1.79486
_08278_, 111.44, 312.8, 1.79486
_13075_, 111.44, 312.8, 1.79486
ANTENNA__08230__B1, 111.44, 312.8, 1.79486
ANTENNA__08230__A2, 111.44, 312.8, 1.79486
ANTENNA__08327__A2, 111.44, 312.8, 1.79486
ANTENNA__13075__RESET_B, 111.44, 312.8, 1.79486
ANTENNA__08231__A1, 111.44, 312.8, 1.79486
ANTENNA__08278__A1, 111.44, 312.8, 1.79486
_13280_, 124.24, 312.8, 1.79487
_14143_, 124.24, 312.8, 1.79487
ANTENNA__08278__A2, 124.24, 312.8, 1.79487
ANTENNA__10829__A1, 124.24, 312.8, 1.79487
ANTENNA__13075__CLK, 124.24, 312.8, 1.79487
FILLER_0_111_252, 124.24, 312.8, 1.79487
_08198_, 137.04, 312.8, 1.79489
_08916_, 137.04, 312.8, 1.79489
_08919_, 137.04, 312.8, 1.79489
ANTENNA__08196__A3, 137.04, 312.8, 1.79489
ANTENNA__08916__A0, 137.04, 312.8, 1.79489
ANTENNA__08916__S, 137.04, 312.8, 1.79489
ANTENNA__10831__S, 137.04, 312.8, 1.79489
FILLER_0_110_277, 137.04, 312.8, 1.79489
FILLER_0_110_283, 137.04, 312.8, 1.79489
FILLER_0_111_277, 137.04, 312.8, 1.79489
_08370_, 149.84, 312.8, 1.79491
_10625_, 149.84, 312.8, 1.79491
_10628_, 149.84, 312.8, 1.79491
_14047_, 149.84, 312.8, 1.79491
ANTENNA__08198__A2, 149.84, 312.8, 1.79491
ANTENNA__08056__A2, 149.84, 312.8, 1.79491
ANTENNA__09502__S, 149.84, 312.8, 1.79491
ANTENNA__10827__S, 149.84, 312.8, 1.79491
FILLER_0_111_300, 149.84, 312.8, 1.79491
FILLER_0_111_305, 149.84, 312.8, 1.79491
FILLER_0_111_324, 149.84, 312.8, 1.79491
_10623_, 162.64, 312.8, 1.79495
ANTENNA__07996__B1, 162.64, 312.8, 1.79495
ANTENNA__08246__A2, 162.64, 312.8, 1.79495
ANTENNA__08246__B1, 162.64, 312.8, 1.79495
ANTENNA__08152__B1, 162.64, 312.8, 1.79495
ANTENNA__10821__A1, 162.64, 312.8, 1.79495
ANTENNA__10625__S, 162.64, 312.8, 1.79495
ANTENNA__10821__S, 162.64, 312.8, 1.79495
FILLER_0_110_334, 162.64, 312.8, 1.79495
FILLER_0_111_349, 162.64, 312.8, 1.79495
FILLER_0_112_350, 162.64, 312.8, 1.79495
_08418_, 188.24, 312.8, 1.79491
_13079_, 188.24, 312.8, 1.79491
ANTENNA__07888__A, 188.24, 312.8, 1.79491
ANTENNA__12538__A1, 188.24, 312.8, 1.79491
ANTENNA__13079__RESET_B, 188.24, 312.8, 1.79491
ANTENNA_clkbuf_leaf_55_wclk_A, 188.24, 312.8, 1.79491
FILLER_0_112_400, 188.24, 312.8, 1.79491
FILLER_0_112_409, 188.24, 312.8, 1.79491
_08427_, 201.04, 312.8, 1.79485
_08428_, 201.04, 312.8, 1.79485
_08512_, 201.04, 312.8, 1.79485
_08653_, 201.04, 312.8, 1.79485
clkbuf_leaf_55_wclk, 201.04, 312.8, 1.79485
ANTENNA__08721__A0, 201.04, 312.8, 1.79485
ANTENNA__08652__A0, 201.04, 312.8, 1.79485
_07334_, 213.84, 312.8, 1.79481
_07427_, 213.84, 312.8, 1.79481
_08491_, 213.84, 312.8, 1.79481
_08652_, 213.84, 312.8, 1.79481
_08722_, 213.84, 312.8, 1.79481
_13189_, 213.84, 312.8, 1.79481
ANTENNA__08492__A3, 213.84, 312.8, 1.79481
ANTENNA__08491__B, 213.84, 312.8, 1.79481
FILLER_0_110_452, 213.84, 312.8, 1.79481
FILLER_0_111_439, 213.84, 312.8, 1.79481
FILLER_0_112_459, 213.84, 312.8, 1.79481
_06933_, 226.64, 312.8, 1.79478
_08464_, 226.64, 312.8, 1.79478
_10366_, 226.64, 312.8, 1.79478
_13016_, 226.64, 312.8, 1.79478
_15141_, 226.64, 312.8, 1.79478
ANTENNA__13016__S, 226.64, 312.8, 1.79478
ANTENNA__06933__A, 226.64, 312.8, 1.79478
ANTENNA__08490__A3, 226.64, 312.8, 1.79478
ANTENNA__09204__S, 226.64, 312.8, 1.79478
ANTENNA__13016__A1, 226.64, 312.8, 1.79478
FILLER_0_111_474, 226.64, 312.8, 1.79478
FILLER_0_112_481, 226.64, 312.8, 1.79478
_07994_, 239.44, 312.8, 1.79477
_07995_, 239.44, 312.8, 1.79477
_10819_, 239.44, 312.8, 1.79477
ANTENNA__08490__B1, 239.44, 312.8, 1.79477
ANTENNA__07995__A, 239.44, 312.8, 1.79477
ANTENNA__08926__A0, 239.44, 312.8, 1.79477
ANTENNA__08926__S, 239.44, 312.8, 1.79477
ANTENNA__10819__A1, 239.44, 312.8, 1.79477
ANTENNA__10819__S, 239.44, 312.8, 1.79477
ANTENNA__13080__RESET_B, 239.44, 312.8, 1.79477
FILLER_0_110_500, 239.44, 312.8, 1.79477
_07443_, 252.24, 312.8, 1.79477
_07444_, 252.24, 312.8, 1.79477
_08465_, 252.24, 312.8, 1.79477
_08466_, 252.24, 312.8, 1.79477
_10615_, 252.24, 312.8, 1.79477
ANTENNA__08465__A2, 252.24, 312.8, 1.79477
_06573_, 265.04, 312.8, 1.79477
_13107_, 265.04, 312.8, 1.79477
ANTENNA__07443__A, 265.04, 312.8, 1.79477
ANTENNA__07444__A, 265.04, 312.8, 1.79477
_06541_, 277.84, 312.8, 1.79477
_13091_, 277.84, 312.8, 1.79477
_13114_, 277.84, 312.8, 1.79477
hold8, 277.84, 312.8, 1.79477
FILLER_0_112_597, 277.84, 312.8, 1.79477
_06512_, 290.64, 312.8, 1.79479
_06514_, 290.64, 312.8, 1.79479
_06538_, 290.64, 312.8, 1.79479
_06539_, 290.64, 312.8, 1.79479
_06552_, 290.64, 312.8, 1.79479
_13099_, 290.64, 312.8, 1.79479
ANTENNA__08514__A2, 290.64, 312.8, 1.79479
ANTENNA__13091__RESET_B, 290.64, 312.8, 1.79479
FILLER_0_110_617, 290.64, 312.8, 1.79479
FILLER_0_111_613, 290.64, 312.8, 1.79479
_13097_, 303.44, 312.8, 1.79482
ANTENNA__06536__B, 303.44, 312.8, 1.79482
ANTENNA__13097__RESET_B, 303.44, 312.8, 1.79482
FILLER_0_110_640, 303.44, 312.8, 1.79482
FILLER_0_110_645, 303.44, 312.8, 1.79482
FILLER_0_111_648, 303.44, 312.8, 1.79482
FILLER_0_112_660, 303.44, 312.8, 1.79482
_06503_, 316.24, 312.8, 1.79485
_07337_, 316.24, 312.8, 1.79485
_10797_, 316.24, 312.8, 1.79485
_10816_, 316.24, 312.8, 1.79485
_14128_, 316.24, 312.8, 1.79485
clkbuf_leaf_64_wclk, 316.24, 312.8, 1.79485
ANTENNA__07337__A, 316.24, 312.8, 1.79485
ANTENNA__06511__B, 316.24, 312.8, 1.79485
ANTENNA__13097__CLK, 316.24, 312.8, 1.79485
FILLER_0_112_677, 316.24, 312.8, 1.79485
_10610_, 341.84, 312.8, 1.79487
_10814_, 341.84, 312.8, 1.79487
_10815_, 341.84, 312.8, 1.79487
ANTENNA__09485__A0, 341.84, 312.8, 1.79487
ANTENNA__10814__A1, 341.84, 312.8, 1.79487
FILLER_0_111_742, 341.84, 312.8, 1.79487
_09480_, 354.64, 312.8, 1.79482
_10608_, 354.64, 312.8, 1.79482
_10609_, 354.64, 312.8, 1.79482
clkbuf_2_3__f_rclk, 354.64, 312.8, 1.79482
ANTENNA__07445__B1, 354.64, 312.8, 1.79482
ANTENNA__09483__A0, 354.64, 312.8, 1.79482
ANTENNA__10608__A1, 354.64, 312.8, 1.79482
ANTENNA_clkbuf_2_3__f_rclk_A, 354.64, 312.8, 1.79482
FILLER_0_110_749, 354.64, 312.8, 1.79482
_10604_, 367.44, 312.8, 1.7948
_10605_, 367.44, 312.8, 1.7948
_10805_, 367.44, 312.8, 1.7948
_14131_, 367.44, 312.8, 1.7948
ANTENNA__07601__B1, 367.44, 312.8, 1.7948
ANTENNA__09481__A0, 367.44, 312.8, 1.7948
ANTENNA__09481__S, 367.44, 312.8, 1.7948
ANTENNA__10806__A1, 367.44, 312.8, 1.7948
ANTENNA__10604__A1, 367.44, 312.8, 1.7948
FILLER_0_111_778, 367.44, 312.8, 1.7948
FILLER_0_111_789, 367.44, 312.8, 1.7948
_07651_, 380.24, 312.8, 1.79478
_14133_, 380.24, 312.8, 1.79478
_14134_, 380.24, 312.8, 1.79478
FILLER_0_110_809, 380.24, 312.8, 1.79478
FILLER_0_110_813, 380.24, 312.8, 1.79478
_07699_, 393.04, 312.8, 1.79478
_08896_, 393.04, 312.8, 1.79478
ANTENNA__07699__A2, 393.04, 312.8, 1.79478
ANTENNA__07651__A2, 393.04, 312.8, 1.79478
ANTENNA__07699__B1, 393.04, 312.8, 1.79478
ANTENNA__07651__B1, 393.04, 312.8, 1.79478
FILLER_0_110_841, 393.04, 312.8, 1.79478
FILLER_0_112_850, 393.04, 312.8, 1.79478
_07491_, 405.84, 312.8, 1.79478
_07685_, 405.84, 312.8, 1.79478
ANTENNA__07684__B1, 405.84, 312.8, 1.79478
ANTENNA__07685__A2, 405.84, 312.8, 1.79478
ANTENNA__07491__A2, 405.84, 312.8, 1.79478
ANTENNA__08603__S, 405.84, 312.8, 1.79478
ANTENNA__08603__A0, 405.84, 312.8, 1.79478
ANTENNA__11963__A1, 405.84, 312.8, 1.79478
ANTENNA__07685__A1, 405.84, 312.8, 1.79478
ANTENNA__13061__CLK, 405.84, 312.8, 1.79478
FILLER_0_110_862, 405.84, 312.8, 1.79478
FILLER_0_111_862, 405.84, 312.8, 1.79478
_07683_, 418.64, 312.8, 1.79478
_07731_, 418.64, 312.8, 1.79478
clkbuf_leaf_90_wclk, 418.64, 312.8, 1.79478
ANTENNA__07731__B1, 418.64, 312.8, 1.79478
ANTENNA__07637__A2, 418.64, 312.8, 1.79478
ANTENNA__07731__A2, 418.64, 312.8, 1.79478
ANTENNA__07491__A1, 418.64, 312.8, 1.79478
FILLER_0_110_888, 418.64, 312.8, 1.79478
FILLER_0_111_889, 418.64, 312.8, 1.79478
FILLER_0_111_897, 418.64, 312.8, 1.79478
FILLER_0_111_911, 418.64, 312.8, 1.79478
_07585_, 431.44, 312.8, 1.79481
_07730_, 431.44, 312.8, 1.79481
_07732_, 431.44, 312.8, 1.79481
_13066_, 431.44, 312.8, 1.79481
ANTENNA__13066__RESET_B, 431.44, 312.8, 1.79481
ANTENNA__13063__RESET_B, 431.44, 312.8, 1.79481
_10252_, 444.24, 312.8, 1.79486
_12159_, 444.24, 312.8, 1.79486
_12160_, 444.24, 312.8, 1.79486
_12364_, 444.24, 312.8, 1.79486
_14737_, 444.24, 312.8, 1.79486
ANTENNA__10251__A1, 444.24, 312.8, 1.79486
FILLER_0_110_948, 444.24, 312.8, 1.79486
FILLER_0_111_941, 444.24, 312.8, 1.79486
_07595_, 457.04, 312.8, 1.79491
_12363_, 457.04, 312.8, 1.79491
ANTENNA__12363__S, 457.04, 312.8, 1.79491
ANTENNA__07693__B1, 457.04, 312.8, 1.79491
ANTENNA__12363__A1, 457.04, 312.8, 1.79491
FILLER_0_110_975, 457.04, 312.8, 1.79491
FILLER_0_111_992, 457.04, 312.8, 1.79491
_07645_, 469.84, 312.8, 1.79497
_07693_, 469.84, 312.8, 1.79497
_07694_, 469.84, 312.8, 1.79497
_09103_, 469.84, 312.8, 1.79497
_13365_, 469.84, 312.8, 1.79497
ANTENNA__07693__A2, 469.84, 312.8, 1.79497
FILLER_0_111_1013, 469.84, 312.8, 1.79497
PHY_216, 5.52, 307.36, 1.79522
PHY_218, 5.52, 307.36, 1.79522
PHY_217, 494.04, 307.36, 1.79512
PHY_219, 494.04, 307.36, 1.79512
ANTENNA__12507__S, 494.04, 307.36, 1.79512
ANTENNA__09891__S, 494.04, 307.36, 1.79512
_09914_, 34.64, 307.36, 1.79517
_09915_, 34.64, 307.36, 1.79517
_13728_, 34.64, 307.36, 1.79517
ANTENNA__08233__A2, 34.64, 307.36, 1.79517
ANTENNA__09920__A0, 34.64, 307.36, 1.79517
ANTENNA__09920__S, 34.64, 307.36, 1.79517
FILLER_0_108_57, 34.64, 307.36, 1.79517
FILLER_0_109_73, 34.64, 307.36, 1.79517
FILLER_0_110_77, 34.64, 307.36, 1.79517
_08186_, 47.44, 307.36, 1.79513
_12528_, 47.44, 307.36, 1.79513
_12529_, 47.44, 307.36, 1.79513
_14911_, 47.44, 307.36, 1.79513
ANTENNA__12528__S, 47.44, 307.36, 1.79513
ANTENNA__08186__A2, 47.44, 307.36, 1.79513
ANTENNA__08233__B1, 47.44, 307.36, 1.79513
ANTENNA__08186__B1, 47.44, 307.36, 1.79513
ANTENNA__12528__A1, 47.44, 307.36, 1.79513
FILLER_0_109_79, 47.44, 307.36, 1.79513
_08192_, 60.24, 307.36, 1.7951
_08193_, 60.24, 307.36, 1.7951
_08238_, 60.24, 307.36, 1.7951
_10279_, 60.24, 307.36, 1.7951
_13375_, 60.24, 307.36, 1.7951
ANTENNA__09912__A0, 60.24, 307.36, 1.7951
ANTENNA__09912__S, 60.24, 307.36, 1.7951
FILLER_0_109_106, 60.24, 307.36, 1.7951
_10277_, 73.04, 307.36, 1.79507
_10282_, 73.04, 307.36, 1.79507
_10283_, 73.04, 307.36, 1.79507
_13888_, 73.04, 307.36, 1.79507
ANTENNA__08192__B1, 73.04, 307.36, 1.79507
ANTENNA__08191__B1, 73.04, 307.36, 1.79507
ANTENNA__10282__A1, 73.04, 307.36, 1.79507
ANTENNA__10970__S, 73.04, 307.36, 1.79507
ANTENNA_clkbuf_leaf_32_wclk_A, 73.04, 307.36, 1.79507
FILLER_0_110_149, 73.04, 307.36, 1.79507
FILLER_0_110_157, 73.04, 307.36, 1.79507
_10276_, 85.84, 307.36, 1.79505
_12194_, 85.84, 307.36, 1.79505
_12195_, 85.84, 307.36, 1.79505
_14754_, 85.84, 307.36, 1.79505
ANTENNA__10282__S, 85.84, 307.36, 1.79505
ANTENNA__10276__A1, 85.84, 307.36, 1.79505
FILLER_0_108_171, 85.84, 307.36, 1.79505
FILLER_0_109_165, 85.84, 307.36, 1.79505
FILLER_0_109_169, 85.84, 307.36, 1.79505
FILLER_0_110_184, 85.84, 307.36, 1.79505
_08327_, 98.64, 307.36, 1.79503
_09918_, 98.64, 307.36, 1.79503
_12534_, 98.64, 307.36, 1.79503
_14914_, 98.64, 307.36, 1.79503
ANTENNA__12194__A0, 98.64, 307.36, 1.79503
ANTENNA__09918__A0, 98.64, 307.36, 1.79503
ANTENNA__09918__S, 98.64, 307.36, 1.79503
FILLER_0_108_197, 98.64, 307.36, 1.79503
FILLER_0_109_189, 98.64, 307.36, 1.79503
FILLER_0_110_213, 98.64, 307.36, 1.79503
_13076_, 111.44, 307.36, 1.79503
ANTENNA__08327__B1, 111.44, 307.36, 1.79503
ANTENNA__12534__A1, 111.44, 307.36, 1.79503
ANTENNA__13076__RESET_B, 111.44, 307.36, 1.79503
FILLER_0_108_222, 111.44, 307.36, 1.79503
_10050_, 124.24, 307.36, 1.79503
_10831_, 124.24, 307.36, 1.79503
_10832_, 124.24, 307.36, 1.79503
ANTENNA__10051__A0, 124.24, 307.36, 1.79503
ANTENNA__10051__S, 124.24, 307.36, 1.79503
ANTENNA__10831__A1, 124.24, 307.36, 1.79503
ANTENNA__13076__CLK, 124.24, 307.36, 1.79503
FILLER_0_108_253, 124.24, 307.36, 1.79503
FILLER_0_109_266, 124.24, 307.36, 1.79503
_09502_, 137.04, 307.36, 1.79504
_09503_, 137.04, 307.36, 1.79504
_13536_, 137.04, 307.36, 1.79504
ANTENNA__08243__A2, 137.04, 307.36, 1.79504
ANTENNA__08196__A2, 137.04, 307.36, 1.79504
ANTENNA__08243__A3, 137.04, 307.36, 1.79504
ANTENNA__08243__B1, 137.04, 307.36, 1.79504
ANTENNA__08196__B1, 137.04, 307.36, 1.79504
ANTENNA__10049__A0, 137.04, 307.36, 1.79504
ANTENNA__09502__A0, 137.04, 307.36, 1.79504
ANTENNA__10049__S, 137.04, 307.36, 1.79504
FILLER_0_109_285, 137.04, 307.36, 1.79504
FILLER_0_110_291, 137.04, 307.36, 1.79504
_10626_, 149.84, 307.36, 1.79505
_10627_, 149.84, 307.36, 1.79505
_14048_, 149.84, 307.36, 1.79505
FILLER_0_108_309, 149.84, 307.36, 1.79505
FILLER_0_109_323, 149.84, 307.36, 1.79505
_08152_, 162.64, 307.36, 1.79507
_09499_, 162.64, 307.36, 1.79507
_10624_, 162.64, 307.36, 1.79507
_13534_, 162.64, 307.36, 1.79507
_14046_, 162.64, 307.36, 1.79507
ANTENNA__08152__A2, 162.64, 307.36, 1.79507
ANTENNA__09498__A0, 162.64, 307.36, 1.79507
ANTENNA__10623__S, 162.64, 307.36, 1.79507
_07888_, 188.24, 307.36, 1.79503
_12538_, 188.24, 307.36, 1.79503
_12539_, 188.24, 307.36, 1.79503
_13732_, 188.24, 307.36, 1.79503
_14916_, 188.24, 307.36, 1.79503
ANTENNA__12538__S, 188.24, 307.36, 1.79503
ANTENNA__08512__A2, 188.24, 307.36, 1.79503
ANTENNA__08421__A2, 188.24, 307.36, 1.79503
ANTENNA__08421__B1, 188.24, 307.36, 1.79503
ANTENNA__09508__S, 188.24, 307.36, 1.79503
FILLER_0_110_407, 188.24, 307.36, 1.79503
_07979_, 201.04, 307.36, 1.79497
_08421_, 201.04, 307.36, 1.79497
_09922_, 201.04, 307.36, 1.79497
_09923_, 201.04, 307.36, 1.79497
_13157_, 201.04, 307.36, 1.79497
ANTENNA__07960__A, 201.04, 307.36, 1.79497
_07428_, 213.84, 307.36, 1.79493
_07978_, 213.84, 307.36, 1.79493
_08492_, 213.84, 307.36, 1.79493
_08721_, 213.84, 307.36, 1.79493
_09067_, 213.84, 307.36, 1.79493
_09204_, 213.84, 307.36, 1.79493
_09205_, 213.84, 307.36, 1.79493
ANTENNA__08469__A2, 213.84, 307.36, 1.79493
ANTENNA__09204__A0, 213.84, 307.36, 1.79493
FILLER_0_108_444, 213.84, 307.36, 1.79493
_08490_, 226.64, 307.36, 1.7949
_10365_, 226.64, 307.36, 1.7949
_13017_, 226.64, 307.36, 1.7949
_13925_, 226.64, 307.36, 1.7949
ANTENNA__08490__A2, 226.64, 307.36, 1.7949
_08905_, 239.44, 307.36, 1.79487
_10264_, 239.44, 307.36, 1.79487
_10616_, 239.44, 307.36, 1.79487
_13882_, 239.44, 307.36, 1.79487
ANTENNA__08465__B1, 239.44, 307.36, 1.79487
ANTENNA__07994__A, 239.44, 307.36, 1.79487
ANTENNA__08905__A, 239.44, 307.36, 1.79487
ANTENNA__10615__A1, 239.44, 307.36, 1.79487
ANTENNA__10264__A1, 239.44, 307.36, 1.79487
ANTENNA__10264__S, 239.44, 307.36, 1.79487
FILLER_0_109_514, 239.44, 307.36, 1.79487
_06689_, 252.24, 307.36, 1.79486
_06846_, 252.24, 307.36, 1.79486
_09490_, 252.24, 307.36, 1.79486
_09491_, 252.24, 307.36, 1.79486
_14042_, 252.24, 307.36, 1.79486
ANTENNA__06689__A, 252.24, 307.36, 1.79486
ANTENNA__09490__A0, 252.24, 307.36, 1.79486
ANTENNA__10615__S, 252.24, 307.36, 1.79486
FILLER_0_108_527, 252.24, 307.36, 1.79486
FILLER_0_109_544, 252.24, 307.36, 1.79486
_12497_, 265.04, 307.36, 1.79485
_13084_, 265.04, 307.36, 1.79485
clkbuf_leaf_62_wclk, 265.04, 307.36, 1.79485
ANTENNA__06846__A, 265.04, 307.36, 1.79485
ANTENNA__06689__B, 265.04, 307.36, 1.79485
ANTENNA__07905__A2, 265.04, 307.36, 1.79485
ANTENNA__07905__B1, 265.04, 307.36, 1.79485
ANTENNA__12497__A1, 265.04, 307.36, 1.79485
FILLER_0_108_557, 265.04, 307.36, 1.79485
FILLER_0_109_555, 265.04, 307.36, 1.79485
FILLER_0_109_561, 265.04, 307.36, 1.79485
_08514_, 277.84, 307.36, 1.79486
_08526_, 277.84, 307.36, 1.79486
ANTENNA__12496__A, 277.84, 307.36, 1.79486
ANTENNA__12497__S, 277.84, 307.36, 1.79486
ANTENNA__09880__A, 277.84, 307.36, 1.79486
ANTENNA_clkbuf_leaf_62_wclk_A, 277.84, 307.36, 1.79486
_06521_, 290.64, 307.36, 1.79488
_13090_, 290.64, 307.36, 1.79488
ANTENNA__06538__A2, 290.64, 307.36, 1.79488
ANTENNA__08526__A, 290.64, 307.36, 1.79488
ANTENNA__08514__A1, 290.64, 307.36, 1.79488
ANTENNA__13100__RESET_B, 290.64, 307.36, 1.79488
ANTENNA__13099__RESET_B, 290.64, 307.36, 1.79488
ANTENNA__13090__RESET_B, 290.64, 307.36, 1.79488
FILLER_0_109_633, 290.64, 307.36, 1.79488
FILLER_0_110_623, 290.64, 307.36, 1.79488
_06504_, 303.44, 307.36, 1.7949
_06509_, 303.44, 307.36, 1.7949
_06687_, 303.44, 307.36, 1.7949
_06719_, 303.44, 307.36, 1.7949
_06783_, 303.44, 307.36, 1.7949
_06794_, 303.44, 307.36, 1.7949
ANTENNA__13099__CLK, 303.44, 307.36, 1.7949
FILLER_0_109_643, 303.44, 307.36, 1.7949
_06505_, 316.24, 307.36, 1.79497
_10612_, 316.24, 307.36, 1.79497
_10799_, 316.24, 307.36, 1.79497
ANTENNA__10260__A1, 316.24, 307.36, 1.79497
FILLER_0_108_669, 316.24, 307.36, 1.79497
FILLER_0_109_673, 316.24, 307.36, 1.79497
FILLER_0_109_681, 316.24, 307.36, 1.79497
FILLER_0_109_686, 316.24, 307.36, 1.79497
_07798_, 341.84, 307.36, 1.795
_09484_, 341.84, 307.36, 1.795
_10611_, 341.84, 307.36, 1.795
_13527_, 341.84, 307.36, 1.795
ANTENNA__07798__A2, 341.84, 307.36, 1.795
ANTENNA__09483__S, 341.84, 307.36, 1.795
ANTENNA__10610__A1, 341.84, 307.36, 1.795
FILLER_0_109_733, 341.84, 307.36, 1.795
FILLER_0_110_735, 341.84, 307.36, 1.795
_09481_, 354.64, 307.36, 1.79496
_13525_, 354.64, 307.36, 1.79496
_14039_, 354.64, 307.36, 1.79496
FILLER_0_108_753, 354.64, 307.36, 1.79496
_09482_, 367.44, 307.36, 1.79494
_10804_, 367.44, 307.36, 1.79494
_14037_, 367.44, 307.36, 1.79494
_14038_, 367.44, 307.36, 1.79494
ANTENNA__07652__A2, 367.44, 307.36, 1.79494
FILLER_0_110_792, 367.44, 307.36, 1.79494
_10808_, 380.24, 307.36, 1.79492
ANTENNA__07744__A3, 380.24, 307.36, 1.79492
ANTENNA__07744__B1, 380.24, 307.36, 1.79492
ANTENNA__07700__A2, 380.24, 307.36, 1.79492
ANTENNA__07652__B1, 380.24, 307.36, 1.79492
ANTENNA__10032__S, 380.24, 307.36, 1.79492
ANTENNA__10028__S, 380.24, 307.36, 1.79492
ANTENNA__10804__A1, 380.24, 307.36, 1.79492
ANTENNA__10808__A1, 380.24, 307.36, 1.79492
FILLER_0_109_805, 380.24, 307.36, 1.79492
FILLER_0_109_815, 380.24, 307.36, 1.79492
_07653_, 393.04, 307.36, 1.79491
_07744_, 393.04, 307.36, 1.79491
_07748_, 393.04, 307.36, 1.79491
_11963_, 393.04, 307.36, 1.79491
_13065_, 393.04, 307.36, 1.79491
ANTENNA__07744__A2, 393.04, 307.36, 1.79491
ANTENNA__10028__A0, 393.04, 307.36, 1.79491
ANTENNA__11963__S, 393.04, 307.36, 1.79491
ANTENNA__13065__RESET_B, 393.04, 307.36, 1.79491
ANTENNA__13065__CLK, 393.04, 307.36, 1.79491
FILLER_0_110_847, 393.04, 307.36, 1.79491
_10257_, 405.84, 307.36, 1.79491
_11964_, 405.84, 307.36, 1.79491
_11968_, 405.84, 307.36, 1.79491
ANTENNA__10257__S, 405.84, 307.36, 1.79491
FILLER_0_108_869, 405.84, 307.36, 1.79491
FILLER_0_109_879, 405.84, 307.36, 1.79491
_07635_, 418.64, 307.36, 1.79492
_07637_, 418.64, 307.36, 1.79492
_10249_, 418.64, 307.36, 1.79492
_13877_, 418.64, 307.36, 1.79492
ANTENNA__10257__A1, 418.64, 307.36, 1.79492
ANTENNA__13064__RESET_B, 418.64, 307.36, 1.79492
ANTENNA__13064__CLK, 418.64, 307.36, 1.79492
FILLER_0_109_901, 418.64, 307.36, 1.79492
FILLER_0_110_901, 418.64, 307.36, 1.79492
_13064_, 431.44, 307.36, 1.79493
_13878_, 431.44, 307.36, 1.79493
ANTENNA__07732__A2, 431.44, 307.36, 1.79493
ANTENNA__07637__A1, 431.44, 307.36, 1.79493
ANTENNA__07732__A1, 431.44, 307.36, 1.79493
FILLER_0_108_918, 431.44, 307.36, 1.79493
FILLER_0_108_925, 431.44, 307.36, 1.79493
FILLER_0_110_938, 431.44, 307.36, 1.79493
_10255_, 444.24, 307.36, 1.79496
_14833_, 444.24, 307.36, 1.79496
clkbuf_leaf_91_wclk, 444.24, 307.36, 1.79496
ANTENNA__10254__S, 444.24, 307.36, 1.79496
FILLER_0_109_958, 444.24, 307.36, 1.79496
_07596_, 457.04, 307.36, 1.79502
ANTENNA__12505__S, 457.04, 307.36, 1.79502
ANTENNA__10168__A1, 457.04, 307.36, 1.79502
ANTENNA__07589__B1, 457.04, 307.36, 1.79502
ANTENNA__07595__A2, 457.04, 307.36, 1.79502
ANTENNA__07595__B1, 457.04, 307.36, 1.79502
ANTENNA__09889__S, 457.04, 307.36, 1.79502
ANTENNA__10254__A1, 457.04, 307.36, 1.79502
ANTENNA__12505__A1, 457.04, 307.36, 1.79502
FILLER_0_109_975, 457.04, 307.36, 1.79502
FILLER_0_109_985, 457.04, 307.36, 1.79502
FILLER_0_110_989, 457.04, 307.36, 1.79502
_09893_, 469.84, 307.36, 1.79507
ANTENNA__12509__S, 469.84, 307.36, 1.79507
ANTENNA__07589__A2, 469.84, 307.36, 1.79507
ANTENNA__07645__A2, 469.84, 307.36, 1.79507
ANTENNA__07645__B1, 469.84, 307.36, 1.79507
ANTENNA__09889__A0, 469.84, 307.36, 1.79507
ANTENNA__09893__A0, 469.84, 307.36, 1.79507
ANTENNA__09893__S, 469.84, 307.36, 1.79507
ANTENNA__12509__A1, 469.84, 307.36, 1.79507
FILLER_0_109_1005, 469.84, 307.36, 1.79507
FILLER_0_109_1017, 469.84, 307.36, 1.79507
FILLER_0_110_1019, 469.84, 307.36, 1.79507
PHY_212, 5.52, 301.92, 1.79531
PHY_214, 5.52, 301.92, 1.79531
_09888_, 494.04, 301.92, 1.7952
PHY_213, 494.04, 301.92, 1.7952
PHY_215, 494.04, 301.92, 1.7952
ANTENNA__09891__A0, 494.04, 301.92, 1.7952
FILLER_0_106_1056, 494.04, 301.92, 1.7952
_08233_, 34.64, 301.92, 1.79525
ANTENNA__12394__S, 34.64, 301.92, 1.79525
ANTENNA__12530__S, 34.64, 301.92, 1.79525
ANTENNA__12190__A0, 34.64, 301.92, 1.79525
ANTENNA__08232__A2, 34.64, 301.92, 1.79525
ANTENNA__09914__A0, 34.64, 301.92, 1.79525
ANTENNA__09914__S, 34.64, 301.92, 1.79525
ANTENNA__12530__A1, 34.64, 301.92, 1.79525
ANTENNA__12394__A1, 34.64, 301.92, 1.79525
FILLER_0_106_54, 34.64, 301.92, 1.79525
FILLER_0_106_59, 34.64, 301.92, 1.79525
FILLER_0_107_65, 34.64, 301.92, 1.79525
FILLER_0_107_77, 34.64, 301.92, 1.79525
_09912_, 47.44, 301.92, 1.79519
_09913_, 47.44, 301.92, 1.79519
_12393_, 47.44, 301.92, 1.79519
_13727_, 47.44, 301.92, 1.79519
ANTENNA__12188__A0, 47.44, 301.92, 1.79519
FILLER_0_107_98, 47.44, 301.92, 1.79519
_10280_, 60.24, 301.92, 1.79513
_10285_, 60.24, 301.92, 1.79513
_13887_, 60.24, 301.92, 1.79513
ANTENNA__10279__S, 60.24, 301.92, 1.79513
ANTENNA__10279__A1, 60.24, 301.92, 1.79513
FILLER_0_106_107, 60.24, 301.92, 1.79513
FILLER_0_107_106, 60.24, 301.92, 1.79513
FILLER_0_108_132, 60.24, 301.92, 1.79513
_13886_, 73.04, 301.92, 1.79509
ANTENNA__10285__S, 73.04, 301.92, 1.79509
ANTENNA__10270__S, 73.04, 301.92, 1.79509
FILLER_0_106_135, 73.04, 301.92, 1.79509
FILLER_0_106_141, 73.04, 301.92, 1.79509
FILLER_0_107_158, 73.04, 301.92, 1.79509
_10290_, 85.84, 301.92, 1.79504
_12399_, 85.84, 301.92, 1.79504
_14850_, 85.84, 301.92, 1.79504
clkbuf_4_4_0_wclk, 85.84, 301.92, 1.79504
ANTENNA__10276__S, 85.84, 301.92, 1.79504
ANTENNA_clkbuf_4_4_0_wclk_A, 85.84, 301.92, 1.79504
FILLER_0_107_169, 85.84, 301.92, 1.79504
_08326_, 98.64, 301.92, 1.79505
_12535_, 98.64, 301.92, 1.79505
ANTENNA__12534__S, 98.64, 301.92, 1.79505
ANTENNA__08326__A2, 98.64, 301.92, 1.79505
ANTENNA__08326__B1, 98.64, 301.92, 1.79505
ANTENNA__12398__A1, 98.64, 301.92, 1.79505
FILLER_0_106_193, 98.64, 301.92, 1.79505
FILLER_0_106_201, 98.64, 301.92, 1.79505
FILLER_0_107_212, 98.64, 301.92, 1.79505
_11986_, 111.44, 301.92, 1.79505
_11987_, 111.44, 301.92, 1.79505
_14656_, 111.44, 301.92, 1.79505
ANTENNA__11986__A1, 111.44, 301.92, 1.79505
ANTENNA__11988__A1, 111.44, 301.92, 1.79505
ANTENNA__11986__S, 111.44, 301.92, 1.79505
FILLER_0_107_217, 111.44, 301.92, 1.79505
FILLER_0_107_225, 111.44, 301.92, 1.79505
FILLER_0_107_241, 111.44, 301.92, 1.79505
FILLER_0_108_243, 111.44, 301.92, 1.79505
_08196_, 124.24, 301.92, 1.79506
_10051_, 124.24, 301.92, 1.79506
_10052_, 124.24, 301.92, 1.79506
_13791_, 124.24, 301.92, 1.79506
_13792_, 124.24, 301.92, 1.79506
ANTENNA__11984__A1, 124.24, 301.92, 1.79506
ANTENNA__11984__S, 124.24, 301.92, 1.79506
FILLER_0_108_270, 124.24, 301.92, 1.79506
_08243_, 137.04, 301.92, 1.79508
_08247_, 137.04, 301.92, 1.79508
_09500_, 137.04, 301.92, 1.79508
_09501_, 137.04, 301.92, 1.79508
_13535_, 137.04, 301.92, 1.79508
ANTENNA__08199__A2, 137.04, 301.92, 1.79508
ANTENNA__08199__B1, 137.04, 301.92, 1.79508
ANTENNA__09500__A0, 137.04, 301.92, 1.79508
ANTENNA__10627__A1, 137.04, 301.92, 1.79508
_08199_, 149.84, 301.92, 1.79511
_08246_, 149.84, 301.92, 1.79511
clkbuf_leaf_20_wclk, 149.84, 301.92, 1.79511
ANTENNA__08293__A2, 149.84, 301.92, 1.79511
ANTENNA__08293__B1, 149.84, 301.92, 1.79511
ANTENNA__10629__A1, 149.84, 301.92, 1.79511
FILLER_0_106_309, 149.84, 301.92, 1.79511
_09498_, 162.64, 301.92, 1.79515
_10618_, 162.64, 301.92, 1.79515
_14043_, 162.64, 301.92, 1.79515
ANTENNA__10629__S, 162.64, 301.92, 1.79515
ANTENNA__10627__S, 162.64, 301.92, 1.79515
ANTENNA_clkbuf_leaf_20_wclk_A, 162.64, 301.92, 1.79515
FILLER_0_106_331, 162.64, 301.92, 1.79515
_07961_, 188.24, 301.92, 1.79516
_12198_, 188.24, 301.92, 1.79516
ANTENNA__12517__A, 188.24, 301.92, 1.79516
ANTENNA__12198__A0, 188.24, 301.92, 1.79516
ANTENNA__08420__A2, 188.24, 301.92, 1.79516
ANTENNA__08420__B1, 188.24, 301.92, 1.79516
ANTENNA__08387__A2, 188.24, 301.92, 1.79516
ANTENNA__08387__B1, 188.24, 301.92, 1.79516
ANTENNA__12402__A1, 188.24, 301.92, 1.79516
ANTENNA__12198__S, 188.24, 301.92, 1.79516
_07960_, 201.04, 301.92, 1.79512
_09901_, 201.04, 301.92, 1.79512
_12517_, 201.04, 301.92, 1.79512
_13349_, 201.04, 301.92, 1.79512
_14725_, 201.04, 301.92, 1.79512
ANTENNA__12402__S, 201.04, 301.92, 1.79512
ANTENNA__12381__A, 201.04, 301.92, 1.79512
ANTENNA__09066__A0, 201.04, 301.92, 1.79512
ANTENNA__09901__A, 201.04, 301.92, 1.79512
FILLER_0_107_415, 201.04, 301.92, 1.79512
_07409_, 213.84, 301.92, 1.79509
_07410_, 213.84, 301.92, 1.79509
_08469_, 213.84, 301.92, 1.79509
_13413_, 213.84, 301.92, 1.79509
ANTENNA__08469__B1, 213.84, 301.92, 1.79509
_10040_, 226.64, 301.92, 1.79507
_13786_, 226.64, 301.92, 1.79507
_14650_, 226.64, 301.92, 1.79507
ANTENNA__06695__A, 226.64, 301.92, 1.79507
ANTENNA__10039__A0, 226.64, 301.92, 1.79507
ANTENNA__10175__S, 226.64, 301.92, 1.79507
ANTENNA__10365__S, 226.64, 301.92, 1.79507
FILLER_0_106_477, 226.64, 301.92, 1.79507
_07902_, 239.44, 301.92, 1.79505
_10039_, 239.44, 301.92, 1.79505
_10265_, 239.44, 301.92, 1.79505
_13530_, 239.44, 301.92, 1.79505
ANTENNA__09490__S, 239.44, 301.92, 1.79505
ANTENNA__10039__S, 239.44, 301.92, 1.79505
FILLER_0_108_521, 239.44, 301.92, 1.79505
_07905_, 252.24, 301.92, 1.79504
_07906_, 252.24, 301.92, 1.79504
ANTENNA__10635__S, 252.24, 301.92, 1.79504
FILLER_0_106_529, 252.24, 301.92, 1.79504
FILLER_0_107_550, 252.24, 301.92, 1.79504
_09880_, 265.04, 301.92, 1.79503
_12496_, 265.04, 301.92, 1.79503
_12498_, 265.04, 301.92, 1.79503
_13712_, 265.04, 301.92, 1.79503
_09857_, 277.84, 301.92, 1.79503
_13083_, 277.84, 301.92, 1.79503
_13100_, 277.84, 301.92, 1.79503
ANTENNA__13108__RESET_B, 277.84, 301.92, 1.79503
FILLER_0_106_592, 277.84, 301.92, 1.79503
FILLER_0_107_593, 277.84, 301.92, 1.79503
FILLER_0_108_593, 277.84, 301.92, 1.79503
_06508_, 290.64, 301.92, 1.79504
hold9, 290.64, 301.92, 1.79504
ANTENNA__08498__C, 290.64, 301.92, 1.79504
ANTENNA__08498__B, 290.64, 301.92, 1.79504
ANTENNA__09881__S, 290.64, 301.92, 1.79504
ANTENNA__13083__RESET_B, 290.64, 301.92, 1.79504
FILLER_0_107_631, 290.64, 301.92, 1.79504
_06710_, 303.44, 301.92, 1.79505
_06720_, 303.44, 301.92, 1.79505
_06762_, 303.44, 301.92, 1.79505
FILLER_0_106_639, 303.44, 301.92, 1.79505
FILLER_0_106_645, 303.44, 301.92, 1.79505
_06522_, 316.24, 301.92, 1.79509
_09488_, 316.24, 301.92, 1.79509
_10260_, 316.24, 301.92, 1.79509
_10261_, 316.24, 301.92, 1.79509
_10613_, 316.24, 301.92, 1.79509
_13529_, 316.24, 301.92, 1.79509
_13881_, 316.24, 301.92, 1.79509
_14041_, 316.24, 301.92, 1.79509
ANTENNA__10260__S, 316.24, 301.92, 1.79509
_09483_, 341.84, 301.92, 1.79508
_11969_, 341.84, 301.92, 1.79508
_14648_, 341.84, 301.92, 1.79508
ANTENNA__07795__B1, 341.84, 301.92, 1.79508
ANTENNA__07798__B1, 341.84, 301.92, 1.79508
ANTENNA__07795__A2, 341.84, 301.92, 1.79508
ANTENNA__11969__A1, 341.84, 301.92, 1.79508
ANTENNA__11969__S, 341.84, 301.92, 1.79508
FILLER_0_107_723, 341.84, 301.92, 1.79508
_07747_, 354.64, 301.92, 1.79503
_07795_, 354.64, 301.92, 1.79503
_13526_, 354.64, 301.92, 1.79503
clkbuf_leaf_103_wclk, 354.64, 301.92, 1.79503
_07652_, 367.44, 301.92, 1.795
_07700_, 367.44, 301.92, 1.795
_10606_, 367.44, 301.92, 1.795
_10607_, 367.44, 301.92, 1.795
ANTENNA__07700__B1, 367.44, 301.92, 1.795
ANTENNA__09479__A0, 367.44, 301.92, 1.795
ANTENNA__09479__S, 367.44, 301.92, 1.795
ANTENNA__10606__A1, 367.44, 301.92, 1.795
FILLER_0_107_776, 367.44, 301.92, 1.795
_10028_, 380.24, 301.92, 1.79498
_10029_, 380.24, 301.92, 1.79498
_10032_, 380.24, 301.92, 1.79498
_10033_, 380.24, 301.92, 1.79498
_13781_, 380.24, 301.92, 1.79498
_13783_, 380.24, 301.92, 1.79498
ANTENNA__07649__A3, 380.24, 301.92, 1.79498
_07649_, 393.04, 301.92, 1.79496
_11967_, 393.04, 301.92, 1.79496
_14647_, 393.04, 301.92, 1.79496
clkbuf_leaf_101_wclk, 393.04, 301.92, 1.79496
ANTENNA__07649__A2, 393.04, 301.92, 1.79496
_10171_, 405.84, 301.92, 1.79498
_10258_, 405.84, 301.92, 1.79498
_11966_, 405.84, 301.92, 1.79498
_13880_, 405.84, 301.92, 1.79498
ANTENNA__10032__A0, 405.84, 301.92, 1.79498
ANTENNA__10170__S, 405.84, 301.92, 1.79498
ANTENNA_clkbuf_leaf_101_wclk_A, 405.84, 301.92, 1.79498
FILLER_0_106_865, 405.84, 301.92, 1.79498
FILLER_0_107_869, 405.84, 301.92, 1.79498
FILLER_0_107_877, 405.84, 301.92, 1.79498
_07800_, 418.64, 301.92, 1.795
_10170_, 418.64, 301.92, 1.795
_10248_, 418.64, 301.92, 1.795
ANTENNA__10170__A1, 418.64, 301.92, 1.795
FILLER_0_108_911, 418.64, 301.92, 1.795
_10157_, 431.44, 301.92, 1.79502
_10167_, 431.44, 301.92, 1.79502
_10237_, 431.44, 301.92, 1.79502
_10251_, 431.44, 301.92, 1.79502
_13846_, 431.44, 301.92, 1.79502
ANTENNA__10251__S, 431.44, 301.92, 1.79502
ANTENNA__10248__S, 431.44, 301.92, 1.79502
ANTENNA__10236__A1, 431.44, 301.92, 1.79502
ANTENNA__10248__A1, 431.44, 301.92, 1.79502
ANTENNA_clkbuf_leaf_91_wclk_A, 431.44, 301.92, 1.79502
_07702_, 444.24, 301.92, 1.79505
_10254_, 444.24, 301.92, 1.79505
_13879_, 444.24, 301.92, 1.79505
FILLER_0_107_949, 444.24, 301.92, 1.79505
_07589_, 457.04, 301.92, 1.79509
_09889_, 457.04, 301.92, 1.79509
_09890_, 457.04, 301.92, 1.79509
_12505_, 457.04, 301.92, 1.79509
_12506_, 457.04, 301.92, 1.79509
_13716_, 457.04, 301.92, 1.79509
_14900_, 457.04, 301.92, 1.79509
ANTENNA__10166__A1, 457.04, 301.92, 1.79509
ANTENNA__07702__A2, 457.04, 301.92, 1.79509
ANTENNA__10168__S, 457.04, 301.92, 1.79509
FILLER_0_106_977, 457.04, 301.92, 1.79509
_09894_, 469.84, 301.92, 1.79514
_12509_, 469.84, 301.92, 1.79514
_12510_, 469.84, 301.92, 1.79514
_13718_, 469.84, 301.92, 1.79514
_14902_, 469.84, 301.92, 1.79514
ANTENNA__07588__A2, 469.84, 301.92, 1.79514
PHY_208, 5.52, 296.48, 1.79541
PHY_210, 5.52, 296.48, 1.79541
PHY_209, 494.04, 296.48, 1.79532
PHY_211, 494.04, 296.48, 1.79532
ANTENNA__07638__A2, 494.04, 296.48, 1.79532
ANTENNA__07638__B1, 494.04, 296.48, 1.79532
FILLER_0_105_1056, 494.04, 296.48, 1.79532
_08232_, 34.64, 296.48, 1.79536
_08373_, 34.64, 296.48, 1.79536
_12188_, 34.64, 296.48, 1.79536
_14847_, 34.64, 296.48, 1.79536
ANTENNA__08373__A2, 34.64, 296.48, 1.79536
ANTENNA__08373__B1, 34.64, 296.48, 1.79536
ANTENNA__08232__B1, 34.64, 296.48, 1.79536
ANTENNA__12190__S, 34.64, 296.48, 1.79536
FILLER_0_106_68, 34.64, 296.48, 1.79536
_08185_, 47.44, 296.48, 1.79533
_10286_, 47.44, 296.48, 1.79533
_12392_, 47.44, 296.48, 1.79533
ANTENNA__12392__S, 47.44, 296.48, 1.79533
ANTENNA__10189__A1, 47.44, 296.48, 1.79533
ANTENNA__08185__A2, 47.44, 296.48, 1.79533
ANTENNA__12392__A1, 47.44, 296.48, 1.79533
ANTENNA__12188__S, 47.44, 296.48, 1.79533
FILLER_0_104_81, 47.44, 296.48, 1.79533
FILLER_0_106_98, 47.44, 296.48, 1.79533
_10274_, 60.24, 296.48, 1.79529
_13889_, 60.24, 296.48, 1.79529
ANTENNA__10273__S, 60.24, 296.48, 1.79529
ANTENNA__10273__A1, 60.24, 296.48, 1.79529
ANTENNA__10285__A1, 60.24, 296.48, 1.79529
_10184_, 73.04, 296.48, 1.79526
_10270_, 73.04, 296.48, 1.79526
_10271_, 73.04, 296.48, 1.79526
ANTENNA__10187__A1, 73.04, 296.48, 1.79526
ANTENNA__10187__S, 73.04, 296.48, 1.79526
ANTENNA__10270__A1, 73.04, 296.48, 1.79526
ANTENNA__10290__A, 73.04, 296.48, 1.79526
ANTENNA_clkbuf_leaf_29_wclk_A, 73.04, 296.48, 1.79526
FILLER_0_105_154, 73.04, 296.48, 1.79526
FILLER_0_105_160, 73.04, 296.48, 1.79526
_10291_, 85.84, 296.48, 1.79523
_10292_, 85.84, 296.48, 1.79523
_12398_, 85.84, 296.48, 1.79523
_13891_, 85.84, 296.48, 1.79523
ANTENNA__08248__A2, 85.84, 296.48, 1.79523
ANTENNA__08248__B1, 85.84, 296.48, 1.79523
ANTENNA__10291__S, 85.84, 296.48, 1.79523
ANTENNA__10291__A1, 85.84, 296.48, 1.79523
FILLER_0_105_169, 85.84, 296.48, 1.79523
FILLER_0_105_188, 85.84, 296.48, 1.79523
FILLER_0_106_181, 85.84, 296.48, 1.79523
_10267_, 98.64, 296.48, 1.79522
_10268_, 98.64, 296.48, 1.79522
_13883_, 98.64, 296.48, 1.79522
ANTENNA__12398__S, 98.64, 296.48, 1.79522
ANTENNA__08389__A2, 98.64, 296.48, 1.79522
ANTENNA__08005__A2, 98.64, 296.48, 1.79522
ANTENNA__10267__S, 98.64, 296.48, 1.79522
ANTENNA__10267__A1, 98.64, 296.48, 1.79522
ANTENNA_clkbuf_leaf_22_wclk_A, 98.64, 296.48, 1.79522
FILLER_0_104_191, 98.64, 296.48, 1.79522
FILLER_0_105_215, 98.64, 296.48, 1.79522
_11984_, 111.44, 296.48, 1.7952
_11988_, 111.44, 296.48, 1.7952
_11989_, 111.44, 296.48, 1.7952
_14655_, 111.44, 296.48, 1.7952
clkbuf_leaf_22_wclk, 111.44, 296.48, 1.7952
ANTENNA__11988__S, 111.44, 296.48, 1.7952
_10049_, 124.24, 296.48, 1.79522
_10053_, 124.24, 296.48, 1.79522
_10054_, 124.24, 296.48, 1.79522
_13793_, 124.24, 296.48, 1.79522
ANTENNA__10053__A0, 124.24, 296.48, 1.79522
FILLER_0_104_253, 124.24, 296.48, 1.79522
_08200_, 137.04, 296.48, 1.79524
_08294_, 137.04, 296.48, 1.79524
_13537_, 137.04, 296.48, 1.79524
ANTENNA__09504__A0, 137.04, 296.48, 1.79524
ANTENNA__09500__S, 137.04, 296.48, 1.79524
FILLER_0_104_285, 137.04, 296.48, 1.79524
FILLER_0_106_288, 137.04, 296.48, 1.79524
FILLER_0_106_295, 137.04, 296.48, 1.79524
_08293_, 149.84, 296.48, 1.79526
_10620_, 149.84, 296.48, 1.79526
_10621_, 149.84, 296.48, 1.79526
_10629_, 149.84, 296.48, 1.79526
_10630_, 149.84, 296.48, 1.79526
_14049_, 149.84, 296.48, 1.79526
ANTENNA__10621__A1, 149.84, 296.48, 1.79526
FILLER_0_105_304, 149.84, 296.48, 1.79526
_10617_, 162.64, 296.48, 1.7953
ANTENNA__07999__B1, 162.64, 296.48, 1.7953
ANTENNA__10621__S, 162.64, 296.48, 1.7953
FILLER_0_104_338, 162.64, 296.48, 1.7953
FILLER_0_105_355, 162.64, 296.48, 1.7953
FILLER_0_106_342, 162.64, 296.48, 1.7953
_08420_, 188.24, 296.48, 1.79528
_10058_, 188.24, 296.48, 1.79528
_12199_, 188.24, 296.48, 1.79528
_12403_, 188.24, 296.48, 1.79528
_14756_, 188.24, 296.48, 1.79528
_14852_, 188.24, 296.48, 1.79528
ANTENNA__10057__A0, 188.24, 296.48, 1.79528
FILLER_0_106_411, 188.24, 296.48, 1.79528
_09066_, 201.04, 296.48, 1.79525
_12132_, 201.04, 296.48, 1.79525
_12133_, 201.04, 296.48, 1.79525
_12381_, 201.04, 296.48, 1.79525
_12402_, 201.04, 296.48, 1.79525
ANTENNA__12132__A0, 201.04, 296.48, 1.79525
ANTENNA__09066__S, 201.04, 296.48, 1.79525
FILLER_0_104_421, 201.04, 296.48, 1.79525
FILLER_0_105_421, 201.04, 296.48, 1.79525
_06695_, 213.84, 296.48, 1.79521
_06705_, 213.84, 296.48, 1.79521
_13850_, 213.84, 296.48, 1.79521
ANTENNA__10175__A1, 213.84, 296.48, 1.79521
ANTENNA__07412__A, 213.84, 296.48, 1.79521
ANTENNA__07409__A, 213.84, 296.48, 1.79521
ANTENNA__06705__B, 213.84, 296.48, 1.79521
ANTENNA__08790__A0, 213.84, 296.48, 1.79521
ANTENNA__08790__S, 213.84, 296.48, 1.79521
FILLER_0_106_454, 213.84, 296.48, 1.79521
_10176_, 226.64, 296.48, 1.79519
_10295_, 226.64, 296.48, 1.79519
_11974_, 226.64, 296.48, 1.79519
_11975_, 226.64, 296.48, 1.79519
_13892_, 226.64, 296.48, 1.79519
ANTENNA__10365__A0, 226.64, 296.48, 1.79519
ANTENNA__08436__B1, 226.64, 296.48, 1.79519
ANTENNA__10294__S, 226.64, 296.48, 1.79519
ANTENNA__10294__A1, 226.64, 296.48, 1.79519
ANTENNA__11974__A1, 226.64, 296.48, 1.79519
ANTENNA__11974__S, 226.64, 296.48, 1.79519
ANTENNA__09373__A, 226.64, 296.48, 1.79519
FILLER_0_105_473, 226.64, 296.48, 1.79519
FILLER_0_105_479, 226.64, 296.48, 1.79519
FILLER_0_105_494, 226.64, 296.48, 1.79519
_10263_, 239.44, 296.48, 1.79517
_10635_, 239.44, 296.48, 1.79517
ANTENNA__08003__A, 239.44, 296.48, 1.79517
ANTENNA__07902__B1, 239.44, 296.48, 1.79517
ANTENNA__07902__A2, 239.44, 296.48, 1.79517
ANTENNA__07902__A3, 239.44, 296.48, 1.79517
ANTENNA__08434__A2, 239.44, 296.48, 1.79517
ANTENNA__08434__B1, 239.44, 296.48, 1.79517
ANTENNA__09510__A0, 239.44, 296.48, 1.79517
ANTENNA__10263__A, 239.44, 296.48, 1.79517
ANTENNA__10635__A1, 239.44, 296.48, 1.79517
FILLER_0_104_503, 239.44, 296.48, 1.79517
FILLER_0_105_509, 239.44, 296.48, 1.79517
FILLER_0_106_521, 239.44, 296.48, 1.79517
_07907_, 252.24, 296.48, 1.79515
_10614_, 252.24, 296.48, 1.79515
_14896_, 252.24, 296.48, 1.79515
ANTENNA__07908__B1, 252.24, 296.48, 1.79515
ANTENNA__07907__A2, 252.24, 296.48, 1.79515
ANTENNA__07907__B1, 252.24, 296.48, 1.79515
ANTENNA__10614__A, 252.24, 296.48, 1.79515
FILLER_0_105_534, 252.24, 296.48, 1.79515
FILLER_0_106_543, 252.24, 296.48, 1.79515
_06694_, 265.04, 296.48, 1.79514
_06722_, 265.04, 296.48, 1.79514
_06761_, 265.04, 296.48, 1.79514
_09881_, 265.04, 296.48, 1.79514
_09882_, 265.04, 296.48, 1.79514
_13701_, 265.04, 296.48, 1.79514
ANTENNA__06761__A, 265.04, 296.48, 1.79514
FILLER_0_105_557, 265.04, 296.48, 1.79514
_06574_, 277.84, 296.48, 1.79514
_08498_, 277.84, 296.48, 1.79514
_09856_, 277.84, 296.48, 1.79514
_13108_, 277.84, 296.48, 1.79514
ANTENNA__12360__A, 277.84, 296.48, 1.79514
ANTENNA__09881__A0, 277.84, 296.48, 1.79514
_06506_, 290.64, 296.48, 1.79515
_06510_, 290.64, 296.48, 1.79515
_06737_, 290.64, 296.48, 1.79515
hold2, 290.64, 296.48, 1.79515
FILLER_0_106_620, 290.64, 296.48, 1.79515
_06732_, 303.44, 296.48, 1.79517
_06784_, 303.44, 296.48, 1.79517
FILLER_0_104_645, 303.44, 296.48, 1.79517
_07853_, 316.24, 296.48, 1.79522
_10172_, 316.24, 296.48, 1.79522
_10173_, 316.24, 296.48, 1.79522
_13849_, 316.24, 296.48, 1.79522
ANTENNA__06784__A, 316.24, 296.48, 1.79522
ANTENNA__10172__S, 316.24, 296.48, 1.79522
FILLER_0_104_663, 316.24, 296.48, 1.79522
_07799_, 341.84, 296.48, 1.79523
_10034_, 341.84, 296.48, 1.79523
_10035_, 341.84, 296.48, 1.79523
_11970_, 341.84, 296.48, 1.79523
ANTENNA__07847__A3, 341.84, 296.48, 1.79523
ANTENNA__10036__A0, 341.84, 296.48, 1.79523
ANTENNA__10034__S, 341.84, 296.48, 1.79523
FILLER_0_104_726, 341.84, 296.48, 1.79523
_09479_, 354.64, 296.48, 1.7952
_10596_, 354.64, 296.48, 1.7952
_10597_, 354.64, 296.48, 1.7952
_14033_, 354.64, 296.48, 1.7952
ANTENNA__07795__A3, 354.64, 296.48, 1.7952
ANTENNA__07747__A2, 354.64, 296.48, 1.7952
ANTENNA__07747__B1, 354.64, 296.48, 1.7952
ANTENNA__07448__B1, 354.64, 296.48, 1.7952
ANTENNA__10034__A0, 354.64, 296.48, 1.7952
ANTENNA__10596__A1, 354.64, 296.48, 1.7952
ANTENNA__10598__A1, 354.64, 296.48, 1.7952
ANTENNA_clkbuf_leaf_103_wclk_A, 354.64, 296.48, 1.7952
FILLER_0_104_750, 354.64, 296.48, 1.7952
FILLER_0_105_770, 354.64, 296.48, 1.7952
_07602_, 367.44, 296.48, 1.79518
_09478_, 367.44, 296.48, 1.79518
_10602_, 367.44, 296.48, 1.79518
_13524_, 367.44, 296.48, 1.79518
ANTENNA__07602__A2, 367.44, 296.48, 1.79518
ANTENNA__07602__B1, 367.44, 296.48, 1.79518
ANTENNA__09477__A0, 367.44, 296.48, 1.79518
FILLER_0_105_780, 367.44, 296.48, 1.79518
FILLER_0_105_785, 367.44, 296.48, 1.79518
FILLER_0_106_788, 367.44, 296.48, 1.79518
_10031_, 380.24, 296.48, 1.79516
_10603_, 380.24, 296.48, 1.79516
_13782_, 380.24, 296.48, 1.79516
ANTENNA__07697__B1, 380.24, 296.48, 1.79516
ANTENNA__07649__B1, 380.24, 296.48, 1.79516
ANTENNA__10602__A1, 380.24, 296.48, 1.79516
FILLER_0_104_808, 380.24, 296.48, 1.79516
FILLER_0_105_808, 380.24, 296.48, 1.79516
_07697_, 393.04, 296.48, 1.79514
_07701_, 393.04, 296.48, 1.79514
_11965_, 393.04, 296.48, 1.79514
_14645_, 393.04, 296.48, 1.79514
_14646_, 393.04, 296.48, 1.79514
ANTENNA__07697__A2, 393.04, 296.48, 1.79514
ANTENNA__07697__A3, 393.04, 296.48, 1.79514
_10239_, 405.84, 296.48, 1.79514
_10240_, 405.84, 296.48, 1.79514
_13845_, 405.84, 296.48, 1.79514
_13848_, 405.84, 296.48, 1.79514
_13874_, 405.84, 296.48, 1.79514
ANTENNA__10239__S, 405.84, 296.48, 1.79514
ANTENNA__11967__A1, 405.84, 296.48, 1.79514
FILLER_0_104_859, 405.84, 296.48, 1.79514
FILLER_0_104_865, 405.84, 296.48, 1.79514
FILLER_0_106_873, 405.84, 296.48, 1.79514
_07654_, 418.64, 296.48, 1.79516
_10164_, 418.64, 296.48, 1.79516
_10165_, 418.64, 296.48, 1.79516
_13841_, 418.64, 296.48, 1.79516
ANTENNA__07800__A2, 418.64, 296.48, 1.79516
ANTENNA__07800__B1, 418.64, 296.48, 1.79516
FILLER_0_106_910, 418.64, 296.48, 1.79516
_10156_, 431.44, 296.48, 1.79518
_10166_, 431.44, 296.48, 1.79518
_10236_, 431.44, 296.48, 1.79518
_13873_, 431.44, 296.48, 1.79518
ANTENNA__10245__S, 431.44, 296.48, 1.79518
ANTENNA__10236__S, 431.44, 296.48, 1.79518
ANTENNA__10245__A1, 431.44, 296.48, 1.79518
_10168_, 444.24, 296.48, 1.79521
_10169_, 444.24, 296.48, 1.79521
_10242_, 444.24, 296.48, 1.79521
_10246_, 444.24, 296.48, 1.79521
_13847_, 444.24, 296.48, 1.79521
ANTENNA__07702__B1, 444.24, 296.48, 1.79521
ANTENNA__10166__S, 444.24, 296.48, 1.79521
ANTENNA__10242__S, 444.24, 296.48, 1.79521
_07588_, 457.04, 296.48, 1.79524
_07749_, 457.04, 296.48, 1.79524
ANTENNA__12369__S, 457.04, 296.48, 1.79524
ANTENNA__07749__B1, 457.04, 296.48, 1.79524
ANTENNA__10242__A1, 457.04, 296.48, 1.79524
ANTENNA__12369__A1, 457.04, 296.48, 1.79524
FILLER_0_105_979, 457.04, 296.48, 1.79524
FILLER_0_105_989, 457.04, 296.48, 1.79524
_12165_, 469.84, 296.48, 1.79528
ANTENNA__12165__A0, 469.84, 296.48, 1.79528
ANTENNA__07588__B1, 469.84, 296.48, 1.79528
ANTENNA__12165__S, 469.84, 296.48, 1.79528
FILLER_0_105_1021, 469.84, 296.48, 1.79528
FILLER_0_106_1020, 469.84, 296.48, 1.79528
PHY_204, 5.52, 291.04, 1.79548
PHY_206, 5.52, 291.04, 1.79548
input22, 5.52, 291.04, 1.79548
PHY_205, 494.04, 291.04, 1.79542
PHY_207, 494.04, 291.04, 1.79542
ANTENNA__12167__A0, 494.04, 291.04, 1.79542
ANTENNA__12163__S, 494.04, 291.04, 1.79542
_12189_, 34.64, 291.04, 1.79541
_12400_, 34.64, 291.04, 1.79541
_14751_, 34.64, 291.04, 1.79541
_14755_, 34.64, 291.04, 1.79541
ANTENNA__12400__A1, 34.64, 291.04, 1.79541
FILLER_0_103_66, 34.64, 291.04, 1.79541
_10182_, 47.44, 291.04, 1.79535
_10190_, 47.44, 291.04, 1.79535
_13853_, 47.44, 291.04, 1.79535
_13885_, 47.44, 291.04, 1.79535
clkbuf_leaf_29_wclk, 47.44, 291.04, 1.79535
ANTENNA__12400__S, 47.44, 291.04, 1.79535
ANTENNA__08185__B1, 47.44, 291.04, 1.79535
ANTENNA__10181__S, 47.44, 291.04, 1.79535
FILLER_0_102_85, 47.44, 291.04, 1.79535
FILLER_0_103_80, 47.44, 291.04, 1.79535
FILLER_0_104_92, 47.44, 291.04, 1.79535
_08295_, 60.24, 291.04, 1.79532
_10180_, 60.24, 291.04, 1.79532
_10273_, 60.24, 291.04, 1.79532
_13852_, 60.24, 291.04, 1.79532
_13884_, 60.24, 291.04, 1.79532
ANTENNA__08201__A2, 60.24, 291.04, 1.79532
ANTENNA__08295__B1, 60.24, 291.04, 1.79532
_08248_, 73.04, 291.04, 1.79531
_10187_, 73.04, 291.04, 1.79531
_10188_, 73.04, 291.04, 1.79531
_13854_, 73.04, 291.04, 1.79531
_13856_, 73.04, 291.04, 1.79531
FILLER_0_104_158, 73.04, 291.04, 1.79531
_10193_, 85.84, 291.04, 1.7953
_10194_, 85.84, 291.04, 1.7953
_13859_, 85.84, 291.04, 1.7953
ANTENNA__10193__A1, 85.84, 291.04, 1.7953
FILLER_0_102_165, 85.84, 291.04, 1.7953
FILLER_0_104_185, 85.84, 291.04, 1.7953
_08005_, 98.64, 291.04, 1.79531
_10177_, 98.64, 291.04, 1.79531
_10178_, 98.64, 291.04, 1.79531
_10288_, 98.64, 291.04, 1.79531
_10289_, 98.64, 291.04, 1.79531
_13851_, 98.64, 291.04, 1.79531
ANTENNA__10177__A1, 98.64, 291.04, 1.79531
_11985_, 111.44, 291.04, 1.79532
_14657_, 111.44, 291.04, 1.79532
ANTENNA__10191__A1, 111.44, 291.04, 1.79532
FILLER_0_102_230, 111.44, 291.04, 1.79532
FILLER_0_104_237, 111.44, 291.04, 1.79532
FILLER_0_104_243, 111.44, 291.04, 1.79532
_08290_, 124.24, 291.04, 1.79533
_11981_, 124.24, 291.04, 1.79533
ANTENNA__08290__A2, 124.24, 291.04, 1.79533
ANTENNA__08290__A3, 124.24, 291.04, 1.79533
ANTENNA__10053__S, 124.24, 291.04, 1.79533
ANTENNA__10288__S, 124.24, 291.04, 1.79533
ANTENNA__10288__A1, 124.24, 291.04, 1.79533
ANTENNA__11980__A1, 124.24, 291.04, 1.79533
FILLER_0_102_257, 124.24, 291.04, 1.79533
FILLER_0_103_265, 124.24, 291.04, 1.79533
FILLER_0_104_261, 124.24, 291.04, 1.79533
_09494_, 137.04, 291.04, 1.79535
_09504_, 137.04, 291.04, 1.79535
_09505_, 137.04, 291.04, 1.79535
ANTENNA__08102__A2, 137.04, 291.04, 1.79535
ANTENNA__08102__A3, 137.04, 291.04, 1.79535
ANTENNA__08290__B1, 137.04, 291.04, 1.79535
ANTENNA__08102__B1, 137.04, 291.04, 1.79535
ANTENNA__09494__A0, 137.04, 291.04, 1.79535
ANTENNA__10045__A0, 137.04, 291.04, 1.79535
ANTENNA__09504__S, 137.04, 291.04, 1.79535
ANTENNA__10045__S, 137.04, 291.04, 1.79535
ANTENNA__10619__A1, 137.04, 291.04, 1.79535
FILLER_0_102_272, 137.04, 291.04, 1.79535
FILLER_0_103_285, 137.04, 291.04, 1.79535
_08057_, 149.84, 291.04, 1.79537
_09496_, 149.84, 291.04, 1.79537
_10619_, 149.84, 291.04, 1.79537
_10622_, 149.84, 291.04, 1.79537
_14045_, 149.84, 291.04, 1.79537
ANTENNA__09496__A0, 149.84, 291.04, 1.79537
ANTENNA__09496__S, 149.84, 291.04, 1.79537
FILLER_0_103_313, 149.84, 291.04, 1.79537
FILLER_0_104_316, 149.84, 291.04, 1.79537
_07999_, 162.64, 291.04, 1.7954
_09492_, 162.64, 291.04, 1.7954
_09493_, 162.64, 291.04, 1.7954
_09506_, 162.64, 291.04, 1.7954
_13531_, 162.64, 291.04, 1.7954
_14050_, 162.64, 291.04, 1.7954
ANTENNA__07999__A2, 162.64, 291.04, 1.7954
_07963_, 188.24, 291.04, 1.79538
_08384_, 188.24, 291.04, 1.79538
_10057_, 188.24, 291.04, 1.79538
_12177_, 188.24, 291.04, 1.79538
ANTENNA__07963__A, 188.24, 291.04, 1.79538
_07962_, 201.04, 291.04, 1.79532
_08790_, 201.04, 291.04, 1.79532
_12200_, 201.04, 291.04, 1.79532
_13221_, 201.04, 291.04, 1.79532
ANTENNA__12404__S, 201.04, 291.04, 1.79532
ANTENNA__12200__A0, 201.04, 291.04, 1.79532
ANTENNA__08467__B1, 201.04, 291.04, 1.79532
ANTENNA__07962__A, 201.04, 291.04, 1.79532
ANTENNA__12404__A1, 201.04, 291.04, 1.79532
ANTENNA__12132__S, 201.04, 291.04, 1.79532
ANTENNA__12200__S, 201.04, 291.04, 1.79532
FILLER_0_102_413, 201.04, 291.04, 1.79532
_07412_, 213.84, 291.04, 1.79528
_10175_, 213.84, 291.04, 1.79528
_13829_, 213.84, 291.04, 1.79528
ANTENNA__10129__A1, 213.84, 291.04, 1.79528
ANTENNA__07411__A, 213.84, 291.04, 1.79528
ANTENNA__10129__S, 213.84, 291.04, 1.79528
ANTENNA_clkbuf_leaf_58_wclk_A, 213.84, 291.04, 1.79528
FILLER_0_103_449, 213.84, 291.04, 1.79528
FILLER_0_103_460, 213.84, 291.04, 1.79528
_09373_, 226.64, 291.04, 1.79524
_09560_, 226.64, 291.04, 1.79524
_10294_, 226.64, 291.04, 1.79524
_13562_, 226.64, 291.04, 1.79524
clkbuf_leaf_58_wclk, 226.64, 291.04, 1.79524
ANTENNA__08436__A2, 226.64, 291.04, 1.79524
_08003_, 239.44, 291.04, 1.79523
_08434_, 239.44, 291.04, 1.79523
_09510_, 239.44, 291.04, 1.79523
_09511_, 239.44, 291.04, 1.79523
_10636_, 239.44, 291.04, 1.79523
_13540_, 239.44, 291.04, 1.79523
_14052_, 239.44, 291.04, 1.79523
_06692_, 252.24, 291.04, 1.79523
_06697_, 252.24, 291.04, 1.79523
_06756_, 252.24, 291.04, 1.79523
_06766_, 252.24, 291.04, 1.79523
_06815_, 252.24, 291.04, 1.79523
_07452_, 252.24, 291.04, 1.79523
_07911_, 252.24, 291.04, 1.79523
ANTENNA__07452__A, 252.24, 291.04, 1.79523
FILLER_0_103_546, 252.24, 291.04, 1.79523
_06684_, 265.04, 291.04, 1.79524
_06698_, 265.04, 291.04, 1.79524
_12360_, 265.04, 291.04, 1.79524
_06685_, 277.84, 291.04, 1.79525
_06691_, 277.84, 291.04, 1.79525
_10232_, 277.84, 291.04, 1.79525
_13115_, 277.84, 291.04, 1.79525
ANTENNA__06691__B, 277.84, 291.04, 1.79525
ANTENNA__06530__B, 277.84, 291.04, 1.79525
ANTENNA__09856__A0, 277.84, 291.04, 1.79525
ANTENNA__10232__A, 277.84, 291.04, 1.79525
ANTENNA__13123__RESET_B, 277.84, 291.04, 1.79525
_06507_, 290.64, 291.04, 1.79527
_06572_, 290.64, 291.04, 1.79527
_06775_, 290.64, 291.04, 1.79527
_08537_, 290.64, 291.04, 1.79527
ANTENNA__06685__B, 290.64, 291.04, 1.79527
ANTENNA__08540__A, 290.64, 291.04, 1.79527
ANTENNA__09856__S, 290.64, 291.04, 1.79527
ANTENNA__13115__RESET_B, 290.64, 291.04, 1.79527
FILLER_0_103_617, 290.64, 291.04, 1.79527
FILLER_0_104_623, 290.64, 291.04, 1.79527
_10233_, 303.44, 291.04, 1.7953
_13872_, 303.44, 291.04, 1.7953
ANTENNA__06796__A, 303.44, 291.04, 1.7953
ANTENNA__06796__B, 303.44, 291.04, 1.7953
ANTENNA__10233__A1, 303.44, 291.04, 1.7953
ANTENNA__10233__S, 303.44, 291.04, 1.7953
ANTENNA__13105__RESET_B, 303.44, 291.04, 1.7953
FILLER_0_102_645, 303.44, 291.04, 1.7953
FILLER_0_103_639, 303.44, 291.04, 1.7953
_10594_, 316.24, 291.04, 1.79534
_14032_, 316.24, 291.04, 1.79534
ANTENNA__10172__A1, 316.24, 291.04, 1.79534
ANTENNA__07854__A2, 316.24, 291.04, 1.79534
ANTENNA__09556__A0, 316.24, 291.04, 1.79534
FILLER_0_102_670, 316.24, 291.04, 1.79534
FILLER_0_103_662, 316.24, 291.04, 1.79534
FILLER_0_103_673, 316.24, 291.04, 1.79534
_07847_, 341.84, 291.04, 1.79536
_10599_, 341.84, 291.04, 1.79536
_14034_, 341.84, 291.04, 1.79536
ANTENNA__07847__A2, 341.84, 291.04, 1.79536
ANTENNA__11971__A1, 341.84, 291.04, 1.79536
FILLER_0_104_734, 341.84, 291.04, 1.79536
FILLER_0_104_740, 341.84, 291.04, 1.79536
_07448_, 354.64, 291.04, 1.79534
_09471_, 354.64, 291.04, 1.79534
_09472_, 354.64, 291.04, 1.79534
_13521_, 354.64, 291.04, 1.79534
FILLER_0_102_748, 354.64, 291.04, 1.79534
_09476_, 367.44, 291.04, 1.79532
_09477_, 367.44, 291.04, 1.79532
_10600_, 367.44, 291.04, 1.79532
_14035_, 367.44, 291.04, 1.79532
_14036_, 367.44, 291.04, 1.79532
ANTENNA__07448__A2, 367.44, 291.04, 1.79532
ANTENNA__09477__S, 367.44, 291.04, 1.79532
_10030_, 380.24, 291.04, 1.79531
_10601_, 380.24, 291.04, 1.79531
ANTENNA__10030__S, 380.24, 291.04, 1.79531
ANTENNA__10600__A1, 380.24, 291.04, 1.79531
FILLER_0_102_806, 380.24, 291.04, 1.79531
FILLER_0_102_813, 380.24, 291.04, 1.79531
_10159_, 393.04, 291.04, 1.79531
_13842_, 393.04, 291.04, 1.79531
ANTENNA__07551__A3, 393.04, 291.04, 1.79531
ANTENNA__10024__A0, 393.04, 291.04, 1.79531
ANTENNA__10030__A0, 393.04, 291.04, 1.79531
ANTENNA__11965__A1, 393.04, 291.04, 1.79531
ANTENNA__11967__S, 393.04, 291.04, 1.79531
ANTENNA__11965__S, 393.04, 291.04, 1.79531
FILLER_0_102_840, 393.04, 291.04, 1.79531
FILLER_0_103_831, 393.04, 291.04, 1.79531
FILLER_0_103_837, 393.04, 291.04, 1.79531
FILLER_0_103_845, 393.04, 291.04, 1.79531
_07508_, 405.84, 291.04, 1.79531
_10158_, 405.84, 291.04, 1.79531
ANTENNA__07508__A2, 405.84, 291.04, 1.79531
ANTENNA__07654__B1, 405.84, 291.04, 1.79531
ANTENNA__07508__B1, 405.84, 291.04, 1.79531
ANTENNA__10239__A1, 405.84, 291.04, 1.79531
FILLER_0_103_883, 405.84, 291.04, 1.79531
_07655_, 418.64, 291.04, 1.79531
_12440_, 418.64, 291.04, 1.79531
ANTENNA__10156__A1, 418.64, 291.04, 1.79531
ANTENNA__10164__A1, 418.64, 291.04, 1.79531
ANTENNA__07655__A2, 418.64, 291.04, 1.79531
ANTENNA__07655__B1, 418.64, 291.04, 1.79531
ANTENNA__07654__A2, 418.64, 291.04, 1.79531
ANTENNA__10164__S, 418.64, 291.04, 1.79531
ANTENNA__10156__S, 418.64, 291.04, 1.79531
FILLER_0_103_897, 418.64, 291.04, 1.79531
FILLER_0_103_908, 418.64, 291.04, 1.79531
FILLER_0_104_906, 418.64, 291.04, 1.79531
_07454_, 431.44, 291.04, 1.79531
_10163_, 431.44, 291.04, 1.79531
_10245_, 431.44, 291.04, 1.79531
_13844_, 431.44, 291.04, 1.79531
_13876_, 431.44, 291.04, 1.79531
ANTENNA__07454__A2, 431.44, 291.04, 1.79531
ANTENNA__07454__B1, 431.44, 291.04, 1.79531
FILLER_0_102_914, 431.44, 291.04, 1.79531
_07604_, 444.24, 291.04, 1.79533
_10161_, 444.24, 291.04, 1.79533
_13843_, 444.24, 291.04, 1.79533
_13875_, 444.24, 291.04, 1.79533
ANTENNA__07604__A2, 444.24, 291.04, 1.79533
ANTENNA__07604__B1, 444.24, 291.04, 1.79533
ANTENNA__10160__S, 444.24, 291.04, 1.79533
FILLER_0_102_949, 444.24, 291.04, 1.79533
_07556_, 457.04, 291.04, 1.79535
_12166_, 457.04, 291.04, 1.79535
_12369_, 457.04, 291.04, 1.79535
_12370_, 457.04, 291.04, 1.79535
_14836_, 457.04, 291.04, 1.79535
ANTENNA__10160__A1, 457.04, 291.04, 1.79535
ANTENNA__07749__A2, 457.04, 291.04, 1.79535
ANTENNA__07556__A2, 457.04, 291.04, 1.79535
ANTENNA__07556__B1, 457.04, 291.04, 1.79535
FILLER_0_103_980, 457.04, 291.04, 1.79535
_07686_, 469.84, 291.04, 1.79538
_12169_, 469.84, 291.04, 1.79538
_14742_, 469.84, 291.04, 1.79538
ANTENNA__12169__A0, 469.84, 291.04, 1.79538
ANTENNA__07686__A2, 469.84, 291.04, 1.79538
ANTENNA__07686__B1, 469.84, 291.04, 1.79538
ANTENNA__12169__S, 469.84, 291.04, 1.79538
FILLER_0_103_1000, 469.84, 291.04, 1.79538
FILLER_0_104_1021, 469.84, 291.04, 1.79538
PHY_200, 5.52, 285.6, 1.79561
PHY_202, 5.52, 285.6, 1.79561
PHY_201, 494.04, 285.6, 1.79549
PHY_203, 494.04, 285.6, 1.79549
input5, 494.04, 285.6, 1.79549
ANTENNA__12163__A0, 494.04, 285.6, 1.79549
_13857_, 34.64, 285.6, 1.79558
ANTENNA__10181__A1, 34.64, 285.6, 1.79558
ANTENNA__12196__S, 34.64, 285.6, 1.79558
FILLER_0_101_50, 34.64, 285.6, 1.79558
FILLER_0_102_75, 34.64, 285.6, 1.79558
_10181_, 47.44, 285.6, 1.79556
_10185_, 47.44, 285.6, 1.79556
_10189_, 47.44, 285.6, 1.79556
FILLER_0_102_104, 47.44, 285.6, 1.79556
_08107_, 60.24, 285.6, 1.79554
_08201_, 60.24, 285.6, 1.79554
_10179_, 60.24, 285.6, 1.79554
ANTENNA__10179__A1, 60.24, 285.6, 1.79554
ANTENNA__08295__A2, 60.24, 285.6, 1.79554
ANTENNA__08107__B1, 60.24, 285.6, 1.79554
ANTENNA__09569__S, 60.24, 285.6, 1.79554
ANTENNA__10179__S, 60.24, 285.6, 1.79554
ANTENNA_clkbuf_leaf_28_wclk_A, 60.24, 285.6, 1.79554
FILLER_0_101_121, 60.24, 285.6, 1.79554
_08059_, 73.04, 285.6, 1.79552
_08154_, 73.04, 285.6, 1.79552
_10183_, 73.04, 285.6, 1.79552
ANTENNA__08202__A2, 73.04, 285.6, 1.79552
ANTENNA__08059__A2, 73.04, 285.6, 1.79552
ANTENNA__08059__B1, 73.04, 285.6, 1.79552
ANTENNA__10183__S, 73.04, 285.6, 1.79552
FILLER_0_100_137, 73.04, 285.6, 1.79552
FILLER_0_100_141, 73.04, 285.6, 1.79552
FILLER_0_101_145, 73.04, 285.6, 1.79552
_08389_, 85.84, 285.6, 1.7955
ANTENNA__10183__A1, 85.84, 285.6, 1.7955
ANTENNA__08154__A2, 85.84, 285.6, 1.7955
ANTENNA__08154__B1, 85.84, 285.6, 1.7955
ANTENNA__09577__A0, 85.84, 285.6, 1.7955
ANTENNA__10193__S, 85.84, 285.6, 1.7955
FILLER_0_101_161, 85.84, 285.6, 1.7955
FILLER_0_101_177, 85.84, 285.6, 1.7955
FILLER_0_101_187, 85.84, 285.6, 1.7955
_08390_, 98.64, 285.6, 1.79548
_13858_, 98.64, 285.6, 1.79548
_13890_, 98.64, 285.6, 1.79548
ANTENNA__08390__A2, 98.64, 285.6, 1.79548
ANTENNA__08390__B1, 98.64, 285.6, 1.79548
ANTENNA__08389__B1, 98.64, 285.6, 1.79548
ANTENNA__08005__B1, 98.64, 285.6, 1.79548
ANTENNA__09577__S, 98.64, 285.6, 1.79548
ANTENNA__10177__S, 98.64, 285.6, 1.79548
FILLER_0_101_193, 98.64, 285.6, 1.79548
FILLER_0_101_198, 98.64, 285.6, 1.79548
_08342_, 111.44, 285.6, 1.79548
_08343_, 111.44, 285.6, 1.79548
_10191_, 111.44, 285.6, 1.79548
_10192_, 111.44, 285.6, 1.79548
_11979_, 111.44, 285.6, 1.79548
_14653_, 111.44, 285.6, 1.79548
ANTENNA__08343__A2, 111.44, 285.6, 1.79548
ANTENNA__08343__B1, 111.44, 285.6, 1.79548
ANTENNA__10191__S, 111.44, 285.6, 1.79548
FILLER_0_102_244, 111.44, 285.6, 1.79548
_10045_, 124.24, 285.6, 1.79548
_10046_, 124.24, 285.6, 1.79548
_11980_, 124.24, 285.6, 1.79548
_13789_, 124.24, 285.6, 1.79548
_08102_, 137.04, 285.6, 1.79548
_08106_, 137.04, 285.6, 1.79548
_09495_, 137.04, 285.6, 1.79548
_10043_, 137.04, 285.6, 1.79548
_13532_, 137.04, 285.6, 1.79548
_14044_, 137.04, 285.6, 1.79548
FILLER_0_102_286, 137.04, 285.6, 1.79548
_09497_, 149.84, 285.6, 1.7955
_13533_, 149.84, 285.6, 1.7955
ANTENNA__08057__A2, 149.84, 285.6, 1.7955
ANTENNA__08057__B1, 149.84, 285.6, 1.7955
ANTENNA__10043__A0, 149.84, 285.6, 1.7955
ANTENNA__09494__S, 149.84, 285.6, 1.7955
ANTENNA__10043__S, 149.84, 285.6, 1.7955
ANTENNA__10619__S, 149.84, 285.6, 1.7955
FILLER_0_101_320, 149.84, 285.6, 1.7955
FILLER_0_102_316, 149.84, 285.6, 1.7955
_08105_, 162.64, 285.6, 1.79552
_09507_, 162.64, 285.6, 1.79552
_13538_, 162.64, 285.6, 1.79552
ANTENNA__08105__A2, 162.64, 285.6, 1.79552
ANTENNA__08105__B1, 162.64, 285.6, 1.79552
ANTENNA__09492__A0, 162.64, 285.6, 1.79552
ANTENNA__09492__S, 162.64, 285.6, 1.79552
FILLER_0_100_336, 162.64, 285.6, 1.79552
FILLER_0_101_345, 162.64, 285.6, 1.79552
_08388_, 188.24, 285.6, 1.7955
_12201_, 188.24, 285.6, 1.7955
_14757_, 188.24, 285.6, 1.7955
ANTENNA__08384__A2, 188.24, 285.6, 1.7955
ANTENNA__08384__A3, 188.24, 285.6, 1.7955
ANTENNA__08384__B1, 188.24, 285.6, 1.7955
ANTENNA__12177__A, 188.24, 285.6, 1.7955
ANTENNA_clkbuf_leaf_19_wclk_A, 188.24, 285.6, 1.7955
FILLER_0_101_393, 188.24, 285.6, 1.7955
FILLER_0_101_400, 188.24, 285.6, 1.7955
FILLER_0_102_398, 188.24, 285.6, 1.7955
_08467_, 201.04, 285.6, 1.79546
_08791_, 201.04, 285.6, 1.79546
_12404_, 201.04, 285.6, 1.79546
_14917_, 201.04, 285.6, 1.79546
ANTENNA__08467__A2, 201.04, 285.6, 1.79546
FILLER_0_101_437, 201.04, 285.6, 1.79546
FILLER_0_102_430, 201.04, 285.6, 1.79546
_07411_, 213.84, 285.6, 1.79542
_08470_, 213.84, 285.6, 1.79542
_10129_, 213.84, 285.6, 1.79542
_10130_, 213.84, 285.6, 1.79542
_13860_, 213.84, 285.6, 1.79542
ANTENNA__10195__A1, 213.84, 285.6, 1.79542
ANTENNA__08470__A2, 213.84, 285.6, 1.79542
FILLER_0_100_445, 213.84, 285.6, 1.79542
_08436_, 226.64, 285.6, 1.79539
_10174_, 226.64, 285.6, 1.79539
_14874_, 226.64, 285.6, 1.79539
_07908_, 239.44, 285.6, 1.79537
_07997_, 239.44, 285.6, 1.79537
_07998_, 239.44, 285.6, 1.79537
_08004_, 239.44, 285.6, 1.79537
ANTENNA__12450__S, 239.44, 285.6, 1.79537
ANTENNA__07998__A, 239.44, 285.6, 1.79537
ANTENNA__10059__A0, 239.44, 285.6, 1.79537
ANTENNA__09510__S, 239.44, 285.6, 1.79537
ANTENNA__09559__S, 239.44, 285.6, 1.79537
FILLER_0_100_506, 239.44, 285.6, 1.79537
_06686_, 252.24, 285.6, 1.79535
_06701_, 252.24, 285.6, 1.79535
_06757_, 252.24, 285.6, 1.79535
_06771_, 252.24, 285.6, 1.79535
_07447_, 252.24, 285.6, 1.79535
_07453_, 252.24, 285.6, 1.79535
_09489_, 252.24, 285.6, 1.79535
ANTENNA__07447__A, 252.24, 285.6, 1.79535
ANTENNA__07908__A2, 252.24, 285.6, 1.79535
ANTENNA__09489__A, 252.24, 285.6, 1.79535
_06575_, 265.04, 285.6, 1.79533
_06576_, 265.04, 285.6, 1.79533
_06728_, 265.04, 285.6, 1.79533
_06753_, 265.04, 285.6, 1.79533
_06819_, 265.04, 285.6, 1.79533
_13109_, 265.04, 285.6, 1.79533
hold10, 265.04, 285.6, 1.79533
_06530_, 277.84, 285.6, 1.79534
_06577_, 277.84, 285.6, 1.79534
_08549_, 277.84, 285.6, 1.79534
_13123_, 277.84, 285.6, 1.79534
ANTENNA__06576__B, 277.84, 285.6, 1.79534
ANTENNA__06575__A_N, 277.84, 285.6, 1.79534
ANTENNA__13116__RESET_B, 277.84, 285.6, 1.79534
ANTENNA__13109__RESET_B, 277.84, 285.6, 1.79534
_06567_, 290.64, 285.6, 1.79535
_06742_, 290.64, 285.6, 1.79535
_06796_, 290.64, 285.6, 1.79535
ANTENNA__08537__A, 290.64, 285.6, 1.79535
ANTENNA__06742__A, 290.64, 285.6, 1.79535
FILLER_0_101_613, 290.64, 285.6, 1.79535
FILLER_0_101_633, 290.64, 285.6, 1.79535
FILLER_0_102_624, 290.64, 285.6, 1.79535
_06523_, 303.44, 285.6, 1.79539
_10234_, 303.44, 285.6, 1.79539
_13105_, 303.44, 285.6, 1.79539
FILLER_0_100_645, 303.44, 285.6, 1.79539
FILLER_0_101_656, 303.44, 285.6, 1.79539
_07794_, 316.24, 285.6, 1.79543
_09556_, 316.24, 285.6, 1.79543
_09557_, 316.24, 285.6, 1.79543
_13561_, 316.24, 285.6, 1.79543
ANTENNA__07794__A, 316.24, 285.6, 1.79543
ANTENNA__06888__A, 316.24, 285.6, 1.79543
ANTENNA__09556__S, 316.24, 285.6, 1.79543
FILLER_0_101_664, 316.24, 285.6, 1.79543
_07857_, 341.84, 285.6, 1.79546
_09474_, 341.84, 285.6, 1.79546
_10598_, 341.84, 285.6, 1.79546
_13522_, 341.84, 285.6, 1.79546
ANTENNA__07847__B1, 341.84, 285.6, 1.79546
FILLER_0_100_723, 341.84, 285.6, 1.79546
FILLER_0_102_736, 341.84, 285.6, 1.79546
_07506_, 354.64, 285.6, 1.79544
_13523_, 354.64, 285.6, 1.79544
ANTENNA__07503__A2, 354.64, 285.6, 1.79544
ANTENNA__07503__A3, 354.64, 285.6, 1.79544
ANTENNA__07503__B1, 354.64, 285.6, 1.79544
ANTENNA__07506__A2, 354.64, 285.6, 1.79544
ANTENNA__07506__B1, 354.64, 285.6, 1.79544
ANTENNA__09471__A0, 354.64, 285.6, 1.79544
ANTENNA__09471__S, 354.64, 285.6, 1.79544
ANTENNA__10022__S, 354.64, 285.6, 1.79544
FILLER_0_101_765, 354.64, 285.6, 1.79544
_07554_, 367.44, 285.6, 1.79541
_09475_, 367.44, 285.6, 1.79541
ANTENNA__07439__B1, 367.44, 285.6, 1.79541
ANTENNA__07554__A2, 367.44, 285.6, 1.79541
ANTENNA__07554__B1, 367.44, 285.6, 1.79541
ANTENNA__09475__A0, 367.44, 285.6, 1.79541
_07555_, 380.24, 285.6, 1.7954
_07603_, 380.24, 285.6, 1.7954
_10024_, 380.24, 285.6, 1.7954
ANTENNA__07551__B1, 380.24, 285.6, 1.7954
ANTENNA__10026__A0, 380.24, 285.6, 1.7954
ANTENNA__10026__S, 380.24, 285.6, 1.7954
ANTENNA__10024__S, 380.24, 285.6, 1.7954
FILLER_0_100_803, 380.24, 285.6, 1.7954
FILLER_0_101_809, 380.24, 285.6, 1.7954
FILLER_0_102_821, 380.24, 285.6, 1.7954
_07551_, 393.04, 285.6, 1.79538
_09543_, 393.04, 285.6, 1.79538
_11960_, 393.04, 285.6, 1.79538
_14643_, 393.04, 285.6, 1.79538
ANTENNA__10158__A1, 393.04, 285.6, 1.79538
ANTENNA__07551__A2, 393.04, 285.6, 1.79538
ANTENNA__09542__A0, 393.04, 285.6, 1.79538
ANTENNA__09542__S, 393.04, 285.6, 1.79538
ANTENNA__10158__S, 393.04, 285.6, 1.79538
FILLER_0_101_848, 393.04, 285.6, 1.79538
_07509_, 405.84, 285.6, 1.79537
_09542_, 405.84, 285.6, 1.79537
_12433_, 405.84, 285.6, 1.79537
_14869_, 405.84, 285.6, 1.79537
ANTENNA__12433__S, 405.84, 285.6, 1.79537
ANTENNA__07509__A2, 405.84, 285.6, 1.79537
ANTENNA__07509__B1, 405.84, 285.6, 1.79537
FILLER_0_102_877, 405.84, 285.6, 1.79537
_07658_, 418.64, 285.6, 1.79536
_12439_, 418.64, 285.6, 1.79536
_13557_, 418.64, 285.6, 1.79536
ANTENNA__12439__S, 418.64, 285.6, 1.79536
FILLER_0_102_906, 418.64, 285.6, 1.79536
_07753_, 431.44, 285.6, 1.79537
_09540_, 431.44, 285.6, 1.79537
_09541_, 431.44, 285.6, 1.79537
_10162_, 431.44, 285.6, 1.79537
ANTENNA__09540__A0, 431.44, 285.6, 1.79537
ANTENNA__09540__S, 431.44, 285.6, 1.79537
ANTENNA__10162__S, 431.44, 285.6, 1.79537
ANTENNA__12439__A1, 431.44, 285.6, 1.79537
FILLER_0_101_916, 431.44, 285.6, 1.79537
_09553_, 444.24, 285.6, 1.79538
_10160_, 444.24, 285.6, 1.79538
_10243_, 444.24, 285.6, 1.79538
_13559_, 444.24, 285.6, 1.79538
ANTENNA__10162__A1, 444.24, 285.6, 1.79538
ANTENNA__07750__B1, 444.24, 285.6, 1.79538
ANTENNA__09552__A0, 444.24, 285.6, 1.79538
FILLER_0_101_945, 444.24, 285.6, 1.79538
FILLER_0_101_953, 444.24, 285.6, 1.79538
_12443_, 457.04, 285.6, 1.79539
_14740_, 457.04, 285.6, 1.79539
clkbuf_leaf_94_wclk, 457.04, 285.6, 1.79539
ANTENNA__12443__S, 457.04, 285.6, 1.79539
ANTENNA__07750__A2, 457.04, 285.6, 1.79539
ANTENNA_clkbuf_leaf_94_wclk_A, 457.04, 285.6, 1.79539
FILLER_0_100_974, 457.04, 285.6, 1.79539
_12170_, 469.84, 285.6, 1.79544
_14838_, 469.84, 285.6, 1.79544
FILLER_0_101_1005, 469.84, 285.6, 1.79544
PHY_196, 5.52, 280.16, 1.7957
PHY_198, 5.52, 280.16, 1.7957
PHY_197, 494.04, 280.16, 1.7956
PHY_199, 494.04, 280.16, 1.7956
ANTENNA__12371__A1, 494.04, 280.16, 1.7956
ANTENNA__09333__A, 494.04, 280.16, 1.7956
_10186_, 34.64, 280.16, 1.79566
_13855_, 34.64, 280.16, 1.79566
ANTENNA__10185__A1, 34.64, 280.16, 1.79566
FILLER_0_99_51, 34.64, 280.16, 1.79566
FILLER_0_99_69, 34.64, 280.16, 1.79566
FILLER_0_100_65, 34.64, 280.16, 1.79566
_09569_, 47.44, 280.16, 1.79562
_09570_, 47.44, 280.16, 1.79562
_11480_, 47.44, 280.16, 1.79562
ANTENNA__10189__S, 47.44, 280.16, 1.79562
ANTENNA__10185__S, 47.44, 280.16, 1.79562
ANTENNA__11472__A1, 47.44, 280.16, 1.79562
ANTENNA__11480__A1, 47.44, 280.16, 1.79562
ANTENNA__11480__S, 47.44, 280.16, 1.79562
ANTENNA__11472__S, 47.44, 280.16, 1.79562
FILLER_0_98_79, 47.44, 280.16, 1.79562
FILLER_0_99_80, 47.44, 280.16, 1.79562
FILLER_0_99_95, 47.44, 280.16, 1.79562
FILLER_0_100_98, 47.44, 280.16, 1.79562
_08202_, 60.24, 280.16, 1.79559
_14879_, 60.24, 280.16, 1.79559
ANTENNA__08202__B1, 60.24, 280.16, 1.79559
ANTENNA__08107__A2, 60.24, 280.16, 1.79559
ANTENNA__08201__B1, 60.24, 280.16, 1.79559
ANTENNA__09563__A0, 60.24, 280.16, 1.79559
ANTENNA__09565__A0, 60.24, 280.16, 1.79559
ANTENNA__09569__A0, 60.24, 280.16, 1.79559
FILLER_0_99_113, 60.24, 280.16, 1.79559
FILLER_0_99_118, 60.24, 280.16, 1.79559
FILLER_0_99_129, 60.24, 280.16, 1.79559
_08060_, 73.04, 280.16, 1.79557
_09564_, 73.04, 280.16, 1.79557
_12454_, 73.04, 280.16, 1.79557
_13568_, 73.04, 280.16, 1.79557
_14876_, 73.04, 280.16, 1.79557
ANTENNA__12454__S, 73.04, 280.16, 1.79557
ANTENNA__08060__A2, 73.04, 280.16, 1.79557
ANTENNA__09563__S, 73.04, 280.16, 1.79557
ANTENNA__12454__A1, 73.04, 280.16, 1.79557
FILLER_0_99_137, 73.04, 280.16, 1.79557
_08249_, 85.84, 280.16, 1.79555
_09571_, 85.84, 280.16, 1.79555
_09572_, 85.84, 280.16, 1.79555
_09577_, 85.84, 280.16, 1.79555
_09578_, 85.84, 280.16, 1.79555
_12463_, 85.84, 280.16, 1.79555
_14880_, 85.84, 280.16, 1.79555
_14883_, 85.84, 280.16, 1.79555
ANTENNA__08249__A2, 85.84, 280.16, 1.79555
ANTENNA__09571__A0, 85.84, 280.16, 1.79555
ANTENNA__09571__S, 85.84, 280.16, 1.79555
FILLER_0_100_175, 85.84, 280.16, 1.79555
_08252_, 98.64, 280.16, 1.79555
_12468_, 98.64, 280.16, 1.79555
_12469_, 98.64, 280.16, 1.79555
ANTENNA__12468__S, 98.64, 280.16, 1.79555
ANTENNA__08342__A2, 98.64, 280.16, 1.79555
ANTENNA__08342__B1, 98.64, 280.16, 1.79555
ANTENNA__12468__A1, 98.64, 280.16, 1.79555
FILLER_0_99_215, 98.64, 280.16, 1.79555
FILLER_0_100_205, 98.64, 280.16, 1.79555
_08205_, 111.44, 280.16, 1.79555
_11978_, 111.44, 280.16, 1.79555
_12466_, 111.44, 280.16, 1.79555
_14652_, 111.44, 280.16, 1.79555
ANTENNA__12466__A1, 111.44, 280.16, 1.79555
FILLER_0_98_229, 111.44, 280.16, 1.79555
FILLER_0_99_238, 111.44, 280.16, 1.79555
_08063_, 124.24, 280.16, 1.79556
_08111_, 124.24, 280.16, 1.79556
_10044_, 124.24, 280.16, 1.79556
_13788_, 124.24, 280.16, 1.79556
ANTENNA__12466__S, 124.24, 280.16, 1.79556
ANTENNA__11980__S, 124.24, 280.16, 1.79556
ANTENNA__11978__S, 124.24, 280.16, 1.79556
FILLER_0_99_264, 124.24, 280.16, 1.79556
_08054_, 137.04, 280.16, 1.79558
_08058_, 137.04, 280.16, 1.79558
ANTENNA__12864__S, 137.04, 280.16, 1.79558
ANTENNA__08103__A2, 137.04, 280.16, 1.79558
ANTENNA__08054__A3, 137.04, 280.16, 1.79558
ANTENNA__08054__B1, 137.04, 280.16, 1.79558
ANTENNA__12872__A1, 137.04, 280.16, 1.79558
FILLER_0_98_276, 137.04, 280.16, 1.79558
FILLER_0_98_285, 137.04, 280.16, 1.79558
FILLER_0_99_274, 137.04, 280.16, 1.79558
FILLER_0_99_289, 137.04, 280.16, 1.79558
FILLER_0_99_299, 137.04, 280.16, 1.79558
_08153_, 149.84, 280.16, 1.7956
_10047_, 149.84, 280.16, 1.7956
_10048_, 149.84, 280.16, 1.7956
_11983_, 149.84, 280.16, 1.7956
_13790_, 149.84, 280.16, 1.7956
ANTENNA__10047__A0, 149.84, 280.16, 1.7956
ANTENNA__11982__S, 149.84, 280.16, 1.7956
_07990_, 162.64, 280.16, 1.79563
_10041_, 162.64, 280.16, 1.79563
_10042_, 162.64, 280.16, 1.79563
_11977_, 162.64, 280.16, 1.79563
_14651_, 162.64, 280.16, 1.79563
ANTENNA__08149__A3, 162.64, 280.16, 1.79563
ANTENNA__10041__A0, 162.64, 280.16, 1.79563
ANTENNA__10047__S, 162.64, 280.16, 1.79563
ANTENNA__10041__S, 162.64, 280.16, 1.79563
ANTENNA__11990__A1, 162.64, 280.16, 1.79563
_07901_, 188.24, 280.16, 1.79561
_10056_, 188.24, 280.16, 1.79561
_14853_, 188.24, 280.16, 1.79561
ANTENNA__08337__A3, 188.24, 280.16, 1.79561
ANTENNA__08337__B1, 188.24, 280.16, 1.79561
ANTENNA__10057__S, 188.24, 280.16, 1.79561
ANTENNA__10055__S, 188.24, 280.16, 1.79561
FILLER_0_99_409, 188.24, 280.16, 1.79561
_08468_, 201.04, 280.16, 1.79557
_12405_, 201.04, 280.16, 1.79557
_12540_, 201.04, 280.16, 1.79557
_12541_, 201.04, 280.16, 1.79557
_13733_, 201.04, 280.16, 1.79557
FILLER_0_98_421, 201.04, 280.16, 1.79557
_09924_, 213.84, 280.16, 1.79554
_10195_, 213.84, 280.16, 1.79554
_10196_, 213.84, 280.16, 1.79554
ANTENNA__08468__A2, 213.84, 280.16, 1.79554
ANTENNA__08470__B1, 213.84, 280.16, 1.79554
ANTENNA__09559__A0, 213.84, 280.16, 1.79554
ANTENNA__09924__S, 213.84, 280.16, 1.79554
ANTENNA__10195__S, 213.84, 280.16, 1.79554
ANTENNA__10174__A, 213.84, 280.16, 1.79554
FILLER_0_98_441, 213.84, 280.16, 1.79554
FILLER_0_98_447, 213.84, 280.16, 1.79554
FILLER_0_99_458, 213.84, 280.16, 1.79554
_08002_, 226.64, 280.16, 1.79551
_08437_, 226.64, 280.16, 1.79551
_09559_, 226.64, 280.16, 1.79551
_12450_, 226.64, 280.16, 1.79551
_12451_, 226.64, 280.16, 1.79551
ANTENNA__12470__S, 226.64, 280.16, 1.79551
ANTENNA__12449__A, 226.64, 280.16, 1.79551
ANTENNA__09579__A0, 226.64, 280.16, 1.79551
ANTENNA__12450__A1, 226.64, 280.16, 1.79551
ANTENNA__12470__A1, 226.64, 280.16, 1.79551
ANTENNA__11994__A1, 226.64, 280.16, 1.79551
_08435_, 239.44, 280.16, 1.79549
_10038_, 239.44, 280.16, 1.79549
_10059_, 239.44, 280.16, 1.79549
_11973_, 239.44, 280.16, 1.79549
_11995_, 239.44, 280.16, 1.79549
ANTENNA__07997__A, 239.44, 280.16, 1.79549
ANTENNA__08431__B1, 239.44, 280.16, 1.79549
ANTENNA__09558__A, 239.44, 280.16, 1.79549
ANTENNA__10059__S, 239.44, 280.16, 1.79549
ANTENNA__10038__A, 239.44, 280.16, 1.79549
ANTENNA__11994__S, 239.44, 280.16, 1.79549
ANTENNA__11973__A, 239.44, 280.16, 1.79549
FILLER_0_99_498, 239.44, 280.16, 1.79549
FILLER_0_99_517, 239.44, 280.16, 1.79549
_06693_, 252.24, 280.16, 1.79547
_06699_, 252.24, 280.16, 1.79547
_07446_, 252.24, 280.16, 1.79547
_07450_, 252.24, 280.16, 1.79547
_07451_, 252.24, 280.16, 1.79547
_07989_, 252.24, 280.16, 1.79547
ANTENNA__07451__A, 252.24, 280.16, 1.79547
ANTENNA__08431__A3, 252.24, 280.16, 1.79547
ANTENNA__12156__A, 252.24, 280.16, 1.79547
FILLER_0_100_544, 252.24, 280.16, 1.79547
_06723_, 265.04, 280.16, 1.79545
_06754_, 265.04, 280.16, 1.79545
_06767_, 265.04, 280.16, 1.79545
_12156_, 265.04, 280.16, 1.79545
_12361_, 265.04, 280.16, 1.79545
_13116_, 265.04, 280.16, 1.79545
ANTENNA__07446__A, 265.04, 280.16, 1.79545
ANTENNA__07903__A2, 265.04, 280.16, 1.79545
_08539_, 277.84, 280.16, 1.79544
_08540_, 277.84, 280.16, 1.79544
_08541_, 277.84, 280.16, 1.79544
_10153_, 277.84, 280.16, 1.79544
clkbuf_leaf_61_wclk, 277.84, 280.16, 1.79544
ANTENNA__06566__A, 277.84, 280.16, 1.79544
FILLER_0_98_579, 277.84, 280.16, 1.79544
_06531_, 290.64, 280.16, 1.79546
_08527_, 290.64, 280.16, 1.79546
_08546_, 290.64, 280.16, 1.79546
_13106_, 290.64, 280.16, 1.79546
ANTENNA__06531__A, 290.64, 280.16, 1.79546
ANTENNA__08539__A, 290.64, 280.16, 1.79546
ANTENNA__13106__RESET_B, 290.64, 280.16, 1.79546
ANTENNA_clkbuf_leaf_61_wclk_A, 290.64, 280.16, 1.79546
FILLER_0_99_633, 290.64, 280.16, 1.79546
_13113_, 303.44, 280.16, 1.7955
hold13, 303.44, 280.16, 1.7955
hold14, 303.44, 280.16, 1.7955
ANTENNA__13113__RESET_B, 303.44, 280.16, 1.7955
FILLER_0_98_645, 303.44, 280.16, 1.7955
_07438_, 316.24, 280.16, 1.79554
_14873_, 316.24, 280.16, 1.79554
ANTENNA__06879__B, 316.24, 280.16, 1.79554
ANTENNA__06888__B, 316.24, 280.16, 1.79554
ANTENNA__09468__A, 316.24, 280.16, 1.79554
ANTENNA__10017__A, 316.24, 280.16, 1.79554
ANTENNA__11952__A, 316.24, 280.16, 1.79554
FILLER_0_99_669, 316.24, 280.16, 1.79554
FILLER_0_99_685, 316.24, 280.16, 1.79554
_09473_, 341.84, 280.16, 1.79553
_10022_, 341.84, 280.16, 1.79553
_11192_, 341.84, 280.16, 1.79553
clkbuf_leaf_104_wclk, 341.84, 280.16, 1.79553
ANTENNA__09473__S, 341.84, 280.16, 1.79553
ANTENNA__11463__A1, 341.84, 280.16, 1.79553
ANTENNA__11463__S, 341.84, 280.16, 1.79553
FILLER_0_99_719, 341.84, 280.16, 1.79553
FILLER_0_99_725, 341.84, 280.16, 1.79553
FILLER_0_99_733, 341.84, 280.16, 1.79553
_07503_, 354.64, 280.16, 1.79549
_07507_, 354.64, 280.16, 1.79549
_10021_, 354.64, 280.16, 1.79549
_11957_, 354.64, 280.16, 1.79549
ANTENNA__10022__A0, 354.64, 280.16, 1.79549
ANTENNA__09473__A0, 354.64, 280.16, 1.79549
ANTENNA__09475__S, 354.64, 280.16, 1.79549
FILLER_0_99_749, 354.64, 280.16, 1.79549
FILLER_0_100_761, 354.64, 280.16, 1.79549
FILLER_0_100_769, 354.64, 280.16, 1.79549
_07439_, 367.44, 280.16, 1.79545
_07449_, 367.44, 280.16, 1.79545
_10027_, 367.44, 280.16, 1.79545
_14641_, 367.44, 280.16, 1.79545
ANTENNA__07439__A2, 367.44, 280.16, 1.79545
ANTENNA__07439__A3, 367.44, 280.16, 1.79545
FILLER_0_99_775, 367.44, 280.16, 1.79545
FILLER_0_99_797, 367.44, 280.16, 1.79545
_07512_, 380.24, 280.16, 1.79542
_10025_, 380.24, 280.16, 1.79542
_10026_, 380.24, 280.16, 1.79542
_11961_, 380.24, 280.16, 1.79542
_11962_, 380.24, 280.16, 1.79542
_13779_, 380.24, 280.16, 1.79542
_13780_, 380.24, 280.16, 1.79542
_14644_, 380.24, 280.16, 1.79542
_11959_, 393.04, 280.16, 1.79541
_13554_, 393.04, 280.16, 1.79541
ANTENNA__11959__A1, 393.04, 280.16, 1.79541
ANTENNA__11961__A1, 393.04, 280.16, 1.79541
ANTENNA__11961__S, 393.04, 280.16, 1.79541
ANTENNA__11959__S, 393.04, 280.16, 1.79541
FILLER_0_98_833, 393.04, 280.16, 1.79541
FILLER_0_99_837, 393.04, 280.16, 1.79541
FILLER_0_99_854, 393.04, 280.16, 1.79541
_07463_, 405.84, 280.16, 1.7954
_12434_, 405.84, 280.16, 1.7954
clkbuf_leaf_100_wclk, 405.84, 280.16, 1.7954
ANTENNA__12433__A1, 405.84, 280.16, 1.7954
ANTENNA_clkbuf_leaf_100_wclk_A, 405.84, 280.16, 1.7954
FILLER_0_99_882, 405.84, 280.16, 1.7954
_07801_, 418.64, 280.16, 1.79542
_09548_, 418.64, 280.16, 1.79542
_09549_, 418.64, 280.16, 1.79542
_12432_, 418.64, 280.16, 1.79542
ANTENNA__07801__A2, 418.64, 280.16, 1.79542
ANTENNA__07801__B1, 418.64, 280.16, 1.79542
ANTENNA__09548__A0, 418.64, 280.16, 1.79542
ANTENNA__09548__S, 418.64, 280.16, 1.79542
FILLER_0_98_887, 418.64, 280.16, 1.79542
FILLER_0_100_903, 418.64, 280.16, 1.79542
FILLER_0_100_911, 418.64, 280.16, 1.79542
_07560_, 431.44, 280.16, 1.79544
_12431_, 431.44, 280.16, 1.79544
_13553_, 431.44, 280.16, 1.79544
_14865_, 431.44, 280.16, 1.79544
ANTENNA__07455__A2, 431.44, 280.16, 1.79544
ANTENNA__12431__A1, 431.44, 280.16, 1.79544
_07605_, 444.24, 280.16, 1.79547
_07750_, 444.24, 280.16, 1.79547
_09552_, 444.24, 280.16, 1.79547
ANTENNA__12431__S, 444.24, 280.16, 1.79547
ANTENNA__07605__B1, 444.24, 280.16, 1.79547
ANTENNA__09552__S, 444.24, 280.16, 1.79547
_12436_, 457.04, 280.16, 1.79551
_12444_, 457.04, 280.16, 1.79551
_14871_, 457.04, 280.16, 1.79551
ANTENNA__07557__B1, 457.04, 280.16, 1.79551
ANTENNA__09544__A0, 457.04, 280.16, 1.79551
ANTENNA__12443__A1, 457.04, 280.16, 1.79551
FILLER_0_98_970, 457.04, 280.16, 1.79551
_11451_, 469.84, 280.16, 1.79555
_14419_, 469.84, 280.16, 1.79555
ANTENNA__11451__A1, 469.84, 280.16, 1.79555
ANTENNA__11451__S, 469.84, 280.16, 1.79555
FILLER_0_98_997, 469.84, 280.16, 1.79555
FILLER_0_99_1001, 469.84, 280.16, 1.79555
PHY_192, 5.52, 274.72, 1.79578
PHY_194, 5.52, 274.72, 1.79578
PHY_193, 494.04, 274.72, 1.79571
PHY_195, 494.04, 274.72, 1.79571
ANTENNA__12367__S, 494.04, 274.72, 1.79571
ANTENNA__12367__A1, 494.04, 274.72, 1.79571
ANTENNA__09330__A, 494.04, 274.72, 1.79571
_11473_, 34.64, 274.72, 1.79572
_11481_, 34.64, 274.72, 1.79572
_14433_, 34.64, 274.72, 1.79572
FILLER_0_96_53, 34.64, 274.72, 1.79572
FILLER_0_97_51, 34.64, 274.72, 1.79572
FILLER_0_97_57, 34.64, 274.72, 1.79572
FILLER_0_98_65, 34.64, 274.72, 1.79572
FILLER_0_98_71, 34.64, 274.72, 1.79572
_09566_, 47.44, 274.72, 1.79566
_11472_, 47.44, 274.72, 1.79566
_13565_, 47.44, 274.72, 1.79566
_13567_, 47.44, 274.72, 1.79566
clkbuf_leaf_28_wclk, 47.44, 274.72, 1.79566
FILLER_0_96_85, 47.44, 274.72, 1.79566
FILLER_0_97_79, 47.44, 274.72, 1.79566
_09563_, 60.24, 274.72, 1.79564
_09565_, 60.24, 274.72, 1.79564
_12457_, 60.24, 274.72, 1.79564
_12460_, 60.24, 274.72, 1.79564
_12461_, 60.24, 274.72, 1.79564
_13564_, 60.24, 274.72, 1.79564
ANTENNA__08296__A2, 60.24, 274.72, 1.79564
FILLER_0_97_128, 60.24, 274.72, 1.79564
_12455_, 73.04, 274.72, 1.79563
ANTENNA__12460__S, 73.04, 274.72, 1.79563
ANTENNA__08108__B1, 73.04, 274.72, 1.79563
ANTENNA__08060__B1, 73.04, 274.72, 1.79563
ANTENNA__12460__A1, 73.04, 274.72, 1.79563
FILLER_0_96_137, 73.04, 274.72, 1.79563
FILLER_0_97_158, 73.04, 274.72, 1.79563
_08155_, 85.84, 274.72, 1.79561
_12462_, 85.84, 274.72, 1.79561
_13571_, 85.84, 274.72, 1.79561
ANTENNA__12462__S, 85.84, 274.72, 1.79561
ANTENNA__12458__S, 85.84, 274.72, 1.79561
ANTENNA__08249__B1, 85.84, 274.72, 1.79561
ANTENNA__12462__A1, 85.84, 274.72, 1.79561
FILLER_0_97_184, 85.84, 274.72, 1.79561
_12453_, 98.64, 274.72, 1.7956
_12467_, 98.64, 274.72, 1.7956
_13570_, 98.64, 274.72, 1.7956
_14882_, 98.64, 274.72, 1.7956
FILLER_0_96_197, 98.64, 274.72, 1.7956
FILLER_0_97_202, 98.64, 274.72, 1.7956
FILLER_0_98_204, 98.64, 274.72, 1.7956
_08299_, 111.44, 274.72, 1.79561
_09575_, 111.44, 274.72, 1.79561
_09576_, 111.44, 274.72, 1.79561
clkbuf_leaf_23_wclk, 111.44, 274.72, 1.79561
ANTENNA__08006__A2, 111.44, 274.72, 1.79561
ANTENNA__08006__B1, 111.44, 274.72, 1.79561
ANTENNA__09575__A0, 111.44, 274.72, 1.79561
ANTENNA__09575__S, 111.44, 274.72, 1.79561
ANTENNA__11978__A1, 111.44, 274.72, 1.79561
_08103_, 124.24, 274.72, 1.79564
_15069_, 124.24, 274.72, 1.79564
ANTENNA__11200__A1, 124.24, 274.72, 1.79564
ANTENNA__11208__A1, 124.24, 274.72, 1.79564
ANTENNA__12864__A1, 124.24, 274.72, 1.79564
FILLER_0_97_262, 124.24, 274.72, 1.79564
FILLER_0_98_271, 124.24, 274.72, 1.79564
_08291_, 137.04, 274.72, 1.79567
_11982_, 137.04, 274.72, 1.79567
_12863_, 137.04, 274.72, 1.79567
ANTENNA__08054__A2, 137.04, 274.72, 1.79567
ANTENNA__08291__A2, 137.04, 274.72, 1.79567
FILLER_0_97_297, 137.04, 274.72, 1.79567
FILLER_0_98_291, 137.04, 274.72, 1.79567
_08149_, 149.84, 274.72, 1.7957
_08158_, 149.84, 274.72, 1.7957
_08346_, 149.84, 274.72, 1.7957
_14654_, 149.84, 274.72, 1.7957
ANTENNA__12862__S, 149.84, 274.72, 1.7957
ANTENNA__11982__A1, 149.84, 274.72, 1.7957
_11976_, 162.64, 274.72, 1.79575
_13787_, 162.64, 274.72, 1.79575
ANTENNA__08149__A2, 162.64, 274.72, 1.79575
ANTENNA__08149__B1, 162.64, 274.72, 1.79575
ANTENNA__11976__A1, 162.64, 274.72, 1.79575
_11195_, 188.24, 274.72, 1.79575
_11467_, 188.24, 274.72, 1.79575
_14298_, 188.24, 274.72, 1.79575
_14426_, 188.24, 274.72, 1.79575
ANTENNA__08337__A2, 188.24, 274.72, 1.79575
ANTENNA__07901__A, 188.24, 274.72, 1.79575
_09925_, 201.04, 274.72, 1.79571
_12859_, 201.04, 274.72, 1.79571
_15066_, 201.04, 274.72, 1.79571
_15076_, 201.04, 274.72, 1.79571
ANTENNA__12540__S, 201.04, 274.72, 1.79571
ANTENNA__12858__S, 201.04, 274.72, 1.79571
ANTENNA__11466__A1, 201.04, 274.72, 1.79571
ANTENNA__11466__S, 201.04, 274.72, 1.79571
ANTENNA__12540__A1, 201.04, 274.72, 1.79571
ANTENNA__12858__A1, 201.04, 274.72, 1.79571
FILLER_0_97_421, 201.04, 274.72, 1.79571
_09580_, 213.84, 274.72, 1.79567
_12471_, 213.84, 274.72, 1.79567
_14884_, 213.84, 274.72, 1.79567
ANTENNA__08002__A, 213.84, 274.72, 1.79567
ANTENNA__08432__A2, 213.84, 274.72, 1.79567
ANTENNA__07991__A, 213.84, 274.72, 1.79567
ANTENNA__08437__A2, 213.84, 274.72, 1.79567
ANTENNA__08437__B1, 213.84, 274.72, 1.79567
ANTENNA__09924__A0, 213.84, 274.72, 1.79567
FILLER_0_97_449, 213.84, 274.72, 1.79567
_08440_, 226.64, 274.72, 1.79565
_09579_, 226.64, 274.72, 1.79565
_10060_, 226.64, 274.72, 1.79565
_12470_, 226.64, 274.72, 1.79565
FILLER_0_98_485, 226.64, 274.72, 1.79565
_08001_, 239.44, 274.72, 1.79563
_10062_, 239.44, 274.72, 1.79563
_11994_, 239.44, 274.72, 1.79563
_13796_, 239.44, 274.72, 1.79563
_13797_, 239.44, 274.72, 1.79563
_10061_, 252.24, 274.72, 1.79562
_11996_, 252.24, 274.72, 1.79562
_14661_, 252.24, 274.72, 1.79562
ANTENNA__10061__A0, 252.24, 274.72, 1.79562
ANTENNA__11996__A1, 252.24, 274.72, 1.79562
ANTENNA__11996__S, 252.24, 274.72, 1.79562
_06566_, 265.04, 274.72, 1.79562
_12157_, 265.04, 274.72, 1.79562
_12158_, 265.04, 274.72, 1.79562
_12362_, 265.04, 274.72, 1.79562
_14832_, 265.04, 274.72, 1.79562
ANTENNA__07903__A3, 265.04, 274.72, 1.79562
FILLER_0_97_554, 265.04, 274.72, 1.79562
_08518_, 277.84, 274.72, 1.79562
_08859_, 277.84, 274.72, 1.79562
ANTENNA__12361__S, 277.84, 274.72, 1.79562
ANTENNA__12428__A, 277.84, 274.72, 1.79562
ANTENNA__08518__A, 277.84, 274.72, 1.79562
ANTENNA__08497__C, 277.84, 274.72, 1.79562
ANTENNA__08859__A0, 277.84, 274.72, 1.79562
ANTENNA__08859__S, 277.84, 274.72, 1.79562
ANTENNA__10153__A, 277.84, 274.72, 1.79562
ANTENNA__12361__A1, 277.84, 274.72, 1.79562
FILLER_0_96_580, 277.84, 274.72, 1.79562
FILLER_0_97_589, 277.84, 274.72, 1.79562
FILLER_0_97_602, 277.84, 274.72, 1.79562
FILLER_0_98_593, 277.84, 274.72, 1.79562
_08497_, 290.64, 274.72, 1.79563
_08538_, 290.64, 274.72, 1.79563
_08542_, 290.64, 274.72, 1.79563
_08544_, 290.64, 274.72, 1.79563
_08545_, 290.64, 274.72, 1.79563
ANTENNA__08495__B, 290.64, 274.72, 1.79563
ANTENNA__08495__C, 290.64, 274.72, 1.79563
ANTENNA__09443__S, 290.64, 274.72, 1.79563
FILLER_0_97_632, 290.64, 274.72, 1.79563
_06916_, 303.44, 274.72, 1.79565
_10154_, 303.44, 274.72, 1.79565
_10155_, 303.44, 274.72, 1.79565
_13112_, 303.44, 274.72, 1.79565
_13840_, 303.44, 274.72, 1.79565
ANTENNA__10154__A1, 303.44, 274.72, 1.79565
ANTENNA__10154__S, 303.44, 274.72, 1.79565
ANTENNA__13112__RESET_B, 303.44, 274.72, 1.79565
_06879_, 316.24, 274.72, 1.7957
_06888_, 316.24, 274.72, 1.7957
_09468_, 316.24, 274.72, 1.7957
_10019_, 316.24, 274.72, 1.7957
_11952_, 316.24, 274.72, 1.7957
_13776_, 316.24, 274.72, 1.7957
ANTENNA__06916__A, 316.24, 274.72, 1.7957
ANTENNA__06715__A, 316.24, 274.72, 1.7957
ANTENNA__12429__A1, 316.24, 274.72, 1.7957
FILLER_0_98_676, 316.24, 274.72, 1.7957
_07849_, 341.84, 274.72, 1.79571
_10023_, 341.84, 274.72, 1.79571
_11463_, 341.84, 274.72, 1.79571
_13778_, 341.84, 274.72, 1.79571
_14642_, 341.84, 274.72, 1.79571
ANTENNA__11191__A1, 341.84, 274.72, 1.79571
_07804_, 354.64, 274.72, 1.79568
_11958_, 354.64, 274.72, 1.79568
_13777_, 354.64, 274.72, 1.79568
ANTENNA__07796__A3, 354.64, 274.72, 1.79568
ANTENNA__07504__B1, 354.64, 274.72, 1.79568
ANTENNA__11957__S, 354.64, 274.72, 1.79568
FILLER_0_96_748, 354.64, 274.72, 1.79568
FILLER_0_96_753, 354.64, 274.72, 1.79568
FILLER_0_97_765, 354.64, 274.72, 1.79568
_10020_, 367.44, 274.72, 1.79566
_11955_, 367.44, 274.72, 1.79566
_11956_, 367.44, 274.72, 1.79566
ANTENNA__07442__A2, 367.44, 274.72, 1.79566
ANTENNA__07442__A3, 367.44, 274.72, 1.79566
FILLER_0_96_774, 367.44, 274.72, 1.79566
_07599_, 380.24, 274.72, 1.79564
ANTENNA__07599__A2, 380.24, 274.72, 1.79564
ANTENNA__07599__A3, 380.24, 274.72, 1.79564
ANTENNA__07599__B1, 380.24, 274.72, 1.79564
ANTENNA__11955__A1, 380.24, 274.72, 1.79564
FILLER_0_96_813, 380.24, 274.72, 1.79564
FILLER_0_97_819, 380.24, 274.72, 1.79564
_07745_, 393.04, 274.72, 1.79562
_11179_, 393.04, 274.72, 1.79562
_11180_, 393.04, 274.72, 1.79562
_14291_, 393.04, 274.72, 1.79562
_14866_, 393.04, 274.72, 1.79562
ANTENNA__07745__A2, 393.04, 274.72, 1.79562
ANTENNA__07552__A2, 393.04, 274.72, 1.79562
ANTENNA__07745__A3, 393.04, 274.72, 1.79562
ANTENNA__07698__A3, 393.04, 274.72, 1.79562
ANTENNA__07552__A3, 393.04, 274.72, 1.79562
FILLER_0_98_843, 393.04, 274.72, 1.79562
_12843_, 405.84, 274.72, 1.79561
_12844_, 405.84, 274.72, 1.79561
_12852_, 405.84, 274.72, 1.79561
_15059_, 405.84, 274.72, 1.79561
ANTENNA__12843__S, 405.84, 274.72, 1.79561
ANTENNA__07552__B1, 405.84, 274.72, 1.79561
ANTENNA__11179__A1, 405.84, 274.72, 1.79561
ANTENNA__12843__A1, 405.84, 274.72, 1.79561
FILLER_0_97_861, 405.84, 274.72, 1.79561
_07608_, 418.64, 274.72, 1.7956
_09555_, 418.64, 274.72, 1.7956
_12445_, 418.64, 274.72, 1.7956
_12446_, 418.64, 274.72, 1.7956
_14872_, 418.64, 274.72, 1.7956
ANTENNA__12445__S, 418.64, 274.72, 1.7956
ANTENNA__09554__S, 418.64, 274.72, 1.7956
FILLER_0_96_885, 418.64, 274.72, 1.7956
FILLER_0_98_906, 418.64, 274.72, 1.7956
_07455_, 431.44, 274.72, 1.79561
_07706_, 431.44, 274.72, 1.79561
_09547_, 431.44, 274.72, 1.79561
_13556_, 431.44, 274.72, 1.79561
ANTENNA__07455__B1, 431.44, 274.72, 1.79561
ANTENNA__09554__A0, 431.44, 274.72, 1.79561
ANTENNA__12445__A1, 431.44, 274.72, 1.79561
FILLER_0_97_916, 431.44, 274.72, 1.79561
_07557_, 444.24, 274.72, 1.79562
_07703_, 444.24, 274.72, 1.79562
_09544_, 444.24, 274.72, 1.79562
_12438_, 444.24, 274.72, 1.79562
ANTENNA__07605__A2, 444.24, 274.72, 1.79562
ANTENNA__07703__B1, 444.24, 274.72, 1.79562
ANTENNA__09544__S, 444.24, 274.72, 1.79562
FILLER_0_97_953, 444.24, 274.72, 1.79562
_12435_, 457.04, 274.72, 1.79564
_12437_, 457.04, 274.72, 1.79564
_14422_, 457.04, 274.72, 1.79564
_14867_, 457.04, 274.72, 1.79564
ANTENNA__07557__A2, 457.04, 274.72, 1.79564
_11452_, 469.84, 274.72, 1.79566
_11460_, 469.84, 274.72, 1.79566
_11462_, 469.84, 274.72, 1.79566
_14423_, 469.84, 274.72, 1.79566
_14424_, 469.84, 274.72, 1.79566
FILLER_0_98_1023, 469.84, 274.72, 1.79566
PHY_188, 5.52, 269.28, 1.7959
PHY_190, 5.52, 269.28, 1.7959
PHY_189, 494.04, 269.28, 1.79583
PHY_191, 494.04, 269.28, 1.79583
ANTENNA__09613__A0, 494.04, 269.28, 1.79583
ANTENNA__09621__A0, 494.04, 269.28, 1.79583
ANTENNA__09318__A, 494.04, 269.28, 1.79583
FILLER_0_94_1053, 494.04, 269.28, 1.79583
FILLER_0_95_1056, 494.04, 269.28, 1.79583
_14429_, 34.64, 269.28, 1.79586
_14432_, 34.64, 269.28, 1.79586
FILLER_0_95_51, 34.64, 269.28, 1.79586
_11478_, 47.44, 269.28, 1.79584
_13569_, 47.44, 269.28, 1.79584
ANTENNA__11478__A1, 47.44, 269.28, 1.79584
FILLER_0_94_78, 47.44, 269.28, 1.79584
FILLER_0_95_87, 47.44, 269.28, 1.79584
_08108_, 60.24, 269.28, 1.79582
_08296_, 60.24, 269.28, 1.79582
_12456_, 60.24, 269.28, 1.79582
_14877_, 60.24, 269.28, 1.79582
_14881_, 60.24, 269.28, 1.79582
ANTENNA__09565__S, 60.24, 269.28, 1.79582
_09568_, 73.04, 269.28, 1.79581
_12458_, 73.04, 269.28, 1.79581
_12459_, 73.04, 269.28, 1.79581
_14878_, 73.04, 269.28, 1.79581
ANTENNA__12464__S, 73.04, 269.28, 1.79581
ANTENNA__12456__S, 73.04, 269.28, 1.79581
ANTENNA__08108__A2, 73.04, 269.28, 1.79581
ANTENNA__08296__B1, 73.04, 269.28, 1.79581
ANTENNA__12456__A1, 73.04, 269.28, 1.79581
FILLER_0_94_141, 73.04, 269.28, 1.79581
FILLER_0_95_146, 73.04, 269.28, 1.79581
_09567_, 85.84, 269.28, 1.7958
ANTENNA__08155__A2, 85.84, 269.28, 1.7958
ANTENNA__08155__B1, 85.84, 269.28, 1.7958
ANTENNA__09567__A0, 85.84, 269.28, 1.7958
ANTENNA__09567__S, 85.84, 269.28, 1.7958
ANTENNA__12458__A1, 85.84, 269.28, 1.7958
FILLER_0_95_186, 85.84, 269.28, 1.7958
FILLER_0_96_188, 85.84, 269.28, 1.7958
_08006_, 98.64, 269.28, 1.7958
_09561_, 98.64, 269.28, 1.7958
_09562_, 98.64, 269.28, 1.7958
_12452_, 98.64, 269.28, 1.7958
_14875_, 98.64, 269.28, 1.7958
ANTENNA__09561__S, 98.64, 269.28, 1.7958
ANTENNA__12452__A1, 98.64, 269.28, 1.7958
_11200_, 111.44, 269.28, 1.79581
_11201_, 111.44, 269.28, 1.79581
_11209_, 111.44, 269.28, 1.79581
_14305_, 111.44, 269.28, 1.79581
ANTENNA__12452__S, 111.44, 269.28, 1.79581
ANTENNA__09561__A0, 111.44, 269.28, 1.79581
ANTENNA_clkbuf_leaf_23_wclk_A, 111.44, 269.28, 1.79581
FILLER_0_94_225, 111.44, 269.28, 1.79581
FILLER_0_95_225, 111.44, 269.28, 1.79581
FILLER_0_95_233, 111.44, 269.28, 1.79581
_11208_, 124.24, 269.28, 1.79582
_12864_, 124.24, 269.28, 1.79582
_12865_, 124.24, 269.28, 1.79582
_15073_, 124.24, 269.28, 1.79582
FILLER_0_95_258, 124.24, 269.28, 1.79582
_08197_, 137.04, 269.28, 1.79583
_12862_, 137.04, 269.28, 1.79583
_12872_, 137.04, 269.28, 1.79583
_12873_, 137.04, 269.28, 1.79583
_15068_, 137.04, 269.28, 1.79583
ANTENNA__12872__S, 137.04, 269.28, 1.79583
FILLER_0_94_280, 137.04, 269.28, 1.79583
_08014_, 149.84, 269.28, 1.79586
_08055_, 149.84, 269.28, 1.79586
clkbuf_leaf_18_wclk, 149.84, 269.28, 1.79586
ANTENNA__08055__A2, 149.84, 269.28, 1.79586
ANTENNA__12862__A1, 149.84, 269.28, 1.79586
FILLER_0_94_304, 149.84, 269.28, 1.79586
FILLER_0_94_309, 149.84, 269.28, 1.79586
FILLER_0_96_322, 149.84, 269.28, 1.79586
_07993_, 162.64, 269.28, 1.7959
_08000_, 162.64, 269.28, 1.7959
_08338_, 162.64, 269.28, 1.7959
ANTENNA__07993__A2, 162.64, 269.28, 1.7959
ANTENNA_clkbuf_leaf_18_wclk_A, 162.64, 269.28, 1.7959
FILLER_0_95_349, 162.64, 269.28, 1.7959
_11194_, 188.24, 269.28, 1.79589
_11466_, 188.24, 269.28, 1.79589
_14308_, 188.24, 269.28, 1.79589
ANTENNA__08385__A2, 188.24, 269.28, 1.79589
ANTENNA__11194__A1, 188.24, 269.28, 1.79589
ANTENNA__12878__A1, 188.24, 269.28, 1.79589
FILLER_0_95_384, 188.24, 269.28, 1.79589
FILLER_0_95_406, 188.24, 269.28, 1.79589
_08432_, 201.04, 269.28, 1.79585
_11214_, 201.04, 269.28, 1.79585
_12858_, 201.04, 269.28, 1.79585
_12878_, 201.04, 269.28, 1.79585
_12879_, 201.04, 269.28, 1.79585
ANTENNA__12878__S, 201.04, 269.28, 1.79585
ANTENNA__11214__A1, 201.04, 269.28, 1.79585
ANTENNA__11214__S, 201.04, 269.28, 1.79585
FILLER_0_95_438, 201.04, 269.28, 1.79585
_07991_, 213.84, 269.28, 1.79581
_08998_, 213.84, 269.28, 1.79581
_09135_, 213.84, 269.28, 1.79581
_13317_, 213.84, 269.28, 1.79581
_13572_, 213.84, 269.28, 1.79581
ANTENNA__08473__B1, 213.84, 269.28, 1.79581
ANTENNA__09579__S, 213.84, 269.28, 1.79581
FILLER_0_95_449, 213.84, 269.28, 1.79581
FILLER_0_96_454, 213.84, 269.28, 1.79581
_08473_, 226.64, 269.28, 1.79578
_09558_, 226.64, 269.28, 1.79578
_12449_, 226.64, 269.28, 1.79578
_12880_, 226.64, 269.28, 1.79578
_14660_, 226.64, 269.28, 1.79578
ANTENNA__12880__A1, 226.64, 269.28, 1.79578
FILLER_0_94_477, 226.64, 269.28, 1.79578
_08431_, 239.44, 269.28, 1.79575
_11997_, 239.44, 269.28, 1.79575
clkbuf_leaf_59_wclk, 239.44, 269.28, 1.79575
ANTENNA__12880__S, 239.44, 269.28, 1.79575
ANTENNA__08431__A2, 239.44, 269.28, 1.79575
ANTENNA__08479__A3, 239.44, 269.28, 1.79575
ANTENNA__10980__A1, 239.44, 269.28, 1.79575
ANTENNA__10980__S, 239.44, 269.28, 1.79575
ANTENNA_clkbuf_leaf_59_wclk_A, 239.44, 269.28, 1.79575
FILLER_0_95_498, 239.44, 269.28, 1.79575
_07903_, 252.24, 269.28, 1.79575
_08478_, 252.24, 269.28, 1.79575
ANTENNA__08478__A2, 252.24, 269.28, 1.79575
ANTENNA__07338__A2, 252.24, 269.28, 1.79575
ANTENNA__07345__B1, 252.24, 269.28, 1.79575
ANTENNA__08478__A3, 252.24, 269.28, 1.79575
ANTENNA__10061__S, 252.24, 269.28, 1.79575
FILLER_0_94_525, 252.24, 269.28, 1.79575
FILLER_0_94_533, 252.24, 269.28, 1.79575
FILLER_0_95_539, 252.24, 269.28, 1.79575
_07440_, 265.04, 269.28, 1.79575
_14736_, 265.04, 269.28, 1.79575
ANTENNA__12157__A0, 265.04, 269.28, 1.79575
ANTENNA__07440__A, 265.04, 269.28, 1.79575
ANTENNA__07441__A, 265.04, 269.28, 1.79575
ANTENNA__07339__B1, 265.04, 269.28, 1.79575
ANTENNA__07903__B1, 265.04, 269.28, 1.79575
ANTENNA__11444__A, 265.04, 269.28, 1.79575
ANTENNA__12157__S, 265.04, 269.28, 1.79575
FILLER_0_95_576, 265.04, 269.28, 1.79575
_08495_, 277.84, 269.28, 1.79575
_08860_, 277.84, 269.28, 1.79575
_09443_, 277.84, 269.28, 1.79575
_09444_, 277.84, 269.28, 1.79575
_12428_, 277.84, 269.28, 1.79575
_13253_, 277.84, 269.28, 1.79575
_13509_, 277.84, 269.28, 1.79575
FILLER_0_94_580, 277.84, 269.28, 1.79575
_08499_, 290.64, 269.28, 1.79576
_08534_, 290.64, 269.28, 1.79576
_08543_, 290.64, 269.28, 1.79576
_13121_, 290.64, 269.28, 1.79576
ANTENNA__08496__B, 290.64, 269.28, 1.79576
ANTENNA__08497__B, 290.64, 269.28, 1.79576
ANTENNA__08496__C, 290.64, 269.28, 1.79576
ANTENNA__13121__RESET_B, 290.64, 269.28, 1.79576
FILLER_0_96_626, 290.64, 269.28, 1.79576
_09537_, 303.44, 269.28, 1.79579
_09538_, 303.44, 269.28, 1.79579
ANTENNA__07356__A2, 303.44, 269.28, 1.79579
ANTENNA__09538__A0, 303.44, 269.28, 1.79579
ANTENNA__09537__A, 303.44, 269.28, 1.79579
FILLER_0_94_645, 303.44, 269.28, 1.79579
FILLER_0_95_641, 303.44, 269.28, 1.79579
FILLER_0_96_660, 303.44, 269.28, 1.79579
_06715_, 316.24, 269.28, 1.79582
_06731_, 316.24, 269.28, 1.79582
_06880_, 316.24, 269.28, 1.79582
_06886_, 316.24, 269.28, 1.79582
_10018_, 316.24, 269.28, 1.79582
ANTENNA__06886__A, 316.24, 269.28, 1.79582
ANTENNA__06731__A, 316.24, 269.28, 1.79582
ANTENNA__06886__B, 316.24, 269.28, 1.79582
ANTENNA__06879__A, 316.24, 269.28, 1.79582
ANTENNA__09538__S, 316.24, 269.28, 1.79582
FILLER_0_94_672, 316.24, 269.28, 1.79582
_07796_, 341.84, 269.28, 1.79586
ANTENNA__12855__S, 341.84, 269.28, 1.79586
ANTENNA__07351__A2, 341.84, 269.28, 1.79586
ANTENNA__07351__A3, 341.84, 269.28, 1.79586
ANTENNA__07849__A3, 341.84, 269.28, 1.79586
ANTENNA__07849__B1, 341.84, 269.28, 1.79586
ANTENNA__07796__B1, 341.84, 269.28, 1.79586
ANTENNA__07849__A2, 341.84, 269.28, 1.79586
_07504_, 354.64, 269.28, 1.79583
_11189_, 354.64, 269.28, 1.79583
_11190_, 354.64, 269.28, 1.79583
ANTENNA__07796__A2, 354.64, 269.28, 1.79583
ANTENNA__07504__A2, 354.64, 269.28, 1.79583
ANTENNA__07504__A3, 354.64, 269.28, 1.79583
ANTENNA__10020__S, 354.64, 269.28, 1.79583
ANTENNA__11957__A1, 354.64, 269.28, 1.79583
FILLER_0_95_769, 354.64, 269.28, 1.79583
FILLER_0_96_761, 354.64, 269.28, 1.79583
FILLER_0_96_768, 354.64, 269.28, 1.79583
_07442_, 367.44, 269.28, 1.79581
_12840_, 367.44, 269.28, 1.79581
_15057_, 367.44, 269.28, 1.79581
ANTENNA__07600__B1, 367.44, 269.28, 1.79581
ANTENNA__07442__B1, 367.44, 269.28, 1.79581
ANTENNA__10020__A0, 367.44, 269.28, 1.79581
ANTENNA__11955__S, 367.44, 269.28, 1.79581
FILLER_0_95_781, 367.44, 269.28, 1.79581
FILLER_0_95_793, 367.44, 269.28, 1.79581
_07600_, 380.24, 269.28, 1.79579
_07650_, 380.24, 269.28, 1.79579
_12845_, 380.24, 269.28, 1.79579
_12846_, 380.24, 269.28, 1.79579
ANTENNA__12845__S, 380.24, 269.28, 1.79579
ANTENNA__07650__A2, 380.24, 269.28, 1.79579
ANTENNA__07600__A2, 380.24, 269.28, 1.79579
ANTENNA__07650__A3, 380.24, 269.28, 1.79579
ANTENNA__07600__A3, 380.24, 269.28, 1.79579
ANTENNA__07745__B1, 380.24, 269.28, 1.79579
ANTENNA__07650__B1, 380.24, 269.28, 1.79579
ANTENNA__12845__A1, 380.24, 269.28, 1.79579
FILLER_0_95_816, 380.24, 269.28, 1.79579
_07552_, 393.04, 269.28, 1.79577
_07698_, 393.04, 269.28, 1.79577
_11186_, 393.04, 269.28, 1.79577
_14294_, 393.04, 269.28, 1.79577
_15063_, 393.04, 269.28, 1.79577
ANTENNA__07698__B1, 393.04, 269.28, 1.79577
ANTENNA__11183__A1, 393.04, 269.28, 1.79577
_12847_, 405.84, 269.28, 1.79576
_12848_, 405.84, 269.28, 1.79576
_12850_, 405.84, 269.28, 1.79576
_12851_, 405.84, 269.28, 1.79576
_15061_, 405.84, 269.28, 1.79576
_09554_, 418.64, 269.28, 1.79576
_12849_, 418.64, 269.28, 1.79576
_13560_, 418.64, 269.28, 1.79576
ANTENNA__12847__S, 418.64, 269.28, 1.79576
ANTENNA__12847__A1, 418.64, 269.28, 1.79576
ANTENNA__12849__A1, 418.64, 269.28, 1.79576
FILLER_0_95_893, 418.64, 269.28, 1.79576
_09546_, 431.44, 269.28, 1.79576
_09550_, 431.44, 269.28, 1.79576
_09551_, 431.44, 269.28, 1.79576
ANTENNA__09546__A0, 431.44, 269.28, 1.79576
ANTENNA__09550__S, 431.44, 269.28, 1.79576
ANTENNA__09546__S, 431.44, 269.28, 1.79576
FILLER_0_95_925, 431.44, 269.28, 1.79576
FILLER_0_96_931, 431.44, 269.28, 1.79576
_09545_, 444.24, 269.28, 1.79577
_12441_, 444.24, 269.28, 1.79577
_13555_, 444.24, 269.28, 1.79577
_14868_, 444.24, 269.28, 1.79577
ANTENNA__12441__S, 444.24, 269.28, 1.79577
ANTENNA__07703__A2, 444.24, 269.28, 1.79577
ANTENNA__09550__A0, 444.24, 269.28, 1.79577
ANTENNA__12437__A1, 444.24, 269.28, 1.79577
_11454_, 457.04, 269.28, 1.79579
_11457_, 457.04, 269.28, 1.79579
_11458_, 457.04, 269.28, 1.79579
ANTENNA__12437__S, 457.04, 269.28, 1.79579
ANTENNA__12435__S, 457.04, 269.28, 1.79579
ANTENNA__11453__S, 457.04, 269.28, 1.79579
ANTENNA__12435__A1, 457.04, 269.28, 1.79579
FILLER_0_94_971, 457.04, 269.28, 1.79579
FILLER_0_95_984, 457.04, 269.28, 1.79579
_11455_, 469.84, 269.28, 1.79581
_11459_, 469.84, 269.28, 1.79581
_11461_, 469.84, 269.28, 1.79581
ANTENNA__11457__A1, 469.84, 269.28, 1.79581
ANTENNA__11459__S, 469.84, 269.28, 1.79581
ANTENNA__11457__S, 469.84, 269.28, 1.79581
FILLER_0_95_998, 469.84, 269.28, 1.79581
FILLER_0_95_1003, 469.84, 269.28, 1.79581
PHY_184, 5.52, 263.84, 1.79601
PHY_186, 5.52, 263.84, 1.79601
PHY_185, 494.04, 263.84, 1.79593
PHY_187, 494.04, 263.84, 1.79593
FILLER_0_93_1056, 494.04, 263.84, 1.79593
_09634_, 34.64, 263.84, 1.79598
_11479_, 34.64, 263.84, 1.79598
_14435_, 34.64, 263.84, 1.79598
FILLER_0_92_53, 34.64, 263.84, 1.79598
FILLER_0_93_51, 34.64, 263.84, 1.79598
FILLER_0_93_69, 34.64, 263.84, 1.79598
FILLER_0_94_65, 34.64, 263.84, 1.79598
_09573_, 47.44, 263.84, 1.79595
_09574_, 47.44, 263.84, 1.79595
_11484_, 47.44, 263.84, 1.79595
_11485_, 47.44, 263.84, 1.79595
ANTENNA__09573__A0, 47.44, 263.84, 1.79595
ANTENNA__11478__S, 47.44, 263.84, 1.79595
FILLER_0_93_93, 47.44, 263.84, 1.79595
FILLER_0_93_103, 47.44, 263.84, 1.79595
_11477_, 60.24, 263.84, 1.79593
_12464_, 60.24, 263.84, 1.79593
_12465_, 60.24, 263.84, 1.79593
ANTENNA__09573__S, 60.24, 263.84, 1.79593
ANTENNA__12464__A1, 60.24, 263.84, 1.79593
FILLER_0_92_113, 60.24, 263.84, 1.79593
FILLER_0_93_118, 60.24, 263.84, 1.79593
_11471_, 73.04, 263.84, 1.79591
_13566_, 73.04, 263.84, 1.79591
_14428_, 73.04, 263.84, 1.79591
FILLER_0_92_145, 73.04, 263.84, 1.79591
FILLER_0_93_155, 73.04, 263.84, 1.79591
_11468_, 85.84, 263.84, 1.7959
_11469_, 85.84, 263.84, 1.7959
_11483_, 85.84, 263.84, 1.7959
_14427_, 85.84, 263.84, 1.7959
_14434_, 85.84, 263.84, 1.7959
FILLER_0_93_185, 85.84, 263.84, 1.7959
_11482_, 98.64, 263.84, 1.79591
_13563_, 98.64, 263.84, 1.79591
ANTENNA__11482__A1, 98.64, 263.84, 1.79591
FILLER_0_93_213, 98.64, 263.84, 1.79591
_11206_, 111.44, 263.84, 1.79592
_11207_, 111.44, 263.84, 1.79592
_14301_, 111.44, 263.84, 1.79592
_14304_, 111.44, 263.84, 1.79592
ANTENNA__09702__A0, 111.44, 263.84, 1.79592
ANTENNA__09702__S, 111.44, 263.84, 1.79592
ANTENNA__11206__A1, 111.44, 263.84, 1.79592
FILLER_0_92_229, 111.44, 263.84, 1.79592
FILLER_0_93_225, 111.44, 263.84, 1.79592
_12868_, 124.24, 263.84, 1.79594
_12870_, 124.24, 263.84, 1.79594
_15072_, 124.24, 263.84, 1.79594
ANTENNA__12870__S, 124.24, 263.84, 1.79594
ANTENNA__12868__S, 124.24, 263.84, 1.79594
ANTENNA__08197__A2, 124.24, 263.84, 1.79594
ANTENNA__12868__A1, 124.24, 263.84, 1.79594
FILLER_0_93_253, 124.24, 263.84, 1.79594
FILLER_0_94_262, 124.24, 263.84, 1.79594
_08244_, 137.04, 263.84, 1.79596
_11199_, 137.04, 263.84, 1.79596
_11202_, 137.04, 263.84, 1.79596
ANTENNA__08244__A2, 137.04, 263.84, 1.79596
ANTENNA__11202__A1, 137.04, 263.84, 1.79596
ANTENNA_clkbuf_2_0__f_rclk_A, 137.04, 263.84, 1.79596
FILLER_0_93_292, 137.04, 263.84, 1.79596
FILLER_0_94_299, 137.04, 263.84, 1.79596
_08150_, 149.84, 263.84, 1.79598
_09349_, 149.84, 263.84, 1.79598
_12860_, 149.84, 263.84, 1.79598
_12866_, 149.84, 263.84, 1.79598
_12867_, 149.84, 263.84, 1.79598
_15067_, 149.84, 263.84, 1.79598
ANTENNA__12866__S, 149.84, 263.84, 1.79598
ANTENNA__08150__A2, 149.84, 263.84, 1.79598
ANTENNA__12866__A1, 149.84, 263.84, 1.79598
FILLER_0_93_304, 149.84, 263.84, 1.79598
FILLER_0_93_324, 149.84, 263.84, 1.79598
FILLER_0_94_320, 149.84, 263.84, 1.79598
_12861_, 162.64, 263.84, 1.79602
_12874_, 162.64, 263.84, 1.79602
_12875_, 162.64, 263.84, 1.79602
_14306_, 162.64, 263.84, 1.79602
_15074_, 162.64, 263.84, 1.79602
ANTENNA__12860__A1, 162.64, 263.84, 1.79602
_11193_, 188.24, 263.84, 1.79599
_11215_, 188.24, 263.84, 1.79599
_11487_, 188.24, 263.84, 1.79599
_14436_, 188.24, 263.84, 1.79599
ANTENNA__11486__A1, 188.24, 263.84, 1.79599
ANTENNA__11193__A, 188.24, 263.84, 1.79599
FILLER_0_94_409, 188.24, 263.84, 1.79599
_06850_, 201.04, 263.84, 1.79592
_09136_, 201.04, 263.84, 1.79592
_12857_, 201.04, 263.84, 1.79592
_13381_, 201.04, 263.84, 1.79592
clkbuf_leaf_15_wclk, 201.04, 263.84, 1.79592
FILLER_0_93_412, 201.04, 263.84, 1.79592
FILLER_0_93_438, 201.04, 263.84, 1.79592
_07992_, 213.84, 263.84, 1.79589
_08474_, 213.84, 263.84, 1.79589
_08475_, 213.84, 263.84, 1.79589
_08997_, 213.84, 263.84, 1.79589
_11488_, 213.84, 263.84, 1.79589
ANTENNA__08997__A0, 213.84, 263.84, 1.79589
ANTENNA__09135__S, 213.84, 263.84, 1.79589
FILLER_0_92_452, 213.84, 263.84, 1.79589
FILLER_0_93_461, 213.84, 263.84, 1.79589
FILLER_0_94_462, 213.84, 263.84, 1.79589
_10980_, 226.64, 263.84, 1.79585
_10981_, 226.64, 263.84, 1.79585
_12881_, 226.64, 263.84, 1.79585
_14213_, 226.64, 263.84, 1.79585
_15077_, 226.64, 263.84, 1.79585
ANTENNA__08473__A2, 226.64, 263.84, 1.79585
ANTENNA__08479__A2, 226.64, 263.84, 1.79585
ANTENNA__08997__S, 226.64, 263.84, 1.79585
ANTENNA__11488__A1, 226.64, 263.84, 1.79585
FILLER_0_92_470, 226.64, 263.84, 1.79585
FILLER_0_94_489, 226.64, 263.84, 1.79585
_08480_, 239.44, 263.84, 1.79584
_08929_, 239.44, 263.84, 1.79584
_13285_, 239.44, 263.84, 1.79584
_14149_, 239.44, 263.84, 1.79584
ANTENNA__08480__A2, 239.44, 263.84, 1.79584
ANTENNA__08480__B1, 239.44, 263.84, 1.79584
ANTENNA__08928__S, 239.44, 263.84, 1.79584
FILLER_0_93_505, 239.44, 263.84, 1.79584
_06852_, 252.24, 263.84, 1.79583
_07441_, 252.24, 263.84, 1.79583
_08482_, 252.24, 263.84, 1.79583
ANTENNA__06852__A, 252.24, 263.84, 1.79583
ANTENNA__07338__B1, 252.24, 263.84, 1.79583
ANTENNA__07341__A2, 252.24, 263.84, 1.79583
ANTENNA__07341__B1, 252.24, 263.84, 1.79583
ANTENNA__07340__A2, 252.24, 263.84, 1.79583
ANTENNA__07340__B2, 252.24, 263.84, 1.79583
FILLER_0_92_533, 252.24, 263.84, 1.79583
FILLER_0_93_543, 252.24, 263.84, 1.79583
FILLER_0_94_543, 252.24, 263.84, 1.79583
_07338_, 265.04, 263.84, 1.79582
_07339_, 265.04, 263.84, 1.79582
_10570_, 265.04, 263.84, 1.79582
_11444_, 265.04, 263.84, 1.79582
_14021_, 265.04, 263.84, 1.79582
clkbuf_leaf_60_wclk, 265.04, 263.84, 1.79582
ANTENNA__07339__A2, 265.04, 263.84, 1.79582
ANTENNA__07341__A1, 265.04, 263.84, 1.79582
_08496_, 277.84, 263.84, 1.79583
_10569_, 277.84, 263.84, 1.79583
ANTENNA__09443__A0, 277.84, 263.84, 1.79583
ANTENNA__13122__RESET_B, 277.84, 263.84, 1.79583
ANTENNA_clkbuf_leaf_60_wclk_A, 277.84, 263.84, 1.79583
FILLER_0_93_592, 277.84, 263.84, 1.79583
FILLER_0_93_604, 277.84, 263.84, 1.79583
_06738_, 290.64, 263.84, 1.79585
_06807_, 290.64, 263.84, 1.79585
_08536_, 290.64, 263.84, 1.79585
_08548_, 290.64, 263.84, 1.79585
FILLER_0_93_610, 290.64, 263.84, 1.79585
_07356_, 303.44, 263.84, 1.79588
_09539_, 303.44, 263.84, 1.79588
_12429_, 303.44, 263.84, 1.79588
_12430_, 303.44, 263.84, 1.79588
clkbuf_leaf_107_wclk, 303.44, 263.84, 1.79588
ANTENNA__12429__S, 303.44, 263.84, 1.79588
ANTENNA__06807__A, 303.44, 263.84, 1.79588
ANTENNA__06807__B, 303.44, 263.84, 1.79588
ANTENNA__07356__B1, 303.44, 263.84, 1.79588
FILLER_0_92_641, 303.44, 263.84, 1.79588
FILLER_0_92_645, 303.44, 263.84, 1.79588
_06887_, 316.24, 263.84, 1.79593
_06889_, 316.24, 263.84, 1.79593
_09469_, 316.24, 263.84, 1.79593
_09470_, 316.24, 263.84, 1.79593
_13520_, 316.24, 263.84, 1.79593
ANTENNA__06887__A, 316.24, 263.84, 1.79593
ANTENNA_clkbuf_leaf_107_wclk_A, 316.24, 263.84, 1.79593
FILLER_0_92_666, 316.24, 263.84, 1.79593
_12854_, 341.84, 263.84, 1.79595
_14296_, 341.84, 263.84, 1.79595
_15064_, 341.84, 263.84, 1.79595
ANTENNA__12836__A, 341.84, 263.84, 1.79595
ANTENNA__12837__S, 341.84, 263.84, 1.79595
ANTENNA__07354__A2, 341.84, 263.84, 1.79595
ANTENNA__11172__A, 341.84, 263.84, 1.79595
ANTENNA__12837__A1, 341.84, 263.84, 1.79595
ANTENNA__12855__A1, 341.84, 263.84, 1.79595
FILLER_0_92_731, 341.84, 263.84, 1.79595
FILLER_0_93_725, 341.84, 263.84, 1.79595
_11178_, 354.64, 263.84, 1.79592
_12841_, 354.64, 263.84, 1.79592
_12842_, 354.64, 263.84, 1.79592
_14290_, 354.64, 263.84, 1.79592
_15058_, 354.64, 263.84, 1.79592
ANTENNA__11189__A1, 354.64, 263.84, 1.79592
FILLER_0_93_769, 354.64, 263.84, 1.79592
_11176_, 367.44, 263.84, 1.7959
_11177_, 367.44, 263.84, 1.7959
_12839_, 367.44, 263.84, 1.7959
_14289_, 367.44, 263.84, 1.7959
_15060_, 367.44, 263.84, 1.7959
ANTENNA__12839__S, 367.44, 263.84, 1.7959
FILLER_0_93_797, 367.44, 263.84, 1.7959
_11182_, 380.24, 263.84, 1.79588
_11183_, 380.24, 263.84, 1.79588
_14292_, 380.24, 263.84, 1.79588
_14293_, 380.24, 263.84, 1.79588
ANTENNA__11175__A1, 380.24, 263.84, 1.79588
FILLER_0_92_804, 380.24, 263.84, 1.79588
_11184_, 393.04, 263.84, 1.79587
_11185_, 393.04, 263.84, 1.79587
_11188_, 393.04, 263.84, 1.79587
_14295_, 393.04, 263.84, 1.79587
ANTENNA__07698__A2, 393.04, 263.84, 1.79587
FILLER_0_92_829, 393.04, 263.84, 1.79587
_15062_, 405.84, 263.84, 1.79586
ANTENNA__12851__S, 405.84, 263.84, 1.79586
ANTENNA__11185__A1, 405.84, 263.84, 1.79586
ANTENNA__12851__A1, 405.84, 263.84, 1.79586
FILLER_0_93_865, 405.84, 263.84, 1.79586
ANTENNA__12849__S, 418.64, 263.84, 1.79586
FILLER_0_92_893, 418.64, 263.84, 1.79586
FILLER_0_93_891, 418.64, 263.84, 1.79586
FILLER_0_93_909, 418.64, 263.84, 1.79586
_11450_, 431.44, 263.84, 1.79586
_13558_, 431.44, 263.84, 1.79586
_14418_, 431.44, 263.84, 1.79586
ANTENNA__07752__A2, 431.44, 263.84, 1.79586
ANTENNA__07559__A2, 431.44, 263.84, 1.79586
ANTENNA__07559__B1, 431.44, 263.84, 1.79586
FILLER_0_92_925, 431.44, 263.84, 1.79586
FILLER_0_93_917, 431.44, 263.84, 1.79586
_11448_, 444.24, 263.84, 1.79587
_12442_, 444.24, 263.84, 1.79587
_14417_, 444.24, 263.84, 1.79587
ANTENNA__12441__A1, 444.24, 263.84, 1.79587
FILLER_0_92_953, 444.24, 263.84, 1.79587
FILLER_0_93_944, 444.24, 263.84, 1.79587
_14420_, 457.04, 263.84, 1.79589
ANTENNA__09609__A0, 457.04, 263.84, 1.79589
ANTENNA__09609__S, 457.04, 263.84, 1.79589
ANTENNA__11447__A1, 457.04, 263.84, 1.79589
ANTENNA__11453__A1, 457.04, 263.84, 1.79589
_09619_, 469.84, 263.84, 1.79591
_11039_, 469.84, 263.84, 1.79591
ANTENNA__09619__A0, 469.84, 263.84, 1.79591
ANTENNA__09619__S, 469.84, 263.84, 1.79591
ANTENNA__11459__A1, 469.84, 263.84, 1.79591
ANTENNA__11391__S, 469.84, 263.84, 1.79591
ANTENNA__11389__S, 469.84, 263.84, 1.79591
ANTENNA__11455__S, 469.84, 263.84, 1.79591
ANTENNA__11039__A, 469.84, 263.84, 1.79591
FILLER_0_94_1012, 469.84, 263.84, 1.79591
PHY_180, 5.52, 258.4, 1.7961
PHY_182, 5.52, 258.4, 1.7961
output64, 5.52, 258.4, 1.7961
ANTENNA_output64_A, 5.52, 258.4, 1.7961
_09614_, 494.04, 258.4, 1.79601
PHY_181, 494.04, 258.4, 1.79601
PHY_183, 494.04, 258.4, 1.79601
FILLER_0_92_22, 13.68, 258.4, 1.7961
_09635_, 34.64, 258.4, 1.79604
_09642_, 34.64, 258.4, 1.79604
_13597_, 34.64, 258.4, 1.79604
ANTENNA__09634__A0, 34.64, 258.4, 1.79604
ANTENNA__09642__S, 34.64, 258.4, 1.79604
ANTENNA__09634__S, 34.64, 258.4, 1.79604
_11404_, 47.44, 258.4, 1.79599
_11405_, 47.44, 258.4, 1.79599
ANTENNA__08096__A2, 47.44, 258.4, 1.79599
ANTENNA__08096__B1, 47.44, 258.4, 1.79599
ANTENNA__09642__A0, 47.44, 258.4, 1.79599
ANTENNA__11484__A1, 47.44, 258.4, 1.79599
ANTENNA__11484__S, 47.44, 258.4, 1.79599
FILLER_0_91_81, 47.44, 258.4, 1.79599
FILLER_0_92_102, 47.44, 258.4, 1.79599
_11474_, 60.24, 258.4, 1.79595
_11475_, 60.24, 258.4, 1.79595
_11476_, 60.24, 258.4, 1.79595
_14430_, 60.24, 258.4, 1.79595
_14431_, 60.24, 258.4, 1.79595
FILLER_0_90_106, 60.24, 258.4, 1.79595
FILLER_0_91_107, 60.24, 258.4, 1.79595
FILLER_0_92_121, 60.24, 258.4, 1.79595
_11470_, 73.04, 258.4, 1.79591
clkbuf_leaf_26_wclk, 73.04, 258.4, 1.79591
ANTENNA__11470__A1, 73.04, 258.4, 1.79591
ANTENNA__11474__A1, 73.04, 258.4, 1.79591
ANTENNA__11474__S, 73.04, 258.4, 1.79591
ANTENNA__11470__S, 73.04, 258.4, 1.79591
FILLER_0_90_133, 73.04, 258.4, 1.79591
_09644_, 85.84, 258.4, 1.79591
_09645_, 85.84, 258.4, 1.79591
ANTENNA__08331__A2, 85.84, 258.4, 1.79591
ANTENNA__08331__B1, 85.84, 258.4, 1.79591
ANTENNA__11468__A1, 85.84, 258.4, 1.79591
ANTENNA__11414__A1, 85.84, 258.4, 1.79591
ANTENNA__11468__S, 85.84, 258.4, 1.79591
ANTENNA_clkbuf_leaf_26_wclk_A, 85.84, 258.4, 1.79591
FILLER_0_91_173, 85.84, 258.4, 1.79591
FILLER_0_92_186, 85.84, 258.4, 1.79591
_09702_, 98.64, 258.4, 1.7959
_09710_, 98.64, 258.4, 1.7959
_09711_, 98.64, 258.4, 1.7959
_13629_, 98.64, 258.4, 1.7959
_13633_, 98.64, 258.4, 1.7959
ANTENNA__09710__A0, 98.64, 258.4, 1.7959
ANTENNA__09644__A0, 98.64, 258.4, 1.7959
ANTENNA__09710__S, 98.64, 258.4, 1.7959
ANTENNA__11482__S, 98.64, 258.4, 1.7959
_11204_, 111.44, 258.4, 1.7959
_11205_, 111.44, 258.4, 1.7959
_14303_, 111.44, 258.4, 1.7959
ANTENNA__08109__B1, 111.44, 258.4, 1.7959
FILLER_0_91_237, 111.44, 258.4, 1.7959
_12869_, 124.24, 258.4, 1.79591
_15071_, 124.24, 258.4, 1.79591
clkbuf_2_0__f_rclk, 124.24, 258.4, 1.79591
ANTENNA__11204__A1, 124.24, 258.4, 1.79591
ANTENNA__11268__S, 124.24, 258.4, 1.79591
FILLER_0_90_248, 124.24, 258.4, 1.79591
FILLER_0_91_254, 124.24, 258.4, 1.79591
_11198_, 137.04, 258.4, 1.79596
_11203_, 137.04, 258.4, 1.79596
_12871_, 137.04, 258.4, 1.79596
_14300_, 137.04, 258.4, 1.79596
_14302_, 137.04, 258.4, 1.79596
_11196_, 149.84, 258.4, 1.79602
_11197_, 149.84, 258.4, 1.79602
_14299_, 149.84, 258.4, 1.79602
_15070_, 149.84, 258.4, 1.79602
clkbuf_leaf_17_wclk, 149.84, 258.4, 1.79602
ANTENNA__09349__A, 149.84, 258.4, 1.79602
FILLER_0_90_300, 149.84, 258.4, 1.79602
FILLER_0_91_321, 149.84, 258.4, 1.79602
_11049_, 162.64, 258.4, 1.7961
_11210_, 162.64, 258.4, 1.7961
_11211_, 162.64, 258.4, 1.7961
ANTENNA__12860__S, 162.64, 258.4, 1.7961
ANTENNA__11210__A1, 162.64, 258.4, 1.7961
FILLER_0_90_335, 162.64, 258.4, 1.7961
_06696_, 188.24, 258.4, 1.79615
_11465_, 188.24, 258.4, 1.79615
_11486_, 188.24, 258.4, 1.79615
ANTENNA__11465__A, 188.24, 258.4, 1.79615
ANTENNA_clkbuf_leaf_15_wclk_A, 188.24, 258.4, 1.79615
FILLER_0_91_393, 188.24, 258.4, 1.79615
FILLER_0_92_408, 188.24, 258.4, 1.79615
_09629_, 201.04, 258.4, 1.79611
_11489_, 201.04, 258.4, 1.79611
_13594_, 201.04, 258.4, 1.79611
_14437_, 201.04, 258.4, 1.79611
ANTENNA__12857__A, 201.04, 258.4, 1.79611
ANTENNA__06696__A2, 201.04, 258.4, 1.79611
ANTENNA__09628__S, 201.04, 258.4, 1.79611
ANTENNA__11486__S, 201.04, 258.4, 1.79611
FILLER_0_91_416, 201.04, 258.4, 1.79611
_06690_, 213.84, 258.4, 1.79608
_06716_, 213.84, 258.4, 1.79608
_06867_, 213.84, 258.4, 1.79608
_07894_, 213.84, 258.4, 1.79608
ANTENNA__06690__A2, 213.84, 258.4, 1.79608
ANTENNA__06716__A, 213.84, 258.4, 1.79608
ANTENNA__07992__A, 213.84, 258.4, 1.79608
ANTENNA__09135__A0, 213.84, 258.4, 1.79608
ANTENNA__09628__A0, 213.84, 258.4, 1.79608
ANTENNA__11488__S, 213.84, 258.4, 1.79608
_08479_, 226.64, 258.4, 1.79605
_09697_, 226.64, 258.4, 1.79605
_11217_, 226.64, 258.4, 1.79605
_14309_, 226.64, 258.4, 1.79605
ANTENNA__07894__A2, 226.64, 258.4, 1.79605
ANTENNA__07894__B1, 226.64, 258.4, 1.79605
ANTENNA__09696__S, 226.64, 258.4, 1.79605
FILLER_0_90_477, 226.64, 258.4, 1.79605
_08481_, 239.44, 258.4, 1.79603
_08928_, 239.44, 258.4, 1.79603
_09513_, 239.44, 258.4, 1.79603
_10841_, 239.44, 258.4, 1.79603
_10842_, 239.44, 258.4, 1.79603
_13541_, 239.44, 258.4, 1.79603
ANTENNA__08481__B1, 239.44, 258.4, 1.79603
ANTENNA__08481__A2, 239.44, 258.4, 1.79603
ANTENNA__08479__B1, 239.44, 258.4, 1.79603
_06857_, 252.24, 258.4, 1.79602
_06858_, 252.24, 258.4, 1.79602
_07340_, 252.24, 258.4, 1.79602
_07341_, 252.24, 258.4, 1.79602
_07344_, 252.24, 258.4, 1.79602
_07345_, 252.24, 258.4, 1.79602
_10638_, 252.24, 258.4, 1.79602
FILLER_0_90_533, 252.24, 258.4, 1.79602
_06896_, 265.04, 258.4, 1.796
_06897_, 265.04, 258.4, 1.796
_06898_, 265.04, 258.4, 1.796
_07346_, 265.04, 258.4, 1.796
_11445_, 265.04, 258.4, 1.796
_11446_, 265.04, 258.4, 1.796
_14416_, 265.04, 258.4, 1.796
_06562_, 277.84, 258.4, 1.79601
_06563_, 277.84, 258.4, 1.79601
_06745_, 277.84, 258.4, 1.79601
_08651_, 277.84, 258.4, 1.79601
_13122_, 277.84, 258.4, 1.79601
ANTENNA__06897__A, 277.84, 258.4, 1.79601
ANTENNA__10569__A1, 277.84, 258.4, 1.79601
ANTENNA__10569__S, 277.84, 258.4, 1.79601
ANTENNA__11445__A1, 277.84, 258.4, 1.79601
ANTENNA__08651__A, 277.84, 258.4, 1.79601
_06561_, 290.64, 258.4, 1.79602
_08535_, 290.64, 258.4, 1.79602
_13120_, 290.64, 258.4, 1.79602
ANTENNA__08536__A, 290.64, 258.4, 1.79602
ANTENNA__06582__B, 290.64, 258.4, 1.79602
ANTENNA__06738__A, 290.64, 258.4, 1.79602
ANTENNA__06759__A, 290.64, 258.4, 1.79602
ANTENNA__13120__RESET_B, 290.64, 258.4, 1.79602
FILLER_0_90_609, 290.64, 258.4, 1.79602
FILLER_0_91_607, 290.64, 258.4, 1.79602
FILLER_0_91_613, 290.64, 258.4, 1.79602
_06557_, 303.44, 258.4, 1.79605
_08533_, 303.44, 258.4, 1.79605
_13552_, 303.44, 258.4, 1.79605
_14864_, 303.44, 258.4, 1.79605
ANTENNA__07357__B1, 303.44, 258.4, 1.79605
FILLER_0_91_646, 303.44, 258.4, 1.79605
_06743_, 316.24, 258.4, 1.7961
_06763_, 316.24, 258.4, 1.7961
_07354_, 316.24, 258.4, 1.7961
_07360_, 316.24, 258.4, 1.7961
ANTENNA__06743__B, 316.24, 258.4, 1.7961
ANTENNA__06763__A, 316.24, 258.4, 1.7961
ANTENNA__07357__A2, 316.24, 258.4, 1.7961
FILLER_0_91_667, 316.24, 258.4, 1.7961
_11042_, 341.84, 258.4, 1.79611
_11174_, 341.84, 258.4, 1.79611
_12853_, 341.84, 258.4, 1.79611
ANTENNA__12853__S, 341.84, 258.4, 1.79611
ANTENNA__07855__A2, 341.84, 258.4, 1.79611
ANTENNA__09625__A0, 341.84, 258.4, 1.79611
ANTENNA__11173__A1, 341.84, 258.4, 1.79611
ANTENNA__12841__A1, 341.84, 258.4, 1.79611
ANTENNA__11042__A, 341.84, 258.4, 1.79611
FILLER_0_90_725, 341.84, 258.4, 1.79611
FILLER_0_91_733, 341.84, 258.4, 1.79611
_09321_, 354.64, 258.4, 1.79606
ANTENNA__12841__S, 354.64, 258.4, 1.79606
ANTENNA__07803__B1, 354.64, 258.4, 1.79606
ANTENNA__09691__A0, 354.64, 258.4, 1.79606
ANTENNA__09321__A, 354.64, 258.4, 1.79606
ANTENNA__12853__A1, 354.64, 258.4, 1.79606
FILLER_0_91_754, 354.64, 258.4, 1.79606
FILLER_0_91_761, 354.64, 258.4, 1.79606
FILLER_0_91_769, 354.64, 258.4, 1.79606
FILLER_0_92_769, 354.64, 258.4, 1.79606
_09312_, 367.44, 258.4, 1.79602
_11175_, 367.44, 258.4, 1.79602
clkbuf_leaf_105_wclk, 367.44, 258.4, 1.79602
ANTENNA__11177__A1, 367.44, 258.4, 1.79602
ANTENNA__12839__A1, 367.44, 258.4, 1.79602
ANTENNA__09312__A, 367.44, 258.4, 1.79602
ANTENNA_clkbuf_leaf_105_wclk_A, 367.44, 258.4, 1.79602
FILLER_0_91_774, 367.44, 258.4, 1.79602
_09683_, 380.24, 258.4, 1.79599
_11181_, 380.24, 258.4, 1.79599
ANTENNA__09683__A0, 380.24, 258.4, 1.79599
ANTENNA__11181__A1, 380.24, 258.4, 1.79599
FILLER_0_90_807, 380.24, 258.4, 1.79599
FILLER_0_91_807, 380.24, 258.4, 1.79599
_09681_, 393.04, 258.4, 1.79597
_09690_, 393.04, 258.4, 1.79597
_11187_, 393.04, 258.4, 1.79597
ANTENNA__09681__A0, 393.04, 258.4, 1.79597
ANTENNA__11187__A1, 393.04, 258.4, 1.79597
FILLER_0_91_835, 393.04, 258.4, 1.79597
FILLER_0_91_841, 393.04, 258.4, 1.79597
_11020_, 405.84, 258.4, 1.79595
_11250_, 405.84, 258.4, 1.79595
ANTENNA__07462__A2, 405.84, 258.4, 1.79595
ANTENNA__07462__B1, 405.84, 258.4, 1.79595
ANTENNA__07558__A2, 405.84, 258.4, 1.79595
ANTENNA__07558__B1, 405.84, 258.4, 1.79595
ANTENNA__09689__A0, 405.84, 258.4, 1.79595
FILLER_0_91_860, 405.84, 258.4, 1.79595
FILLER_0_91_871, 405.84, 258.4, 1.79595
_07752_, 418.64, 258.4, 1.79593
_11026_, 418.64, 258.4, 1.79593
_11037_, 418.64, 258.4, 1.79593
_11038_, 418.64, 258.4, 1.79593
_14231_, 418.64, 258.4, 1.79593
ANTENNA__07752__B1, 418.64, 258.4, 1.79593
ANTENNA__11037__S, 418.64, 258.4, 1.79593
ANTENNA__11249__S, 418.64, 258.4, 1.79593
FILLER_0_91_891, 418.64, 258.4, 1.79593
_07559_, 431.44, 258.4, 1.79592
_11248_, 431.44, 258.4, 1.79592
_11256_, 431.44, 258.4, 1.79592
_11449_, 431.44, 258.4, 1.79592
_14870_, 431.44, 258.4, 1.79592
ANTENNA__09611__A0, 431.44, 258.4, 1.79592
ANTENNA__11449__A1, 431.44, 258.4, 1.79592
ANTENNA__11037__A1, 431.44, 258.4, 1.79592
ANTENNA__11449__S, 431.44, 258.4, 1.79592
FILLER_0_91_934, 431.44, 258.4, 1.79592
FILLER_0_91_939, 431.44, 258.4, 1.79592
_11447_, 444.24, 258.4, 1.79592
clkbuf_leaf_97_wclk, 444.24, 258.4, 1.79592
ANTENNA__11447__S, 444.24, 258.4, 1.79592
ANTENNA_clkbuf_leaf_97_wclk_A, 444.24, 258.4, 1.79592
FILLER_0_90_948, 444.24, 258.4, 1.79592
FILLER_0_91_947, 444.24, 258.4, 1.79592
_07426_, 457.04, 258.4, 1.79594
_09609_, 457.04, 258.4, 1.79594
_09620_, 457.04, 258.4, 1.79594
_11379_, 457.04, 258.4, 1.79594
_11380_, 457.04, 258.4, 1.79594
_11389_, 457.04, 258.4, 1.79594
_11453_, 457.04, 258.4, 1.79594
_14390_, 457.04, 258.4, 1.79594
_07691_, 469.84, 258.4, 1.79597
_11383_, 469.84, 258.4, 1.79597
_11391_, 469.84, 258.4, 1.79597
_14391_, 469.84, 258.4, 1.79597
ANTENNA__11389__A1, 469.84, 258.4, 1.79597
PHY_176, 5.52, 252.96, 1.79622
PHY_178, 5.52, 252.96, 1.79622
PHY_177, 494.04, 252.96, 1.79613
PHY_179, 494.04, 252.96, 1.79613
output65, 494.04, 252.96, 1.79613
ANTENNA__07738__A2, 494.04, 252.96, 1.79613
ANTENNA__09617__S, 494.04, 252.96, 1.79613
ANTENNA_output65_A, 494.04, 252.96, 1.79613
_08096_, 34.64, 252.96, 1.79619
_08284_, 34.64, 252.96, 1.79619
_09643_, 34.64, 252.96, 1.79619
_11413_, 34.64, 252.96, 1.79619
_14397_, 34.64, 252.96, 1.79619
ANTENNA__08284__A2, 34.64, 252.96, 1.79619
ANTENNA__08284__B1, 34.64, 252.96, 1.79619
ANTENNA__09646__S, 34.64, 252.96, 1.79619
FILLER_0_88_53, 34.64, 252.96, 1.79619
FILLER_0_89_57, 34.64, 252.96, 1.79619
_11412_, 47.44, 252.96, 1.79616
ANTENNA__11404__A1, 47.44, 252.96, 1.79616
ANTENNA__11412__A1, 47.44, 252.96, 1.79616
ANTENNA__11412__S, 47.44, 252.96, 1.79616
ANTENNA__11404__S, 47.44, 252.96, 1.79616
ANTENNA_clkbuf_leaf_27_wclk_A, 47.44, 252.96, 1.79616
FILLER_0_89_91, 47.44, 252.96, 1.79616
FILLER_0_89_102, 47.44, 252.96, 1.79616
_09633_, 60.24, 252.96, 1.79614
_09638_, 60.24, 252.96, 1.79614
_13596_, 60.24, 252.96, 1.79614
ANTENNA__08378__B1, 60.24, 252.96, 1.79614
ANTENNA__11476__A1, 60.24, 252.96, 1.79614
ANTENNA__11476__S, 60.24, 252.96, 1.79614
FILLER_0_89_109, 60.24, 252.96, 1.79614
_09632_, 73.04, 252.96, 1.79613
_11403_, 73.04, 252.96, 1.79613
_13602_, 73.04, 252.96, 1.79613
_14396_, 73.04, 252.96, 1.79613
ANTENNA__09632__A0, 73.04, 252.96, 1.79613
ANTENNA__09632__S, 73.04, 252.96, 1.79613
_08331_, 85.84, 252.96, 1.79612
_09701_, 85.84, 252.96, 1.79612
_11414_, 85.84, 252.96, 1.79612
_11415_, 85.84, 252.96, 1.79612
ANTENNA__09644__S, 85.84, 252.96, 1.79612
ANTENNA__11414__S, 85.84, 252.96, 1.79612
FILLER_0_88_174, 85.84, 252.96, 1.79612
_09703_, 98.64, 252.96, 1.79612
_13628_, 98.64, 252.96, 1.79612
clkbuf_leaf_25_wclk, 98.64, 252.96, 1.79612
ANTENNA__09700__A0, 98.64, 252.96, 1.79612
ANTENNA__09700__S, 98.64, 252.96, 1.79612
FILLER_0_88_197, 98.64, 252.96, 1.79612
_08109_, 111.44, 252.96, 1.79615
_11057_, 111.44, 252.96, 1.79615
_11061_, 111.44, 252.96, 1.79615
_11268_, 111.44, 252.96, 1.79615
_11269_, 111.44, 252.96, 1.79615
_14333_, 111.44, 252.96, 1.79615
ANTENNA__08109__A2, 111.44, 252.96, 1.79615
ANTENNA__08109__C1, 111.44, 252.96, 1.79615
ANTENNA__08061__C1, 111.44, 252.96, 1.79615
FILLER_0_89_219, 111.44, 252.96, 1.79615
_08062_, 124.24, 252.96, 1.79618
_11054_, 124.24, 252.96, 1.79618
ANTENNA__08062__A2, 124.24, 252.96, 1.79618
ANTENNA__08062__B1, 124.24, 252.96, 1.79618
ANTENNA__11268__A1, 124.24, 252.96, 1.79618
ANTENNA__11061__A, 124.24, 252.96, 1.79618
ANTENNA__12870__A1, 124.24, 252.96, 1.79618
FILLER_0_89_254, 124.24, 252.96, 1.79618
FILLER_0_89_269, 124.24, 252.96, 1.79618
FILLER_0_90_265, 124.24, 252.96, 1.79618
FILLER_0_90_271, 124.24, 252.96, 1.79618
_11052_, 137.04, 252.96, 1.79622
_11058_, 137.04, 252.96, 1.79622
ANTENNA__11198__A1, 137.04, 252.96, 1.79622
ANTENNA__11052__A, 137.04, 252.96, 1.79622
ANTENNA__11058__A, 137.04, 252.96, 1.79622
FILLER_0_89_277, 137.04, 252.96, 1.79622
FILLER_0_89_287, 137.04, 252.96, 1.79622
FILLER_0_89_296, 137.04, 252.96, 1.79622
_09712_, 149.84, 252.96, 1.79626
_09713_, 149.84, 252.96, 1.79626
_11279_, 149.84, 252.96, 1.79626
_13634_, 149.84, 252.96, 1.79626
ANTENNA__09712__A0, 149.84, 252.96, 1.79626
ANTENNA__09712__S, 149.84, 252.96, 1.79626
ANTENNA__11278__A1, 149.84, 252.96, 1.79626
FILLER_0_89_322, 149.84, 252.96, 1.79626
_09715_, 162.64, 252.96, 1.79631
_13635_, 162.64, 252.96, 1.79631
ANTENNA__09714__A0, 162.64, 252.96, 1.79631
ANTENNA__11196__A1, 162.64, 252.96, 1.79631
ANTENNA__11278__S, 162.64, 252.96, 1.79631
ANTENNA__11049__A, 162.64, 252.96, 1.79631
ANTENNA_clkbuf_leaf_17_wclk_A, 162.64, 252.96, 1.79631
_12069_, 188.24, 252.96, 1.79631
_12135_, 188.24, 252.96, 1.79631
_12136_, 188.24, 252.96, 1.79631
_12137_, 188.24, 252.96, 1.79631
_14694_, 188.24, 252.96, 1.79631
ANTENNA__12136__A0, 188.24, 252.96, 1.79631
ANTENNA__12135__A, 188.24, 252.96, 1.79631
ANTENNA__12136__S, 188.24, 252.96, 1.79631
FILLER_0_89_388, 188.24, 252.96, 1.79631
_06868_, 201.04, 252.96, 1.79628
_09628_, 201.04, 252.96, 1.79628
_12067_, 201.04, 252.96, 1.79628
_12068_, 201.04, 252.96, 1.79628
ANTENNA__12068__A0, 201.04, 252.96, 1.79628
FILLER_0_90_437, 201.04, 252.96, 1.79628
_06706_, 213.84, 252.96, 1.79625
_06707_, 213.84, 252.96, 1.79625
_09002_, 213.84, 252.96, 1.79625
_09696_, 213.84, 252.96, 1.79625
_13626_, 213.84, 252.96, 1.79625
ANTENNA__06690__B1, 213.84, 252.96, 1.79625
ANTENNA__09002__S, 213.84, 252.96, 1.79625
ANTENNA__09696__A0, 213.84, 252.96, 1.79625
FILLER_0_90_455, 213.84, 252.96, 1.79625
_08934_, 226.64, 252.96, 1.79623
_11216_, 226.64, 252.96, 1.79623
ANTENNA__06700__A2, 226.64, 252.96, 1.79623
ANTENNA__06700__B1, 226.64, 252.96, 1.79623
ANTENNA__11216__A1, 226.64, 252.96, 1.79623
ANTENNA__11216__S, 226.64, 252.96, 1.79623
FILLER_0_89_487, 226.64, 252.96, 1.79623
FILLER_0_90_493, 226.64, 252.96, 1.79623
_09512_, 239.44, 252.96, 1.79621
_10298_, 239.44, 252.96, 1.79621
_10637_, 239.44, 252.96, 1.79621
_14053_, 239.44, 252.96, 1.79621
ANTENNA__09512__A0, 239.44, 252.96, 1.79621
ANTENNA__09512__S, 239.44, 252.96, 1.79621
ANTENNA__10841__A1, 239.44, 252.96, 1.79621
FILLER_0_89_495, 239.44, 252.96, 1.79621
FILLER_0_89_505, 239.44, 252.96, 1.79621
FILLER_0_89_519, 239.44, 252.96, 1.79621
_06849_, 252.24, 252.96, 1.7962
_06856_, 252.24, 252.96, 1.7962
_06869_, 252.24, 252.96, 1.7962
_06870_, 252.24, 252.96, 1.7962
_07910_, 252.24, 252.96, 1.7962
ANTENNA__06857__A, 252.24, 252.96, 1.7962
ANTENNA__07340__B1, 252.24, 252.96, 1.7962
ANTENNA__07345__A2, 252.24, 252.96, 1.7962
ANTENNA__08928__A0, 252.24, 252.96, 1.7962
_12134_, 265.04, 252.96, 1.79619
ANTENNA__06858__A, 265.04, 252.96, 1.79619
ANTENNA__06849__A, 265.04, 252.96, 1.79619
ANTENNA__06869__A, 265.04, 252.96, 1.79619
ANTENNA__06896__A, 265.04, 252.96, 1.79619
ANTENNA__06870__A, 265.04, 252.96, 1.79619
ANTENNA__07344__B1, 265.04, 252.96, 1.79619
ANTENNA__07341__B2, 265.04, 252.96, 1.79619
ANTENNA__07344__B2, 265.04, 252.96, 1.79619
ANTENNA__07340__A1, 265.04, 252.96, 1.79619
FILLER_0_88_559, 265.04, 252.96, 1.79619
FILLER_0_89_557, 265.04, 252.96, 1.79619
_06565_, 277.84, 252.96, 1.79618
_06759_, 277.84, 252.96, 1.79618
_08517_, 277.84, 252.96, 1.79618
_08654_, 277.84, 252.96, 1.79618
ANTENNA__06745__A, 277.84, 252.96, 1.79618
ANTENNA__08999__B, 277.84, 252.96, 1.79618
ANTENNA__11377__S, 277.84, 252.96, 1.79618
ANTENNA__11445__S, 277.84, 252.96, 1.79618
ANTENNA__06582__A, 277.84, 252.96, 1.79618
FILLER_0_88_589, 277.84, 252.96, 1.79618
FILLER_0_89_593, 277.84, 252.96, 1.79618
_06560_, 290.64, 252.96, 1.79619
_06564_, 290.64, 252.96, 1.79619
_06580_, 290.64, 252.96, 1.79619
_08525_, 290.64, 252.96, 1.79619
_13119_, 290.64, 252.96, 1.79619
FILLER_0_89_609, 290.64, 252.96, 1.79619
_06559_, 303.44, 252.96, 1.79622
_07357_, 303.44, 252.96, 1.79622
_08530_, 303.44, 252.96, 1.79622
ANTENNA__13119__RESET_B, 303.44, 252.96, 1.79622
ANTENNA__06581__B_N, 303.44, 252.96, 1.79622
ANTENNA__06581__A, 303.44, 252.96, 1.79622
_06883_, 316.24, 252.96, 1.79626
_06891_, 316.24, 252.96, 1.79626
_06892_, 316.24, 252.96, 1.79626
_07458_, 316.24, 252.96, 1.79626
_11726_, 316.24, 252.96, 1.79626
ANTENNA__06743__A, 316.24, 252.96, 1.79626
ANTENNA__06892__A, 316.24, 252.96, 1.79626
ANTENNA__07354__B1, 316.24, 252.96, 1.79626
ANTENNA__09607__A0, 316.24, 252.96, 1.79626
ANTENNA__08530__C, 316.24, 252.96, 1.79626
ANTENNA__08531__A2, 316.24, 252.96, 1.79626
FILLER_0_88_669, 316.24, 252.96, 1.79626
FILLER_0_89_666, 316.24, 252.96, 1.79626
_07855_, 341.84, 252.96, 1.79625
ANTENNA__07352__A3, 341.84, 252.96, 1.79625
ANTENNA__07352__A2, 341.84, 252.96, 1.79625
ANTENNA__07855__B1, 341.84, 252.96, 1.79625
ANTENNA__07855__C1, 341.84, 252.96, 1.79625
FILLER_0_89_737, 341.84, 252.96, 1.79625
_09691_, 354.64, 252.96, 1.79619
_09692_, 354.64, 252.96, 1.79619
_11041_, 354.64, 252.96, 1.79619
_11258_, 354.64, 252.96, 1.79619
_14328_, 354.64, 252.96, 1.79619
FILLER_0_88_757, 354.64, 252.96, 1.79619
FILLER_0_90_770, 354.64, 252.96, 1.79619
_07803_, 367.44, 252.96, 1.79614
_09679_, 367.44, 252.96, 1.79614
_13617_, 367.44, 252.96, 1.79614
_13618_, 367.44, 252.96, 1.79614
ANTENNA__07803__A2, 367.44, 252.96, 1.79614
_09677_, 380.24, 252.96, 1.7961
_09678_, 380.24, 252.96, 1.7961
_09684_, 380.24, 252.96, 1.7961
_13620_, 380.24, 252.96, 1.7961
ANTENNA__07606__A2, 380.24, 252.96, 1.7961
ANTENNA__07461__C1, 380.24, 252.96, 1.7961
FILLER_0_88_806, 380.24, 252.96, 1.7961
FILLER_0_90_826, 380.24, 252.96, 1.7961
_09682_, 393.04, 252.96, 1.79607
_09689_, 393.04, 252.96, 1.79607
_13619_, 393.04, 252.96, 1.79607
FILLER_0_89_832, 393.04, 252.96, 1.79607
_07462_, 405.84, 252.96, 1.79604
_07558_, 405.84, 252.96, 1.79604
_11249_, 405.84, 252.96, 1.79604
_14228_, 405.84, 252.96, 1.79604
_14324_, 405.84, 252.96, 1.79604
ANTENNA_clkbuf_leaf_99_wclk_A, 405.84, 252.96, 1.79604
_11025_, 418.64, 252.96, 1.79603
_11029_, 418.64, 252.96, 1.79603
_14227_, 418.64, 252.96, 1.79603
_09611_, 431.44, 252.96, 1.79603
_09612_, 431.44, 252.96, 1.79603
_11255_, 431.44, 252.96, 1.79603
_13586_, 431.44, 252.96, 1.79603
_14323_, 431.44, 252.96, 1.79603
_14327_, 431.44, 252.96, 1.79603
ANTENNA__09611__S, 431.44, 252.96, 1.79603
ANTENNA__11025__A1, 431.44, 252.96, 1.79603
FILLER_0_88_912, 431.44, 252.96, 1.79603
FILLER_0_90_932, 431.44, 252.96, 1.79603
_09610_, 444.24, 252.96, 1.79604
_13585_, 444.24, 252.96, 1.79604
_14385_, 444.24, 252.96, 1.79604
_14386_, 444.24, 252.96, 1.79604
ANTENNA__07497__A2, 444.24, 252.96, 1.79604
ANTENNA__07497__B1, 444.24, 252.96, 1.79604
_11390_, 457.04, 252.96, 1.79606
_13590_, 457.04, 252.96, 1.79606
ANTENNA__07426__A2, 457.04, 252.96, 1.79606
ANTENNA__07426__B1, 457.04, 252.96, 1.79606
ANTENNA__09615__A0, 457.04, 252.96, 1.79606
ANTENNA__09615__S, 457.04, 252.96, 1.79606
ANTENNA__11379__A1, 457.04, 252.96, 1.79606
ANTENNA__11379__S, 457.04, 252.96, 1.79606
_14387_, 469.84, 252.96, 1.7961
ANTENNA__07691__A2, 469.84, 252.96, 1.7961
ANTENNA__07593__A2, 469.84, 252.96, 1.7961
ANTENNA__07691__B1, 469.84, 252.96, 1.7961
ANTENNA__07593__B1, 469.84, 252.96, 1.7961
ANTENNA__11383__A1, 469.84, 252.96, 1.7961
ANTENNA__11393__S, 469.84, 252.96, 1.7961
ANTENNA__11383__S, 469.84, 252.96, 1.7961
FILLER_0_88_1006, 469.84, 252.96, 1.7961
FILLER_0_89_998, 469.84, 252.96, 1.7961
FILLER_0_89_1021, 469.84, 252.96, 1.7961
FILLER_0_90_1017, 469.84, 252.96, 1.7961
PHY_172, 5.52, 247.52, 1.79631
PHY_174, 5.52, 247.52, 1.79631
_09618_, 494.04, 247.52, 1.79625
PHY_173, 494.04, 247.52, 1.79625
PHY_175, 494.04, 247.52, 1.79625
FILLER_0_86_1056, 494.04, 247.52, 1.79625
_09640_, 34.64, 247.52, 1.79625
_09646_, 34.64, 247.52, 1.79625
_13603_, 34.64, 247.52, 1.79625
_14401_, 34.64, 247.52, 1.79625
clkbuf_leaf_27_wclk, 34.64, 247.52, 1.79625
ANTENNA__09640__S, 34.64, 247.52, 1.79625
FILLER_0_87_51, 34.64, 247.52, 1.79625
_08378_, 47.44, 247.52, 1.79623
_09639_, 47.44, 247.52, 1.79623
_11416_, 47.44, 247.52, 1.79623
_11417_, 47.44, 247.52, 1.79623
_13599_, 47.44, 247.52, 1.79623
ANTENNA__08378__A2, 47.44, 247.52, 1.79623
_08048_, 60.24, 247.52, 1.79621
_08190_, 60.24, 247.52, 1.79621
_09637_, 60.24, 247.52, 1.79621
_11409_, 60.24, 247.52, 1.79621
_13598_, 60.24, 247.52, 1.79621
ANTENNA__08190__A2, 60.24, 247.52, 1.79621
ANTENNA__08048__A2, 60.24, 247.52, 1.79621
ANTENNA__08190__B1, 60.24, 247.52, 1.79621
ANTENNA__09638__A0, 60.24, 247.52, 1.79621
ANTENNA__09638__S, 60.24, 247.52, 1.79621
FILLER_0_87_125, 60.24, 247.52, 1.79621
FILLER_0_88_126, 60.24, 247.52, 1.79621
_11402_, 73.04, 247.52, 1.7962
_14402_, 73.04, 247.52, 1.7962
ANTENNA__08048__B1, 73.04, 247.52, 1.7962
ANTENNA__09630__A0, 73.04, 247.52, 1.7962
ANTENNA__09636__S, 73.04, 247.52, 1.7962
ANTENNA__11402__S, 73.04, 247.52, 1.7962
FILLER_0_86_135, 73.04, 247.52, 1.7962
FILLER_0_86_141, 73.04, 247.52, 1.7962
FILLER_0_87_134, 73.04, 247.52, 1.7962
FILLER_0_87_153, 73.04, 247.52, 1.7962
_07977_, 85.84, 247.52, 1.7962
_09706_, 85.84, 247.52, 1.7962
_09707_, 85.84, 247.52, 1.7962
_11335_, 85.84, 247.52, 1.7962
_13631_, 85.84, 247.52, 1.7962
ANTENNA__07977__A2, 85.84, 247.52, 1.7962
ANTENNA__07977__B1, 85.84, 247.52, 1.7962
ANTENNA__09706__A0, 85.84, 247.52, 1.7962
ANTENNA__09708__A0, 85.84, 247.52, 1.7962
ANTENNA__09630__S, 85.84, 247.52, 1.7962
ANTENNA__09706__S, 85.84, 247.52, 1.7962
ANTENNA_clkbuf_leaf_25_wclk_A, 85.84, 247.52, 1.7962
_08061_, 98.64, 247.52, 1.79621
_09700_, 98.64, 247.52, 1.79621
_14237_, 98.64, 247.52, 1.79621
_11056_, 111.44, 247.52, 1.79622
_11337_, 111.44, 247.52, 1.79622
_14236_, 111.44, 247.52, 1.79622
FILLER_0_86_230, 111.44, 247.52, 1.79622
FILLER_0_87_228, 111.44, 247.52, 1.79622
_11266_, 124.24, 247.52, 1.79624
_11267_, 124.24, 247.52, 1.79624
_14332_, 124.24, 247.52, 1.79624
clkbuf_leaf_24_wclk, 124.24, 247.52, 1.79624
ANTENNA__11266__S, 124.24, 247.52, 1.79624
ANTENNA_clkbuf_leaf_24_wclk_A, 124.24, 247.52, 1.79624
_09699_, 137.04, 247.52, 1.79628
_09704_, 137.04, 247.52, 1.79628
_09705_, 137.04, 247.52, 1.79628
_11339_, 137.04, 247.52, 1.79628
_13627_, 137.04, 247.52, 1.79628
ANTENNA__09704__A0, 137.04, 247.52, 1.79628
ANTENNA__09704__S, 137.04, 247.52, 1.79628
FILLER_0_88_296, 137.04, 247.52, 1.79628
_08344_, 149.84, 247.52, 1.79633
_08345_, 149.84, 247.52, 1.79633
_11072_, 149.84, 247.52, 1.79633
_11278_, 149.84, 247.52, 1.79633
_14242_, 149.84, 247.52, 1.79633
_14338_, 149.84, 247.52, 1.79633
ANTENNA__08344__A2, 149.84, 247.52, 1.79633
FILLER_0_88_327, 149.84, 247.52, 1.79633
_08391_, 162.64, 247.52, 1.7964
_09714_, 162.64, 247.52, 1.7964
_11074_, 162.64, 247.52, 1.7964
_14243_, 162.64, 247.52, 1.7964
ANTENNA__09714__S, 162.64, 247.52, 1.7964
ANTENNA__11074__A1, 162.64, 247.52, 1.7964
_07972_, 188.24, 247.52, 1.79643
_09649_, 188.24, 247.52, 1.79643
_11262_, 188.24, 247.52, 1.79643
_11263_, 188.24, 247.52, 1.79643
_11397_, 188.24, 247.52, 1.79643
_13604_, 188.24, 247.52, 1.79643
ANTENNA__11262__A1, 188.24, 247.52, 1.79643
ANTENNA__11262__S, 188.24, 247.52, 1.79643
ANTENNA__11397__A, 188.24, 247.52, 1.79643
FILLER_0_86_385, 188.24, 247.52, 1.79643
FILLER_0_87_389, 188.24, 247.52, 1.79643
FILLER_0_88_404, 188.24, 247.52, 1.79643
_07973_, 201.04, 247.52, 1.79639
_09003_, 201.04, 247.52, 1.79639
_09627_, 201.04, 247.52, 1.79639
_13190_, 201.04, 247.52, 1.79639
_13318_, 201.04, 247.52, 1.79639
ANTENNA__08425__A2, 201.04, 247.52, 1.79639
ANTENNA__09648__A0, 201.04, 247.52, 1.79639
ANTENNA__12067__A, 201.04, 247.52, 1.79639
ANTENNA__12068__S, 201.04, 247.52, 1.79639
FILLER_0_87_422, 201.04, 247.52, 1.79639
_06700_, 213.84, 247.52, 1.79636
_07421_, 213.84, 247.52, 1.79636
_08726_, 213.84, 247.52, 1.79636
_09001_, 213.84, 247.52, 1.79636
_13286_, 213.84, 247.52, 1.79636
_08932_, 226.64, 247.52, 1.79635
_08933_, 226.64, 247.52, 1.79635
_13893_, 226.64, 247.52, 1.79635
ANTENNA__08932__A, 226.64, 247.52, 1.79635
ANTENNA__08933__S, 226.64, 247.52, 1.79635
FILLER_0_88_481, 226.64, 247.52, 1.79635
FILLER_0_88_488, 226.64, 247.52, 1.79635
_08483_, 239.44, 247.52, 1.79633
_10297_, 239.44, 247.52, 1.79633
ANTENNA__06856__A, 239.44, 247.52, 1.79633
ANTENNA__07910__A2, 239.44, 247.52, 1.79633
ANTENNA__07909__B1, 239.44, 247.52, 1.79633
ANTENNA__10637__A1, 239.44, 247.52, 1.79633
ANTENNA__10637__S, 239.44, 247.52, 1.79633
ANTENNA__10841__S, 239.44, 247.52, 1.79633
FILLER_0_87_514, 239.44, 247.52, 1.79633
_07456_, 252.24, 247.52, 1.79632
_07457_, 252.24, 247.52, 1.79632
_07459_, 252.24, 247.52, 1.79632
_07909_, 252.24, 247.52, 1.79632
_09273_, 252.24, 247.52, 1.79632
_09274_, 252.24, 247.52, 1.79632
ANTENNA__07344__A2, 252.24, 247.52, 1.79632
ANTENNA__07910__B1, 252.24, 247.52, 1.79632
ANTENNA__07909__C1, 252.24, 247.52, 1.79632
ANTENNA__09273__A0, 252.24, 247.52, 1.79632
_08723_, 265.04, 247.52, 1.79632
_08724_, 265.04, 247.52, 1.79632
_08999_, 265.04, 247.52, 1.79632
_11377_, 265.04, 247.52, 1.79632
_11378_, 265.04, 247.52, 1.79632
_12066_, 265.04, 247.52, 1.79632
_06582_, 277.84, 247.52, 1.79632
_08655_, 277.84, 247.52, 1.79632
_08793_, 277.84, 247.52, 1.79632
_08862_, 277.84, 247.52, 1.79632
_09137_, 277.84, 247.52, 1.79632
_09138_, 277.84, 247.52, 1.79632
_09652_, 277.84, 247.52, 1.79632
ANTENNA__08930__B, 277.84, 247.52, 1.79632
_06556_, 290.64, 247.52, 1.79633
_06558_, 290.64, 247.52, 1.79633
_06581_, 290.64, 247.52, 1.79633
_08531_, 290.64, 247.52, 1.79633
_08532_, 290.64, 247.52, 1.79633
_08552_, 290.64, 247.52, 1.79633
_08554_, 290.64, 247.52, 1.79633
_09514_, 290.64, 247.52, 1.79633
FILLER_0_87_624, 290.64, 247.52, 1.79633
_08528_, 303.44, 247.52, 1.79636
_09606_, 303.44, 247.52, 1.79636
_09607_, 303.44, 247.52, 1.79636
_13584_, 303.44, 247.52, 1.79636
ANTENNA__09514__B, 303.44, 247.52, 1.79636
ANTENNA__06582__C, 303.44, 247.52, 1.79636
ANTENNA__08552__A, 303.44, 247.52, 1.79636
FILLER_0_86_641, 303.44, 247.52, 1.79636
_09675_, 316.24, 247.52, 1.79639
_09676_, 316.24, 247.52, 1.79639
_13616_, 316.24, 247.52, 1.79639
_14320_, 316.24, 247.52, 1.79639
ANTENNA__06883__A, 316.24, 247.52, 1.79639
ANTENNA__07458__A, 316.24, 247.52, 1.79639
ANTENNA__09606__A, 316.24, 247.52, 1.79639
ANTENNA__09607__S, 316.24, 247.52, 1.79639
FILLER_0_87_673, 316.24, 247.52, 1.79639
FILLER_0_88_678, 316.24, 247.52, 1.79639
_09693_, 341.84, 247.52, 1.79636
_11044_, 341.84, 247.52, 1.79636
_13624_, 341.84, 247.52, 1.79636
_14233_, 341.84, 247.52, 1.79636
_07802_, 354.64, 247.52, 1.79629
_07856_, 354.64, 247.52, 1.79629
_11257_, 354.64, 247.52, 1.79629
_14232_, 354.64, 247.52, 1.79629
ANTENNA__07856__B1, 354.64, 247.52, 1.79629
_07510_, 367.44, 247.52, 1.79623
_09680_, 367.44, 247.52, 1.79623
_11040_, 367.44, 247.52, 1.79623
ANTENNA__09679__A0, 367.44, 247.52, 1.79623
ANTENNA__11040__S, 367.44, 247.52, 1.79623
ANTENNA__11257__A1, 367.44, 247.52, 1.79623
ANTENNA__11040__A1, 367.44, 247.52, 1.79623
ANTENNA__11245__S, 367.44, 247.52, 1.79623
FILLER_0_86_777, 367.44, 247.52, 1.79623
FILLER_0_88_798, 367.44, 247.52, 1.79623
_07461_, 380.24, 247.52, 1.79617
_07606_, 380.24, 247.52, 1.79617
_09686_, 380.24, 247.52, 1.79617
_13621_, 380.24, 247.52, 1.79617
clkbuf_leaf_99_wclk, 380.24, 247.52, 1.79617
ANTENNA__07511__B1, 380.24, 247.52, 1.79617
ANTENNA__07510__A2, 380.24, 247.52, 1.79617
ANTENNA__09677__A0, 380.24, 247.52, 1.79617
ANTENNA__11245__A1, 380.24, 247.52, 1.79617
FILLER_0_87_808, 380.24, 247.52, 1.79617
_07656_, 393.04, 247.52, 1.79614
_09687_, 393.04, 247.52, 1.79614
_09688_, 393.04, 247.52, 1.79614
_13622_, 393.04, 247.52, 1.79614
_13623_, 393.04, 247.52, 1.79614
ANTENNA__07656__B1, 393.04, 247.52, 1.79614
_07751_, 405.84, 247.52, 1.79613
_11019_, 405.84, 247.52, 1.79613
_14225_, 405.84, 247.52, 1.79613
clkbuf_leaf_98_wclk, 405.84, 247.52, 1.79613
ANTENNA__07558__C1, 405.84, 247.52, 1.79613
FILLER_0_86_865, 405.84, 247.52, 1.79613
FILLER_0_87_857, 405.84, 247.52, 1.79613
FILLER_0_88_881, 405.84, 247.52, 1.79613
_07607_, 418.64, 247.52, 1.79614
_07657_, 418.64, 247.52, 1.79614
_11031_, 418.64, 247.52, 1.79614
_11251_, 418.64, 247.52, 1.79614
ANTENNA__07607__A2, 418.64, 247.52, 1.79614
ANTENNA__07607__B1, 418.64, 247.52, 1.79614
ANTENNA__11025__S, 418.64, 247.52, 1.79614
ANTENNA__11249__A1, 418.64, 247.52, 1.79614
FILLER_0_87_893, 418.64, 247.52, 1.79614
_11247_, 431.44, 247.52, 1.79615
_11254_, 431.44, 247.52, 1.79615
_11381_, 431.44, 247.52, 1.79615
ANTENNA__07657__A2, 431.44, 247.52, 1.79615
ANTENNA__07657__B1, 431.44, 247.52, 1.79615
ANTENNA__11255__S, 431.44, 247.52, 1.79615
ANTENNA_clkbuf_leaf_98_wclk_A, 431.44, 247.52, 1.79615
FILLER_0_87_936, 431.44, 247.52, 1.79615
_07496_, 444.24, 247.52, 1.79617
_07497_, 444.24, 247.52, 1.79617
_11382_, 444.24, 247.52, 1.79617
ANTENNA__11381__A1, 444.24, 247.52, 1.79617
ANTENNA__11255__A1, 444.24, 247.52, 1.79617
ANTENNA__11381__S, 444.24, 247.52, 1.79617
FILLER_0_88_965, 444.24, 247.52, 1.79617
_07593_, 457.04, 247.52, 1.79619
_09615_, 457.04, 247.52, 1.79619
_09616_, 457.04, 247.52, 1.79619
_11386_, 457.04, 247.52, 1.79619
_13588_, 457.04, 247.52, 1.79619
ANTENNA__12567__S, 457.04, 247.52, 1.79619
ANTENNA__07425__A2, 457.04, 247.52, 1.79619
ANTENNA__07425__B1, 457.04, 247.52, 1.79619
FILLER_0_87_973, 457.04, 247.52, 1.79619
_11385_, 469.84, 247.52, 1.79622
_11388_, 469.84, 247.52, 1.79622
_11393_, 469.84, 247.52, 1.79622
_14392_, 469.84, 247.52, 1.79622
ANTENNA__11393__A1, 469.84, 247.52, 1.79622
ANTENNA__11385__S, 469.84, 247.52, 1.79622
FILLER_0_86_1005, 469.84, 247.52, 1.79622
PHY_168, 5.52, 242.08, 1.79644
PHY_170, 5.52, 242.08, 1.79644
PHY_169, 494.04, 242.08, 1.79637
PHY_171, 494.04, 242.08, 1.79637
ANTENNA__09617__A0, 494.04, 242.08, 1.79637
ANTENNA__09623__A0, 494.04, 242.08, 1.79637
ANTENNA__11387__A1, 494.04, 242.08, 1.79637
ANTENNA__11387__S, 494.04, 242.08, 1.79637
_09641_, 34.64, 242.08, 1.79641
_13600_, 34.64, 242.08, 1.79641
_14403_, 34.64, 242.08, 1.79641
ANTENNA__09646__A0, 34.64, 242.08, 1.79641
FILLER_0_85_51, 34.64, 242.08, 1.79641
FILLER_0_85_57, 34.64, 242.08, 1.79641
_11410_, 47.44, 242.08, 1.79639
_11411_, 47.44, 242.08, 1.79639
_14399_, 47.44, 242.08, 1.79639
_14400_, 47.44, 242.08, 1.79639
ANTENNA__11410__A1, 47.44, 242.08, 1.79639
FILLER_0_84_79, 47.44, 242.08, 1.79639
FILLER_0_85_93, 47.44, 242.08, 1.79639
FILLER_0_86_103, 47.44, 242.08, 1.79639
_08143_, 60.24, 242.08, 1.79637
_09636_, 60.24, 242.08, 1.79637
_11407_, 60.24, 242.08, 1.79637
_11408_, 60.24, 242.08, 1.79637
_14398_, 60.24, 242.08, 1.79637
ANTENNA__09636__A0, 60.24, 242.08, 1.79637
_09630_, 73.04, 242.08, 1.79637
_09631_, 73.04, 242.08, 1.79637
_11401_, 73.04, 242.08, 1.79637
_13595_, 73.04, 242.08, 1.79637
_14395_, 73.04, 242.08, 1.79637
ANTENNA__08143__A2, 73.04, 242.08, 1.79637
ANTENNA__08143__B1, 73.04, 242.08, 1.79637
ANTENNA__11402__A1, 73.04, 242.08, 1.79637
FILLER_0_84_141, 73.04, 242.08, 1.79637
_09709_, 85.84, 242.08, 1.79638
_11334_, 85.84, 242.08, 1.79638
_11400_, 85.84, 242.08, 1.79638
_13632_, 85.84, 242.08, 1.79638
_14364_, 85.84, 242.08, 1.79638
ANTENNA__08297__A2, 85.84, 242.08, 1.79638
ANTENNA__08061__B1, 85.84, 242.08, 1.79638
ANTENNA__09708__S, 85.84, 242.08, 1.79638
FILLER_0_85_161, 85.84, 242.08, 1.79638
FILLER_0_85_185, 85.84, 242.08, 1.79638
_08203_, 98.64, 242.08, 1.7964
_09708_, 98.64, 242.08, 1.7964
_11336_, 98.64, 242.08, 1.7964
_14365_, 98.64, 242.08, 1.7964
ANTENNA__08203__B1, 98.64, 242.08, 1.7964
ANTENNA__08203__C1, 98.64, 242.08, 1.7964
ANTENNA__11336__S, 98.64, 242.08, 1.7964
FILLER_0_84_197, 98.64, 242.08, 1.7964
_08110_, 111.44, 242.08, 1.79643
_08204_, 111.44, 242.08, 1.79643
_08251_, 111.44, 242.08, 1.79643
_11053_, 111.44, 242.08, 1.79643
ANTENNA__08204__A2, 111.44, 242.08, 1.79643
ANTENNA__08251__B1, 111.44, 242.08, 1.79643
ANTENNA__08110__B1, 111.44, 242.08, 1.79643
ANTENNA__11056__S, 111.44, 242.08, 1.79643
ANTENNA__11056__A1, 111.44, 242.08, 1.79643
ANTENNA__11276__A1, 111.44, 242.08, 1.79643
FILLER_0_85_219, 111.44, 242.08, 1.79643
FILLER_0_85_225, 111.44, 242.08, 1.79643
FILLER_0_85_238, 111.44, 242.08, 1.79643
_13630_, 124.24, 242.08, 1.79646
_14366_, 124.24, 242.08, 1.79646
ANTENNA__08110__A2, 124.24, 242.08, 1.79646
ANTENNA__11053__S, 124.24, 242.08, 1.79646
ANTENNA__11266__A1, 124.24, 242.08, 1.79646
ANTENNA__11053__A1, 124.24, 242.08, 1.79646
ANTENNA__11276__S, 124.24, 242.08, 1.79646
FILLER_0_84_249, 124.24, 242.08, 1.79646
FILLER_0_84_257, 124.24, 242.08, 1.79646
FILLER_0_85_249, 124.24, 242.08, 1.79646
FILLER_0_86_262, 124.24, 242.08, 1.79646
_08156_, 137.04, 242.08, 1.7965
_09698_, 137.04, 242.08, 1.7965
_11338_, 137.04, 242.08, 1.7965
ANTENNA__08012__A2, 137.04, 242.08, 1.7965
ANTENNA__09698__A0, 137.04, 242.08, 1.7965
FILLER_0_85_281, 137.04, 242.08, 1.7965
FILLER_0_85_295, 137.04, 242.08, 1.7965
FILLER_0_86_297, 137.04, 242.08, 1.7965
_11071_, 149.84, 242.08, 1.79655
_11347_, 149.84, 242.08, 1.79655
_14370_, 149.84, 242.08, 1.79655
ANTENNA__08345__A2, 149.84, 242.08, 1.79655
ANTENNA__08345__B1, 149.84, 242.08, 1.79655
ANTENNA__08344__B1, 149.84, 242.08, 1.79655
ANTENNA__08344__C1, 149.84, 242.08, 1.79655
ANTENNA__11071__A1, 149.84, 242.08, 1.79655
_08392_, 162.64, 242.08, 1.7966
_11281_, 162.64, 242.08, 1.7966
_14339_, 162.64, 242.08, 1.7966
ANTENNA__08391__A2, 162.64, 242.08, 1.7966
ANTENNA__08391__B1, 162.64, 242.08, 1.7966
ANTENNA__08391__C1, 162.64, 242.08, 1.7966
ANTENNA__11264__S, 162.64, 242.08, 1.7966
FILLER_0_84_333, 162.64, 242.08, 1.7966
FILLER_0_85_355, 162.64, 242.08, 1.7966
_08010_, 188.24, 242.08, 1.7966
_08425_, 188.24, 242.08, 1.7966
_09648_, 188.24, 242.08, 1.7966
ANTENNA__08009__A, 188.24, 242.08, 1.7966
ANTENNA__08425__B1, 188.24, 242.08, 1.7966
ANTENNA__09648__S, 188.24, 242.08, 1.7966
FILLER_0_85_393, 188.24, 242.08, 1.7966
_08727_, 201.04, 242.08, 1.79654
_09071_, 201.04, 242.08, 1.79654
_09072_, 201.04, 242.08, 1.79654
_09716_, 201.04, 242.08, 1.79654
_09717_, 201.04, 242.08, 1.79654
_13350_, 201.04, 242.08, 1.79654
ANTENNA__09627__A, 201.04, 242.08, 1.79654
FILLER_0_84_424, 201.04, 242.08, 1.79654
_07422_, 213.84, 242.08, 1.7965
_08725_, 213.84, 242.08, 1.7965
_09070_, 213.84, 242.08, 1.7965
_09695_, 213.84, 242.08, 1.7965
ANTENNA__06706__A2, 213.84, 242.08, 1.7965
ANTENNA__09002__A0, 213.84, 242.08, 1.7965
ANTENNA__09001__A, 213.84, 242.08, 1.7965
ANTENNA__09070__A, 213.84, 242.08, 1.7965
ANTENNA__09071__S, 213.84, 242.08, 1.7965
FILLER_0_84_452, 213.84, 242.08, 1.7965
_09719_, 226.64, 242.08, 1.79646
_10197_, 226.64, 242.08, 1.79646
_10198_, 226.64, 242.08, 1.79646
_13637_, 226.64, 242.08, 1.79646
_13861_, 226.64, 242.08, 1.79646
ANTENNA__06721__B, 226.64, 242.08, 1.79646
ANTENNA__08485__B1, 226.64, 242.08, 1.79646
ANTENNA__08933__A0, 226.64, 242.08, 1.79646
ANTENNA__09718__A0, 226.64, 242.08, 1.79646
ANTENNA__09695__A, 226.64, 242.08, 1.79646
FILLER_0_84_471, 226.64, 242.08, 1.79646
FILLER_0_85_473, 226.64, 242.08, 1.79646
FILLER_0_85_478, 226.64, 242.08, 1.79646
FILLER_0_85_485, 226.64, 242.08, 1.79646
_09582_, 239.44, 242.08, 1.79643
ANTENNA__12472__S, 239.44, 242.08, 1.79643
ANTENNA__10197__A1, 239.44, 242.08, 1.79643
ANTENNA__08483__A2, 239.44, 242.08, 1.79643
ANTENNA__07909__A2, 239.44, 242.08, 1.79643
ANTENNA__10197__S, 239.44, 242.08, 1.79643
ANTENNA__10297__S, 239.44, 242.08, 1.79643
ANTENNA__10297__A1, 239.44, 242.08, 1.79643
ANTENNA__07909__B2, 239.44, 242.08, 1.79643
FILLER_0_84_495, 239.44, 242.08, 1.79643
FILLER_0_84_502, 239.44, 242.08, 1.79643
FILLER_0_85_505, 239.44, 242.08, 1.79643
FILLER_0_85_511, 239.44, 242.08, 1.79643
FILLER_0_85_516, 239.44, 242.08, 1.79643
FILLER_0_86_509, 239.44, 242.08, 1.79643
_06851_, 252.24, 242.08, 1.7964
_06855_, 252.24, 242.08, 1.7964
_07343_, 252.24, 242.08, 1.7964
_13445_, 252.24, 242.08, 1.7964
_14384_, 252.24, 242.08, 1.7964
ANTENNA__06851__A, 252.24, 242.08, 1.7964
ANTENNA__07343__B1, 252.24, 242.08, 1.7964
ANTENNA__09581__S, 252.24, 242.08, 1.7964
ANTENNA__12472__A1, 252.24, 242.08, 1.7964
FILLER_0_84_533, 252.24, 242.08, 1.7964
_08930_, 265.04, 242.08, 1.79639
_08931_, 265.04, 242.08, 1.79639
_09000_, 265.04, 242.08, 1.79639
_09068_, 265.04, 242.08, 1.79639
_10200_, 265.04, 242.08, 1.79639
_11376_, 265.04, 242.08, 1.79639
ANTENNA__07457__A, 265.04, 242.08, 1.79639
ANTENNA__07456__A, 265.04, 242.08, 1.79639
_08792_, 277.84, 242.08, 1.79638
_08861_, 277.84, 242.08, 1.79638
_09206_, 277.84, 242.08, 1.79638
_11286_, 277.84, 242.08, 1.79638
clkbuf_0_rclk, 277.84, 242.08, 1.79638
ANTENNA__11377__A1, 277.84, 242.08, 1.79638
_08529_, 290.64, 242.08, 1.79642
_09376_, 290.64, 242.08, 1.79642
_09445_, 290.64, 242.08, 1.79642
_09583_, 290.64, 242.08, 1.79642
ANTENNA__09068__B, 290.64, 242.08, 1.79642
ANTENNA__08792__A, 290.64, 242.08, 1.79642
ANTENNA_9, 290.64, 242.08, 1.79642
FILLER_0_85_633, 290.64, 242.08, 1.79642
_08794_, 303.44, 242.08, 1.79648
_09515_, 303.44, 242.08, 1.79648
_09608_, 303.44, 242.08, 1.79648
_11016_, 303.44, 242.08, 1.79648
_11017_, 303.44, 242.08, 1.79648
_14224_, 303.44, 242.08, 1.79648
ANTENNA__08553__B, 303.44, 242.08, 1.79648
ANTENNA__08794__A, 303.44, 242.08, 1.79648
ANTENNA__08528__A, 303.44, 242.08, 1.79648
ANTENNA__08530__A_N, 303.44, 242.08, 1.79648
_07359_, 316.24, 242.08, 1.79654
_08863_, 316.24, 242.08, 1.79654
_09674_, 316.24, 242.08, 1.79654
_11241_, 316.24, 242.08, 1.79654
_11242_, 316.24, 242.08, 1.79654
ANTENNA__06901__A, 316.24, 242.08, 1.79654
_11043_, 341.84, 242.08, 1.79654
_11260_, 341.84, 242.08, 1.79654
_11328_, 341.84, 242.08, 1.79654
_11395_, 341.84, 242.08, 1.79654
_14329_, 341.84, 242.08, 1.79654
_14361_, 341.84, 242.08, 1.79654
ANTENNA__07358__A2, 341.84, 242.08, 1.79654
ANTENNA__07358__B1, 341.84, 242.08, 1.79654
ANTENNA__09693__A0, 341.84, 242.08, 1.79654
ANTENNA_clkbuf_leaf_106_wclk_A, 341.84, 242.08, 1.79654
_11259_, 354.64, 242.08, 1.79649
ANTENNA__07856__A2, 354.64, 242.08, 1.79649
ANTENNA__07802__A2, 354.64, 242.08, 1.79649
ANTENNA__07802__B1, 354.64, 242.08, 1.79649
ANTENNA__07510__B1, 354.64, 242.08, 1.79649
ANTENNA__07802__C1, 354.64, 242.08, 1.79649
ANTENNA__11043__S, 354.64, 242.08, 1.79649
ANTENNA__11395__A1, 354.64, 242.08, 1.79649
ANTENNA__11259__A1, 354.64, 242.08, 1.79649
ANTENNA__11043__A1, 354.64, 242.08, 1.79649
ANTENNA__11257__S, 354.64, 242.08, 1.79649
_07511_, 367.44, 242.08, 1.79644
_11023_, 367.44, 242.08, 1.79644
_11245_, 367.44, 242.08, 1.79644
_11246_, 367.44, 242.08, 1.79644
_11314_, 367.44, 242.08, 1.79644
_14226_, 367.44, 242.08, 1.79644
_14322_, 367.44, 242.08, 1.79644
ANTENNA__07510__C1, 367.44, 242.08, 1.79644
_09685_, 380.24, 242.08, 1.7964
_11312_, 380.24, 242.08, 1.7964
_11317_, 380.24, 242.08, 1.7964
_11318_, 380.24, 242.08, 1.7964
ANTENNA__07511__A2, 380.24, 242.08, 1.7964
ANTENNA__07461__A2, 380.24, 242.08, 1.7964
ANTENNA__07606__B1, 380.24, 242.08, 1.7964
ANTENNA__07461__B1, 380.24, 242.08, 1.7964
ANTENNA__07606__C1, 380.24, 242.08, 1.7964
_07704_, 393.04, 242.08, 1.79637
_11316_, 393.04, 242.08, 1.79637
_11323_, 393.04, 242.08, 1.79637
_11324_, 393.04, 242.08, 1.79637
ANTENNA__07656__A2, 393.04, 242.08, 1.79637
ANTENNA__07656__C1, 393.04, 242.08, 1.79637
ANTENNA__09685__A0, 393.04, 242.08, 1.79637
ANTENNA__09687__A0, 393.04, 242.08, 1.79637
ANTENNA__11317__A1, 393.04, 242.08, 1.79637
FILLER_0_86_854, 393.04, 242.08, 1.79637
_11028_, 405.84, 242.08, 1.79634
_11032_, 405.84, 242.08, 1.79634
_11243_, 405.84, 242.08, 1.79634
_11244_, 405.84, 242.08, 1.79634
_14229_, 405.84, 242.08, 1.79634
ANTENNA__07704__A2, 405.84, 242.08, 1.79634
ANTENNA__07751__B1, 405.84, 242.08, 1.79634
ANTENNA__07704__B1, 405.84, 242.08, 1.79634
ANTENNA__07751__C1, 405.84, 242.08, 1.79634
ANTENNA__07704__C1, 405.84, 242.08, 1.79634
ANTENNA__11019__S, 405.84, 242.08, 1.79634
ANTENNA__11019__A1, 405.84, 242.08, 1.79634
FILLER_0_85_874, 405.84, 242.08, 1.79634
_07705_, 418.64, 242.08, 1.79632
_11035_, 418.64, 242.08, 1.79632
_14230_, 418.64, 242.08, 1.79632
_14325_, 418.64, 242.08, 1.79632
_11253_, 431.44, 242.08, 1.79631
_12230_, 431.44, 242.08, 1.79631
_14326_, 431.44, 242.08, 1.79631
_14770_, 431.44, 242.08, 1.79631
ANTENNA__07705__A2, 431.44, 242.08, 1.79631
ANTENNA__11031__A1, 431.44, 242.08, 1.79631
ANTENNA__11251__S, 431.44, 242.08, 1.79631
ANTENNA__11247__S, 431.44, 242.08, 1.79631
_12569_, 444.24, 242.08, 1.79631
_14930_, 444.24, 242.08, 1.79631
ANTENNA__12569__S, 444.24, 242.08, 1.79631
ANTENNA__12569__A0, 444.24, 242.08, 1.79631
ANTENNA__07496__A2, 444.24, 242.08, 1.79631
ANTENNA__07496__B1, 444.24, 242.08, 1.79631
_07425_, 457.04, 242.08, 1.79632
_12233_, 457.04, 242.08, 1.79632
_12567_, 457.04, 242.08, 1.79632
_14388_, 457.04, 242.08, 1.79632
ANTENNA__12567__A0, 457.04, 242.08, 1.79632
ANTENNA__07592__B1, 457.04, 242.08, 1.79632
ANTENNA__12227__A1, 457.04, 242.08, 1.79632
ANTENNA__12233__A1, 457.04, 242.08, 1.79632
ANTENNA__12233__S, 457.04, 242.08, 1.79632
FILLER_0_85_991, 457.04, 242.08, 1.79632
_14389_, 469.84, 242.08, 1.79633
clkbuf_leaf_96_wclk, 469.84, 242.08, 1.79633
ANTENNA__07592__A2, 469.84, 242.08, 1.79633
ANTENNA__11385__A1, 469.84, 242.08, 1.79633
ANTENNA_clkbuf_leaf_96_wclk_A, 469.84, 242.08, 1.79633
FILLER_0_84_1001, 469.84, 242.08, 1.79633
FILLER_0_85_998, 469.84, 242.08, 1.79633
PHY_164, 5.52, 236.64, 1.79659
PHY_166, 5.52, 236.64, 1.79659
PHY_165, 494.04, 236.64, 1.7965
PHY_167, 494.04, 236.64, 1.7965
ANTENNA__12571__A0, 494.04, 236.64, 1.7965
FILLER_0_83_1056, 494.04, 236.64, 1.7965
_12601_, 34.64, 236.64, 1.79659
ANTENNA__12600__S, 34.64, 236.64, 1.79659
ANTENNA__12600__A0, 34.64, 236.64, 1.79659
ANTENNA__09640__A0, 34.64, 236.64, 1.79659
FILLER_0_83_51, 34.64, 236.64, 1.79659
FILLER_0_83_69, 34.64, 236.64, 1.79659
_08237_, 47.44, 236.64, 1.79659
ANTENNA__08237__A2, 47.44, 236.64, 1.79659
ANTENNA__08237__B1, 47.44, 236.64, 1.79659
ANTENNA__08095__A2, 47.44, 236.64, 1.79659
ANTENNA__08095__B1, 47.44, 236.64, 1.79659
ANTENNA__11416__A1, 47.44, 236.64, 1.79659
ANTENNA__11416__S, 47.44, 236.64, 1.79659
ANTENNA__11410__S, 47.44, 236.64, 1.79659
FILLER_0_82_81, 47.44, 236.64, 1.79659
FILLER_0_82_89, 47.44, 236.64, 1.79659
FILLER_0_83_78, 47.44, 236.64, 1.79659
FILLER_0_84_105, 47.44, 236.64, 1.79659
_11406_, 60.24, 236.64, 1.7966
ANTENNA__08189__A2, 60.24, 236.64, 1.7966
ANTENNA__11408__A1, 60.24, 236.64, 1.7966
ANTENNA__11408__S, 60.24, 236.64, 1.7966
ANTENNA_17, 60.24, 236.64, 1.7966
FILLER_0_82_112, 60.24, 236.64, 1.7966
FILLER_0_83_107, 60.24, 236.64, 1.7966
FILLER_0_83_113, 60.24, 236.64, 1.7966
ANTENNA__08047__B1, 73.04, 236.64, 1.7966
ANTENNA__11406__A1, 73.04, 236.64, 1.7966
ANTENNA__11406__S, 73.04, 236.64, 1.7966
FILLER_0_83_154, 73.04, 236.64, 1.7966
_11340_, 85.84, 236.64, 1.79661
_11341_, 85.84, 236.64, 1.79661
_14367_, 85.84, 236.64, 1.79661
ANTENNA__11400__A1, 85.84, 236.64, 1.79661
ANTENNA__11334__A1, 85.84, 236.64, 1.79661
ANTENNA__11340__A1, 85.84, 236.64, 1.79661
ANTENNA__11344__A1, 85.84, 236.64, 1.79661
ANTENNA__11334__S, 85.84, 236.64, 1.79661
ANTENNA__11400__S, 85.84, 236.64, 1.79661
FILLER_0_84_186, 85.84, 236.64, 1.79661
_08250_, 98.64, 236.64, 1.79662
_08297_, 98.64, 236.64, 1.79662
_11062_, 98.64, 236.64, 1.79662
_11063_, 98.64, 236.64, 1.79662
_11066_, 98.64, 236.64, 1.79662
_11343_, 98.64, 236.64, 1.79662
ANTENNA__08251__A2, 98.64, 236.64, 1.79662
ANTENNA__08061__A2, 98.64, 236.64, 1.79662
FILLER_0_82_197, 98.64, 236.64, 1.79662
FILLER_0_84_211, 98.64, 236.64, 1.79662
_08298_, 111.44, 236.64, 1.79664
_11065_, 111.44, 236.64, 1.79664
_11275_, 111.44, 236.64, 1.79664
_11276_, 111.44, 236.64, 1.79664
_14336_, 111.44, 236.64, 1.79664
_14337_, 111.44, 236.64, 1.79664
ANTENNA__08298__B1, 111.44, 236.64, 1.79664
ANTENNA__08204__B1, 111.44, 236.64, 1.79664
FILLER_0_83_219, 111.44, 236.64, 1.79664
_11069_, 124.24, 236.64, 1.79667
_11272_, 124.24, 236.64, 1.79667
_11273_, 124.24, 236.64, 1.79667
_11277_, 124.24, 236.64, 1.79667
ANTENNA__08298__A2, 124.24, 236.64, 1.79667
ANTENNA__08157__A2, 124.24, 236.64, 1.79667
ANTENNA__08156__A2, 124.24, 236.64, 1.79667
ANTENNA__11338__A1, 124.24, 236.64, 1.79667
ANTENNA__11272__A1, 124.24, 236.64, 1.79667
ANTENNA__11338__S, 124.24, 236.64, 1.79667
FILLER_0_83_264, 124.24, 236.64, 1.79667
_08012_, 137.04, 236.64, 1.7967
_08157_, 137.04, 236.64, 1.7967
_11059_, 137.04, 236.64, 1.7967
_11060_, 137.04, 236.64, 1.7967
ANTENNA__08157__B1, 137.04, 236.64, 1.7967
ANTENNA__08156__C1, 137.04, 236.64, 1.7967
ANTENNA__08012__C1, 137.04, 236.64, 1.7967
ANTENNA__09698__S, 137.04, 236.64, 1.7967
FILLER_0_83_295, 137.04, 236.64, 1.7967
FILLER_0_84_289, 137.04, 236.64, 1.7967
_08013_, 149.84, 236.64, 1.79674
_11051_, 149.84, 236.64, 1.79674
_11264_, 149.84, 236.64, 1.79674
_11346_, 149.84, 236.64, 1.79674
_14331_, 149.84, 236.64, 1.79674
ANTENNA__08012__B1, 149.84, 236.64, 1.79674
ANTENNA__11071__S, 149.84, 236.64, 1.79674
ANTENNA__11346__A1, 149.84, 236.64, 1.79674
ANTENNA__11346__S, 149.84, 236.64, 1.79674
FILLER_0_82_301, 149.84, 236.64, 1.79674
_11280_, 162.64, 236.64, 1.79678
_11349_, 162.64, 236.64, 1.79678
_14362_, 162.64, 236.64, 1.79678
ANTENNA__08013__A2, 162.64, 236.64, 1.79678
ANTENNA__08013__B1, 162.64, 236.64, 1.79678
ANTENNA__11280__A1, 162.64, 236.64, 1.79678
ANTENNA__11280__S, 162.64, 236.64, 1.79678
FILLER_0_82_328, 162.64, 236.64, 1.79678
FILLER_0_82_334, 162.64, 236.64, 1.79678
FILLER_0_83_337, 162.64, 236.64, 1.79678
FILLER_0_83_343, 162.64, 236.64, 1.79678
_08007_, 188.24, 236.64, 1.79679
_08009_, 188.24, 236.64, 1.79679
_08011_, 188.24, 236.64, 1.79679
_08438_, 188.24, 236.64, 1.79679
_08439_, 188.24, 236.64, 1.79679
_11283_, 188.24, 236.64, 1.79679
_13636_, 188.24, 236.64, 1.79679
_14340_, 188.24, 236.64, 1.79679
_06861_, 201.04, 236.64, 1.79677
_06862_, 201.04, 236.64, 1.79677
_09651_, 201.04, 236.64, 1.79677
_11420_, 201.04, 236.64, 1.79677
_11421_, 201.04, 236.64, 1.79677
ANTENNA__09716__A0, 201.04, 236.64, 1.79677
ANTENNA__09716__S, 201.04, 236.64, 1.79677
ANTENNA__11420__A1, 201.04, 236.64, 1.79677
ANTENNA__11420__S, 201.04, 236.64, 1.79677
FILLER_0_82_421, 201.04, 236.64, 1.79677
FILLER_0_83_425, 201.04, 236.64, 1.79677
_06721_, 213.84, 236.64, 1.79675
_08472_, 213.84, 236.64, 1.79675
_09650_, 213.84, 236.64, 1.79675
ANTENNA__06721__A, 213.84, 236.64, 1.79675
ANTENNA__09071__A0, 213.84, 236.64, 1.79675
ANTENNA__08726__A0, 213.84, 236.64, 1.79675
ANTENNA__08725__A, 213.84, 236.64, 1.79675
ANTENNA__08726__S, 213.84, 236.64, 1.79675
ANTENNA__09650__S, 213.84, 236.64, 1.79675
FILLER_0_83_443, 213.84, 236.64, 1.79675
FILLER_0_83_449, 213.84, 236.64, 1.79675
FILLER_0_83_456, 213.84, 236.64, 1.79675
FILLER_0_84_466, 213.84, 236.64, 1.79675
_08485_, 226.64, 236.64, 1.79673
_09718_, 226.64, 236.64, 1.79673
_11081_, 226.64, 236.64, 1.79673
_11285_, 226.64, 236.64, 1.79673
ANTENNA__08485__A2, 226.64, 236.64, 1.79673
ANTENNA__08485__C1, 226.64, 236.64, 1.79673
FILLER_0_83_467, 226.64, 236.64, 1.79673
_12472_, 239.44, 236.64, 1.79672
_12473_, 239.44, 236.64, 1.79672
_13573_, 239.44, 236.64, 1.79672
_14885_, 239.44, 236.64, 1.79672
ANTENNA__08486__A2, 239.44, 236.64, 1.79672
ANTENNA__09581__A0, 239.44, 236.64, 1.79672
ANTENNA__09718__S, 239.44, 236.64, 1.79672
FILLER_0_83_497, 239.44, 236.64, 1.79672
FILLER_0_84_522, 239.44, 236.64, 1.79672
_06764_, 252.24, 236.64, 1.79672
_07460_, 252.24, 236.64, 1.79672
_09581_, 252.24, 236.64, 1.79672
ANTENNA__06758__A2, 252.24, 236.64, 1.79672
ANTENNA__06764__B, 252.24, 236.64, 1.79672
ANTENNA__07460__A, 252.24, 236.64, 1.79672
ANTENNA__06855__A, 252.24, 236.64, 1.79672
ANTENNA__07343__A2, 252.24, 236.64, 1.79672
ANTENNA__09273__S, 252.24, 236.64, 1.79672
FILLER_0_83_533, 252.24, 236.64, 1.79672
_06895_, 265.04, 236.64, 1.79672
_09069_, 265.04, 236.64, 1.79672
_10132_, 265.04, 236.64, 1.79672
_11354_, 265.04, 236.64, 1.79672
_12338_, 265.04, 236.64, 1.79672
_12406_, 265.04, 236.64, 1.79672
_12474_, 265.04, 236.64, 1.79672
ANTENNA__06768__A2, 265.04, 236.64, 1.79672
ANTENNA__07459__A, 265.04, 236.64, 1.79672
_08551_, 277.84, 236.64, 1.79673
_08555_, 277.84, 236.64, 1.79673
_09721_, 277.84, 236.64, 1.79673
_09858_, 277.84, 236.64, 1.79673
ANTENNA__06768__B1, 277.84, 236.64, 1.79673
FILLER_0_83_582, 277.84, 236.64, 1.79673
_08553_, 290.64, 236.64, 1.79674
_09276_, 290.64, 236.64, 1.79674
_09277_, 290.64, 236.64, 1.79674
_09720_, 290.64, 236.64, 1.79674
_10843_, 290.64, 236.64, 1.79674
_11794_, 290.64, 236.64, 1.79674
_11862_, 290.64, 236.64, 1.79674
_06901_, 303.44, 236.64, 1.79676
_06902_, 303.44, 236.64, 1.79676
_09377_, 303.44, 236.64, 1.79676
_09446_, 303.44, 236.64, 1.79676
_09516_, 303.44, 236.64, 1.79676
_11221_, 303.44, 236.64, 1.79676
ANTENNA__09720__C_N, 303.44, 236.64, 1.79676
ANTENNA__08553__A, 303.44, 236.64, 1.79676
ANTENNA__10843__C_N, 303.44, 236.64, 1.79676
ANTENNA__09720__A, 303.44, 236.64, 1.79676
_06904_, 316.24, 236.64, 1.79678
_11015_, 316.24, 236.64, 1.79678
_11240_, 316.24, 236.64, 1.79678
_11309_, 316.24, 236.64, 1.79678
_14352_, 316.24, 236.64, 1.79678
ANTENNA__06902__A, 316.24, 236.64, 1.79678
ANTENNA__09516__A, 316.24, 236.64, 1.79678
FILLER_0_84_676, 316.24, 236.64, 1.79678
_11327_, 341.84, 236.64, 1.79674
_12583_, 341.84, 236.64, 1.79674
_12584_, 341.84, 236.64, 1.79674
ANTENNA__07839__A2, 341.84, 236.64, 1.79674
ANTENNA__11309__A1, 341.84, 236.64, 1.79674
ANTENNA__11395__S, 341.84, 236.64, 1.79674
ANTENNA__12243__S, 341.84, 236.64, 1.79674
_11325_, 354.64, 236.64, 1.79668
_11326_, 354.64, 236.64, 1.79668
_14354_, 354.64, 236.64, 1.79668
_14360_, 354.64, 236.64, 1.79668
ANTENNA__12583__S, 354.64, 236.64, 1.79668
ANTENNA__11327__A1, 354.64, 236.64, 1.79668
ANTENNA__11259__S, 354.64, 236.64, 1.79668
FILLER_0_84_762, 354.64, 236.64, 1.79668
FILLER_0_84_770, 354.64, 236.64, 1.79668
_11022_, 367.44, 236.64, 1.79663
_11313_, 367.44, 236.64, 1.79663
_14353_, 367.44, 236.64, 1.79663
FILLER_0_82_786, 367.44, 236.64, 1.79663
_11320_, 380.24, 236.64, 1.79658
_14356_, 380.24, 236.64, 1.79658
ANTENNA__11022__A1, 380.24, 236.64, 1.79658
FILLER_0_82_809, 380.24, 236.64, 1.79658
_11322_, 393.04, 236.64, 1.79655
_14355_, 393.04, 236.64, 1.79655
_14358_, 393.04, 236.64, 1.79655
_14359_, 393.04, 236.64, 1.79655
FILLER_0_82_833, 393.04, 236.64, 1.79655
FILLER_0_83_830, 393.04, 236.64, 1.79655
_14321_, 405.84, 236.64, 1.79652
ANTENNA__07751__A2, 405.84, 236.64, 1.79652
ANTENNA__11028__S, 405.84, 236.64, 1.79652
ANTENNA__11028__A1, 405.84, 236.64, 1.79652
ANTENNA__11323__A1, 405.84, 236.64, 1.79652
ANTENNA__11243__S, 405.84, 236.64, 1.79652
FILLER_0_83_878, 405.84, 236.64, 1.79652
_06628_, 418.64, 236.64, 1.79651
_11034_, 418.64, 236.64, 1.79651
_11252_, 418.64, 236.64, 1.79651
ANTENNA__07705__B1, 418.64, 236.64, 1.79651
ANTENNA__11031__S, 418.64, 236.64, 1.79651
ANTENNA__11251__A1, 418.64, 236.64, 1.79651
ANTENNA__06628__A, 418.64, 236.64, 1.79651
FILLER_0_82_892, 418.64, 236.64, 1.79651
FILLER_0_82_897, 418.64, 236.64, 1.79651
_12229_, 431.44, 236.64, 1.79649
_12300_, 431.44, 236.64, 1.79649
_14803_, 431.44, 236.64, 1.79649
ANTENNA__11247__A1, 431.44, 236.64, 1.79649
ANTENNA__11253__A1, 431.44, 236.64, 1.79649
ANTENNA__11034__A1, 431.44, 236.64, 1.79649
ANTENNA__11253__S, 431.44, 236.64, 1.79649
ANTENNA__12229__A1, 431.44, 236.64, 1.79649
ANTENNA__12229__S, 431.44, 236.64, 1.79649
FILLER_0_82_915, 431.44, 236.64, 1.79649
FILLER_0_83_937, 431.44, 236.64, 1.79649
_12227_, 444.24, 236.64, 1.79648
_12228_, 444.24, 236.64, 1.79648
_12570_, 444.24, 236.64, 1.79648
_14769_, 444.24, 236.64, 1.79648
ANTENNA__12299__A0, 444.24, 236.64, 1.79648
ANTENNA__11737__A1, 444.24, 236.64, 1.79648
FILLER_0_82_949, 444.24, 236.64, 1.79648
_07592_, 457.04, 236.64, 1.79648
_12573_, 457.04, 236.64, 1.79648
_14772_, 457.04, 236.64, 1.79648
_12231_, 469.84, 236.64, 1.79649
_12232_, 469.84, 236.64, 1.79649
_12236_, 469.84, 236.64, 1.79649
_12574_, 469.84, 236.64, 1.79649
_14771_, 469.84, 236.64, 1.79649
ANTENNA__12571__S, 469.84, 236.64, 1.79649
ANTENNA__12573__A0, 469.84, 236.64, 1.79649
ANTENNA__07690__A2, 469.84, 236.64, 1.79649
ANTENNA__07642__B1, 469.84, 236.64, 1.79649
ANTENNA__07544__B1, 469.84, 236.64, 1.79649
ANTENNA__12231__S, 469.84, 236.64, 1.79649
FILLER_0_82_998, 469.84, 236.64, 1.79649
FILLER_0_82_1009, 469.84, 236.64, 1.79649
FILLER_0_83_1009, 469.84, 236.64, 1.79649
PHY_160, 5.52, 231.2, 1.79667
PHY_162, 5.52, 231.2, 1.79667
input30, 5.52, 231.2, 1.79667
PHY_161, 494.04, 231.2, 1.79663
PHY_163, 494.04, 231.2, 1.79663
input35, 494.04, 231.2, 1.79663
ANTENNA__12575__S, 494.04, 231.2, 1.79663
ANTENNA__12575__A0, 494.04, 231.2, 1.79663
ANTENNA__07787__A2, 494.04, 231.2, 1.79663
_08095_, 34.64, 231.2, 1.79665
_08283_, 34.64, 231.2, 1.79665
_12600_, 34.64, 231.2, 1.79665
_14941_, 34.64, 231.2, 1.79665
_14945_, 34.64, 231.2, 1.79665
_08189_, 47.44, 231.2, 1.79665
_12257_, 47.44, 231.2, 1.79665
_12596_, 47.44, 231.2, 1.79665
_12597_, 47.44, 231.2, 1.79665
_14783_, 47.44, 231.2, 1.79665
_14943_, 47.44, 231.2, 1.79665
ANTENNA__12596__A0, 47.44, 231.2, 1.79665
ANTENNA__08283__B1, 47.44, 231.2, 1.79665
FILLER_0_82_105, 47.44, 231.2, 1.79665
_08047_, 60.24, 231.2, 1.79665
_12251_, 60.24, 231.2, 1.79665
_12590_, 60.24, 231.2, 1.79665
_12591_, 60.24, 231.2, 1.79665
_12594_, 60.24, 231.2, 1.79665
ANTENNA__12596__S, 60.24, 231.2, 1.79665
ANTENNA__12594__S, 60.24, 231.2, 1.79665
ANTENNA__12590__S, 60.24, 231.2, 1.79665
ANTENNA__12594__A0, 60.24, 231.2, 1.79665
ANTENNA__08189__B1, 60.24, 231.2, 1.79665
FILLER_0_82_122, 60.24, 231.2, 1.79665
_07976_, 73.04, 231.2, 1.79665
_14779_, 73.04, 231.2, 1.79665
_14939_, 73.04, 231.2, 1.79665
ANTENNA__12590__A0, 73.04, 231.2, 1.79665
ANTENNA__08047__A2, 73.04, 231.2, 1.79665
FILLER_0_80_137, 73.04, 231.2, 1.79665
_11344_, 85.84, 231.2, 1.79667
_11345_, 85.84, 231.2, 1.79667
_12589_, 85.84, 231.2, 1.79667
_14368_, 85.84, 231.2, 1.79667
ANTENNA__07976__B1, 85.84, 231.2, 1.79667
ANTENNA__11342__A1, 85.84, 231.2, 1.79667
ANTENNA__11340__S, 85.84, 231.2, 1.79667
FILLER_0_81_165, 85.84, 231.2, 1.79667
FILLER_0_81_169, 85.84, 231.2, 1.79667
_11342_, 98.64, 231.2, 1.79669
_14239_, 98.64, 231.2, 1.79669
_14240_, 98.64, 231.2, 1.79669
ANTENNA__08250__A2, 98.64, 231.2, 1.79669
FILLER_0_80_193, 98.64, 231.2, 1.79669
FILLER_0_80_197, 98.64, 231.2, 1.79669
FILLER_0_81_201, 98.64, 231.2, 1.79669
_11274_, 111.44, 231.2, 1.79673
_14335_, 111.44, 231.2, 1.79673
ANTENNA__11065__S, 111.44, 231.2, 1.79673
ANTENNA__11062__S, 111.44, 231.2, 1.79673
ANTENNA__11336__A1, 111.44, 231.2, 1.79673
ANTENNA__11062__A1, 111.44, 231.2, 1.79673
FILLER_0_80_217, 111.44, 231.2, 1.79673
FILLER_0_80_227, 111.44, 231.2, 1.79673
FILLER_0_81_225, 111.44, 231.2, 1.79673
FILLER_0_81_230, 111.44, 231.2, 1.79673
_11270_, 124.24, 231.2, 1.79677
_14238_, 124.24, 231.2, 1.79677
ANTENNA__11270__A1, 124.24, 231.2, 1.79677
ANTENNA__11274__S, 124.24, 231.2, 1.79677
ANTENNA__11272__S, 124.24, 231.2, 1.79677
FILLER_0_81_262, 124.24, 231.2, 1.79677
_11271_, 137.04, 231.2, 1.79681
_11333_, 137.04, 231.2, 1.79681
_14363_, 137.04, 231.2, 1.79681
ANTENNA__08156__B1, 137.04, 231.2, 1.79681
_11050_, 149.84, 231.2, 1.79686
_11265_, 149.84, 231.2, 1.79686
_14235_, 149.84, 231.2, 1.79686
ANTENNA__11264__A1, 149.84, 231.2, 1.79686
ANTENNA__11059__A1, 149.84, 231.2, 1.79686
ANTENNA__11332__S, 149.84, 231.2, 1.79686
FILLER_0_81_326, 149.84, 231.2, 1.79686
_11330_, 162.64, 231.2, 1.79692
_11331_, 162.64, 231.2, 1.79692
_11348_, 162.64, 231.2, 1.79692
_14371_, 162.64, 231.2, 1.79692
ANTENNA__11330__A1, 162.64, 231.2, 1.79692
ANTENNA__11348__A1, 162.64, 231.2, 1.79692
ANTENNA__11348__S, 162.64, 231.2, 1.79692
ANTENNA__11330__S, 162.64, 231.2, 1.79692
FILLER_0_82_342, 162.64, 231.2, 1.79692
_08008_, 188.24, 231.2, 1.79693
_11261_, 188.24, 231.2, 1.79693
_11282_, 188.24, 231.2, 1.79693
_11355_, 188.24, 231.2, 1.79693
ANTENNA__08011__A, 188.24, 231.2, 1.79693
ANTENNA__08438__C1, 188.24, 231.2, 1.79693
FILLER_0_80_391, 188.24, 231.2, 1.79693
FILLER_0_81_389, 188.24, 231.2, 1.79693
FILLER_0_82_404, 188.24, 231.2, 1.79693
_11356_, 201.04, 231.2, 1.79687
_11357_, 201.04, 231.2, 1.79687
_13605_, 201.04, 231.2, 1.79687
_14405_, 201.04, 231.2, 1.79687
ANTENNA__08008__A, 201.04, 231.2, 1.79687
ANTENNA__08007__A, 201.04, 231.2, 1.79687
ANTENNA__08439__B1, 201.04, 231.2, 1.79687
ANTENNA__11356__S, 201.04, 231.2, 1.79687
FILLER_0_80_415, 201.04, 231.2, 1.79687
FILLER_0_81_413, 201.04, 231.2, 1.79687
_06717_, 213.84, 231.2, 1.79682
_09859_, 213.84, 231.2, 1.79682
_09861_, 213.84, 231.2, 1.79682
_11353_, 213.84, 231.2, 1.79682
_13702_, 213.84, 231.2, 1.79682
_14373_, 213.84, 231.2, 1.79682
ANTENNA__09859__A, 213.84, 231.2, 1.79682
FILLER_0_81_443, 213.84, 231.2, 1.79682
_08486_, 226.64, 231.2, 1.79679
_11284_, 226.64, 231.2, 1.79679
_11352_, 226.64, 231.2, 1.79679
_14341_, 226.64, 231.2, 1.79679
clkbuf_leaf_14_wclk, 226.64, 231.2, 1.79679
ANTENNA__11284__A1, 226.64, 231.2, 1.79679
ANTENNA__11352__S, 226.64, 231.2, 1.79679
_08484_, 239.44, 231.2, 1.79679
_08487_, 239.44, 231.2, 1.79679
_10064_, 239.44, 231.2, 1.79679
_11080_, 239.44, 231.2, 1.79679
_13798_, 239.44, 231.2, 1.79679
ANTENNA__08486__B1, 239.44, 231.2, 1.79679
FILLER_0_80_504, 239.44, 231.2, 1.79679
_06758_, 252.24, 231.2, 1.79679
_06768_, 252.24, 231.2, 1.79679
_10133_, 252.24, 231.2, 1.79679
_10134_, 252.24, 231.2, 1.79679
_13830_, 252.24, 231.2, 1.79679
ANTENNA__08484__B1, 252.24, 231.2, 1.79679
FILLER_0_80_525, 252.24, 231.2, 1.79679
FILLER_0_80_533, 252.24, 231.2, 1.79679
_06765_, 265.04, 231.2, 1.79681
_10063_, 265.04, 231.2, 1.79681
_10914_, 265.04, 231.2, 1.79681
_10983_, 265.04, 231.2, 1.79681
ANTENNA_11, 265.04, 231.2, 1.79681
_09207_, 277.84, 231.2, 1.79682
_09790_, 277.84, 231.2, 1.79682
_09926_, 277.84, 231.2, 1.79682
_09927_, 277.84, 231.2, 1.79682
_10299_, 277.84, 231.2, 1.79682
_10503_, 277.84, 231.2, 1.79682
FILLER_0_81_584, 277.84, 231.2, 1.79682
_09584_, 290.64, 231.2, 1.79685
_10707_, 290.64, 231.2, 1.79685
_10844_, 290.64, 231.2, 1.79685
_12950_, 290.64, 231.2, 1.79685
ANTENNA__09583__C, 290.64, 231.2, 1.79685
ANTENNA__10843__B, 290.64, 231.2, 1.79685
ANTENNA__10132__A, 290.64, 231.2, 1.79685
_10985_, 303.44, 231.2, 1.79688
_11220_, 303.44, 231.2, 1.79688
_11288_, 303.44, 231.2, 1.79688
_11289_, 303.44, 231.2, 1.79688
_14310_, 303.44, 231.2, 1.79688
_14342_, 303.44, 231.2, 1.79688
_06744_, 316.24, 231.2, 1.79692
_06905_, 316.24, 231.2, 1.79692
_09447_, 316.24, 231.2, 1.79692
_09654_, 316.24, 231.2, 1.79692
_11287_, 316.24, 231.2, 1.79692
ANTENNA__11015__A, 316.24, 231.2, 1.79692
FILLER_0_81_669, 316.24, 231.2, 1.79692
_07846_, 341.84, 231.2, 1.79692
_11756_, 341.84, 231.2, 1.79692
_14809_, 341.84, 231.2, 1.79692
ANTENNA__12583__A0, 341.84, 231.2, 1.79692
ANTENNA__06903__A, 341.84, 231.2, 1.79692
ANTENNA__07839__B1, 341.84, 231.2, 1.79692
ANTENNA__09654__S, 341.84, 231.2, 1.79692
ANTENNA__11308__A, 341.84, 231.2, 1.79692
ANTENNA__12243__A1, 341.84, 231.2, 1.79692
_12309_, 354.64, 231.2, 1.79686
_12310_, 354.64, 231.2, 1.79686
_14808_, 354.64, 231.2, 1.79686
ANTENNA__12311__S, 354.64, 231.2, 1.79686
ANTENNA__12309__S, 354.64, 231.2, 1.79686
ANTENNA__07846__A2, 354.64, 231.2, 1.79686
ANTENNA__07846__B1, 354.64, 231.2, 1.79686
ANTENNA__11325__A1, 354.64, 231.2, 1.79686
ANTENNA_clkbuf_leaf_110_wclk_A, 354.64, 231.2, 1.79686
FILLER_0_81_757, 354.64, 231.2, 1.79686
_07793_, 367.44, 231.2, 1.79682
_11311_, 367.44, 231.2, 1.79682
ANTENNA__12309__A0, 367.44, 231.2, 1.79682
ANTENNA__07793__A2, 367.44, 231.2, 1.79682
ANTENNA__07793__B1, 367.44, 231.2, 1.79682
ANTENNA__11022__S, 367.44, 231.2, 1.79682
ANTENNA__11313__A1, 367.44, 231.2, 1.79682
FILLER_0_81_781, 367.44, 231.2, 1.79682
FILLER_0_81_797, 367.44, 231.2, 1.79682
FILLER_0_82_796, 367.44, 231.2, 1.79682
_11319_, 380.24, 231.2, 1.79678
_12298_, 380.24, 231.2, 1.79678
_14357_, 380.24, 231.2, 1.79678
ANTENNA__12297__S, 380.24, 231.2, 1.79678
ANTENNA__11311__A1, 380.24, 231.2, 1.79678
ANTENNA__11734__A1, 380.24, 231.2, 1.79678
FILLER_0_81_819, 380.24, 231.2, 1.79678
_11315_, 393.04, 231.2, 1.79674
_11321_, 393.04, 231.2, 1.79674
ANTENNA__07436__C, 393.04, 231.2, 1.79674
ANTENNA__11319__A1, 393.04, 231.2, 1.79674
ANTENNA__11321__A1, 393.04, 231.2, 1.79674
FILLER_0_80_833, 393.04, 231.2, 1.79674
FILLER_0_81_835, 393.04, 231.2, 1.79674
FILLER_0_81_856, 393.04, 231.2, 1.79674
_12301_, 405.84, 231.2, 1.79671
_14548_, 405.84, 231.2, 1.79671
ANTENNA__12301__S, 405.84, 231.2, 1.79671
ANTENNA__06620__A1, 405.84, 231.2, 1.79671
ANTENNA__07437__A2, 405.84, 231.2, 1.79671
ANTENNA__11243__A1, 405.84, 231.2, 1.79671
ANTENNA__11315__A1, 405.84, 231.2, 1.79671
FILLER_0_80_869, 405.84, 231.2, 1.79671
FILLER_0_81_865, 405.84, 231.2, 1.79671
FILLER_0_82_873, 405.84, 231.2, 1.79671
_07598_, 418.64, 231.2, 1.79668
_12302_, 418.64, 231.2, 1.79668
ANTENNA__12301__A0, 418.64, 231.2, 1.79668
ANTENNA__07598__A2, 418.64, 231.2, 1.79668
ANTENNA__11034__S, 418.64, 231.2, 1.79668
_11737_, 431.44, 231.2, 1.79665
_11738_, 431.44, 231.2, 1.79665
_12299_, 431.44, 231.2, 1.79665
_14547_, 431.44, 231.2, 1.79665
ANTENNA__12299__S, 431.44, 231.2, 1.79665
_12568_, 444.24, 231.2, 1.79663
_14807_, 444.24, 231.2, 1.79663
_14929_, 444.24, 231.2, 1.79663
ANTENNA__12307__A0, 444.24, 231.2, 1.79663
ANTENNA__11737__S, 444.24, 231.2, 1.79663
ANTENNA__12227__S, 444.24, 231.2, 1.79663
FILLER_0_81_949, 444.24, 231.2, 1.79663
FILLER_0_81_957, 444.24, 231.2, 1.79663
_12234_, 457.04, 231.2, 1.79662
_14932_, 457.04, 231.2, 1.79662
ANTENNA__12573__S, 457.04, 231.2, 1.79662
FILLER_0_80_974, 457.04, 231.2, 1.79662
FILLER_0_81_968, 457.04, 231.2, 1.79662
FILLER_0_81_976, 457.04, 231.2, 1.79662
FILLER_0_81_982, 457.04, 231.2, 1.79662
FILLER_0_81_992, 457.04, 231.2, 1.79662
_07690_, 469.84, 231.2, 1.79662
_12235_, 469.84, 231.2, 1.79662
_12238_, 469.84, 231.2, 1.79662
_12578_, 469.84, 231.2, 1.79662
_14773_, 469.84, 231.2, 1.79662
_14934_, 469.84, 231.2, 1.79662
ANTENNA__07642__A2, 469.84, 231.2, 1.79662
ANTENNA__07690__B1, 469.84, 231.2, 1.79662
ANTENNA__12235__S, 469.84, 231.2, 1.79662
FILLER_0_81_1016, 469.84, 231.2, 1.79662
PHY_156, 5.52, 225.76, 1.79679
PHY_158, 5.52, 225.76, 1.79679
PHY_157, 494.04, 225.76, 1.79674
PHY_159, 494.04, 225.76, 1.79674
ANTENNA__12579__A0, 494.04, 225.76, 1.79674
ANTENNA__07787__B1, 494.04, 225.76, 1.79674
ANTENNA__12239__A1, 494.04, 225.76, 1.79674
ANTENNA__06625__A, 494.04, 225.76, 1.79674
_12252_, 34.64, 225.76, 1.79677
_12253_, 34.64, 225.76, 1.79677
_12592_, 34.64, 225.76, 1.79677
_12593_, 34.64, 225.76, 1.79677
ANTENNA__08236__A2, 34.64, 225.76, 1.79677
ANTENNA__12260__S, 34.64, 225.76, 1.79677
ANTENNA__12252__S, 34.64, 225.76, 1.79677
FILLER_0_78_63, 34.64, 225.76, 1.79677
FILLER_0_79_53, 34.64, 225.76, 1.79677
FILLER_0_80_75, 34.64, 225.76, 1.79677
_08236_, 47.44, 225.76, 1.79675
_12256_, 47.44, 225.76, 1.79675
clkbuf_leaf_2_wclk, 47.44, 225.76, 1.79675
ANTENNA__12592__S, 47.44, 225.76, 1.79675
ANTENNA__08283__A2, 47.44, 225.76, 1.79675
ANTENNA__08236__B1, 47.44, 225.76, 1.79675
ANTENNA__12256__S, 47.44, 225.76, 1.79675
FILLER_0_80_103, 47.44, 225.76, 1.79675
_12595_, 60.24, 225.76, 1.79675
_14780_, 60.24, 225.76, 1.79675
_14940_, 60.24, 225.76, 1.79675
_14942_, 60.24, 225.76, 1.79675
ANTENNA__12256__A1, 60.24, 225.76, 1.79675
ANTENNA_clkbuf_leaf_2_wclk_A, 60.24, 225.76, 1.79675
_12248_, 73.04, 225.76, 1.79676
_12249_, 73.04, 225.76, 1.79676
_12250_, 73.04, 225.76, 1.79676
_12588_, 73.04, 225.76, 1.79676
ANTENNA__08142__B1, 73.04, 225.76, 1.79676
ANTENNA__12250__A1, 73.04, 225.76, 1.79676
ANTENNA__12250__S, 73.04, 225.76, 1.79676
FILLER_0_78_137, 73.04, 225.76, 1.79676
FILLER_0_78_145, 73.04, 225.76, 1.79676
FILLER_0_79_160, 73.04, 225.76, 1.79676
_08330_, 85.84, 225.76, 1.79678
_12262_, 85.84, 225.76, 1.79678
_14369_, 85.84, 225.76, 1.79678
ANTENNA__12588__S, 85.84, 225.76, 1.79678
ANTENNA__12588__A0, 85.84, 225.76, 1.79678
ANTENNA__07976__A2, 85.84, 225.76, 1.79678
ANTENNA__12262__A1, 85.84, 225.76, 1.79678
ANTENNA__12262__S, 85.84, 225.76, 1.79678
FILLER_0_78_162, 85.84, 225.76, 1.79678
FILLER_0_79_185, 85.84, 225.76, 1.79678
_12327_, 98.64, 225.76, 1.79681
ANTENNA__12328__S, 98.64, 225.76, 1.79681
ANTENNA__12328__A0, 98.64, 225.76, 1.79681
ANTENNA__08203__A2, 98.64, 225.76, 1.79681
ANTENNA__08297__B1, 98.64, 225.76, 1.79681
ANTENNA__08250__B1, 98.64, 225.76, 1.79681
ANTENNA__08297__C1, 98.64, 225.76, 1.79681
ANTENNA__08250__C1, 98.64, 225.76, 1.79681
ANTENNA__11344__S, 98.64, 225.76, 1.79681
ANTENNA__11342__S, 98.64, 225.76, 1.79681
FILLER_0_78_189, 98.64, 225.76, 1.79681
FILLER_0_78_197, 98.64, 225.76, 1.79681
FILLER_0_79_193, 98.64, 225.76, 1.79681
FILLER_0_80_210, 98.64, 225.76, 1.79681
_14241_, 111.44, 225.76, 1.79684
_14560_, 111.44, 225.76, 1.79684
clkbuf_leaf_5_wclk, 111.44, 225.76, 1.79684
ANTENNA__08242__A2, 111.44, 225.76, 1.79684
ANTENNA__11274__A1, 111.44, 225.76, 1.79684
ANTENNA__11065__A1, 111.44, 225.76, 1.79684
ANTENNA_clkbuf_leaf_5_wclk_A, 111.44, 225.76, 1.79684
FILLER_0_79_219, 111.44, 225.76, 1.79684
_11068_, 124.24, 225.76, 1.79689
_14334_, 124.24, 225.76, 1.79689
ANTENNA__12318__A0, 124.24, 225.76, 1.79689
ANTENNA__11068__S, 124.24, 225.76, 1.79689
ANTENNA__11068__A1, 124.24, 225.76, 1.79689
FILLER_0_78_249, 124.24, 225.76, 1.79689
FILLER_0_80_265, 124.24, 225.76, 1.79689
_08336_, 137.04, 225.76, 1.79695
_11332_, 137.04, 225.76, 1.79695
_12330_, 137.04, 225.76, 1.79695
ANTENNA__12330__A0, 137.04, 225.76, 1.79695
ANTENNA__11059__S, 137.04, 225.76, 1.79695
ANTENNA__11332__A1, 137.04, 225.76, 1.79695
ANTENNA__11270__S, 137.04, 225.76, 1.79695
FILLER_0_79_274, 137.04, 225.76, 1.79695
FILLER_0_79_289, 137.04, 225.76, 1.79695
_12322_, 149.84, 225.76, 1.79702
ANTENNA__12322__S, 149.84, 225.76, 1.79702
ANTENNA__12322__A0, 149.84, 225.76, 1.79702
ANTENNA__11050__S, 149.84, 225.76, 1.79702
ANTENNA__11050__A1, 149.84, 225.76, 1.79702
ANTENNA__11771__A1, 149.84, 225.76, 1.79702
FILLER_0_78_301, 149.84, 225.76, 1.79702
FILLER_0_79_313, 149.84, 225.76, 1.79702
FILLER_0_80_326, 149.84, 225.76, 1.79702
_11070_, 162.64, 225.76, 1.79708
_12246_, 162.64, 225.76, 1.79708
_12247_, 162.64, 225.76, 1.79708
_12586_, 162.64, 225.76, 1.79708
_14938_, 162.64, 225.76, 1.79708
ANTENNA__12586__A0, 162.64, 225.76, 1.79708
ANTENNA__07807__A, 162.64, 225.76, 1.79708
ANTENNA__08148__B1, 162.64, 225.76, 1.79708
ANTENNA__12246__A1, 162.64, 225.76, 1.79708
FILLER_0_79_330, 162.64, 225.76, 1.79708
_07975_, 188.24, 225.76, 1.79708
_12475_, 188.24, 225.76, 1.79708
_12476_, 188.24, 225.76, 1.79708
_12477_, 188.24, 225.76, 1.79708
_14374_, 188.24, 225.76, 1.79708
_14886_, 188.24, 225.76, 1.79708
ANTENNA__07974__A, 188.24, 225.76, 1.79708
ANTENNA__08439__A2, 188.24, 225.76, 1.79708
ANTENNA__11282__S, 188.24, 225.76, 1.79708
ANTENNA__11261__A, 188.24, 225.76, 1.79708
_06718_, 201.04, 225.76, 1.79702
_07893_, 201.04, 225.76, 1.79702
_09585_, 201.04, 225.76, 1.79702
ANTENNA__12608__S, 201.04, 225.76, 1.79702
ANTENNA__07893__A2, 201.04, 225.76, 1.79702
ANTENNA__08513__B2, 201.04, 225.76, 1.79702
ANTENNA__11356__A1, 201.04, 225.76, 1.79702
ANTENNA__08513__A1, 201.04, 225.76, 1.79702
FILLER_0_78_421, 201.04, 225.76, 1.79702
FILLER_0_79_426, 201.04, 225.76, 1.79702
FILLER_0_79_432, 201.04, 225.76, 1.79702
_06724_, 213.84, 225.76, 1.79696
_09587_, 213.84, 225.76, 1.79696
_09860_, 213.84, 225.76, 1.79696
ANTENNA__07423__A, 213.84, 225.76, 1.79696
ANTENNA__06717__A, 213.84, 225.76, 1.79696
ANTENNA__07893__B1, 213.84, 225.76, 1.79696
ANTENNA__09650__A0, 213.84, 225.76, 1.79696
ANTENNA__11352__A1, 213.84, 225.76, 1.79696
ANTENNA_clkbuf_leaf_14_wclk_A, 213.84, 225.76, 1.79696
FILLER_0_78_450, 213.84, 225.76, 1.79696
FILLER_0_79_458, 213.84, 225.76, 1.79696
_06730_, 226.64, 225.76, 1.79691
_14245_, 226.64, 225.76, 1.79691
ANTENNA__06724__B1, 226.64, 225.76, 1.79691
ANTENNA__09860__A0, 226.64, 225.76, 1.79691
FILLER_0_78_467, 226.64, 225.76, 1.79691
FILLER_0_78_477, 226.64, 225.76, 1.79691
_09517_, 239.44, 225.76, 1.79686
_10065_, 239.44, 225.76, 1.79686
_10066_, 239.44, 225.76, 1.79686
ANTENNA__10065__A1, 239.44, 225.76, 1.79686
ANTENNA__08430__A2, 239.44, 225.76, 1.79686
ANTENNA__08430__B1, 239.44, 225.76, 1.79686
ANTENNA__09517__A0, 239.44, 225.76, 1.79686
ANTENNA__10064__A, 239.44, 225.76, 1.79686
ANTENNA__11080__S, 239.44, 225.76, 1.79686
ANTENNA__11284__S, 239.44, 225.76, 1.79686
FILLER_0_78_495, 239.44, 225.76, 1.79686
FILLER_0_79_498, 239.44, 225.76, 1.79686
FILLER_0_79_505, 239.44, 225.76, 1.79686
FILLER_0_79_515, 239.44, 225.76, 1.79686
_06729_, 252.24, 225.76, 1.79681
_07434_, 252.24, 225.76, 1.79681
_08501_, 252.24, 225.76, 1.79681
clkbuf_0_wclk, 252.24, 225.76, 1.79681
ANTENNA__10133__A1, 252.24, 225.76, 1.79681
ANTENNA__06729__A2, 252.24, 225.76, 1.79681
ANTENNA__06764__A, 252.24, 225.76, 1.79681
ANTENNA_10, 252.24, 225.76, 1.79681
FILLER_0_79_529, 252.24, 225.76, 1.79681
_06755_, 265.04, 225.76, 1.79684
_06769_, 265.04, 225.76, 1.79684
_06770_, 265.04, 225.76, 1.79684
_10131_, 265.04, 225.76, 1.79684
_11422_, 265.04, 225.76, 1.79684
_12407_, 265.04, 225.76, 1.79684
ANTENNA__11376__A, 265.04, 225.76, 1.79684
ANTENNA_2, 265.04, 225.76, 1.79684
FILLER_0_78_562, 265.04, 225.76, 1.79684
FILLER_0_79_557, 265.04, 225.76, 1.79684
FILLER_0_80_566, 265.04, 225.76, 1.79684
_06583_, 277.84, 225.76, 1.79688
_10367_, 277.84, 225.76, 1.79688
_11218_, 277.84, 225.76, 1.79688
ANTENNA__12564__A, 277.84, 225.76, 1.79688
ANTENNA__06755__B1, 277.84, 225.76, 1.79688
ANTENNA__06765__B1, 277.84, 225.76, 1.79688
_10571_, 290.64, 225.76, 1.79692
_10639_, 290.64, 225.76, 1.79692
_12814_, 290.64, 225.76, 1.79692
_12882_, 290.64, 225.76, 1.79692
_14214_, 290.64, 225.76, 1.79692
ANTENNA__12407__A, 290.64, 225.76, 1.79692
_10984_, 303.44, 225.76, 1.79697
_10986_, 303.44, 225.76, 1.79697
_11219_, 303.44, 225.76, 1.79697
_12293_, 303.44, 225.76, 1.79697
_12294_, 303.44, 225.76, 1.79697
_14800_, 303.44, 225.76, 1.79697
ANTENNA__12293__S, 303.44, 225.76, 1.79697
ANTENNA__10985__A1, 303.44, 225.76, 1.79697
ANTENNA__10984__A, 303.44, 225.76, 1.79697
_06749_, 316.24, 225.76, 1.79703
_08864_, 316.24, 225.76, 1.79703
_08865_, 316.24, 225.76, 1.79703
_13254_, 316.24, 225.76, 1.79703
_13606_, 316.24, 225.76, 1.79703
_14022_, 316.24, 225.76, 1.79703
FILLER_0_79_682, 316.24, 225.76, 1.79703
_07845_, 341.84, 225.76, 1.79702
_12311_, 341.84, 225.76, 1.79702
_12312_, 341.84, 225.76, 1.79702
_14553_, 341.84, 225.76, 1.79702
clkbuf_leaf_110_wclk, 341.84, 225.76, 1.79702
ANTENNA__08864__S, 341.84, 225.76, 1.79702
FILLER_0_79_720, 341.84, 225.76, 1.79702
FILLER_0_79_742, 341.84, 225.76, 1.79702
_06642_, 354.64, 225.76, 1.79695
_07792_, 354.64, 225.76, 1.79695
_13036_, 354.64, 225.76, 1.79695
_14552_, 354.64, 225.76, 1.79695
_11734_, 367.44, 225.76, 1.7969
_11735_, 367.44, 225.76, 1.7969
_11752_, 367.44, 225.76, 1.7969
_11753_, 367.44, 225.76, 1.7969
_14546_, 367.44, 225.76, 1.7969
ANTENNA__11734__S, 367.44, 225.76, 1.7969
ANTENNA__11752__A1, 367.44, 225.76, 1.7969
ANTENNA__11755__A1, 367.44, 225.76, 1.7969
FILLER_0_79_785, 367.44, 225.76, 1.7969
FILLER_0_80_789, 367.44, 225.76, 1.7969
_07501_, 380.24, 225.76, 1.79686
_07502_, 380.24, 225.76, 1.79686
_12297_, 380.24, 225.76, 1.79686
ANTENNA__12297__A0, 380.24, 225.76, 1.79686
ANTENNA__07502__A2, 380.24, 225.76, 1.79686
ANTENNA__07502__B1, 380.24, 225.76, 1.79686
_06620_, 393.04, 225.76, 1.79681
_06621_, 393.04, 225.76, 1.79681
_07436_, 393.04, 225.76, 1.79681
_12295_, 393.04, 225.76, 1.79681
_14801_, 393.04, 225.76, 1.79681
ANTENNA__12295__S, 393.04, 225.76, 1.79681
ANTENNA__06620__S, 393.04, 225.76, 1.79681
ANTENNA__07436__B, 393.04, 225.76, 1.79681
FILLER_0_79_833, 393.04, 225.76, 1.79681
_07437_, 405.84, 225.76, 1.79677
_11740_, 405.84, 225.76, 1.79677
_11741_, 405.84, 225.76, 1.79677
_13032_, 405.84, 225.76, 1.79677
_14804_, 405.84, 225.76, 1.79677
ANTENNA__12295__A0, 405.84, 225.76, 1.79677
ANTENNA__11740__A1, 405.84, 225.76, 1.79677
FILLER_0_78_865, 405.84, 225.76, 1.79677
FILLER_0_79_863, 405.84, 225.76, 1.79677
_06627_, 418.64, 225.76, 1.79675
_07597_, 418.64, 225.76, 1.79675
_12304_, 418.64, 225.76, 1.79675
_13031_, 418.64, 225.76, 1.79675
_14805_, 418.64, 225.76, 1.79675
ANTENNA__07597__B, 418.64, 225.76, 1.79675
ANTENNA__07597__C, 418.64, 225.76, 1.79675
ANTENNA__07598__B1, 418.64, 225.76, 1.79675
ANTENNA__11740__S, 418.64, 225.76, 1.79675
_06626_, 431.44, 225.76, 1.79674
_07549_, 431.44, 225.76, 1.79674
_07550_, 431.44, 225.76, 1.79674
_07742_, 431.44, 225.76, 1.79674
_07743_, 431.44, 225.76, 1.79674
_12308_, 431.44, 225.76, 1.79674
ANTENNA__06626__S, 431.44, 225.76, 1.79674
ANTENNA__07550__B1, 431.44, 225.76, 1.79674
FILLER_0_78_916, 431.44, 225.76, 1.79674
_11749_, 444.24, 225.76, 1.79672
_11750_, 444.24, 225.76, 1.79672
_12307_, 444.24, 225.76, 1.79672
_14551_, 444.24, 225.76, 1.79672
ANTENNA__12307__S, 444.24, 225.76, 1.79672
ANTENNA__07549__B, 444.24, 225.76, 1.79672
ANTENNA__07743__B1, 444.24, 225.76, 1.79672
_12027_, 457.04, 225.76, 1.79672
_12028_, 457.04, 225.76, 1.79672
_14675_, 457.04, 225.76, 1.79672
_14774_, 457.04, 225.76, 1.79672
ANTENNA__12027__A0, 457.04, 225.76, 1.79672
ANTENNA__12029__A0, 457.04, 225.76, 1.79672
ANTENNA__12029__S, 457.04, 225.76, 1.79672
ANTENNA__12027__S, 457.04, 225.76, 1.79672
FILLER_0_79_969, 457.04, 225.76, 1.79672
FILLER_0_79_993, 457.04, 225.76, 1.79672
_12237_, 469.84, 225.76, 1.79673
_12240_, 469.84, 225.76, 1.79673
_12577_, 469.84, 225.76, 1.79673
_14775_, 469.84, 225.76, 1.79673
ANTENNA__12577__A0, 469.84, 225.76, 1.79673
ANTENNA__12237__A1, 469.84, 225.76, 1.79673
ANTENNA__12237__S, 469.84, 225.76, 1.79673
FILLER_0_78_997, 469.84, 225.76, 1.79673
PHY_152, 5.52, 220.32, 1.79693
PHY_154, 5.52, 220.32, 1.79693
PHY_153, 494.04, 220.32, 1.79685
PHY_155, 494.04, 220.32, 1.79685
ANTENNA__12581__A0, 494.04, 220.32, 1.79685
ANTENNA__06640__A, 494.04, 220.32, 1.79685
FILLER_0_76_1056, 494.04, 220.32, 1.79685
_08377_, 34.64, 220.32, 1.79692
_12265_, 34.64, 220.32, 1.79692
_12604_, 34.64, 220.32, 1.79692
_12605_, 34.64, 220.32, 1.79692
_14947_, 34.64, 220.32, 1.79692
ANTENNA__12592__A0, 34.64, 220.32, 1.79692
ANTENNA__12604__A0, 34.64, 220.32, 1.79692
ANTENNA__08377__A2, 34.64, 220.32, 1.79692
ANTENNA__08377__B1, 34.64, 220.32, 1.79692
FILLER_0_77_51, 34.64, 220.32, 1.79692
_12254_, 47.44, 220.32, 1.79693
_12598_, 47.44, 220.32, 1.79693
_12599_, 47.44, 220.32, 1.79693
_14944_, 47.44, 220.32, 1.79693
_08142_, 60.24, 220.32, 1.79694
_12255_, 60.24, 220.32, 1.79694
_14782_, 60.24, 220.32, 1.79694
ANTENNA__12254__A1, 60.24, 220.32, 1.79694
ANTENNA__12254__S, 60.24, 220.32, 1.79694
FILLER_0_77_129, 60.24, 220.32, 1.79694
_12263_, 73.04, 220.32, 1.79696
_14786_, 73.04, 220.32, 1.79696
ANTENNA__08142__A2, 73.04, 220.32, 1.79696
ANTENNA__12248__A1, 73.04, 220.32, 1.79696
ANTENNA__12046__S, 73.04, 220.32, 1.79696
ANTENNA__12248__S, 73.04, 220.32, 1.79696
FILLER_0_76_137, 73.04, 220.32, 1.79696
FILLER_0_77_147, 73.04, 220.32, 1.79696
_12602_, 85.84, 220.32, 1.79698
_12603_, 85.84, 220.32, 1.79698
ANTENNA__12602__S, 85.84, 220.32, 1.79698
ANTENNA__12602__A0, 85.84, 220.32, 1.79698
ANTENNA__08330__A2, 85.84, 220.32, 1.79698
ANTENNA__08330__B1, 85.84, 220.32, 1.79698
_12326_, 98.64, 220.32, 1.79701
_12328_, 98.64, 220.32, 1.79701
_12329_, 98.64, 220.32, 1.79701
_14816_, 98.64, 220.32, 1.79701
_14817_, 98.64, 220.32, 1.79701
ANTENNA__12326__S, 98.64, 220.32, 1.79701
ANTENNA__08289__B1, 98.64, 220.32, 1.79701
ANTENNA__11777__A1, 98.64, 220.32, 1.79701
FILLER_0_76_191, 98.64, 220.32, 1.79701
FILLER_0_78_212, 98.64, 220.32, 1.79701
_08052_, 111.44, 220.32, 1.79704
_08242_, 111.44, 220.32, 1.79704
_11777_, 111.44, 220.32, 1.79704
_11778_, 111.44, 220.32, 1.79704
_12318_, 111.44, 220.32, 1.79704
_14812_, 111.44, 220.32, 1.79704
FILLER_0_78_237, 111.44, 220.32, 1.79704
_08053_, 124.24, 220.32, 1.79709
_11784_, 124.24, 220.32, 1.79709
_12319_, 124.24, 220.32, 1.79709
_12331_, 124.24, 220.32, 1.79709
_14562_, 124.24, 220.32, 1.79709
ANTENNA__12318__S, 124.24, 220.32, 1.79709
ANTENNA__08053__A2, 124.24, 220.32, 1.79709
FILLER_0_77_255, 124.24, 220.32, 1.79709
FILLER_0_78_261, 124.24, 220.32, 1.79709
_11772_, 137.04, 220.32, 1.79714
_11783_, 137.04, 220.32, 1.79714
_12323_, 137.04, 220.32, 1.79714
ANTENNA__12330__S, 137.04, 220.32, 1.79714
ANTENNA__08335__B, 137.04, 220.32, 1.79714
ANTENNA__08336__A2, 137.04, 220.32, 1.79714
ANTENNA__08336__B1, 137.04, 220.32, 1.79714
ANTENNA__11783__A1, 137.04, 220.32, 1.79714
_07807_, 149.84, 220.32, 1.7972
_08148_, 149.84, 220.32, 1.7972
_11771_, 149.84, 220.32, 1.7972
_14558_, 149.84, 220.32, 1.7972
_14814_, 149.84, 220.32, 1.7972
ANTENNA__12316__A0, 149.84, 220.32, 1.7972
ANTENNA__07987__B, 149.84, 220.32, 1.7972
_12332_, 162.64, 220.32, 1.79727
_14778_, 162.64, 220.32, 1.79727
ANTENNA__12332__S, 162.64, 220.32, 1.79727
ANTENNA__12332__A0, 162.64, 220.32, 1.79727
ANTENNA__08148__A2, 162.64, 220.32, 1.79727
ANTENNA__11786__S, 162.64, 220.32, 1.79727
ANTENNA__11786__A1, 162.64, 220.32, 1.79727
ANTENNA__12246__S, 162.64, 220.32, 1.79727
ANTENNA__11070__A, 162.64, 220.32, 1.79727
FILLER_0_77_331, 162.64, 220.32, 1.79727
FILLER_0_77_337, 162.64, 220.32, 1.79727
FILLER_0_77_344, 162.64, 220.32, 1.79727
FILLER_0_77_351, 162.64, 220.32, 1.79727
_07974_, 188.24, 220.32, 1.79729
_11423_, 188.24, 220.32, 1.79729
_12544_, 188.24, 220.32, 1.79729
_14918_, 188.24, 220.32, 1.79729
ANTENNA__12475__A, 188.24, 220.32, 1.79729
_08513_, 201.04, 220.32, 1.79724
_11425_, 201.04, 220.32, 1.79724
_12608_, 201.04, 220.32, 1.79724
_12609_, 201.04, 220.32, 1.79724
_14406_, 201.04, 220.32, 1.79724
ANTENNA__08513__A2, 201.04, 220.32, 1.79724
ANTENNA__12608__A0, 201.04, 220.32, 1.79724
ANTENNA__09585__A, 201.04, 220.32, 1.79724
FILLER_0_77_437, 201.04, 220.32, 1.79724
_07423_, 213.84, 220.32, 1.7972
_07424_, 213.84, 220.32, 1.7972
_08471_, 213.84, 220.32, 1.7972
_08511_, 213.84, 220.32, 1.7972
_09586_, 213.84, 220.32, 1.7972
_13574_, 213.84, 220.32, 1.7972
ANTENNA__06717__B, 213.84, 220.32, 1.7972
ANTENNA__07424__A, 213.84, 220.32, 1.7972
ANTENNA__09860__S, 213.84, 220.32, 1.7972
_11789_, 226.64, 220.32, 1.79718
_12334_, 226.64, 220.32, 1.79718
_12335_, 226.64, 220.32, 1.79718
_14564_, 226.64, 220.32, 1.79718
ANTENNA__12334__A0, 226.64, 220.32, 1.79718
ANTENNA__11080__A1, 226.64, 220.32, 1.79718
ANTENNA__11789__A1, 226.64, 220.32, 1.79718
FILLER_0_78_486, 226.64, 220.32, 1.79718
_07985_, 239.44, 220.32, 1.79715
_08430_, 239.44, 220.32, 1.79715
_09518_, 239.44, 220.32, 1.79715
_13542_, 239.44, 220.32, 1.79715
_14554_, 239.44, 220.32, 1.79715
ANTENNA__07900__A2, 239.44, 220.32, 1.79715
ANTENNA__07900__B1, 239.44, 220.32, 1.79715
ANTENNA__10065__S, 239.44, 220.32, 1.79715
FILLER_0_77_511, 239.44, 220.32, 1.79715
_06863_, 252.24, 220.32, 1.79715
_07435_, 252.24, 220.32, 1.79715
_10915_, 252.24, 220.32, 1.79715
_10916_, 252.24, 220.32, 1.79715
_14182_, 252.24, 220.32, 1.79715
ANTENNA__06729__B1, 252.24, 220.32, 1.79715
ANTENNA__08501__C, 252.24, 220.32, 1.79715
ANTENNA__09517__S, 252.24, 220.32, 1.79715
FILLER_0_76_523, 252.24, 220.32, 1.79715
FILLER_0_78_539, 252.24, 220.32, 1.79715
_12408_, 265.04, 220.32, 1.79715
_12409_, 265.04, 220.32, 1.79715
_12564_, 265.04, 220.32, 1.79715
_12565_, 265.04, 220.32, 1.79715
_14854_, 265.04, 220.32, 1.79715
ANTENNA__08501__B, 265.04, 220.32, 1.79715
FILLER_0_77_561, 265.04, 220.32, 1.79715
_06709_, 277.84, 220.32, 1.79715
_09722_, 277.84, 220.32, 1.79715
_09995_, 277.84, 220.32, 1.79715
_10775_, 277.84, 220.32, 1.79715
_10846_, 277.84, 220.32, 1.79715
_11150_, 277.84, 220.32, 1.79715
_12224_, 277.84, 220.32, 1.79715
_06618_, 290.64, 220.32, 1.79717
_07347_, 290.64, 220.32, 1.79717
_07844_, 290.64, 220.32, 1.79717
_10435_, 290.64, 220.32, 1.79717
_11695_, 290.64, 220.32, 1.79717
_11727_, 290.64, 220.32, 1.79717
_11930_, 290.64, 220.32, 1.79717
_12292_, 290.64, 220.32, 1.79717
clkbuf_leaf_108_wclk, 290.64, 220.32, 1.79717
ANTENNA__07844__A, 290.64, 220.32, 1.79717
ANTENNA__07347__A, 290.64, 220.32, 1.79717
_06617_, 303.44, 220.32, 1.79721
_11728_, 303.44, 220.32, 1.79721
ANTENNA__11288__A1, 303.44, 220.32, 1.79721
FILLER_0_78_655, 303.44, 220.32, 1.79721
FILLER_0_78_660, 303.44, 220.32, 1.79721
_06884_, 316.24, 220.32, 1.79726
_07349_, 316.24, 220.32, 1.79726
_10573_, 316.24, 220.32, 1.79726
ANTENNA__12293__A0, 316.24, 220.32, 1.79726
ANTENNA__06744__B1, 316.24, 220.32, 1.79726
ANTENNA__09447__A, 316.24, 220.32, 1.79726
ANTENNA__10985__S, 316.24, 220.32, 1.79726
ANTENNA__11219__A, 316.24, 220.32, 1.79726
ANTENNA__11220__S, 316.24, 220.32, 1.79726
ANTENNA__11287__A, 316.24, 220.32, 1.79726
_06644_, 341.84, 220.32, 1.79722
_11014_, 341.84, 220.32, 1.79722
_11755_, 341.84, 220.32, 1.79722
_12039_, 341.84, 220.32, 1.79722
_12040_, 341.84, 220.32, 1.79722
_14681_, 341.84, 220.32, 1.79722
ANTENNA__06884__A, 341.84, 220.32, 1.79722
ANTENNA__10573__A1, 341.84, 220.32, 1.79722
ANTENNA__10572__A, 341.84, 220.32, 1.79722
_06641_, 354.64, 220.32, 1.79715
_12038_, 354.64, 220.32, 1.79715
ANTENNA__07243__A, 354.64, 220.32, 1.79715
ANTENNA__06644__S, 354.64, 220.32, 1.79715
ANTENNA__12311__A0, 354.64, 220.32, 1.79715
ANTENNA__06644__A1, 354.64, 220.32, 1.79715
ANTENNA__07402__A2, 354.64, 220.32, 1.79715
ANTENNA__12021__S, 354.64, 220.32, 1.79715
_06624_, 367.44, 220.32, 1.79707
_13030_, 367.44, 220.32, 1.79707
_14802_, 367.44, 220.32, 1.79707
ANTENNA__06641__S, 367.44, 220.32, 1.79707
ANTENNA__12039__A0, 367.44, 220.32, 1.79707
ANTENNA__07792__C, 367.44, 220.32, 1.79707
ANTENNA__11755__S, 367.44, 220.32, 1.79707
ANTENNA__11752__S, 367.44, 220.32, 1.79707
ANTENNA__12039__S, 367.44, 220.32, 1.79707
_06623_, 380.24, 220.32, 1.797
_12026_, 380.24, 220.32, 1.797
_13029_, 380.24, 220.32, 1.797
_14674_, 380.24, 220.32, 1.797
ANTENNA__06623__S, 380.24, 220.32, 1.797
ANTENNA__07501__C, 380.24, 220.32, 1.797
_06619_, 393.04, 220.32, 1.79694
_12296_, 393.04, 220.32, 1.79694
_14545_, 393.04, 220.32, 1.79694
ANTENNA__12023__A0, 393.04, 220.32, 1.79694
ANTENNA__06623__A1, 393.04, 220.32, 1.79694
ANTENNA__06619__A, 393.04, 220.32, 1.79694
FILLER_0_76_829, 393.04, 220.32, 1.79694
_06629_, 405.84, 220.32, 1.79689
_06630_, 405.84, 220.32, 1.79689
_11732_, 405.84, 220.32, 1.79689
clkbuf_leaf_117_wclk, 405.84, 220.32, 1.79689
ANTENNA__06629__S, 405.84, 220.32, 1.79689
ANTENNA__07437__B1, 405.84, 220.32, 1.79689
ANTENNA__11731__S, 405.84, 220.32, 1.79689
FILLER_0_76_869, 405.84, 220.32, 1.79689
_06632_, 418.64, 220.32, 1.79687
_12303_, 418.64, 220.32, 1.79687
_13035_, 418.64, 220.32, 1.79687
ANTENNA__06632__S, 418.64, 220.32, 1.79687
ANTENNA__06629__A1, 418.64, 220.32, 1.79687
_06638_, 431.44, 220.32, 1.79685
_06639_, 431.44, 220.32, 1.79685
_07647_, 431.44, 220.32, 1.79685
_12305_, 431.44, 220.32, 1.79685
ANTENNA__06626__A1, 431.44, 220.32, 1.79685
ANTENNA__07549__C, 431.44, 220.32, 1.79685
ANTENNA__07550__A2, 431.44, 220.32, 1.79685
FILLER_0_77_936, 431.44, 220.32, 1.79685
_12029_, 444.24, 220.32, 1.79684
_12306_, 444.24, 220.32, 1.79684
ANTENNA__12305__S, 444.24, 220.32, 1.79684
ANTENNA__06638__A1, 444.24, 220.32, 1.79684
ANTENNA__07742__B, 444.24, 220.32, 1.79684
ANTENNA__11749__S, 444.24, 220.32, 1.79684
ANTENNA__11749__A1, 444.24, 220.32, 1.79684
FILLER_0_77_961, 444.24, 220.32, 1.79684
_12030_, 457.04, 220.32, 1.79682
_12035_, 457.04, 220.32, 1.79682
_12036_, 457.04, 220.32, 1.79682
_14677_, 457.04, 220.32, 1.79682
_14679_, 457.04, 220.32, 1.79682
_06637_, 469.84, 220.32, 1.79682
_14935_, 469.84, 220.32, 1.79682
clkbuf_leaf_119_wclk, 469.84, 220.32, 1.79682
ANTENNA__12579__S, 469.84, 220.32, 1.79682
ANTENNA__12035__A0, 469.84, 220.32, 1.79682
ANTENNA__12035__S, 469.84, 220.32, 1.79682
FILLER_0_77_1016, 469.84, 220.32, 1.79682
PHY_148, 5.52, 214.88, 1.79703
PHY_150, 5.52, 214.88, 1.79703
PHY_149, 494.04, 214.88, 1.79701
PHY_151, 494.04, 214.88, 1.79701
ANTENNA__06631__A, 494.04, 214.88, 1.79701
FILLER_0_75_1054, 494.04, 214.88, 1.79701
_12258_, 34.64, 214.88, 1.79702
_12259_, 34.64, 214.88, 1.79702
_14784_, 34.64, 214.88, 1.79702
_14787_, 34.64, 214.88, 1.79702
ANTENNA__12264__S, 34.64, 214.88, 1.79702
FILLER_0_75_51, 34.64, 214.88, 1.79702
_12051_, 47.44, 214.88, 1.79702
_14686_, 47.44, 214.88, 1.79702
ANTENNA__12598__S, 47.44, 214.88, 1.79702
ANTENNA__12598__A0, 47.44, 214.88, 1.79702
ANTENNA__12258__S, 47.44, 214.88, 1.79702
FILLER_0_74_78, 47.44, 214.88, 1.79702
FILLER_0_76_103, 47.44, 214.88, 1.79702
_12046_, 60.24, 214.88, 1.79702
_12047_, 60.24, 214.88, 1.79702
_12050_, 60.24, 214.88, 1.79702
ANTENNA__12046__A0, 60.24, 214.88, 1.79702
ANTENNA__12056__A0, 60.24, 214.88, 1.79702
ANTENNA__12050__S, 60.24, 214.88, 1.79702
FILLER_0_74_115, 60.24, 214.88, 1.79702
FILLER_0_75_108, 60.24, 214.88, 1.79702
FILLER_0_75_113, 60.24, 214.88, 1.79702
FILLER_0_75_119, 60.24, 214.88, 1.79702
FILLER_0_76_120, 60.24, 214.88, 1.79702
FILLER_0_76_128, 60.24, 214.88, 1.79702
_06654_, 73.04, 214.88, 1.79703
_06655_, 73.04, 214.88, 1.79703
_12049_, 73.04, 214.88, 1.79703
_12056_, 73.04, 214.88, 1.79703
_14946_, 73.04, 214.88, 1.79703
clkbuf_leaf_3_wclk, 73.04, 214.88, 1.79703
ANTENNA__06654__S, 73.04, 214.88, 1.79703
ANTENNA__12056__S, 73.04, 214.88, 1.79703
FILLER_0_75_149, 73.04, 214.88, 1.79703
FILLER_0_76_153, 73.04, 214.88, 1.79703
_06667_, 85.84, 214.88, 1.79707
_13040_, 85.84, 214.88, 1.79707
_13044_, 85.84, 214.88, 1.79707
ANTENNA__06654__A1, 85.84, 214.88, 1.79707
ANTENNA__06669__A1, 85.84, 214.88, 1.79707
_08288_, 98.64, 214.88, 1.79711
_08289_, 98.64, 214.88, 1.79711
_14561_, 98.64, 214.88, 1.79711
ANTENNA__06669__S, 98.64, 214.88, 1.79711
ANTENNA__12326__A0, 98.64, 214.88, 1.79711
ANTENNA__08288__B, 98.64, 214.88, 1.79711
ANTENNA__08241__B, 98.64, 214.88, 1.79711
ANTENNA__08288__C, 98.64, 214.88, 1.79711
FILLER_0_74_193, 98.64, 214.88, 1.79711
FILLER_0_75_189, 98.64, 214.88, 1.79711
_08194_, 111.44, 214.88, 1.79716
_11765_, 111.44, 214.88, 1.79716
_11766_, 111.44, 214.88, 1.79716
_11780_, 111.44, 214.88, 1.79716
_11781_, 111.44, 214.88, 1.79716
_14556_, 111.44, 214.88, 1.79716
ANTENNA__08242__B1, 111.44, 214.88, 1.79716
FILLER_0_74_226, 111.44, 214.88, 1.79716
FILLER_0_75_234, 111.44, 214.88, 1.79716
_06673_, 124.24, 214.88, 1.79722
_08335_, 124.24, 214.88, 1.79722
_13046_, 124.24, 214.88, 1.79722
_14818_, 124.24, 214.88, 1.79722
ANTENNA__08101__A2, 124.24, 214.88, 1.79722
ANTENNA__08053__B1, 124.24, 214.88, 1.79722
ANTENNA__11765__S, 124.24, 214.88, 1.79722
ANTENNA__11765__A1, 124.24, 214.88, 1.79722
_13039_, 137.04, 214.88, 1.79728
ANTENNA__12316__S, 137.04, 214.88, 1.79728
ANTENNA__08335__C, 137.04, 214.88, 1.79728
ANTENNA__07987__C, 137.04, 214.88, 1.79728
ANTENNA__11783__S, 137.04, 214.88, 1.79728
FILLER_0_76_287, 137.04, 214.88, 1.79728
FILLER_0_76_292, 137.04, 214.88, 1.79728
_06660_, 149.84, 214.88, 1.79735
_06661_, 149.84, 214.88, 1.79735
_08147_, 149.84, 214.88, 1.79735
_13042_, 149.84, 214.88, 1.79735
ANTENNA__06660__S, 149.84, 214.88, 1.79735
ANTENNA__07988__A2, 149.84, 214.88, 1.79735
ANTENNA__11771__S, 149.84, 214.88, 1.79735
FILLER_0_75_324, 149.84, 214.88, 1.79735
_11786_, 162.64, 214.88, 1.79743
_11787_, 162.64, 214.88, 1.79743
_12333_, 162.64, 214.88, 1.79743
_14563_, 162.64, 214.88, 1.79743
_14819_, 162.64, 214.88, 1.79743
ANTENNA__08147__B, 162.64, 214.88, 1.79743
ANTENNA__08147__C, 162.64, 214.88, 1.79743
_06713_, 188.24, 214.88, 1.79747
_12268_, 188.24, 214.88, 1.79747
_12269_, 188.24, 214.88, 1.79747
_12545_, 188.24, 214.88, 1.79747
ANTENNA__12544__S, 188.24, 214.88, 1.79747
ANTENNA__12544__A0, 188.24, 214.88, 1.79747
ANTENNA__06713__A2, 188.24, 214.88, 1.79747
ANTENNA__08424__B1, 188.24, 214.88, 1.79747
ANTENNA__11423__A, 188.24, 214.88, 1.79747
ANTENNA__12268__A1, 188.24, 214.88, 1.79747
_11424_, 201.04, 214.88, 1.79743
_13081_, 201.04, 214.88, 1.79743
_14949_, 201.04, 214.88, 1.79743
_12314_, 213.84, 214.88, 1.7974
_14810_, 213.84, 214.88, 1.7974
ANTENNA__12314__A0, 213.84, 214.88, 1.7974
ANTENNA__08471__A2, 213.84, 214.88, 1.7974
ANTENNA__08471__B1, 213.84, 214.88, 1.7974
ANTENNA__07899__B, 213.84, 214.88, 1.7974
ANTENNA__09586__A0, 213.84, 214.88, 1.7974
ANTENNA__09586__S, 213.84, 214.88, 1.7974
FILLER_0_74_444, 213.84, 214.88, 1.7974
FILLER_0_75_439, 213.84, 214.88, 1.7974
FILLER_0_75_449, 213.84, 214.88, 1.7974
_06679_, 226.64, 214.88, 1.79738
_11790_, 226.64, 214.88, 1.79738
_12313_, 226.64, 214.88, 1.79738
_12315_, 226.64, 214.88, 1.79738
_14820_, 226.64, 214.88, 1.79738
ANTENNA__12314__S, 226.64, 214.88, 1.79738
FILLER_0_74_467, 226.64, 214.88, 1.79738
_07900_, 239.44, 214.88, 1.79736
_07986_, 239.44, 214.88, 1.79736
_11759_, 239.44, 214.88, 1.79736
_11760_, 239.44, 214.88, 1.79736
_12337_, 239.44, 214.88, 1.79736
_12339_, 239.44, 214.88, 1.79736
_12340_, 239.44, 214.88, 1.79736
_14821_, 239.44, 214.88, 1.79736
ANTENNA__11759__S, 239.44, 214.88, 1.79736
_10917_, 252.24, 214.88, 1.79736
_12341_, 252.24, 214.88, 1.79736
_12566_, 252.24, 214.88, 1.79736
_14822_, 252.24, 214.88, 1.79736
_14928_, 252.24, 214.88, 1.79736
ANTENNA__07342__A2, 252.24, 214.88, 1.79736
ANTENNA__10133__S, 252.24, 214.88, 1.79736
FILLER_0_74_533, 252.24, 214.88, 1.79736
FILLER_0_76_542, 252.24, 214.88, 1.79736
_12225_, 265.04, 214.88, 1.79736
_12270_, 265.04, 214.88, 1.79736
_12542_, 265.04, 214.88, 1.79736
_13862_, 265.04, 214.88, 1.79736
ANTENNA__06765__C1, 265.04, 214.88, 1.79736
ANTENNA__10916__A1, 265.04, 214.88, 1.79736
ANTENNA__10915__A, 265.04, 214.88, 1.79736
ANTENNA__10916__S, 265.04, 214.88, 1.79736
FILLER_0_75_565, 265.04, 214.88, 1.79736
_06584_, 277.84, 214.88, 1.79738
_06874_, 277.84, 214.88, 1.79738
_10201_, 277.84, 214.88, 1.79738
_11998_, 277.84, 214.88, 1.79738
_12272_, 277.84, 214.88, 1.79738
_12273_, 277.84, 214.88, 1.79738
_14790_, 277.84, 214.88, 1.79738
_06739_, 290.64, 214.88, 1.7974
_06752_, 290.64, 214.88, 1.7974
_06875_, 290.64, 214.88, 1.7974
_07293_, 290.64, 214.88, 1.7974
_11729_, 290.64, 214.88, 1.7974
_12271_, 290.64, 214.88, 1.7974
_13028_, 290.64, 214.88, 1.7974
ANTENNA__06709__B, 290.64, 214.88, 1.7974
FILLER_0_75_631, 290.64, 214.88, 1.7974
_06616_, 303.44, 214.88, 1.79744
_07348_, 303.44, 214.88, 1.79744
_12816_, 303.44, 214.88, 1.79744
_14544_, 303.44, 214.88, 1.79744
ANTENNA__12272__S, 303.44, 214.88, 1.79744
ANTENNA__07293__A, 303.44, 214.88, 1.79744
ANTENNA__06736__B, 303.44, 214.88, 1.79744
ANTENNA__11220__A1, 303.44, 214.88, 1.79744
ANTENNA__11728__S, 303.44, 214.88, 1.79744
FILLER_0_75_658, 303.44, 214.88, 1.79744
_06751_, 316.24, 214.88, 1.79748
_09996_, 316.24, 214.88, 1.79748
_09998_, 316.24, 214.88, 1.79748
_13766_, 316.24, 214.88, 1.79748
ANTENNA__06617__S, 316.24, 214.88, 1.79748
ANTENNA__06749__C, 316.24, 214.88, 1.79748
ANTENNA__07348__C, 316.24, 214.88, 1.79748
FILLER_0_75_689, 316.24, 214.88, 1.79748
_11754_, 341.84, 214.88, 1.79746
_14969_, 341.84, 214.88, 1.79746
ANTENNA__12815__A, 341.84, 214.88, 1.79746
ANTENNA__12021__A0, 341.84, 214.88, 1.79746
ANTENNA__06747__C, 341.84, 214.88, 1.79746
ANTENNA__06751__A2, 341.84, 214.88, 1.79746
ANTENNA__09996__A, 341.84, 214.88, 1.79746
ANTENNA__10573__S, 341.84, 214.88, 1.79746
ANTENNA__12020__A, 341.84, 214.88, 1.79746
_12037_, 354.64, 214.88, 1.79739
_14680_, 354.64, 214.88, 1.79739
ANTENNA__12633__S, 354.64, 214.88, 1.79739
ANTENNA__07792__B, 354.64, 214.88, 1.79739
ANTENNA__07845__C, 354.64, 214.88, 1.79739
ANTENNA__07402__B1, 354.64, 214.88, 1.79739
ANTENNA__07845__B, 354.64, 214.88, 1.79739
ANTENNA__11151__A, 354.64, 214.88, 1.79739
ANTENNA__12633__A1, 354.64, 214.88, 1.79739
ANTENNA__12651__S, 367.44, 214.88, 1.79733
ANTENNA__12649__S, 367.44, 214.88, 1.79733
ANTENNA__12717__S, 367.44, 214.88, 1.79733
ANTENNA__12037__A0, 367.44, 214.88, 1.79733
ANTENNA__06641__A1, 367.44, 214.88, 1.79733
ANTENNA__07881__A2, 367.44, 214.88, 1.79733
ANTENNA__12649__A1, 367.44, 214.88, 1.79733
ANTENNA__12651__A1, 367.44, 214.88, 1.79733
ANTENNA__12037__S, 367.44, 214.88, 1.79733
FILLER_0_76_797, 367.44, 214.88, 1.79733
_11733_, 380.24, 214.88, 1.79728
_12025_, 380.24, 214.88, 1.79728
_12705_, 380.24, 214.88, 1.79728
ANTENNA__12025__A0, 380.24, 214.88, 1.79728
ANTENNA__07501__B, 380.24, 214.88, 1.79728
ANTENNA__07534__A2, 380.24, 214.88, 1.79728
ANTENNA__12705__A1, 380.24, 214.88, 1.79728
ANTENNA__12717__A1, 380.24, 214.88, 1.79728
ANTENNA__12025__S, 380.24, 214.88, 1.79728
ANTENNA__11730__A, 380.24, 214.88, 1.79728
ANTENNA__11733__A, 380.24, 214.88, 1.79728
FILLER_0_75_813, 380.24, 214.88, 1.79728
FILLER_0_76_817, 380.24, 214.88, 1.79728
_11731_, 393.04, 214.88, 1.79722
_12023_, 393.04, 214.88, 1.79722
_14673_, 393.04, 214.88, 1.79722
ANTENNA__12705__S, 393.04, 214.88, 1.79722
ANTENNA__07534__B1, 393.04, 214.88, 1.79722
ANTENNA__12635__A1, 393.04, 214.88, 1.79722
ANTENNA__12023__S, 393.04, 214.88, 1.79722
FILLER_0_74_837, 393.04, 214.88, 1.79722
FILLER_0_75_830, 393.04, 214.88, 1.79722
_11744_, 405.84, 214.88, 1.79717
_13033_, 405.84, 214.88, 1.79717
_14549_, 405.84, 214.88, 1.79717
ANTENNA__12635__S, 405.84, 214.88, 1.79717
ANTENNA__07486__A2, 405.84, 214.88, 1.79717
ANTENNA__11731__A1, 405.84, 214.88, 1.79717
ANTENNA__11739__A, 405.84, 214.88, 1.79717
ANTENNA_clkbuf_leaf_117_wclk_A, 405.84, 214.88, 1.79717
FILLER_0_74_869, 405.84, 214.88, 1.79717
FILLER_0_75_861, 405.84, 214.88, 1.79717
FILLER_0_75_872, 405.84, 214.88, 1.79717
FILLER_0_76_876, 405.84, 214.88, 1.79717
_07648_, 418.64, 214.88, 1.79713
_11743_, 418.64, 214.88, 1.79713
ANTENNA__12303__S, 418.64, 214.88, 1.79713
ANTENNA__06632__A1, 418.64, 214.88, 1.79713
ANTENNA__11743__S, 418.64, 214.88, 1.79713
FILLER_0_74_885, 418.64, 214.88, 1.79713
FILLER_0_74_893, 418.64, 214.88, 1.79713
_06635_, 431.44, 214.88, 1.79709
_07695_, 431.44, 214.88, 1.79709
_07696_, 431.44, 214.88, 1.79709
_11747_, 431.44, 214.88, 1.79709
_14806_, 431.44, 214.88, 1.79709
ANTENNA__12303__A0, 431.44, 214.88, 1.79709
ANTENNA__07742__C, 431.44, 214.88, 1.79709
ANTENNA__07743__A2, 431.44, 214.88, 1.79709
_11746_, 444.24, 214.88, 1.79706
_14550_, 444.24, 214.88, 1.79706
_14676_, 444.24, 214.88, 1.79706
ANTENNA__12305__A0, 444.24, 214.88, 1.79706
ANTENNA__06635__A1, 444.24, 214.88, 1.79706
ANTENNA__11746__S, 444.24, 214.88, 1.79706
ANTENNA__11746__A1, 444.24, 214.88, 1.79706
FILLER_0_75_957, 444.24, 214.88, 1.79706
_12031_, 457.04, 214.88, 1.79704
_12032_, 457.04, 214.88, 1.79704
ANTENNA__07632__A2, 457.04, 214.88, 1.79704
ANTENNA__12033__S, 457.04, 214.88, 1.79704
ANTENNA__12031__S, 457.04, 214.88, 1.79704
FILLER_0_74_971, 457.04, 214.88, 1.79704
FILLER_0_75_976, 457.04, 214.88, 1.79704
_12242_, 469.84, 214.88, 1.79702
_14776_, 469.84, 214.88, 1.79702
ANTENNA__12031__A0, 469.84, 214.88, 1.79702
ANTENNA__12033__A0, 469.84, 214.88, 1.79702
ANTENNA__11033__A, 469.84, 214.88, 1.79702
ANTENNA__06637__A, 469.84, 214.88, 1.79702
ANTENNA_clkbuf_leaf_119_wclk_A, 469.84, 214.88, 1.79702
FILLER_0_75_1003, 469.84, 214.88, 1.79702
FILLER_0_75_1009, 469.84, 214.88, 1.79702
PHY_144, 5.52, 209.44, 1.79716
PHY_146, 5.52, 209.44, 1.79716
PHY_145, 494.04, 209.44, 1.79713
PHY_147, 494.04, 209.44, 1.79713
FILLER_0_73_1056, 494.04, 209.44, 1.79713
_06674_, 34.64, 209.44, 1.79716
ANTENNA__12604__S, 34.64, 209.44, 1.79716
ANTENNA__12258__A1, 34.64, 209.44, 1.79716
ANTENNA__06674__A, 34.64, 209.44, 1.79716
FILLER_0_73_51, 34.64, 209.44, 1.79716
FILLER_0_73_57, 34.64, 209.44, 1.79716
FILLER_0_73_70, 34.64, 209.44, 1.79716
FILLER_0_74_65, 34.64, 209.44, 1.79716
_12055_, 47.44, 209.44, 1.79717
_14687_, 47.44, 209.44, 1.79717
_14688_, 47.44, 209.44, 1.79717
FILLER_0_72_85, 47.44, 209.44, 1.79717
_12053_, 60.24, 209.44, 1.79718
_12057_, 60.24, 209.44, 1.79718
_14684_, 60.24, 209.44, 1.79718
_14689_, 60.24, 209.44, 1.79718
ANTENNA__12050__A0, 60.24, 209.44, 1.79718
ANTENNA__12052__A0, 60.24, 209.44, 1.79718
ANTENNA__12052__S, 60.24, 209.44, 1.79718
_12048_, 73.04, 209.44, 1.79721
_14685_, 73.04, 209.44, 1.79721
FILLER_0_73_136, 73.04, 209.44, 1.79721
FILLER_0_73_157, 73.04, 209.44, 1.79721
_06666_, 85.84, 209.44, 1.79724
_06669_, 85.84, 209.44, 1.79724
_06670_, 85.84, 209.44, 1.79724
_13043_, 85.84, 209.44, 1.79724
_13045_, 85.84, 209.44, 1.79724
ANTENNA__06666__A1, 85.84, 209.44, 1.79724
ANTENNA_clkbuf_leaf_3_wclk_A, 85.84, 209.44, 1.79724
FILLER_0_72_166, 85.84, 209.44, 1.79724
_06657_, 98.64, 209.44, 1.79728
_06663_, 98.64, 209.44, 1.79728
_06664_, 98.64, 209.44, 1.79728
_08100_, 98.64, 209.44, 1.79728
_08241_, 98.64, 209.44, 1.79728
ANTENNA__08194__B, 98.64, 209.44, 1.79728
ANTENNA__08241__C, 98.64, 209.44, 1.79728
ANTENNA__08289__A2, 98.64, 209.44, 1.79728
ANTENNA__11780__A1, 98.64, 209.44, 1.79728
_08195_, 111.44, 209.44, 1.79733
_11775_, 111.44, 209.44, 1.79733
ANTENNA__12320__S, 111.44, 209.44, 1.79733
ANTENNA__08052__B, 111.44, 209.44, 1.79733
ANTENNA__08194__C, 111.44, 209.44, 1.79733
ANTENNA__08052__C, 111.44, 209.44, 1.79733
ANTENNA__08195__B1, 111.44, 209.44, 1.79733
ANTENNA__11780__S, 111.44, 209.44, 1.79733
ANTENNA__11777__S, 111.44, 209.44, 1.79733
FILLER_0_72_229, 111.44, 209.44, 1.79733
FILLER_0_73_221, 111.44, 209.44, 1.79733
FILLER_0_73_241, 111.44, 209.44, 1.79733
FILLER_0_74_244, 111.44, 209.44, 1.79733
_06672_, 124.24, 209.44, 1.79737
_08101_, 124.24, 209.44, 1.79737
_14813_, 124.24, 209.44, 1.79737
clkbuf_leaf_6_wclk, 124.24, 209.44, 1.79737
ANTENNA__06672__S, 124.24, 209.44, 1.79737
ANTENNA__06672__A1, 124.24, 209.44, 1.79737
ANTENNA__08101__B1, 124.24, 209.44, 1.79737
ANTENNA_clkbuf_leaf_6_wclk_A, 124.24, 209.44, 1.79737
FILLER_0_73_258, 124.24, 209.44, 1.79737
_06651_, 137.04, 209.44, 1.79745
_06652_, 137.04, 209.44, 1.79745
_07987_, 137.04, 209.44, 1.79745
_11763_, 137.04, 209.44, 1.79745
_12316_, 137.04, 209.44, 1.79745
_14555_, 137.04, 209.44, 1.79745
ANTENNA__12044__A0, 137.04, 209.44, 1.79745
ANTENNA__12058__A0, 137.04, 209.44, 1.79745
ANTENNA__12058__S, 137.04, 209.44, 1.79745
FILLER_0_73_273, 137.04, 209.44, 1.79745
FILLER_0_73_290, 137.04, 209.44, 1.79745
FILLER_0_74_296, 137.04, 209.44, 1.79745
_07988_, 149.84, 209.44, 1.79753
_11762_, 149.84, 209.44, 1.79753
clkbuf_leaf_11_wclk, 149.84, 209.44, 1.79753
ANTENNA__06675__S, 149.84, 209.44, 1.79753
ANTENNA__07988__B1, 149.84, 209.44, 1.79753
_06675_, 162.64, 209.44, 1.79763
_06676_, 162.64, 209.44, 1.79763
_08382_, 162.64, 209.44, 1.79763
_08383_, 162.64, 209.44, 1.79763
_13047_, 162.64, 209.44, 1.79763
ANTENNA__08382__B, 162.64, 209.44, 1.79763
ANTENNA__08383__A2, 162.64, 209.44, 1.79763
_06677_, 188.24, 209.44, 1.79771
_12062_, 188.24, 209.44, 1.79771
_14789_, 188.24, 209.44, 1.79771
ANTENNA__12606__S, 188.24, 209.44, 1.79771
ANTENNA__12606__A0, 188.24, 209.44, 1.79771
ANTENNA__12062__A0, 188.24, 209.44, 1.79771
ANTENNA__12062__S, 188.24, 209.44, 1.79771
ANTENNA__06677__A, 188.24, 209.44, 1.79771
FILLER_0_73_399, 188.24, 209.44, 1.79771
FILLER_0_73_409, 188.24, 209.44, 1.79771
ANTENNA__12810__S, 201.04, 209.44, 1.79768
ANTENNA__06713__B1, 201.04, 209.44, 1.79768
ANTENNA__08460__B1, 201.04, 209.44, 1.79768
ANTENNA__11146__A1, 201.04, 209.44, 1.79768
ANTENNA__11424__S, 201.04, 209.44, 1.79768
ANTENNA__12268__S, 201.04, 209.44, 1.79768
ANTENNA__13081__RESET_B, 201.04, 209.44, 1.79768
FILLER_0_73_415, 201.04, 209.44, 1.79768
FILLER_0_73_424, 201.04, 209.44, 1.79768
FILLER_0_73_430, 201.04, 209.44, 1.79768
_06648_, 213.84, 209.44, 1.79765
_06649_, 213.84, 209.44, 1.79765
_07898_, 213.84, 209.44, 1.79765
_07899_, 213.84, 209.44, 1.79765
_13038_, 213.84, 209.44, 1.79765
ANTENNA__06648__A1, 213.84, 209.44, 1.79765
ANTENNA__07899__C, 213.84, 209.44, 1.79765
ANTENNA__11424__A1, 213.84, 209.44, 1.79765
ANTENNA__13081__CLK, 213.84, 209.44, 1.79765
FILLER_0_72_441, 213.84, 209.44, 1.79765
FILLER_0_73_465, 213.84, 209.44, 1.79765
_06647_, 226.64, 209.44, 1.79764
_06678_, 226.64, 209.44, 1.79764
_08429_, 226.64, 209.44, 1.79764
_13048_, 226.64, 209.44, 1.79764
ANTENNA__07898__A, 226.64, 209.44, 1.79764
ANTENNA__06678__A1, 226.64, 209.44, 1.79764
ANTENNA__08429__B, 226.64, 209.44, 1.79764
ANTENNA__11759__A1, 226.64, 209.44, 1.79764
FILLER_0_74_487, 226.64, 209.44, 1.79764
_08476_, 239.44, 209.44, 1.79763
_08477_, 239.44, 209.44, 1.79763
_11758_, 239.44, 209.44, 1.79763
_12336_, 239.44, 209.44, 1.79763
ANTENNA__12339__A, 239.44, 209.44, 1.79763
ANTENNA__12340__S, 239.44, 209.44, 1.79763
ANTENNA__08429__C, 239.44, 209.44, 1.79763
ANTENNA__08476__B, 239.44, 209.44, 1.79763
FILLER_0_73_497, 239.44, 209.44, 1.79763
FILLER_0_73_522, 239.44, 209.44, 1.79763
_06864_, 252.24, 209.44, 1.79762
_07342_, 252.24, 209.44, 1.79762
_09789_, 252.24, 209.44, 1.79762
ANTENNA__06863__A, 252.24, 209.44, 1.79762
ANTENNA__06864__A, 252.24, 209.44, 1.79762
ANTENNA__07342__B1, 252.24, 209.44, 1.79762
ANTENNA__12340__A1, 252.24, 209.44, 1.79762
ANTENNA__11791__A, 252.24, 209.44, 1.79762
FILLER_0_72_523, 252.24, 209.44, 1.79762
FILLER_0_72_533, 252.24, 209.44, 1.79762
FILLER_0_74_549, 252.24, 209.44, 1.79762
_09375_, 265.04, 209.44, 1.79761
_10202_, 265.04, 209.44, 1.79761
_10203_, 265.04, 209.44, 1.79761
_12226_, 265.04, 209.44, 1.79761
_14768_, 265.04, 209.44, 1.79761
ANTENNA__12565__S, 265.04, 209.44, 1.79761
ANTENNA__08502__B, 265.04, 209.44, 1.79761
ANTENNA__08502__C, 265.04, 209.44, 1.79761
FILLER_0_73_553, 265.04, 209.44, 1.79761
_10845_, 277.84, 209.44, 1.79761
_11082_, 277.84, 209.44, 1.79761
_12202_, 277.84, 209.44, 1.79761
ANTENNA__12408__S, 277.84, 209.44, 1.79761
ANTENNA__10201__A, 277.84, 209.44, 1.79761
ANTENNA__10202__S, 277.84, 209.44, 1.79761
ANTENNA__12408__A1, 277.84, 209.44, 1.79761
ANTENNA__12225__A1, 277.84, 209.44, 1.79761
FILLER_0_72_585, 277.84, 209.44, 1.79761
FILLER_0_73_597, 277.84, 209.44, 1.79761
_06524_, 290.64, 209.44, 1.79762
_06712_, 290.64, 209.44, 1.79762
_06733_, 290.64, 209.44, 1.79762
_06735_, 290.64, 209.44, 1.79762
_06736_, 290.64, 209.44, 1.79762
_11626_, 290.64, 209.44, 1.79762
_11933_, 290.64, 209.44, 1.79762
_14630_, 290.64, 209.44, 1.79762
ANTENNA_13, 290.64, 209.44, 1.79762
FILLER_0_73_620, 290.64, 209.44, 1.79762
_07318_, 303.44, 209.44, 1.79764
_09449_, 303.44, 209.44, 1.79764
_11152_, 303.44, 209.44, 1.79764
_12817_, 303.44, 209.44, 1.79764
_13510_, 303.44, 209.44, 1.79764
_15046_, 303.44, 209.44, 1.79764
ANTENNA__06739__B1, 303.44, 209.44, 1.79764
FILLER_0_73_645, 303.44, 209.44, 1.79764
_06747_, 316.24, 209.44, 1.79767
_06750_, 316.24, 209.44, 1.79767
_06878_, 316.24, 209.44, 1.79767
_09997_, 316.24, 209.44, 1.79767
_11931_, 316.24, 209.44, 1.79767
ANTENNA__07318__A, 316.24, 209.44, 1.79767
_07403_, 341.84, 209.44, 1.79762
_07881_, 341.84, 209.44, 1.79762
_12651_, 341.84, 209.44, 1.79762
_12652_, 341.84, 209.44, 1.79762
_12720_, 341.84, 209.44, 1.79762
_15001_, 341.84, 209.44, 1.79762
ANTENNA__06747__B, 341.84, 209.44, 1.79762
ANTENNA__09997__A0, 341.84, 209.44, 1.79762
ANTENNA__11152__S, 341.84, 209.44, 1.79762
FILLER_0_72_730, 341.84, 209.44, 1.79762
_07829_, 354.64, 209.44, 1.79753
_07879_, 354.64, 209.44, 1.79753
_12650_, 354.64, 209.44, 1.79753
_14968_, 354.64, 209.44, 1.79753
ANTENNA__07397__B1, 354.64, 209.44, 1.79753
ANTENNA__07881__B1, 354.64, 209.44, 1.79753
ANTENNA__11014__A, 354.64, 209.44, 1.79753
ANTENNA__11754__A, 354.64, 209.44, 1.79753
_12649_, 367.44, 209.44, 1.79745
_12717_, 367.44, 209.44, 1.79745
_14456_, 367.44, 209.44, 1.79745
_15000_, 367.44, 209.44, 1.79745
ANTENNA__07397__A2, 367.44, 209.44, 1.79745
ANTENNA__07829__B1, 367.44, 209.44, 1.79745
_07534_, 380.24, 209.44, 1.79738
_11730_, 380.24, 209.44, 1.79738
_12637_, 380.24, 209.44, 1.79738
_12638_, 380.24, 209.44, 1.79738
_12706_, 380.24, 209.44, 1.79738
_12718_, 380.24, 209.44, 1.79738
_14962_, 380.24, 209.44, 1.79738
_14994_, 380.24, 209.44, 1.79738
ANTENNA__07829__A2, 380.24, 209.44, 1.79738
_12024_, 393.04, 209.44, 1.79733
_12635_, 393.04, 209.44, 1.79733
_12636_, 393.04, 209.44, 1.79733
_14961_, 393.04, 209.44, 1.79733
_14993_, 393.04, 209.44, 1.79733
ANTENNA__12637__S, 393.04, 209.44, 1.79733
ANTENNA__12637__A1, 393.04, 209.44, 1.79733
FILLER_0_74_847, 393.04, 209.44, 1.79733
_06633_, 405.84, 209.44, 1.79729
_07486_, 405.84, 209.44, 1.79729
_11739_, 405.84, 209.44, 1.79729
_12778_, 405.84, 209.44, 1.79729
ANTENNA__12703__S, 405.84, 209.44, 1.79729
ANTENNA__12779__S, 405.84, 209.44, 1.79729
ANTENNA__07486__B1, 405.84, 209.44, 1.79729
ANTENNA__12703__A1, 405.84, 209.44, 1.79729
FILLER_0_72_869, 405.84, 209.44, 1.79729
FILLER_0_73_872, 405.84, 209.44, 1.79729
FILLER_0_73_884, 405.84, 209.44, 1.79729
FILLER_0_74_878, 405.84, 209.44, 1.79729
_11027_, 418.64, 209.44, 1.79725
_12712_, 418.64, 209.44, 1.79725
_13034_, 418.64, 209.44, 1.79725
ANTENNA__12781__S, 418.64, 209.44, 1.79725
ANTENNA__07648__A2, 418.64, 209.44, 1.79725
ANTENNA__07648__B1, 418.64, 209.44, 1.79725
ANTENNA__11027__A, 418.64, 209.44, 1.79725
ANTENNA__12779__A1, 418.64, 209.44, 1.79725
FILLER_0_72_890, 418.64, 209.44, 1.79725
FILLER_0_73_903, 418.64, 209.44, 1.79725
FILLER_0_73_909, 418.64, 209.44, 1.79725
_06636_, 431.44, 209.44, 1.79722
_12713_, 431.44, 209.44, 1.79722
ANTENNA__06638__S, 431.44, 209.44, 1.79722
ANTENNA__06635__S, 431.44, 209.44, 1.79722
ANTENNA__07695__B, 431.44, 209.44, 1.79722
ANTENNA__07647__B, 431.44, 209.44, 1.79722
ANTENNA__07695__C, 431.44, 209.44, 1.79722
ANTENNA__07647__C, 431.44, 209.44, 1.79722
ANTENNA__07678__A2, 431.44, 209.44, 1.79722
ANTENNA__07696__A2, 431.44, 209.44, 1.79722
ANTENNA__07696__B1, 431.44, 209.44, 1.79722
ANTENNA__11743__A1, 431.44, 209.44, 1.79722
FILLER_0_72_925, 431.44, 209.44, 1.79722
_07630_, 444.24, 209.44, 1.79718
_12709_, 444.24, 209.44, 1.79718
ANTENNA__12713__S, 444.24, 209.44, 1.79718
ANTENNA__07630__A2, 444.24, 209.44, 1.79718
ANTENNA__07630__B1, 444.24, 209.44, 1.79718
ANTENNA__07632__B1, 444.24, 209.44, 1.79718
ANTENNA__12713__A1, 444.24, 209.44, 1.79718
_07632_, 457.04, 209.44, 1.79716
_11033_, 457.04, 209.44, 1.79716
_12033_, 457.04, 209.44, 1.79716
_12034_, 457.04, 209.44, 1.79716
_12641_, 457.04, 209.44, 1.79716
_14678_, 457.04, 209.44, 1.79716
ANTENNA__12641__S, 457.04, 209.44, 1.79716
_11745_, 469.84, 209.44, 1.79714
_12241_, 469.84, 209.44, 1.79714
_12643_, 469.84, 209.44, 1.79714
_12644_, 469.84, 209.44, 1.79714
_12645_, 469.84, 209.44, 1.79714
_14966_, 469.84, 209.44, 1.79714
ANTENNA__12643__S, 469.84, 209.44, 1.79714
ANTENNA__07680__B1, 469.84, 209.44, 1.79714
ANTENNA__12241__S, 469.84, 209.44, 1.79714
FILLER_0_74_1013, 469.84, 209.44, 1.79714
PHY_140, 5.52, 204, 1.7973
PHY_142, 5.52, 204, 1.7973
output67, 5.52, 204, 1.7973
ANTENNA_output67_A, 5.52, 204, 1.7973
PHY_141, 494.04, 204, 1.79722
PHY_143, 494.04, 204, 1.79722
_11776_, 34.64, 204, 1.79732
ANTENNA__11776__A, 34.64, 204, 1.79732
FILLER_0_70_53, 34.64, 204, 1.79732
FILLER_0_72_77, 34.64, 204, 1.79732
_12052_, 47.44, 204, 1.79734
_12054_, 47.44, 204, 1.79734
_12060_, 47.44, 204, 1.79734
_12061_, 47.44, 204, 1.79734
ANTENNA__12054__A0, 47.44, 204, 1.79734
ANTENNA__12060__A0, 47.44, 204, 1.79734
FILLER_0_70_85, 47.44, 204, 1.79734
FILLER_0_71_81, 47.44, 204, 1.79734
_12660_, 60.24, 204, 1.79737
_12668_, 60.24, 204, 1.79737
_12669_, 60.24, 204, 1.79737
ANTENNA__12668__S, 60.24, 204, 1.79737
ANTENNA__08273__A2, 60.24, 204, 1.79737
ANTENNA__12668__A1, 60.24, 204, 1.79737
ANTENNA__12060__S, 60.24, 204, 1.79737
ANTENNA__12054__S, 60.24, 204, 1.79737
FILLER_0_70_108, 60.24, 204, 1.79737
FILLER_0_72_132, 60.24, 204, 1.79737
_12661_, 73.04, 204, 1.7974
_12736_, 73.04, 204, 1.7974
ANTENNA__12660__S, 73.04, 204, 1.7974
ANTENNA__12736__S, 73.04, 204, 1.7974
ANTENNA__12048__A0, 73.04, 204, 1.7974
ANTENNA__12660__A1, 73.04, 204, 1.7974
ANTENNA__12736__A1, 73.04, 204, 1.7974
ANTENNA__12048__S, 73.04, 204, 1.7974
FILLER_0_71_151, 73.04, 204, 1.7974
FILLER_0_72_158, 73.04, 204, 1.7974
_06658_, 85.84, 204, 1.79743
_12729_, 85.84, 204, 1.79743
clkbuf_leaf_4_wclk, 85.84, 204, 1.79743
ANTENNA__06666__S, 85.84, 204, 1.79743
ANTENNA__08132__A2, 85.84, 204, 1.79743
ANTENNA__08132__B1, 85.84, 204, 1.79743
FILLER_0_71_169, 85.84, 204, 1.79743
FILLER_0_72_184, 85.84, 204, 1.79743
_12324_, 98.64, 204, 1.79748
_12325_, 98.64, 204, 1.79748
_14815_, 98.64, 204, 1.79748
ANTENNA__06657__S, 98.64, 204, 1.79748
ANTENNA__06663__A1, 98.64, 204, 1.79748
ANTENNA__08100__B, 98.64, 204, 1.79748
ANTENNA_clkbuf_leaf_4_wclk_A, 98.64, 204, 1.79748
_11769_, 111.44, 204, 1.79754
_11774_, 111.44, 204, 1.79754
_12320_, 111.44, 204, 1.79754
_12321_, 111.44, 204, 1.79754
_14557_, 111.44, 204, 1.79754
ANTENNA__08100__C, 111.44, 204, 1.79754
ANTENNA__08195__A2, 111.44, 204, 1.79754
ANTENNA__11774__A1, 111.44, 204, 1.79754
FILLER_0_70_230, 111.44, 204, 1.79754
_11767_, 124.24, 204, 1.79761
_11768_, 124.24, 204, 1.79761
_12058_, 124.24, 204, 1.79761
_12059_, 124.24, 204, 1.79761
ANTENNA__12320__A0, 124.24, 204, 1.79761
FILLER_0_72_269, 124.24, 204, 1.79761
_12044_, 137.04, 204, 1.79768
_12317_, 137.04, 204, 1.79768
_14683_, 137.04, 204, 1.79768
_14811_, 137.04, 204, 1.79768
ANTENNA__06651__S, 137.04, 204, 1.79768
ANTENNA__06651__A1, 137.04, 204, 1.79768
ANTENNA__12044__S, 137.04, 204, 1.79768
FILLER_0_71_294, 137.04, 204, 1.79768
_12739_, 149.84, 204, 1.79776
ANTENNA__06660__A1, 149.84, 204, 1.79776
ANTENNA__08367__A2, 149.84, 204, 1.79776
ANTENNA__08367__B1, 149.84, 204, 1.79776
ANTENNA__11550__A1, 149.84, 204, 1.79776
ANTENNA__11762__S, 149.84, 204, 1.79776
ANTENNA__11762__A1, 149.84, 204, 1.79776
ANTENNA_clkbuf_leaf_11_wclk_A, 149.84, 204, 1.79776
FILLER_0_70_302, 149.84, 204, 1.79776
FILLER_0_71_304, 149.84, 204, 1.79776
FILLER_0_71_310, 149.84, 204, 1.79776
FILLER_0_71_326, 149.84, 204, 1.79776
_12042_, 162.64, 204, 1.79784
_12043_, 162.64, 204, 1.79784
_14682_, 162.64, 204, 1.79784
ANTENNA__12042__A0, 162.64, 204, 1.79784
ANTENNA__06675__A1, 162.64, 204, 1.79784
ANTENNA__07953__A2, 162.64, 204, 1.79784
ANTENNA__07953__B1, 162.64, 204, 1.79784
ANTENNA__12042__S, 162.64, 204, 1.79784
FILLER_0_71_353, 162.64, 204, 1.79784
FILLER_0_72_355, 162.64, 204, 1.79784
_11147_, 188.24, 204, 1.79787
_11788_, 188.24, 204, 1.79787
_12810_, 188.24, 204, 1.79787
_12811_, 188.24, 204, 1.79787
_14276_, 188.24, 204, 1.79787
_15044_, 188.24, 204, 1.79787
_11146_, 201.04, 204, 1.79783
_12064_, 201.04, 204, 1.79783
_12065_, 201.04, 204, 1.79783
_12677_, 201.04, 204, 1.79783
_14693_, 201.04, 204, 1.79783
ANTENNA__11146__S, 201.04, 204, 1.79783
ANTENNA__12810__A1, 201.04, 204, 1.79783
_12676_, 213.84, 204, 1.79779
_12813_, 213.84, 204, 1.79779
ANTENNA__12676__S, 213.84, 204, 1.79779
ANTENNA__12812__S, 213.84, 204, 1.79779
ANTENNA__06648__S, 213.84, 204, 1.79779
ANTENNA__12064__A0, 213.84, 204, 1.79779
ANTENNA__08507__A3, 213.84, 204, 1.79779
ANTENNA__12676__A1, 213.84, 204, 1.79779
ANTENNA__12064__S, 213.84, 204, 1.79779
FILLER_0_70_448, 213.84, 204, 1.79779
FILLER_0_72_462, 213.84, 204, 1.79779
_06682_, 226.64, 204, 1.79775
_08510_, 226.64, 204, 1.79775
_11079_, 226.64, 204, 1.79775
_12949_, 226.64, 204, 1.79775
_13049_, 226.64, 204, 1.79775
ANTENNA__08476__C, 226.64, 204, 1.79775
ANTENNA__08510__B, 226.64, 204, 1.79775
ANTENNA__12812__A1, 226.64, 204, 1.79775
ANTENNA__11079__A, 226.64, 204, 1.79775
FILLER_0_70_480, 226.64, 204, 1.79775
FILLER_0_71_469, 226.64, 204, 1.79775
FILLER_0_72_486, 226.64, 204, 1.79775
_06680_, 239.44, 204, 1.79773
_06681_, 239.44, 204, 1.79773
_10296_, 239.44, 204, 1.79773
_11791_, 239.44, 204, 1.79773
_11793_, 239.44, 204, 1.79773
_14565_, 239.44, 204, 1.79773
ANTENNA__12336__A0, 239.44, 204, 1.79773
_08502_, 252.24, 204, 1.79771
_13669_, 252.24, 204, 1.79771
clkbuf_leaf_144_wclk, 252.24, 204, 1.79771
ANTENNA__06680__A, 252.24, 204, 1.79771
ANTENNA_clkbuf_leaf_144_wclk_A, 252.24, 204, 1.79771
ANTENNA_8, 252.24, 204, 1.79771
FILLER_0_72_543, 252.24, 204, 1.79771
_08503_, 265.04, 204, 1.79773
_08504_, 265.04, 204, 1.79773
_09374_, 265.04, 204, 1.79773
_13477_, 265.04, 204, 1.79773
ANTENNA__12565__A0, 265.04, 204, 1.79773
ANTENNA__10202__A1, 265.04, 204, 1.79773
FILLER_0_72_567, 265.04, 204, 1.79773
_11490_, 277.84, 204, 1.79775
_12610_, 277.84, 204, 1.79775
_12678_, 277.84, 204, 1.79775
_12746_, 277.84, 204, 1.79775
ANTENNA__08500__B, 277.84, 204, 1.79775
ANTENNA__08503__A2, 277.84, 204, 1.79775
ANTENNA__09374__A0, 277.84, 204, 1.79775
ANTENNA__12224__A, 277.84, 204, 1.79775
ANTENNA__12225__S, 277.84, 204, 1.79775
_06711_, 290.64, 204, 1.79778
_06734_, 290.64, 204, 1.79778
_06825_, 290.64, 204, 1.79778
_11558_, 290.64, 204, 1.79778
_11932_, 290.64, 204, 1.79778
ANTENNA__06709__A, 290.64, 204, 1.79778
FILLER_0_71_631, 290.64, 204, 1.79778
_09448_, 303.44, 204, 1.79781
_11153_, 303.44, 204, 1.79781
_14278_, 303.44, 204, 1.79781
ANTENNA__06735__A2, 303.44, 204, 1.79781
ANTENNA__06736__A, 303.44, 204, 1.79781
ANTENNA__06712__A, 303.44, 204, 1.79781
ANTENNA__06733__B, 303.44, 204, 1.79781
_10776_, 316.24, 204, 1.79785
_10777_, 316.24, 204, 1.79785
ANTENNA__12816__S, 316.24, 204, 1.79785
ANTENNA__06838__B, 316.24, 204, 1.79785
ANTENNA__06711__A, 316.24, 204, 1.79785
ANTENNA__06838__A, 316.24, 204, 1.79785
ANTENNA__06735__A3, 316.24, 204, 1.79785
ANTENNA__11932__A1, 316.24, 204, 1.79785
ANTENNA__11728__A1, 316.24, 204, 1.79785
ANTENNA__11932__S, 316.24, 204, 1.79785
FILLER_0_71_669, 316.24, 204, 1.79785
_07399_, 341.84, 204, 1.79777
_11532_, 341.84, 204, 1.79777
_12700_, 341.84, 204, 1.79777
_12719_, 341.84, 204, 1.79777
_12770_, 341.84, 204, 1.79777
_14457_, 341.84, 204, 1.79777
ANTENNA__06878__A, 341.84, 204, 1.79777
ANTENNA__06750__B, 341.84, 204, 1.79777
ANTENNA__06750__C, 341.84, 204, 1.79777
ANTENNA__09448__A0, 341.84, 204, 1.79777
ANTENNA__09448__S, 341.84, 204, 1.79777
ANTENNA__10776__A, 341.84, 204, 1.79777
FILLER_0_71_725, 341.84, 204, 1.79777
FILLER_0_71_733, 341.84, 204, 1.79777
_07882_, 354.64, 204, 1.79765
ANTENNA__12701__S, 354.64, 204, 1.79765
ANTENNA__11513__S, 354.64, 204, 1.79765
ANTENNA__12701__A1, 354.64, 204, 1.79765
ANTENNA__12719__A1, 354.64, 204, 1.79765
FILLER_0_70_753, 354.64, 204, 1.79765
_07826_, 367.44, 204, 1.79754
_07828_, 367.44, 204, 1.79754
_07830_, 367.44, 204, 1.79754
_11529_, 367.44, 204, 1.79754
_11530_, 367.44, 204, 1.79754
ANTENNA__12719__S, 367.44, 204, 1.79754
ANTENNA__07879__B1, 367.44, 204, 1.79754
ANTENNA__11531__A1, 367.44, 204, 1.79754
ANTENNA__11531__S, 367.44, 204, 1.79754
_11018_, 380.24, 204, 1.79744
clkbuf_leaf_116_wclk, 380.24, 204, 1.79744
ANTENNA__07826__A2, 380.24, 204, 1.79744
ANTENNA__07826__B1, 380.24, 204, 1.79744
ANTENNA__07828__B1, 380.24, 204, 1.79744
ANTENNA__11529__S, 380.24, 204, 1.79744
_11515_, 393.04, 204, 1.79737
_11516_, 393.04, 204, 1.79737
_12703_, 393.04, 204, 1.79737
_12704_, 393.04, 204, 1.79737
_14449_, 393.04, 204, 1.79737
ANTENNA__11021__A, 393.04, 204, 1.79737
_07487_, 405.84, 204, 1.7973
_12779_, 405.84, 204, 1.7973
_12780_, 405.84, 204, 1.7973
_15028_, 405.84, 204, 1.7973
_15029_, 405.84, 204, 1.7973
ANTENNA__11515__A1, 405.84, 204, 1.7973
ANTENNA_clkbuf_leaf_116_wclk_A, 405.84, 204, 1.7973
FILLER_0_70_865, 405.84, 204, 1.7973
_07631_, 418.64, 204, 1.79724
_12711_, 418.64, 204, 1.79724
_12781_, 418.64, 204, 1.79724
_12782_, 418.64, 204, 1.79724
_14997_, 418.64, 204, 1.79724
ANTENNA__12711__S, 418.64, 204, 1.79724
_07678_, 431.44, 204, 1.7972
_07681_, 431.44, 204, 1.7972
_07728_, 431.44, 204, 1.7972
_12714_, 431.44, 204, 1.7972
_14996_, 431.44, 204, 1.7972
_14998_, 431.44, 204, 1.7972
ANTENNA__07678__B1, 431.44, 204, 1.7972
ANTENNA__12781__A1, 431.44, 204, 1.7972
_11522_, 444.24, 204, 1.79718
_12710_, 444.24, 204, 1.79718
_14452_, 444.24, 204, 1.79718
_14964_, 444.24, 204, 1.79718
clkbuf_leaf_118_wclk, 444.24, 204, 1.79718
ANTENNA__12709__A1, 444.24, 204, 1.79718
_07727_, 457.04, 204, 1.79719
_12642_, 457.04, 204, 1.79719
_12647_, 457.04, 204, 1.79719
ANTENNA__12647__S, 457.04, 204, 1.79719
ANTENNA__12645__S, 457.04, 204, 1.79719
ANTENNA__07727__B1, 457.04, 204, 1.79719
ANTENNA__11521__A1, 457.04, 204, 1.79719
ANTENNA__11521__S, 457.04, 204, 1.79719
ANTENNA__12641__A1, 457.04, 204, 1.79719
FILLER_0_70_977, 457.04, 204, 1.79719
FILLER_0_71_984, 457.04, 204, 1.79719
FILLER_0_72_990, 457.04, 204, 1.79719
_07680_, 469.84, 204, 1.7972
_11030_, 469.84, 204, 1.7972
_12646_, 469.84, 204, 1.7972
_14965_, 469.84, 204, 1.7972
ANTENNA__07777__A2, 469.84, 204, 1.7972
ANTENNA__07727__A2, 469.84, 204, 1.7972
ANTENNA__07777__B1, 469.84, 204, 1.7972
PHY_136, 5.52, 198.56, 1.79741
PHY_138, 5.52, 198.56, 1.79741
PHY_137, 494.04, 198.56, 1.79738
PHY_139, 494.04, 198.56, 1.79738
FILLER_0_69_1055, 494.04, 198.56, 1.79738
FILLER_0_69_51, 34.64, 198.56, 1.79743
FILLER_0_70_76, 34.64, 198.56, 1.79743
_08273_, 47.44, 198.56, 1.79744
_11064_, 47.44, 198.56, 1.79744
_12667_, 47.44, 198.56, 1.79744
_14691_, 47.44, 198.56, 1.79744
_14976_, 47.44, 198.56, 1.79744
ANTENNA__11064__A, 47.44, 198.56, 1.79744
FILLER_0_69_81, 47.44, 198.56, 1.79744
_12672_, 60.24, 198.56, 1.79747
_14973_, 60.24, 198.56, 1.79747
_14977_, 60.24, 198.56, 1.79747
ANTENNA__08273__B1, 60.24, 198.56, 1.79747
_08132_, 73.04, 198.56, 1.79751
_12737_, 73.04, 198.56, 1.79751
_15005_, 73.04, 198.56, 1.79751
_15009_, 73.04, 198.56, 1.79751
FILLER_0_68_144, 73.04, 198.56, 1.79751
_08133_, 85.84, 198.56, 1.79756
_12728_, 85.84, 198.56, 1.79756
_12734_, 85.84, 198.56, 1.79756
_13041_, 85.84, 198.56, 1.79756
ANTENNA__12728__S, 85.84, 198.56, 1.79756
ANTENNA__12728__A1, 85.84, 198.56, 1.79756
ANTENNA__12734__A1, 85.84, 198.56, 1.79756
FILLER_0_68_163, 85.84, 198.56, 1.79756
_11546_, 98.64, 198.56, 1.79762
_12735_, 98.64, 198.56, 1.79762
_14559_, 98.64, 198.56, 1.79762
ANTENNA__12734__S, 98.64, 198.56, 1.79762
ANTENNA__06663__S, 98.64, 198.56, 1.79762
ANTENNA__06657__A1, 98.64, 198.56, 1.79762
FILLER_0_70_205, 98.64, 198.56, 1.79762
_11055_, 111.44, 198.56, 1.79769
_12796_, 111.44, 198.56, 1.79769
_12802_, 111.44, 198.56, 1.79769
_12803_, 111.44, 198.56, 1.79769
ANTENNA__12324__S, 111.44, 198.56, 1.79769
ANTENNA__12802__S, 111.44, 198.56, 1.79769
ANTENNA__12796__S, 111.44, 198.56, 1.79769
ANTENNA__12324__A0, 111.44, 198.56, 1.79769
ANTENNA__11774__S, 111.44, 198.56, 1.79769
FILLER_0_69_218, 111.44, 198.56, 1.79769
FILLER_0_69_233, 111.44, 198.56, 1.79769
FILLER_0_70_236, 111.44, 198.56, 1.79769
_12741_, 124.24, 198.56, 1.79776
_14690_, 124.24, 198.56, 1.79776
ANTENNA__11768__S, 124.24, 198.56, 1.79776
ANTENNA__11768__A1, 124.24, 198.56, 1.79776
ANTENNA__12740__A1, 124.24, 198.56, 1.79776
ANTENNA__11767__A, 124.24, 198.56, 1.79776
ANTENNA__11055__A, 124.24, 198.56, 1.79776
FILLER_0_68_248, 124.24, 198.56, 1.79776
FILLER_0_69_258, 124.24, 198.56, 1.79776
FILLER_0_69_269, 124.24, 198.56, 1.79776
_08367_, 137.04, 198.56, 1.79784
_11550_, 137.04, 198.56, 1.79784
_12045_, 137.04, 198.56, 1.79784
_12670_, 137.04, 198.56, 1.79784
_12671_, 137.04, 198.56, 1.79784
_14978_, 137.04, 198.56, 1.79784
_08368_, 149.84, 198.56, 1.79793
_12738_, 149.84, 198.56, 1.79793
ANTENNA__12738__S, 149.84, 198.56, 1.79793
ANTENNA__12806__S, 149.84, 198.56, 1.79793
ANTENNA__11550__S, 149.84, 198.56, 1.79793
ANTENNA__12738__A1, 149.84, 198.56, 1.79793
_07953_, 162.64, 198.56, 1.79802
_11782_, 162.64, 198.56, 1.79802
_12654_, 162.64, 198.56, 1.79802
_12655_, 162.64, 198.56, 1.79802
_14970_, 162.64, 198.56, 1.79802
ANTENNA__12654__S, 162.64, 198.56, 1.79802
ANTENNA__08382__C, 162.64, 198.56, 1.79802
ANTENNA__12654__A1, 162.64, 198.56, 1.79802
ANTENNA__11782__A, 162.64, 198.56, 1.79802
FILLER_0_70_350, 162.64, 198.56, 1.79802
_08460_, 188.24, 198.56, 1.79804
_08461_, 188.24, 198.56, 1.79804
_08462_, 188.24, 198.56, 1.79804
_12674_, 188.24, 198.56, 1.79804
ANTENNA__08458__B1, 188.24, 198.56, 1.79804
ANTENNA__08460__A2, 188.24, 198.56, 1.79804
ANTENNA__08461__B1, 188.24, 198.56, 1.79804
FILLER_0_68_387, 188.24, 198.56, 1.79804
FILLER_0_69_406, 188.24, 198.56, 1.79804
_12744_, 201.04, 198.56, 1.79796
_14981_, 201.04, 198.56, 1.79796
clkbuf_leaf_13_wclk, 201.04, 198.56, 1.79796
ANTENNA__12744__S, 201.04, 198.56, 1.79796
ANTENNA__08460__A3, 201.04, 198.56, 1.79796
ANTENNA__12744__A1, 201.04, 198.56, 1.79796
_08507_, 213.84, 198.56, 1.79791
_11149_, 213.84, 198.56, 1.79791
_12812_, 213.84, 198.56, 1.79791
_14277_, 213.84, 198.56, 1.79791
_15045_, 213.84, 198.56, 1.79791
_07224_, 226.64, 198.56, 1.79786
_12948_, 226.64, 198.56, 1.79786
_15109_, 226.64, 198.56, 1.79786
ANTENNA__12948__S, 226.64, 198.56, 1.79786
ANTENNA__07224__A, 226.64, 198.56, 1.79786
ANTENNA__06681__A1, 226.64, 198.56, 1.79786
ANTENNA__08489__A2, 226.64, 198.56, 1.79786
ANTENNA__08489__B1, 226.64, 198.56, 1.79786
ANTENNA__12948__A1, 226.64, 198.56, 1.79786
FILLER_0_68_467, 226.64, 198.56, 1.79786
FILLER_0_69_487, 226.64, 198.56, 1.79786
_07775_, 239.44, 198.56, 1.79783
_09993_, 239.44, 198.56, 1.79783
_09994_, 239.44, 198.56, 1.79783
_11792_, 239.44, 198.56, 1.79783
_13765_, 239.44, 198.56, 1.79783
clkbuf_2_1__f_rclk, 239.44, 198.56, 1.79783
ANTENNA__07775__A, 239.44, 198.56, 1.79783
ANTENNA__09993__A1, 239.44, 198.56, 1.79783
FILLER_0_69_511, 239.44, 198.56, 1.79783
_09788_, 252.24, 198.56, 1.79786
_10705_, 252.24, 198.56, 1.79786
_14534_, 252.24, 198.56, 1.79786
ANTENNA__09788__A0, 252.24, 198.56, 1.79786
ANTENNA__09993__S, 252.24, 198.56, 1.79786
FILLER_0_68_523, 252.24, 198.56, 1.79786
_08493_, 265.04, 198.56, 1.79789
_08500_, 265.04, 198.56, 1.79789
_10913_, 265.04, 198.56, 1.79789
_11697_, 265.04, 198.56, 1.79789
_11698_, 265.04, 198.56, 1.79789
ANTENNA__09374__S, 265.04, 198.56, 1.79789
FILLER_0_69_570, 265.04, 198.56, 1.79789
FILLER_0_69_575, 265.04, 198.56, 1.79789
_06585_, 277.84, 198.56, 1.79792
_06835_, 277.84, 198.56, 1.79792
_11512_, 277.84, 198.56, 1.79792
_13018_, 277.84, 198.56, 1.79792
ANTENNA__08500__C, 277.84, 198.56, 1.79792
ANTENNA__11697__S, 277.84, 198.56, 1.79792
_06587_, 290.64, 198.56, 1.79796
_06776_, 290.64, 198.56, 1.79796
_06802_, 290.64, 198.56, 1.79796
_06804_, 290.64, 198.56, 1.79796
_06833_, 290.64, 198.56, 1.79796
_06838_, 290.64, 198.56, 1.79796
_11694_, 290.64, 198.56, 1.79796
_11696_, 290.64, 198.56, 1.79796
ANTENNA__12272__A0, 290.64, 198.56, 1.79796
FILLER_0_68_612, 290.64, 198.56, 1.79796
_06778_, 303.44, 198.56, 1.79801
_09378_, 303.44, 198.56, 1.79801
_09791_, 303.44, 198.56, 1.79801
_10199_, 303.44, 198.56, 1.79801
_14118_, 303.44, 198.56, 1.79801
ANTENNA__06734__B, 303.44, 198.56, 1.79801
ANTENNA__06524__A, 303.44, 198.56, 1.79801
ANTENNA__06825__A, 303.44, 198.56, 1.79801
ANTENNA__06734__C, 303.44, 198.56, 1.79801
ANTENNA__06712__B, 303.44, 198.56, 1.79801
FILLER_0_68_641, 303.44, 198.56, 1.79801
FILLER_0_69_650, 303.44, 198.56, 1.79801
_09208_, 316.24, 198.56, 1.79807
_09209_, 316.24, 198.56, 1.79807
_09210_, 316.24, 198.56, 1.79807
_10778_, 316.24, 198.56, 1.79807
ANTENNA__06733__C, 316.24, 198.56, 1.79807
ANTENNA__06833__B, 316.24, 198.56, 1.79807
ANTENNA__06804__B, 316.24, 198.56, 1.79807
FILLER_0_68_670, 316.24, 198.56, 1.79807
_11124_, 341.84, 198.56, 1.79803
_11531_, 341.84, 198.56, 1.79803
_12769_, 341.84, 198.56, 1.79803
ANTENNA__09208__A, 341.84, 198.56, 1.79803
ANTENNA__09997__S, 341.84, 198.56, 1.79803
ANTENNA__10777__A1, 341.84, 198.56, 1.79803
FILLER_0_70_732, 341.84, 198.56, 1.79803
FILLER_0_70_741, 341.84, 198.56, 1.79803
_07880_, 354.64, 198.56, 1.79793
_12788_, 354.64, 198.56, 1.79793
_15033_, 354.64, 198.56, 1.79793
ANTENNA__12700__A, 354.64, 198.56, 1.79793
ANTENNA__07269__A, 354.64, 198.56, 1.79793
ANTENNA__07399__A2, 354.64, 198.56, 1.79793
ANTENNA__07399__A3, 354.64, 198.56, 1.79793
ANTENNA__07399__B1, 354.64, 198.56, 1.79793
ANTENNA__11513__A1, 354.64, 198.56, 1.79793
ANTENNA_clkbuf_leaf_109_wclk_A, 354.64, 198.56, 1.79793
FILLER_0_69_750, 354.64, 198.56, 1.79793
_11021_, 367.44, 198.56, 1.79785
_12785_, 367.44, 198.56, 1.79785
_12786_, 367.44, 198.56, 1.79785
_14264_, 367.44, 198.56, 1.79785
ANTENNA__12769__S, 367.44, 198.56, 1.79785
ANTENNA__07879__A2, 367.44, 198.56, 1.79785
ANTENNA__07880__A2, 367.44, 198.56, 1.79785
ANTENNA__07880__A3, 367.44, 198.56, 1.79785
ANTENNA__07828__A3, 367.44, 198.56, 1.79785
ANTENNA__12769__A1, 367.44, 198.56, 1.79785
_07532_, 380.24, 198.56, 1.79776
_07535_, 380.24, 198.56, 1.79776
_11517_, 380.24, 198.56, 1.79776
_11518_, 380.24, 198.56, 1.79776
_12773_, 380.24, 198.56, 1.79776
_14450_, 380.24, 198.56, 1.79776
ANTENNA__07880__B1, 380.24, 198.56, 1.79776
FILLER_0_69_806, 380.24, 198.56, 1.79776
_07484_, 393.04, 198.56, 1.7977
_07533_, 393.04, 198.56, 1.7977
_12771_, 393.04, 198.56, 1.7977
ANTENNA__07532__A2, 393.04, 198.56, 1.7977
ANTENNA__11517__A1, 393.04, 198.56, 1.7977
ANTENNA__11517__S, 393.04, 198.56, 1.7977
ANTENNA__11515__S, 393.04, 198.56, 1.7977
ANTENNA__11018__A, 393.04, 198.56, 1.7977
ANTENNA__12773__A1, 393.04, 198.56, 1.7977
ANTENNA__12785__A1, 393.04, 198.56, 1.7977
_12777_, 405.84, 198.56, 1.79763
_15030_, 405.84, 198.56, 1.79763
ANTENNA__12777__S, 405.84, 198.56, 1.79763
ANTENNA__12771__S, 405.84, 198.56, 1.79763
ANTENNA__07726__A2, 405.84, 198.56, 1.79763
ANTENNA__07484__A2, 405.84, 198.56, 1.79763
ANTENNA__07484__B1, 405.84, 198.56, 1.79763
ANTENNA__07485__B1, 405.84, 198.56, 1.79763
ANTENNA__12771__A1, 405.84, 198.56, 1.79763
ANTENNA__12777__A1, 405.84, 198.56, 1.79763
FILLER_0_69_865, 405.84, 198.56, 1.79763
_07679_, 418.64, 198.56, 1.79757
_07778_, 418.64, 198.56, 1.79757
_12715_, 418.64, 198.56, 1.79757
ANTENNA__07679__A2, 418.64, 198.56, 1.79757
ANTENNA__07631__A2, 418.64, 198.56, 1.79757
ANTENNA__07679__A3, 418.64, 198.56, 1.79757
ANTENNA__07631__A3, 418.64, 198.56, 1.79757
ANTENNA__07679__B1, 418.64, 198.56, 1.79757
ANTENNA__07631__B1, 418.64, 198.56, 1.79757
FILLER_0_70_909, 418.64, 198.56, 1.79757
_07774_, 431.44, 198.56, 1.79752
_11523_, 431.44, 198.56, 1.79752
_11526_, 431.44, 198.56, 1.79752
_12716_, 431.44, 198.56, 1.79752
_14454_, 431.44, 198.56, 1.79752
ANTENNA__12715__S, 431.44, 198.56, 1.79752
ANTENNA__11523__A1, 431.44, 198.56, 1.79752
ANTENNA__12711__A1, 431.44, 198.56, 1.79752
FILLER_0_68_921, 431.44, 198.56, 1.79752
_07633_, 444.24, 198.56, 1.79747
_07725_, 444.24, 198.56, 1.79747
_11521_, 444.24, 198.56, 1.79747
_12707_, 444.24, 198.56, 1.79747
ANTENNA__12709__S, 444.24, 198.56, 1.79747
ANTENNA__07725__B1, 444.24, 198.56, 1.79747
ANTENNA_clkbuf_leaf_118_wclk_A, 444.24, 198.56, 1.79747
_07777_, 457.04, 198.56, 1.79744
_12639_, 457.04, 198.56, 1.79744
_12648_, 457.04, 198.56, 1.79744
_14967_, 457.04, 198.56, 1.79744
ANTENNA__07725__A2, 457.04, 198.56, 1.79744
ANTENNA__11661__S, 457.04, 198.56, 1.79744
ANTENNA__12707__A1, 457.04, 198.56, 1.79744
FILLER_0_68_977, 457.04, 198.56, 1.79744
_07582_, 469.84, 198.56, 1.79741
ANTENNA__12639__S, 469.84, 198.56, 1.79741
ANTENNA__07680__A2, 469.84, 198.56, 1.79741
ANTENNA__07582__A2, 469.84, 198.56, 1.79741
ANTENNA__07582__B1, 469.84, 198.56, 1.79741
ANTENNA__12639__A1, 469.84, 198.56, 1.79741
ANTENNA__12647__A1, 469.84, 198.56, 1.79741
PHY_132, 5.52, 193.12, 1.79753
PHY_134, 5.52, 193.12, 1.79753
PHY_133, 494.04, 193.12, 1.79749
PHY_135, 494.04, 193.12, 1.79749
_11785_, 34.64, 193.12, 1.79755
ANTENNA__11785__A, 34.64, 193.12, 1.79755
FILLER_0_67_51, 34.64, 193.12, 1.79755
FILLER_0_67_77, 34.64, 193.12, 1.79755
FILLER_0_68_77, 34.64, 193.12, 1.79755
_11073_, 47.44, 193.12, 1.79758
_14979_, 47.44, 193.12, 1.79758
clkbuf_leaf_1_wclk, 47.44, 193.12, 1.79758
ANTENNA__11073__A, 47.44, 193.12, 1.79758
FILLER_0_66_85, 47.44, 193.12, 1.79758
_08414_, 60.24, 193.12, 1.79762
_12673_, 60.24, 193.12, 1.79762
ANTENNA__12672__S, 60.24, 193.12, 1.79762
ANTENNA__08414__A2, 60.24, 193.12, 1.79762
ANTENNA__08414__B1, 60.24, 193.12, 1.79762
ANTENNA__12664__A1, 60.24, 193.12, 1.79762
ANTENNA__12672__A1, 60.24, 193.12, 1.79762
ANTENNA_clkbuf_leaf_1_wclk_A, 60.24, 193.12, 1.79762
FILLER_0_66_109, 60.24, 193.12, 1.79762
FILLER_0_67_128, 60.24, 193.12, 1.79762
FILLER_0_68_132, 60.24, 193.12, 1.79762
_08320_, 73.04, 193.12, 1.79767
_11540_, 73.04, 193.12, 1.79767
_11541_, 73.04, 193.12, 1.79767
_14461_, 73.04, 193.12, 1.79767
ANTENNA__08320__A2, 73.04, 193.12, 1.79767
ANTENNA__08085__B1, 73.04, 193.12, 1.79767
ANTENNA__12658__A1, 73.04, 193.12, 1.79767
FILLER_0_66_136, 73.04, 193.12, 1.79767
_08130_, 85.84, 193.12, 1.79772
_11547_, 85.84, 193.12, 1.79772
_12726_, 85.84, 193.12, 1.79772
_14464_, 85.84, 193.12, 1.79772
_15008_, 85.84, 193.12, 1.79772
ANTENNA__08318__B1, 85.84, 193.12, 1.79772
ANTENNA__08130__B1, 85.84, 193.12, 1.79772
ANTENNA__11540__A1, 85.84, 193.12, 1.79772
ANTENNA__11540__S, 85.84, 193.12, 1.79772
FILLER_0_67_165, 85.84, 193.12, 1.79772
FILLER_0_68_175, 85.84, 193.12, 1.79772
_08271_, 98.64, 193.12, 1.79779
_08274_, 98.64, 193.12, 1.79779
_15040_, 98.64, 193.12, 1.79779
ANTENNA__11546__A1, 98.64, 193.12, 1.79779
ANTENNA__11546__S, 98.64, 193.12, 1.79779
ANTENNA__12802__A1, 98.64, 193.12, 1.79779
FILLER_0_66_189, 98.64, 193.12, 1.79779
FILLER_0_66_201, 98.64, 193.12, 1.79779
FILLER_0_67_203, 98.64, 193.12, 1.79779
_08131_, 111.44, 193.12, 1.79786
_12797_, 111.44, 193.12, 1.79786
_15011_, 111.44, 193.12, 1.79786
_15037_, 111.44, 193.12, 1.79786
ANTENNA__12796__A1, 111.44, 193.12, 1.79786
FILLER_0_68_242, 111.44, 193.12, 1.79786
_08412_, 124.24, 193.12, 1.79795
_12740_, 124.24, 193.12, 1.79795
_12809_, 124.24, 193.12, 1.79795
_15043_, 124.24, 193.12, 1.79795
ANTENNA__12740__S, 124.24, 193.12, 1.79795
FILLER_0_68_269, 124.24, 193.12, 1.79795
_11551_, 137.04, 193.12, 1.79805
_14466_, 137.04, 193.12, 1.79805
ANTENNA__12670__S, 137.04, 193.12, 1.79805
ANTENNA__08413__A3, 137.04, 193.12, 1.79805
ANTENNA__12670__A1, 137.04, 193.12, 1.79805
FILLER_0_67_273, 137.04, 193.12, 1.79805
FILLER_0_67_281, 137.04, 193.12, 1.79805
FILLER_0_67_288, 137.04, 193.12, 1.79805
FILLER_0_67_296, 137.04, 193.12, 1.79805
_08365_, 149.84, 193.12, 1.79814
_12806_, 149.84, 193.12, 1.79814
_12807_, 149.84, 193.12, 1.79814
_15010_, 149.84, 193.12, 1.79814
_15042_, 149.84, 193.12, 1.79814
ANTENNA__08365__B1, 149.84, 193.12, 1.79814
ANTENNA__12656__A1, 149.84, 193.12, 1.79814
FILLER_0_66_303, 149.84, 193.12, 1.79814
_07951_, 162.64, 193.12, 1.79826
_11533_, 162.64, 193.12, 1.79826
_12722_, 162.64, 193.12, 1.79826
ANTENNA__07951__A, 162.64, 193.12, 1.79826
ANTENNA__06834__A, 162.64, 193.12, 1.79826
ANTENNA__06836__A, 162.64, 193.12, 1.79826
ANTENNA__07949__A, 162.64, 193.12, 1.79826
ANTENNA__11533__A, 162.64, 193.12, 1.79826
ANTENNA__12722__A1, 162.64, 193.12, 1.79826
FILLER_0_67_337, 162.64, 193.12, 1.79826
_11491_, 188.24, 193.12, 1.79832
_12675_, 188.24, 193.12, 1.79832
_14980_, 188.24, 193.12, 1.79832
ANTENNA__12674__S, 188.24, 193.12, 1.79832
ANTENNA__12742__S, 188.24, 193.12, 1.79832
ANTENNA__08459__A2, 188.24, 193.12, 1.79832
ANTENNA__08459__B1, 188.24, 193.12, 1.79832
ANTENNA__08461__A2, 188.24, 193.12, 1.79832
ANTENNA__12674__A1, 188.24, 193.12, 1.79832
FILLER_0_68_410, 188.24, 193.12, 1.79832
_08508_, 201.04, 193.12, 1.79828
_11556_, 201.04, 193.12, 1.79828
_11557_, 201.04, 193.12, 1.79828
_12745_, 201.04, 193.12, 1.79828
_14469_, 201.04, 193.12, 1.79828
_15013_, 201.04, 193.12, 1.79828
ANTENNA__06683__A, 201.04, 193.12, 1.79828
ANTENNA__08506__A2, 201.04, 193.12, 1.79828
FILLER_0_66_414, 201.04, 193.12, 1.79828
_08509_, 213.84, 193.12, 1.79826
_11148_, 213.84, 193.12, 1.79826
ANTENNA__08507__B1, 213.84, 193.12, 1.79826
ANTENNA__11928__S, 213.84, 193.12, 1.79826
ANTENNA_clkbuf_leaf_13_wclk_A, 213.84, 193.12, 1.79826
FILLER_0_66_444, 213.84, 193.12, 1.79826
FILLER_0_66_450, 213.84, 193.12, 1.79826
FILLER_0_67_445, 213.84, 193.12, 1.79826
_08489_, 226.64, 193.12, 1.79823
_11860_, 226.64, 193.12, 1.79823
_11861_, 226.64, 193.12, 1.79823
_11928_, 226.64, 193.12, 1.79823
_11929_, 226.64, 193.12, 1.79823
_14597_, 226.64, 193.12, 1.79823
ANTENNA__11928__A1, 226.64, 193.12, 1.79823
ANTENNA__11860__A1, 226.64, 193.12, 1.79823
FILLER_0_68_494, 226.64, 193.12, 1.79823
_08488_, 239.44, 193.12, 1.79821
_14085_, 239.44, 193.12, 1.79821
ANTENNA__08488__B1, 239.44, 193.12, 1.79821
ANTENNA__11792__A1, 239.44, 193.12, 1.79821
ANTENNA__10296__A, 239.44, 193.12, 1.79821
ANTENNA_clkbuf_2_1__f_rclk_A, 239.44, 193.12, 1.79821
FILLER_0_67_513, 239.44, 193.12, 1.79821
FILLER_0_68_517, 239.44, 193.12, 1.79821
_08494_, 252.24, 193.12, 1.7982
_10912_, 252.24, 193.12, 1.7982
_12883_, 252.24, 193.12, 1.7982
_14181_, 252.24, 193.12, 1.7982
ANTENNA__09788__S, 252.24, 193.12, 1.7982
ANTENNA__10705__A1, 252.24, 193.12, 1.7982
FILLER_0_67_540, 252.24, 193.12, 1.7982
_10501_, 265.04, 193.12, 1.7982
_10502_, 265.04, 193.12, 1.7982
_10774_, 265.04, 193.12, 1.7982
_14117_, 265.04, 193.12, 1.7982
ANTENNA__08494__A2, 265.04, 193.12, 1.7982
ANTENNA__06816__A, 265.04, 193.12, 1.7982
ANTENNA__10369__A1, 265.04, 193.12, 1.7982
ANTENNA__10501__A1, 265.04, 193.12, 1.7982
ANTENNA__10369__S, 265.04, 193.12, 1.7982
ANTENNA__10912__S, 265.04, 193.12, 1.7982
ANTENNA__11697__A1, 265.04, 193.12, 1.7982
FILLER_0_66_564, 265.04, 193.12, 1.7982
_06586_, 277.84, 193.12, 1.7982
_09928_, 277.84, 193.12, 1.7982
_13989_, 277.84, 193.12, 1.7982
ANTENNA__08493__A2, 277.84, 193.12, 1.7982
ANTENNA__08493__B1, 277.84, 193.12, 1.7982
ANTENNA__10501__S, 277.84, 193.12, 1.7982
_06772_, 290.64, 193.12, 1.79821
_06774_, 290.64, 193.12, 1.79821
_06809_, 290.64, 193.12, 1.79821
_09380_, 290.64, 193.12, 1.79821
_10640_, 290.64, 193.12, 1.79821
_13990_, 290.64, 193.12, 1.79821
ANTENNA__06835__A, 290.64, 193.12, 1.79821
ANTENNA__06835__B, 290.64, 193.12, 1.79821
ANTENNA__10773__S, 290.64, 193.12, 1.79821
ANTENNA__11512__A, 290.64, 193.12, 1.79821
FILLER_0_66_608, 290.64, 193.12, 1.79821
FILLER_0_66_614, 290.64, 193.12, 1.79821
_06782_, 303.44, 193.12, 1.79823
_06813_, 303.44, 193.12, 1.79823
_09275_, 303.44, 193.12, 1.79823
_10504_, 303.44, 193.12, 1.79823
_10505_, 303.44, 193.12, 1.79823
_10506_, 303.44, 193.12, 1.79823
FILLER_0_67_661, 303.44, 193.12, 1.79823
_06777_, 316.24, 193.12, 1.79827
_10436_, 316.24, 193.12, 1.79827
_10708_, 316.24, 193.12, 1.79827
_13414_, 316.24, 193.12, 1.79827
_13446_, 316.24, 193.12, 1.79827
ANTENNA__06804__A, 316.24, 193.12, 1.79827
_07297_, 341.84, 193.12, 1.79818
_07395_, 341.84, 193.12, 1.79818
_11123_, 341.84, 193.12, 1.79818
_14265_, 341.84, 193.12, 1.79818
ANTENNA__07401__A, 341.84, 193.12, 1.79818
ANTENNA__09209__A0, 341.84, 193.12, 1.79818
ANTENNA__09209__S, 341.84, 193.12, 1.79818
ANTENNA__09723__A, 341.84, 193.12, 1.79818
FILLER_0_67_741, 341.84, 193.12, 1.79818
FILLER_0_68_733, 341.84, 193.12, 1.79818
_07394_, 354.64, 193.12, 1.79805
clkbuf_leaf_111_wclk, 354.64, 193.12, 1.79805
_07825_, 367.44, 193.12, 1.79795
_11121_, 367.44, 193.12, 1.79795
_11122_, 367.44, 193.12, 1.79795
_11666_, 367.44, 193.12, 1.79795
_15032_, 367.44, 193.12, 1.79795
ANTENNA__11105__A1, 367.44, 193.12, 1.79795
ANTENNA__11529__A1, 367.44, 193.12, 1.79795
ANTENNA__11123__S, 367.44, 193.12, 1.79795
FILLER_0_66_774, 367.44, 193.12, 1.79795
FILLER_0_67_781, 367.44, 193.12, 1.79795
_11109_, 380.24, 193.12, 1.79786
_11110_, 380.24, 193.12, 1.79786
_12774_, 380.24, 193.12, 1.79786
_15026_, 380.24, 193.12, 1.79786
ANTENNA__12785__S, 380.24, 193.12, 1.79786
ANTENNA__07532__B1, 380.24, 193.12, 1.79786
ANTENNA__07828__A2, 380.24, 193.12, 1.79786
FILLER_0_66_801, 380.24, 193.12, 1.79786
_07485_, 393.04, 193.12, 1.79778
_12772_, 393.04, 193.12, 1.79778
_14257_, 393.04, 193.12, 1.79778
_15025_, 393.04, 193.12, 1.79778
ANTENNA__07533__B1, 393.04, 193.12, 1.79778
ANTENNA__11121__A1, 393.04, 193.12, 1.79778
_07581_, 405.84, 193.12, 1.79771
_07726_, 405.84, 193.12, 1.79771
_07776_, 405.84, 193.12, 1.79771
_11113_, 405.84, 193.12, 1.79771
_11114_, 405.84, 193.12, 1.79771
_14260_, 405.84, 193.12, 1.79771
ANTENNA__07485__A2, 405.84, 193.12, 1.79771
ANTENNA__07485__A3, 405.84, 193.12, 1.79771
ANTENNA__07776__B1, 405.84, 193.12, 1.79771
ANTENNA__07726__B1, 405.84, 193.12, 1.79771
ANTENNA__07776__A2, 405.84, 193.12, 1.79771
_11524_, 418.64, 193.12, 1.79764
_11528_, 418.64, 193.12, 1.79764
_12775_, 418.64, 193.12, 1.79764
_14453_, 418.64, 193.12, 1.79764
_14999_, 418.64, 193.12, 1.79764
ANTENNA__07726__A3, 418.64, 193.12, 1.79764
ANTENNA__11113__S, 418.64, 193.12, 1.79764
_11525_, 431.44, 193.12, 1.79759
_11527_, 431.44, 193.12, 1.79759
_14995_, 431.44, 193.12, 1.79759
ANTENNA__11527__S, 431.44, 193.12, 1.79759
ANTENNA__11523__S, 431.44, 193.12, 1.79759
ANTENNA__12715__A1, 431.44, 193.12, 1.79759
FILLER_0_68_932, 431.44, 193.12, 1.79759
_07580_, 444.24, 193.12, 1.79755
_07583_, 444.24, 193.12, 1.79755
_11520_, 444.24, 193.12, 1.79755
_14451_, 444.24, 193.12, 1.79755
ANTENNA__12707__S, 444.24, 193.12, 1.79755
ANTENNA__11525__A1, 444.24, 193.12, 1.79755
ANTENNA__11525__S, 444.24, 193.12, 1.79755
FILLER_0_66_950, 444.24, 193.12, 1.79755
_11661_, 457.04, 193.12, 1.79751
_14963_, 457.04, 193.12, 1.79751
clkbuf_leaf_120_wclk, 457.04, 193.12, 1.79751
ANTENNA__07580__A2, 457.04, 193.12, 1.79751
ANTENNA_clkbuf_leaf_120_wclk_A, 457.04, 193.12, 1.79751
_11024_, 469.84, 193.12, 1.7975
ANTENNA__11024__A, 469.84, 193.12, 1.7975
FILLER_0_67_1002, 469.84, 193.12, 1.7975
FILLER_0_67_1009, 469.84, 193.12, 1.7975
PHY_128, 5.52, 187.68, 1.79766
PHY_130, 5.52, 187.68, 1.79766
PHY_129, 494.04, 187.68, 1.79764
PHY_131, 494.04, 187.68, 1.79764
FILLER_0_65_51, 34.64, 187.68, 1.7977
FILLER_0_66_77, 34.64, 187.68, 1.7977
_12664_, 47.44, 187.68, 1.79774
_12665_, 47.44, 187.68, 1.79774
_12666_, 47.44, 187.68, 1.79774
ANTENNA__12664__S, 47.44, 187.68, 1.79774
ANTENNA__12666__A1, 47.44, 187.68, 1.79774
FILLER_0_64_85, 47.44, 187.68, 1.79774
FILLER_0_65_93, 47.44, 187.68, 1.79774
_12659_, 60.24, 187.68, 1.79778
_12662_, 60.24, 187.68, 1.79778
_14465_, 60.24, 187.68, 1.79778
_14972_, 60.24, 187.68, 1.79778
ANTENNA__12666__S, 60.24, 187.68, 1.79778
FILLER_0_66_127, 60.24, 187.68, 1.79778
_08318_, 73.04, 187.68, 1.79784
_11548_, 73.04, 187.68, 1.79784
_11549_, 73.04, 187.68, 1.79784
_12727_, 73.04, 187.68, 1.79784
ANTENNA__08318__A2, 73.04, 187.68, 1.79784
ANTENNA__08320__B1, 73.04, 187.68, 1.79784
ANTENNA__11548__A1, 73.04, 187.68, 1.79784
_08321_, 85.84, 187.68, 1.7979
_11538_, 85.84, 187.68, 1.7979
_15004_, 85.84, 187.68, 1.7979
ANTENNA__12726__S, 85.84, 187.68, 1.7979
ANTENNA__08130__A2, 85.84, 187.68, 1.7979
ANTENNA__11538__A1, 85.84, 187.68, 1.7979
ANTENNA__12726__A1, 85.84, 187.68, 1.7979
_08272_, 98.64, 187.68, 1.79797
_11139_, 98.64, 187.68, 1.79797
_11544_, 98.64, 187.68, 1.79797
_12732_, 98.64, 187.68, 1.79797
_12733_, 98.64, 187.68, 1.79797
ANTENNA__12732__S, 98.64, 187.68, 1.79797
ANTENNA__08271__A2, 98.64, 187.68, 1.79797
ANTENNA__08271__B1, 98.64, 187.68, 1.79797
ANTENNA__11544__A1, 98.64, 187.68, 1.79797
ANTENNA__11544__S, 98.64, 187.68, 1.79797
FILLER_0_64_190, 98.64, 187.68, 1.79797
FILLER_0_65_189, 98.64, 187.68, 1.79797
FILLER_0_66_211, 98.64, 187.68, 1.79797
_11138_, 111.44, 187.68, 1.79804
clkbuf_leaf_7_wclk, 111.44, 187.68, 1.79804
ANTENNA__08272__A2, 111.44, 187.68, 1.79804
ANTENNA__08131__A2, 111.44, 187.68, 1.79804
ANTENNA__08272__A3, 111.44, 187.68, 1.79804
ANTENNA__08131__A3, 111.44, 187.68, 1.79804
ANTENNA__08412__A2, 111.44, 187.68, 1.79804
ANTENNA__11138__A1, 111.44, 187.68, 1.79804
FILLER_0_65_217, 111.44, 187.68, 1.79804
_08413_, 124.24, 187.68, 1.79813
_08415_, 124.24, 187.68, 1.79813
_11145_, 124.24, 187.68, 1.79813
_12808_, 124.24, 187.68, 1.79813
ANTENNA__08412__B1, 124.24, 187.68, 1.79813
ANTENNA_clkbuf_leaf_7_wclk_A, 124.24, 187.68, 1.79813
_12656_, 137.04, 187.68, 1.79824
_12724_, 137.04, 187.68, 1.79824
_12725_, 137.04, 187.68, 1.79824
_14971_, 137.04, 187.68, 1.79824
ANTENNA__12656__S, 137.04, 187.68, 1.79824
ANTENNA__12724__S, 137.04, 187.68, 1.79824
ANTENNA__08413__A2, 137.04, 187.68, 1.79824
ANTENNA__12724__A1, 137.04, 187.68, 1.79824
FILLER_0_65_299, 137.04, 187.68, 1.79824
FILLER_0_66_292, 137.04, 187.68, 1.79824
_08037_, 149.84, 187.68, 1.79835
_08366_, 149.84, 187.68, 1.79835
_11143_, 149.84, 187.68, 1.79835
_14274_, 149.84, 187.68, 1.79835
ANTENNA__12722__S, 149.84, 187.68, 1.79835
ANTENNA__08366__A3, 149.84, 187.68, 1.79835
ANTENNA__08366__A2, 149.84, 187.68, 1.79835
ANTENNA__08365__A2, 149.84, 187.68, 1.79835
ANTENNA__08037__A2, 149.84, 187.68, 1.79835
ANTENNA__08037__B1, 149.84, 187.68, 1.79835
FILLER_0_65_315, 149.84, 187.68, 1.79835
_07949_, 162.64, 187.68, 1.79847
_11535_, 162.64, 187.68, 1.79847
_12653_, 162.64, 187.68, 1.79847
_12723_, 162.64, 187.68, 1.79847
_15002_, 162.64, 187.68, 1.79847
ANTENNA__12806__A1, 162.64, 187.68, 1.79847
_06579_, 188.24, 187.68, 1.79853
_06683_, 188.24, 187.68, 1.79853
_12205_, 188.24, 187.68, 1.79853
_14758_, 188.24, 187.68, 1.79853
ANTENNA__11554__A1, 188.24, 187.68, 1.79853
ANTENNA__11491__A, 188.24, 187.68, 1.79853
ANTENNA__06579__A, 188.24, 187.68, 1.79853
FILLER_0_66_407, 188.24, 187.68, 1.79853
_08505_, 201.04, 187.68, 1.79849
_08506_, 201.04, 187.68, 1.79849
_11624_, 201.04, 187.68, 1.79849
_11625_, 201.04, 187.68, 1.79849
_11693_, 201.04, 187.68, 1.79849
_14533_, 201.04, 187.68, 1.79849
ANTENNA__11624__A1, 201.04, 187.68, 1.79849
ANTENNA__11624__S, 201.04, 187.68, 1.79849
FILLER_0_65_412, 201.04, 187.68, 1.79849
_10302_, 213.84, 187.68, 1.79845
ANTENNA__08506__B1, 213.84, 187.68, 1.79845
ANTENNA__08507__A2, 213.84, 187.68, 1.79845
ANTENNA__06830__A2, 213.84, 187.68, 1.79845
ANTENNA__08508__A2, 213.84, 187.68, 1.79845
ANTENNA__08508__B1, 213.84, 187.68, 1.79845
ANTENNA__11556__A1, 213.84, 187.68, 1.79845
ANTENNA__11148__A1, 213.84, 187.68, 1.79845
ANTENNA__11148__S, 213.84, 187.68, 1.79845
ANTENNA__11556__S, 213.84, 187.68, 1.79845
FILLER_0_65_442, 213.84, 187.68, 1.79845
FILLER_0_65_461, 213.84, 187.68, 1.79845
_10300_, 226.64, 187.68, 1.79841
_10433_, 226.64, 187.68, 1.79841
_10434_, 226.64, 187.68, 1.79841
_13957_, 226.64, 187.68, 1.79841
_14629_, 226.64, 187.68, 1.79841
ANTENNA__06839__A, 226.64, 187.68, 1.79841
ANTENNA__11860__S, 226.64, 187.68, 1.79841
FILLER_0_64_473, 226.64, 187.68, 1.79841
FILLER_0_65_491, 226.64, 187.68, 1.79841
_06826_, 239.44, 187.68, 1.79839
_06827_, 239.44, 187.68, 1.79839
_10706_, 239.44, 187.68, 1.79839
_11864_, 239.44, 187.68, 1.79839
_12884_, 239.44, 187.68, 1.79839
_12885_, 239.44, 187.68, 1.79839
ANTENNA__12883__A, 239.44, 187.68, 1.79839
ANTENNA__08488__A2, 239.44, 187.68, 1.79839
ANTENNA__11864__A1, 239.44, 187.68, 1.79839
FILLER_0_65_514, 239.44, 187.68, 1.79839
_06814_, 252.24, 187.68, 1.79838
_06816_, 252.24, 187.68, 1.79838
_10369_, 252.24, 187.68, 1.79838
_11863_, 252.24, 187.68, 1.79838
_11865_, 252.24, 187.68, 1.79838
ANTENNA__08494__B1, 252.24, 187.68, 1.79838
ANTENNA__10912__A1, 252.24, 187.68, 1.79838
ANTENNA__10705__S, 252.24, 187.68, 1.79838
ANTENNA__11863__A, 252.24, 187.68, 1.79838
FILLER_0_66_537, 252.24, 187.68, 1.79838
_06818_, 265.04, 187.68, 1.79837
_06820_, 265.04, 187.68, 1.79837
_06848_, 265.04, 187.68, 1.79837
_10368_, 265.04, 187.68, 1.79837
_10773_, 265.04, 187.68, 1.79837
_11795_, 265.04, 187.68, 1.79837
ANTENNA__06814__A, 265.04, 187.68, 1.79837
ANTENNA__06818__A, 265.04, 187.68, 1.79837
ANTENNA__10773__A1, 265.04, 187.68, 1.79837
FILLER_0_66_569, 265.04, 187.68, 1.79837
_06785_, 277.84, 187.68, 1.79838
_09929_, 277.84, 187.68, 1.79838
_09930_, 277.84, 187.68, 1.79838
_10642_, 277.84, 187.68, 1.79838
_13734_, 277.84, 187.68, 1.79838
ANTENNA__06586__A1, 277.84, 187.68, 1.79838
ANTENNA__06586__S, 277.84, 187.68, 1.79838
ANTENNA__06848__A2, 277.84, 187.68, 1.79838
ANTENNA__10368__A, 277.84, 187.68, 1.79838
ANTENNA__06848__A1, 277.84, 187.68, 1.79838
_06781_, 290.64, 187.68, 1.7984
_06787_, 290.64, 187.68, 1.7984
_10641_, 290.64, 187.68, 1.7984
_13478_, 290.64, 187.68, 1.7984
clkbuf_leaf_143_wclk, 290.64, 187.68, 1.7984
FILLER_0_65_608, 290.64, 187.68, 1.7984
_06779_, 303.44, 187.68, 1.79845
_06788_, 303.44, 187.68, 1.79845
_06801_, 303.44, 187.68, 1.79845
_10438_, 303.44, 187.68, 1.79845
_10709_, 303.44, 187.68, 1.79845
_10710_, 303.44, 187.68, 1.79845
ANTENNA__06802__A, 303.44, 187.68, 1.79845
ANTENNA__06776__A, 303.44, 187.68, 1.79845
ANTENNA__06772__A, 303.44, 187.68, 1.79845
ANTENNA__06802__B, 303.44, 187.68, 1.79845
ANTENNA__09928__A, 303.44, 187.68, 1.79845
FILLER_0_64_641, 303.44, 187.68, 1.79845
_06780_, 316.24, 187.68, 1.7985
_06793_, 316.24, 187.68, 1.7985
_09279_, 316.24, 187.68, 1.7985
_09280_, 316.24, 187.68, 1.7985
_10847_, 316.24, 187.68, 1.7985
_10848_, 316.24, 187.68, 1.7985
_13638_, 316.24, 187.68, 1.7985
ANTENNA__10640__A, 316.24, 187.68, 1.7985
ANTENNA__11694__A, 316.24, 187.68, 1.7985
_07878_, 341.84, 187.68, 1.79845
_11581_, 341.84, 187.68, 1.79845
_11582_, 341.84, 187.68, 1.79845
_11599_, 341.84, 187.68, 1.79845
_14480_, 341.84, 187.68, 1.79845
_14521_, 341.84, 187.68, 1.79845
ANTENNA__07400__A, 341.84, 187.68, 1.79845
_11649_, 354.64, 187.68, 1.79834
_12787_, 354.64, 187.68, 1.79834
_14512_, 354.64, 187.68, 1.79834
ANTENNA__06798__A3, 354.64, 187.68, 1.79834
ANTENNA__07396__A, 354.64, 187.68, 1.79834
ANTENNA__09278__A, 354.64, 187.68, 1.79834
FILLER_0_65_769, 354.64, 187.68, 1.79834
_11597_, 367.44, 187.68, 1.79824
_11665_, 367.44, 187.68, 1.79824
_14520_, 367.44, 187.68, 1.79824
ANTENNA__07394__A2, 367.44, 187.68, 1.79824
ANTENNA__07394__B1, 367.44, 187.68, 1.79824
ANTENNA__11123__A1, 367.44, 187.68, 1.79824
ANTENNA__11581__S, 367.44, 187.68, 1.79824
FILLER_0_65_798, 367.44, 187.68, 1.79824
_14258_, 380.24, 187.68, 1.79815
ANTENNA__12787__S, 380.24, 187.68, 1.79815
ANTENNA__12773__S, 380.24, 187.68, 1.79815
ANTENNA__07533__A3, 380.24, 187.68, 1.79815
ANTENNA__07825__A2, 380.24, 187.68, 1.79815
ANTENNA__11121__S, 380.24, 187.68, 1.79815
ANTENNA__11109__S, 380.24, 187.68, 1.79815
FILLER_0_64_809, 380.24, 187.68, 1.79815
FILLER_0_65_819, 380.24, 187.68, 1.79815
_11107_, 393.04, 187.68, 1.79806
_11108_, 393.04, 187.68, 1.79806
_12784_, 393.04, 187.68, 1.79806
_15031_, 393.04, 187.68, 1.79806
ANTENNA__07533__A2, 393.04, 187.68, 1.79806
ANTENNA__07531__A2, 393.04, 187.68, 1.79806
ANTENNA__11107__A1, 393.04, 187.68, 1.79806
ANTENNA__11107__S, 393.04, 187.68, 1.79806
FILLER_0_64_833, 393.04, 187.68, 1.79806
FILLER_0_65_831, 393.04, 187.68, 1.79806
FILLER_0_65_837, 393.04, 187.68, 1.79806
FILLER_0_65_850, 393.04, 187.68, 1.79806
_12783_, 405.84, 187.68, 1.79798
_14262_, 405.84, 187.68, 1.79798
ANTENNA__12783__S, 405.84, 187.68, 1.79798
ANTENNA__07776__A3, 405.84, 187.68, 1.79798
ANTENNA__11119__A1, 405.84, 187.68, 1.79798
_11117_, 418.64, 187.68, 1.79791
_12776_, 418.64, 187.68, 1.79791
_14455_, 418.64, 187.68, 1.79791
ANTENNA__07581__B1, 418.64, 187.68, 1.79791
ANTENNA__11113__A1, 418.64, 187.68, 1.79791
ANTENNA__11117__A1, 418.64, 187.68, 1.79791
ANTENNA__11117__S, 418.64, 187.68, 1.79791
FILLER_0_65_908, 418.64, 187.68, 1.79791
_07677_, 431.44, 187.68, 1.79784
_11594_, 431.44, 187.68, 1.79784
_12708_, 431.44, 187.68, 1.79784
_14486_, 431.44, 187.68, 1.79784
ANTENNA__07724__A2, 431.44, 187.68, 1.79784
ANTENNA__07677__A2, 431.44, 187.68, 1.79784
ANTENNA__07774__A2, 431.44, 187.68, 1.79784
ANTENNA__07774__B1, 431.44, 187.68, 1.79784
ANTENNA__11527__A1, 431.44, 187.68, 1.79784
ANTENNA__11659__S, 431.44, 187.68, 1.79784
FILLER_0_64_921, 431.44, 187.68, 1.79784
FILLER_0_65_918, 431.44, 187.68, 1.79784
FILLER_0_65_930, 431.44, 187.68, 1.79784
FILLER_0_66_933, 431.44, 187.68, 1.79784
_07579_, 444.24, 187.68, 1.79779
_07724_, 444.24, 187.68, 1.79779
_11519_, 444.24, 187.68, 1.79779
_11662_, 444.24, 187.68, 1.79779
_14518_, 444.24, 187.68, 1.79779
FILLER_0_65_949, 444.24, 187.68, 1.79779
FILLER_0_65_960, 444.24, 187.68, 1.79779
_12640_, 457.04, 187.68, 1.79774
ANTENNA__11519__A1, 457.04, 187.68, 1.79774
ANTENNA__11661__A1, 457.04, 187.68, 1.79774
ANTENNA__11519__S, 457.04, 187.68, 1.79774
FILLER_0_64_977, 457.04, 187.68, 1.79774
FILLER_0_65_998, 469.84, 187.68, 1.79769
PHY_124, 5.52, 182.24, 1.79777
PHY_126, 5.52, 182.24, 1.79777
PHY_125, 494.04, 182.24, 1.79776
PHY_127, 494.04, 182.24, 1.79776
FILLER_0_63_51, 34.64, 182.24, 1.79781
FILLER_0_64_77, 34.64, 182.24, 1.79781
_14974_, 47.44, 182.24, 1.79785
_14975_, 47.44, 182.24, 1.79785
FILLER_0_64_93, 47.44, 182.24, 1.79785
_08085_, 60.24, 182.24, 1.7979
_08179_, 60.24, 182.24, 1.7979
_08226_, 60.24, 182.24, 1.7979
_12658_, 60.24, 182.24, 1.7979
_12731_, 60.24, 182.24, 1.7979
ANTENNA__12658__S, 60.24, 182.24, 1.7979
ANTENNA__08085__A2, 60.24, 182.24, 1.7979
ANTENNA__08179__B1, 60.24, 182.24, 1.7979
ANTENNA__12662__A1, 60.24, 182.24, 1.7979
_08177_, 73.04, 182.24, 1.79795
_11542_, 73.04, 182.24, 1.79795
_11543_, 73.04, 182.24, 1.79795
_12730_, 73.04, 182.24, 1.79795
_14460_, 73.04, 182.24, 1.79795
_15006_, 73.04, 182.24, 1.79795
ANTENNA__11542__A1, 73.04, 182.24, 1.79795
ANTENNA__11548__S, 73.04, 182.24, 1.79795
ANTENNA__12730__A1, 73.04, 182.24, 1.79795
FILLER_0_64_148, 73.04, 182.24, 1.79795
_08083_, 85.84, 182.24, 1.79801
_08086_, 85.84, 182.24, 1.79801
_08180_, 85.84, 182.24, 1.79801
ANTENNA__08177__A2, 85.84, 182.24, 1.79801
ANTENNA__08177__B1, 85.84, 182.24, 1.79801
ANTENNA__08083__B1, 85.84, 182.24, 1.79801
ANTENNA__11614__A1, 85.84, 182.24, 1.79801
ANTENNA__11538__S, 85.84, 182.24, 1.79801
FILLER_0_63_182, 85.84, 182.24, 1.79801
FILLER_0_63_187, 85.84, 182.24, 1.79801
_14269_, 98.64, 182.24, 1.79809
_14272_, 98.64, 182.24, 1.79809
_14463_, 98.64, 182.24, 1.79809
_15007_, 98.64, 182.24, 1.79809
ANTENNA__12732__A1, 98.64, 182.24, 1.79809
FILLER_0_62_191, 98.64, 182.24, 1.79809
_11132_, 111.44, 182.24, 1.79819
_11133_, 111.44, 182.24, 1.79819
_11552_, 111.44, 182.24, 1.79819
_11553_, 111.44, 182.24, 1.79819
_14467_, 111.44, 182.24, 1.79819
ANTENNA__08319__A2, 111.44, 182.24, 1.79819
FILLER_0_62_223, 111.44, 182.24, 1.79819
FILLER_0_63_238, 111.44, 182.24, 1.79819
_11536_, 124.24, 182.24, 1.7983
_14275_, 124.24, 182.24, 1.7983
ANTENNA__12808__S, 124.24, 182.24, 1.7983
ANTENNA__11144__A1, 124.24, 182.24, 1.7983
ANTENNA__11552__S, 124.24, 182.24, 1.7983
ANTENNA__12808__A1, 124.24, 182.24, 1.7983
FILLER_0_62_245, 124.24, 182.24, 1.7983
FILLER_0_62_253, 124.24, 182.24, 1.7983
FILLER_0_63_250, 124.24, 182.24, 1.7983
FILLER_0_64_264, 124.24, 182.24, 1.7983
FILLER_0_64_270, 124.24, 182.24, 1.7983
_12657_, 137.04, 182.24, 1.79841
_14459_, 137.04, 182.24, 1.79841
_15003_, 137.04, 182.24, 1.79841
_08036_, 149.84, 182.24, 1.79853
_08038_, 149.84, 182.24, 1.79853
_11142_, 149.84, 182.24, 1.79853
_14458_, 149.84, 182.24, 1.79853
ANTENNA__12789__A, 149.84, 182.24, 1.79853
ANTENNA__08036__A2, 149.84, 182.24, 1.79853
ANTENNA__08036__A3, 149.84, 182.24, 1.79853
ANTENNA__11142__A1, 149.84, 182.24, 1.79853
FILLER_0_63_308, 149.84, 182.24, 1.79853
FILLER_0_63_322, 149.84, 182.24, 1.79853
_07948_, 162.64, 182.24, 1.79867
_07950_, 162.64, 182.24, 1.79867
_07954_, 162.64, 182.24, 1.79867
_11534_, 162.64, 182.24, 1.79867
_12789_, 162.64, 182.24, 1.79867
ANTENNA__12653__A, 162.64, 182.24, 1.79867
ANTENNA__12611__A, 162.64, 182.24, 1.79867
ANTENNA__12721__A, 162.64, 182.24, 1.79867
ANTENNA__07948__B1, 162.64, 182.24, 1.79867
ANTENNA__11534__A1, 162.64, 182.24, 1.79867
ANTENNA__11534__S, 162.64, 182.24, 1.79867
FILLER_0_63_337, 162.64, 182.24, 1.79867
_06803_, 188.24, 182.24, 1.79876
_06805_, 188.24, 182.24, 1.79876
_12000_, 188.24, 182.24, 1.79876
_12204_, 188.24, 182.24, 1.79876
_12679_, 188.24, 182.24, 1.79876
ANTENNA__12679__A, 188.24, 182.24, 1.79876
ANTENNA__06805__A, 188.24, 182.24, 1.79876
FILLER_0_63_402, 188.24, 182.24, 1.79876
FILLER_0_64_400, 188.24, 182.24, 1.79876
_11692_, 201.04, 182.24, 1.79871
_14501_, 201.04, 182.24, 1.79871
ANTENNA__06803__A, 201.04, 182.24, 1.79871
ANTENNA__06812__A2, 201.04, 182.24, 1.79871
ANTENNA__08505__A2, 201.04, 182.24, 1.79871
FILLER_0_63_433, 201.04, 182.24, 1.79871
_06830_, 213.84, 182.24, 1.79866
_06842_, 213.84, 182.24, 1.79866
_08656_, 213.84, 182.24, 1.79866
_10301_, 213.84, 182.24, 1.79866
_13894_, 213.84, 182.24, 1.79866
ANTENNA__10301__A0, 213.84, 182.24, 1.79866
ANTENNA__08505__B1, 213.84, 182.24, 1.79866
ANTENNA__11692__A1, 213.84, 182.24, 1.79866
ANTENNA__11692__S, 213.84, 182.24, 1.79866
FILLER_0_63_465, 213.84, 182.24, 1.79866
_06839_, 226.64, 182.24, 1.79863
_12951_, 226.64, 182.24, 1.79863
_12953_, 226.64, 182.24, 1.79863
clkbuf_leaf_145_wclk, 226.64, 182.24, 1.79863
ANTENNA__12951__A, 226.64, 182.24, 1.79863
ANTENNA__10433__A1, 226.64, 182.24, 1.79863
ANTENNA__10300__A, 226.64, 182.24, 1.79863
FILLER_0_63_490, 226.64, 182.24, 1.79863
_06822_, 239.44, 182.24, 1.79862
_12747_, 239.44, 182.24, 1.79862
_14598_, 239.44, 182.24, 1.79862
_15078_, 239.44, 182.24, 1.79862
ANTENNA__10433__S, 239.44, 182.24, 1.79862
FILLER_0_62_502, 239.44, 182.24, 1.79862
FILLER_0_62_507, 239.44, 182.24, 1.79862
FILLER_0_63_501, 239.44, 182.24, 1.79862
_07312_, 252.24, 182.24, 1.79862
_08676_, 252.24, 182.24, 1.79862
_10370_, 252.24, 182.24, 1.79862
_11797_, 252.24, 182.24, 1.79862
_13926_, 252.24, 182.24, 1.79862
_14566_, 252.24, 182.24, 1.79862
ANTENNA__06822__A2, 252.24, 182.24, 1.79862
ANTENNA__06822__B1, 252.24, 182.24, 1.79862
ANTENNA__11083__A, 252.24, 182.24, 1.79862
ANTENNA__11864__S, 252.24, 182.24, 1.79862
FILLER_0_62_533, 252.24, 182.24, 1.79862
_06821_, 265.04, 182.24, 1.79863
_06847_, 265.04, 182.24, 1.79863
_08556_, 265.04, 182.24, 1.79863
_13050_, 265.04, 182.24, 1.79863
FILLER_0_63_557, 265.04, 182.24, 1.79863
FILLER_0_63_561, 265.04, 182.24, 1.79863
_08558_, 277.84, 182.24, 1.79865
_14054_, 277.84, 182.24, 1.79865
ANTENNA__08556__A, 277.84, 182.24, 1.79865
ANTENNA__11795__A, 277.84, 182.24, 1.79865
ANTENNA__13050__RESET_B, 277.84, 182.24, 1.79865
_06790_, 290.64, 182.24, 1.79868
_09379_, 290.64, 182.24, 1.79868
_09792_, 290.64, 182.24, 1.79868
_09793_, 290.64, 182.24, 1.79868
_13670_, 290.64, 182.24, 1.79868
ANTENNA__06833__A, 290.64, 182.24, 1.79868
FILLER_0_62_612, 290.64, 182.24, 1.79868
FILLER_0_63_613, 290.64, 182.24, 1.79868
_08795_, 303.44, 182.24, 1.79872
_10982_, 303.44, 182.24, 1.79872
_13958_, 303.44, 182.24, 1.79872
_14086_, 303.44, 182.24, 1.79872
ANTENNA__06809__A, 303.44, 182.24, 1.79872
ANTENNA__06776__B, 303.44, 182.24, 1.79872
ANTENNA__06787__C, 303.44, 182.24, 1.79872
FILLER_0_63_649, 303.44, 182.24, 1.79872
_09725_, 316.24, 182.24, 1.79877
_10849_, 316.24, 182.24, 1.79877
_14150_, 316.24, 182.24, 1.79877
ANTENNA__06788__A2, 316.24, 182.24, 1.79877
ANTENNA__09791__A, 316.24, 182.24, 1.79877
ANTENNA__10199__A, 316.24, 182.24, 1.79877
ANTENNA__09275__A, 316.24, 182.24, 1.79877
_07392_, 341.84, 182.24, 1.79869
_07393_, 341.84, 182.24, 1.79869
_11580_, 341.84, 182.24, 1.79869
_11648_, 341.84, 182.24, 1.79869
_11650_, 341.84, 182.24, 1.79869
_11667_, 341.84, 182.24, 1.79869
_11668_, 341.84, 182.24, 1.79869
_07319_, 354.64, 182.24, 1.79858
_08814_, 354.64, 182.24, 1.79858
_11598_, 354.64, 182.24, 1.79858
_14488_, 354.64, 182.24, 1.79858
ANTENNA__06799__B, 354.64, 182.24, 1.79858
ANTENNA__06800__A2, 354.64, 182.24, 1.79858
ANTENNA__06799__C, 354.64, 182.24, 1.79858
ANTENNA__07398__A, 354.64, 182.24, 1.79858
ANTENNA__11599__A1, 354.64, 182.24, 1.79858
ANTENNA__11104__A, 354.64, 182.24, 1.79858
ANTENNA__11105__S, 354.64, 182.24, 1.79858
FILLER_0_63_762, 354.64, 182.24, 1.79858
FILLER_0_63_769, 354.64, 182.24, 1.79858
_09741_, 367.44, 182.24, 1.79847
_13646_, 367.44, 182.24, 1.79847
ANTENNA__07825__B1, 367.44, 182.24, 1.79847
ANTENNA__11581__A1, 367.44, 182.24, 1.79847
ANTENNA__11597__S, 367.44, 182.24, 1.79847
ANTENNA__11667__S, 367.44, 182.24, 1.79847
ANTENNA__11649__S, 367.44, 182.24, 1.79847
ANTENNA__12787__A1, 367.44, 182.24, 1.79847
ANTENNA_clkbuf_leaf_111_wclk_A, 367.44, 182.24, 1.79847
_09304_, 380.24, 182.24, 1.79837
_11585_, 380.24, 182.24, 1.79837
_11586_, 380.24, 182.24, 1.79837
ANTENNA__07271__C, 380.24, 182.24, 1.79837
ANTENNA__07531__B1, 380.24, 182.24, 1.79837
ANTENNA__11585__A1, 380.24, 182.24, 1.79837
ANTENNA__11109__A1, 380.24, 182.24, 1.79837
ANTENNA__11665__A1, 380.24, 182.24, 1.79837
ANTENNA__11597__A1, 380.24, 182.24, 1.79837
ANTENNA__11585__S, 380.24, 182.24, 1.79837
ANTENNA__11665__S, 380.24, 182.24, 1.79837
FILLER_0_62_801, 380.24, 182.24, 1.79837
FILLER_0_63_809, 380.24, 182.24, 1.79837
_07531_, 393.04, 182.24, 1.79827
_11119_, 393.04, 182.24, 1.79827
_11653_, 393.04, 182.24, 1.79827
_14263_, 393.04, 182.24, 1.79827
ANTENNA__11119__S, 393.04, 182.24, 1.79827
FILLER_0_64_843, 393.04, 182.24, 1.79827
_07483_, 405.84, 182.24, 1.79818
_11118_, 405.84, 182.24, 1.79818
_11120_, 405.84, 182.24, 1.79818
_11651_, 405.84, 182.24, 1.79818
_11652_, 405.84, 182.24, 1.79818
_15027_, 405.84, 182.24, 1.79818
ANTENNA__07581__A2, 405.84, 182.24, 1.79818
ANTENNA__07581__A3, 405.84, 182.24, 1.79818
ANTENNA__07483__A2, 405.84, 182.24, 1.79818
ANTENNA__07483__B1, 405.84, 182.24, 1.79818
ANTENNA__12783__A1, 405.84, 182.24, 1.79818
FILLER_0_63_876, 405.84, 182.24, 1.79818
_11111_, 418.64, 182.24, 1.7981
_11112_, 418.64, 182.24, 1.7981
_11591_, 418.64, 182.24, 1.7981
ANTENNA__12775__S, 418.64, 182.24, 1.7981
ANTENNA__07677__B1, 418.64, 182.24, 1.7981
ANTENNA__11111__A1, 418.64, 182.24, 1.7981
ANTENNA__11115__A1, 418.64, 182.24, 1.7981
ANTENNA__11115__S, 418.64, 182.24, 1.7981
ANTENNA__11111__S, 418.64, 182.24, 1.7981
ANTENNA__11591__S, 418.64, 182.24, 1.7981
ANTENNA__12775__A1, 418.64, 182.24, 1.7981
FILLER_0_64_902, 418.64, 182.24, 1.7981
_11588_, 431.44, 182.24, 1.79802
_11593_, 431.44, 182.24, 1.79802
_11659_, 431.44, 182.24, 1.79802
_11660_, 431.44, 182.24, 1.79802
_14483_, 431.44, 182.24, 1.79802
ANTENNA__07579__B1, 431.44, 182.24, 1.79802
ANTENNA__11659__A1, 431.44, 182.24, 1.79802
ANTENNA__11593__S, 431.44, 182.24, 1.79802
FILLER_0_63_927, 431.44, 182.24, 1.79802
_11589_, 444.24, 182.24, 1.79795
_11655_, 444.24, 182.24, 1.79795
_11656_, 444.24, 182.24, 1.79795
_14515_, 444.24, 182.24, 1.79795
ANTENNA__07579__A2, 444.24, 182.24, 1.79795
ANTENNA__07724__B1, 444.24, 182.24, 1.79795
ANTENNA__07580__B1, 444.24, 182.24, 1.79795
FILLER_0_63_949, 444.24, 182.24, 1.79795
ANTENNA__07629__A2, 457.04, 182.24, 1.79789
ANTENNA__11655__A1, 457.04, 182.24, 1.79789
ANTENNA__11589__A1, 457.04, 182.24, 1.79789
ANTENNA__11655__S, 457.04, 182.24, 1.79789
FILLER_0_62_975, 457.04, 182.24, 1.79789
_11036_, 469.84, 182.24, 1.79783
ANTENNA__11036__A, 469.84, 182.24, 1.79783
FILLER_0_63_1004, 469.84, 182.24, 1.79783
PHY_120, 5.52, 176.8, 1.79781
PHY_122, 5.52, 176.8, 1.79781
PHY_121, 494.04, 176.8, 1.79777
PHY_123, 494.04, 176.8, 1.79777
FILLER_0_61_51, 34.64, 176.8, 1.79787
FILLER_0_62_77, 34.64, 176.8, 1.79787
_12663_, 47.44, 176.8, 1.79793
FILLER_0_61_105, 47.44, 176.8, 1.79793
FILLER_0_62_101, 47.44, 176.8, 1.79793
_14462_, 60.24, 176.8, 1.79799
ANTENNA__12662__S, 60.24, 176.8, 1.79799
ANTENNA__08226__A2, 60.24, 176.8, 1.79799
ANTENNA__08179__A2, 60.24, 176.8, 1.79799
ANTENNA__08226__B1, 60.24, 176.8, 1.79799
_08129_, 73.04, 176.8, 1.79805
_11539_, 73.04, 176.8, 1.79805
_11608_, 73.04, 176.8, 1.79805
ANTENNA__12730__S, 73.04, 176.8, 1.79805
ANTENNA__11542__S, 73.04, 176.8, 1.79805
ANTENNA_clkbuf_leaf_0_wclk_A, 73.04, 176.8, 1.79805
FILLER_0_61_150, 73.04, 176.8, 1.79805
FILLER_0_61_155, 73.04, 176.8, 1.79805
_11545_, 85.84, 176.8, 1.79812
_11614_, 85.84, 176.8, 1.79812
_11615_, 85.84, 176.8, 1.79812
_11682_, 85.84, 176.8, 1.79812
ANTENNA__08129__A2, 85.84, 176.8, 1.79812
ANTENNA__08129__B1, 85.84, 176.8, 1.79812
ANTENNA__08083__A2, 85.84, 176.8, 1.79812
ANTENNA__11682__A1, 85.84, 176.8, 1.79812
ANTENNA__11614__S, 85.84, 176.8, 1.79812
FILLER_0_61_173, 85.84, 176.8, 1.79812
FILLER_0_61_182, 85.84, 176.8, 1.79812
FILLER_0_62_175, 85.84, 176.8, 1.79812
FILLER_0_62_180, 85.84, 176.8, 1.79812
FILLER_0_62_185, 85.84, 176.8, 1.79812
_08224_, 98.64, 176.8, 1.79819
_08227_, 98.64, 176.8, 1.79819
_08270_, 98.64, 176.8, 1.79819
ANTENNA__08270__A2, 98.64, 176.8, 1.79819
ANTENNA__08224__A2, 98.64, 176.8, 1.79819
ANTENNA__08224__B1, 98.64, 176.8, 1.79819
ANTENNA__11682__S, 98.64, 176.8, 1.79819
FILLER_0_61_198, 98.64, 176.8, 1.79819
_08319_, 111.44, 176.8, 1.79827
_11621_, 111.44, 176.8, 1.79827
_14273_, 111.44, 176.8, 1.79827
ANTENNA__08225__A2, 111.44, 176.8, 1.79827
ANTENNA__08319__A3, 111.44, 176.8, 1.79827
ANTENNA__11132__A1, 111.44, 176.8, 1.79827
ANTENNA__11620__A1, 111.44, 176.8, 1.79827
ANTENNA__11552__A1, 111.44, 176.8, 1.79827
FILLER_0_61_218, 111.44, 176.8, 1.79827
FILLER_0_61_225, 111.44, 176.8, 1.79827
FILLER_0_61_239, 111.44, 176.8, 1.79827
FILLER_0_62_236, 111.44, 176.8, 1.79827
_08411_, 124.24, 176.8, 1.79836
_11144_, 124.24, 176.8, 1.79836
_11620_, 124.24, 176.8, 1.79836
_14531_, 124.24, 176.8, 1.79836
ANTENNA__08411__A2, 124.24, 176.8, 1.79836
ANTENNA__08411__B1, 124.24, 176.8, 1.79836
ANTENNA__11536__A1, 124.24, 176.8, 1.79836
ANTENNA__11620__S, 124.24, 176.8, 1.79836
FILLER_0_62_268, 124.24, 176.8, 1.79836
_07827_, 137.04, 176.8, 1.79845
_08034_, 137.04, 176.8, 1.79845
_08035_, 137.04, 176.8, 1.79845
_11537_, 137.04, 176.8, 1.79845
ANTENNA__07827__A, 137.04, 176.8, 1.79845
ANTENNA__08034__A2, 137.04, 176.8, 1.79845
ANTENNA__08035__A2, 137.04, 176.8, 1.79845
ANTENNA__08035__B1, 137.04, 176.8, 1.79845
ANTENNA__11536__S, 137.04, 176.8, 1.79845
FILLER_0_61_273, 137.04, 176.8, 1.79845
FILLER_0_61_292, 137.04, 176.8, 1.79845
FILLER_0_61_298, 137.04, 176.8, 1.79845
_12792_, 149.84, 176.8, 1.79856
_12793_, 149.84, 176.8, 1.79856
_15035_, 149.84, 176.8, 1.79856
ANTENNA__12792__S, 149.84, 176.8, 1.79856
ANTENNA__07950__A2, 149.84, 176.8, 1.79856
ANTENNA__07950__A3, 149.84, 176.8, 1.79856
ANTENNA__08364__B1, 149.84, 176.8, 1.79856
ANTENNA__07948__A2, 149.84, 176.8, 1.79856
ANTENNA__12792__A1, 149.84, 176.8, 1.79856
FILLER_0_61_322, 149.84, 176.8, 1.79856
_11125_, 162.64, 176.8, 1.79868
_11126_, 162.64, 176.8, 1.79868
_11127_, 162.64, 176.8, 1.79868
_11602_, 162.64, 176.8, 1.79868
ANTENNA__11125__A, 162.64, 176.8, 1.79868
FILLER_0_62_353, 162.64, 176.8, 1.79868
_06841_, 188.24, 176.8, 1.79875
_11045_, 188.24, 176.8, 1.79875
_12680_, 188.24, 176.8, 1.79875
_14982_, 188.24, 176.8, 1.79875
ANTENNA__12680__S, 188.24, 176.8, 1.79875
ANTENNA__12000__A0, 188.24, 176.8, 1.79875
ANTENNA__12612__A1, 188.24, 176.8, 1.79875
FILLER_0_60_386, 188.24, 176.8, 1.79875
FILLER_0_60_392, 188.24, 176.8, 1.79875
FILLER_0_61_387, 188.24, 176.8, 1.79875
FILLER_0_62_400, 188.24, 176.8, 1.79875
_06812_, 201.04, 176.8, 1.7987
_09139_, 201.04, 176.8, 1.7987
_11492_, 201.04, 176.8, 1.7987
_11493_, 201.04, 176.8, 1.7987
ANTENNA__06812__B1, 201.04, 176.8, 1.7987
ANTENNA__08656__A, 201.04, 176.8, 1.7987
ANTENNA__12680__A1, 201.04, 176.8, 1.7987
ANTENNA__12952__A1, 201.04, 176.8, 1.7987
FILLER_0_61_431, 201.04, 176.8, 1.7987
FILLER_0_62_433, 201.04, 176.8, 1.7987
_06832_, 213.84, 176.8, 1.79866
_08658_, 213.84, 176.8, 1.79866
_09140_, 213.84, 176.8, 1.79866
_09141_, 213.84, 176.8, 1.79866
_12952_, 213.84, 176.8, 1.79866
_15110_, 213.84, 176.8, 1.79866
ANTENNA__12952__S, 213.84, 176.8, 1.79866
ANTENNA__06831__B, 213.84, 176.8, 1.79866
ANTENNA__06832__A2, 213.84, 176.8, 1.79866
ANTENNA__06832__A3, 213.84, 176.8, 1.79866
FILLER_0_61_449, 213.84, 176.8, 1.79866
_06824_, 226.64, 176.8, 1.79863
_06829_, 226.64, 176.8, 1.79863
_06845_, 226.64, 176.8, 1.79863
_11083_, 226.64, 176.8, 1.79863
_11085_, 226.64, 176.8, 1.79863
_12748_, 226.64, 176.8, 1.79863
_12749_, 226.64, 176.8, 1.79863
_15014_, 226.64, 176.8, 1.79863
ANTENNA__12748__A1, 226.64, 176.8, 1.79863
ANTENNA_clkbuf_leaf_145_wclk_A, 226.64, 176.8, 1.79863
FILLER_0_61_472, 226.64, 176.8, 1.79863
_06840_, 239.44, 176.8, 1.79862
_13167_, 239.44, 176.8, 1.79862
ANTENNA__12747__A, 239.44, 176.8, 1.79862
ANTENNA__12748__S, 239.44, 176.8, 1.79862
ANTENNA__12884__S, 239.44, 176.8, 1.79862
ANTENNA__06827__A, 239.44, 176.8, 1.79862
ANTENNA__06826__A, 239.44, 176.8, 1.79862
ANTENNA__06840__A2, 239.44, 176.8, 1.79862
ANTENNA__12884__A1, 239.44, 176.8, 1.79862
FILLER_0_61_517, 239.44, 176.8, 1.79862
_06844_, 252.24, 176.8, 1.79861
_08675_, 252.24, 176.8, 1.79861
_11796_, 252.24, 176.8, 1.79861
ANTENNA__06844__A, 252.24, 176.8, 1.79861
ANTENNA__07312__B, 252.24, 176.8, 1.79861
ANTENNA__07312__C, 252.24, 176.8, 1.79861
ANTENNA__08675__S, 252.24, 176.8, 1.79861
_06843_, 265.04, 176.8, 1.7986
_08557_, 265.04, 176.8, 1.7986
_13126_, 265.04, 176.8, 1.7986
ANTENNA__06820__A, 265.04, 176.8, 1.7986
ANTENNA__06847__B1, 265.04, 176.8, 1.7986
ANTENNA__08675__A0, 265.04, 176.8, 1.7986
ANTENNA__11796__A1, 265.04, 176.8, 1.7986
ANTENNA__11796__S, 265.04, 176.8, 1.7986
ANTENNA__13050__CLK, 265.04, 176.8, 1.7986
FILLER_0_61_551, 265.04, 176.8, 1.7986
FILLER_0_61_557, 265.04, 176.8, 1.7986
_06837_, 277.84, 176.8, 1.79861
_07309_, 277.84, 176.8, 1.79861
_09948_, 277.84, 176.8, 1.79861
ANTENNA__09929__A1, 277.84, 176.8, 1.79861
ANTENNA__06786__A, 277.84, 176.8, 1.79861
ANTENNA__06785__A, 277.84, 176.8, 1.79861
ANTENNA__07309__A, 277.84, 176.8, 1.79861
ANTENNA__06821__B1, 277.84, 176.8, 1.79861
ANTENNA__06837__A, 277.84, 176.8, 1.79861
ANTENNA__07294__C, 277.84, 176.8, 1.79861
ANTENNA__08557__A0, 277.84, 176.8, 1.79861
ANTENNA__08557__S, 277.84, 176.8, 1.79861
FILLER_0_60_589, 277.84, 176.8, 1.79861
FILLER_0_62_605, 277.84, 176.8, 1.79861
_06789_, 290.64, 176.8, 1.79863
_07256_, 290.64, 176.8, 1.79863
_08796_, 290.64, 176.8, 1.79863
_10660_, 290.64, 176.8, 1.79863
_13222_, 290.64, 176.8, 1.79863
ANTENNA__06787__B, 290.64, 176.8, 1.79863
FILLER_0_61_628, 290.64, 176.8, 1.79863
_08550_, 303.44, 176.8, 1.79868
_10437_, 303.44, 176.8, 1.79868
ANTENNA__06782__A, 303.44, 176.8, 1.79868
ANTENNA__06809__B, 303.44, 176.8, 1.79868
ANTENNA__06788__A3, 303.44, 176.8, 1.79868
ANTENNA__10505__A1, 303.44, 176.8, 1.79868
ANTENNA__10504__A, 303.44, 176.8, 1.79868
ANTENNA__10641__S, 303.44, 176.8, 1.79868
ANTENNA_clkbuf_leaf_143_wclk_A, 303.44, 176.8, 1.79868
_07314_, 316.24, 176.8, 1.79873
ANTENNA__06813__B, 316.24, 176.8, 1.79873
ANTENNA__06813__A, 316.24, 176.8, 1.79873
ANTENNA__06793__A, 316.24, 176.8, 1.79873
ANTENNA__08795__A0, 316.24, 176.8, 1.79873
ANTENNA__09279__A0, 316.24, 176.8, 1.79873
ANTENNA__10709__A1, 316.24, 176.8, 1.79873
ANTENNA__10436__A, 316.24, 176.8, 1.79873
ANTENNA__10708__A, 316.24, 176.8, 1.79873
ANTENNA__10709__S, 316.24, 176.8, 1.79873
FILLER_0_61_689, 316.24, 176.8, 1.79873
_07322_, 341.84, 176.8, 1.79862
_13231_, 341.84, 176.8, 1.79862
ANTENNA__12768__A, 341.84, 176.8, 1.79862
ANTENNA__06800__A3, 341.84, 176.8, 1.79862
ANTENNA__06797__A, 341.84, 176.8, 1.79862
ANTENNA__06798__B1, 341.84, 176.8, 1.79862
ANTENNA__09724__A0, 341.84, 176.8, 1.79862
ANTENNA__09279__S, 341.84, 176.8, 1.79862
ANTENNA__09724__S, 341.84, 176.8, 1.79862
ANTENNA__10437__A1, 341.84, 176.8, 1.79862
FILLER_0_62_737, 341.84, 176.8, 1.79862
_07317_, 354.64, 176.8, 1.79847
_08813_, 354.64, 176.8, 1.79847
ANTENNA__07324__B, 354.64, 176.8, 1.79847
ANTENNA__07878__B1, 354.64, 176.8, 1.79847
ANTENNA__08813__A0, 354.64, 176.8, 1.79847
ANTENNA__09742__A0, 354.64, 176.8, 1.79847
ANTENNA__11667__A1, 354.64, 176.8, 1.79847
ANTENNA__11580__A, 354.64, 176.8, 1.79847
FILLER_0_61_770, 354.64, 176.8, 1.79847
_07271_, 367.44, 176.8, 1.79832
_09740_, 367.44, 176.8, 1.79832
_10863_, 367.44, 176.8, 1.79832
_14157_, 367.44, 176.8, 1.79832
ANTENNA__07392__A, 367.44, 176.8, 1.79832
ANTENNA__07319__B, 367.44, 176.8, 1.79832
ANTENNA__07317__C, 367.44, 176.8, 1.79832
ANTENNA__07319__C, 367.44, 176.8, 1.79832
ANTENNA__11649__A1, 367.44, 176.8, 1.79832
FILLER_0_61_798, 367.44, 176.8, 1.79832
_09303_, 380.24, 176.8, 1.79817
_13454_, 380.24, 176.8, 1.79817
_14482_, 380.24, 176.8, 1.79817
_14514_, 380.24, 176.8, 1.79817
FILLER_0_60_809, 380.24, 176.8, 1.79817
FILLER_0_61_817, 380.24, 176.8, 1.79817
_11583_, 393.04, 176.8, 1.79804
_11654_, 393.04, 176.8, 1.79804
_14481_, 393.04, 176.8, 1.79804
clkbuf_4_11_0_wclk, 393.04, 176.8, 1.79804
ANTENNA__11653__A1, 393.04, 176.8, 1.79804
ANTENNA__11653__S, 393.04, 176.8, 1.79804
ANTENNA_clkbuf_4_11_0_wclk_A, 393.04, 176.8, 1.79804
FILLER_0_60_834, 393.04, 176.8, 1.79804
_11115_, 405.84, 176.8, 1.79796
clkbuf_leaf_115_wclk, 405.84, 176.8, 1.79796
FILLER_0_60_869, 405.84, 176.8, 1.79796
_11592_, 418.64, 176.8, 1.79791
_11595_, 418.64, 176.8, 1.79791
_11596_, 418.64, 176.8, 1.79791
_14485_, 418.64, 176.8, 1.79791
_14487_, 418.64, 176.8, 1.79791
_14517_, 418.64, 176.8, 1.79791
ANTENNA__11651__A1, 418.64, 176.8, 1.79791
ANTENNA_clkbuf_leaf_115_wclk_A, 418.64, 176.8, 1.79791
FILLER_0_61_893, 418.64, 176.8, 1.79791
_07773_, 431.44, 176.8, 1.79787
_11587_, 431.44, 176.8, 1.79787
_11590_, 431.44, 176.8, 1.79787
_11658_, 431.44, 176.8, 1.79787
_11664_, 431.44, 176.8, 1.79787
_14484_, 431.44, 176.8, 1.79787
ANTENNA__11591__A1, 431.44, 176.8, 1.79787
ANTENNA__11593__A1, 431.44, 176.8, 1.79787
ANTENNA__11587__S, 431.44, 176.8, 1.79787
FILLER_0_62_929, 431.44, 176.8, 1.79787
_07629_, 444.24, 176.8, 1.79784
_11657_, 444.24, 176.8, 1.79784
ANTENNA__07629__B1, 444.24, 176.8, 1.79784
ANTENNA__11589__S, 444.24, 176.8, 1.79784
ANTENNA__11657__S, 457.04, 176.8, 1.79782
FILLER_0_60_973, 457.04, 176.8, 1.79782
PHY_116, 5.52, 171.36, 1.79777
PHY_118, 5.52, 171.36, 1.79777
input34, 5.52, 171.36, 1.79777
PHY_117, 494.04, 171.36, 1.79778
PHY_119, 494.04, 171.36, 1.79778
output43, 494.04, 171.36, 1.79778
ANTENNA_output43_A, 494.04, 171.36, 1.79778
FILLER_0_60_23, 13.68, 171.36, 1.79777
FILLER_0_59_51, 34.64, 171.36, 1.79779
FILLER_0_60_77, 34.64, 171.36, 1.79779
_11067_, 47.44, 171.36, 1.79781
ANTENNA__11067__A, 47.44, 171.36, 1.79781
FILLER_0_58_85, 47.44, 171.36, 1.79781
FILLER_0_59_105, 47.44, 171.36, 1.79781
_11609_, 60.24, 171.36, 1.79783
_14493_, 60.24, 171.36, 1.79783
FILLER_0_59_125, 60.24, 171.36, 1.79783
FILLER_0_59_131, 60.24, 171.36, 1.79783
FILLER_0_60_121, 60.24, 171.36, 1.79783
_11610_, 73.04, 171.36, 1.79785
_11617_, 73.04, 171.36, 1.79785
_11677_, 73.04, 171.36, 1.79785
_14525_, 73.04, 171.36, 1.79785
clkbuf_leaf_0_wclk, 73.04, 171.36, 1.79785
ANTENNA__11676__A1, 73.04, 171.36, 1.79785
ANTENNA__11608__A1, 73.04, 171.36, 1.79785
ANTENNA__11608__S, 73.04, 171.36, 1.79785
_08176_, 85.84, 171.36, 1.7979
_08317_, 85.84, 171.36, 1.7979
_14496_, 85.84, 171.36, 1.7979
_14528_, 85.84, 171.36, 1.7979
ANTENNA__08176__A2, 85.84, 171.36, 1.7979
FILLER_0_58_166, 85.84, 171.36, 1.7979
FILLER_0_59_163, 85.84, 171.36, 1.7979
_08084_, 98.64, 171.36, 1.79797
_08225_, 98.64, 171.36, 1.79797
_11131_, 98.64, 171.36, 1.79797
_11683_, 98.64, 171.36, 1.79797
ANTENNA__08084__A2, 98.64, 171.36, 1.79797
ANTENNA__08084__A3, 98.64, 171.36, 1.79797
ANTENNA__08082__A2, 98.64, 171.36, 1.79797
ANTENNA__08270__B1, 98.64, 171.36, 1.79797
ANTENNA__11140__A1, 98.64, 171.36, 1.79797
ANTENNA__11612__S, 98.64, 171.36, 1.79797
FILLER_0_58_193, 98.64, 171.36, 1.79797
FILLER_0_58_197, 98.64, 171.36, 1.79797
FILLER_0_59_195, 98.64, 171.36, 1.79797
FILLER_0_60_204, 98.64, 171.36, 1.79797
_08178_, 111.44, 171.36, 1.79803
_11130_, 111.44, 171.36, 1.79803
_11140_, 111.44, 171.36, 1.79803
_11688_, 111.44, 171.36, 1.79803
_14499_, 111.44, 171.36, 1.79803
_11689_, 124.24, 171.36, 1.7981
clkbuf_4_1_0_wclk, 124.24, 171.36, 1.7981
ANTENNA__11672__A1, 124.24, 171.36, 1.7981
ANTENNA__11688__S, 124.24, 171.36, 1.7981
ANTENNA_clkbuf_4_1_0_wclk_A, 124.24, 171.36, 1.7981
FILLER_0_59_266, 124.24, 171.36, 1.7981
FILLER_0_60_269, 124.24, 171.36, 1.7981
_08364_, 137.04, 171.36, 1.79822
_11618_, 137.04, 171.36, 1.79822
_11619_, 137.04, 171.36, 1.79822
_11686_, 137.04, 171.36, 1.79822
_11687_, 137.04, 171.36, 1.79822
ANTENNA__08364__A2, 137.04, 171.36, 1.79822
ANTENNA__08034__B1, 137.04, 171.36, 1.79822
ANTENNA__11618__A1, 137.04, 171.36, 1.79822
ANTENNA__11618__S, 137.04, 171.36, 1.79822
FILLER_0_60_291, 137.04, 171.36, 1.79822
_11128_, 149.84, 171.36, 1.79833
_11129_, 149.84, 171.36, 1.79833
_12790_, 149.84, 171.36, 1.79833
_14266_, 149.84, 171.36, 1.79833
_14267_, 149.84, 171.36, 1.79833
ANTENNA__12790__S, 149.84, 171.36, 1.79833
ANTENNA__11686__S, 149.84, 171.36, 1.79833
FILLER_0_59_300, 149.84, 171.36, 1.79833
FILLER_0_59_322, 149.84, 171.36, 1.79833
_11603_, 162.64, 171.36, 1.79846
_14490_, 162.64, 171.36, 1.79846
_14522_, 162.64, 171.36, 1.79846
clkbuf_leaf_10_wclk, 162.64, 171.36, 1.79846
_11559_, 188.24, 171.36, 1.79857
_11560_, 188.24, 171.36, 1.79857
_12681_, 188.24, 171.36, 1.79857
_14438_, 188.24, 171.36, 1.79857
ANTENNA__07943__A, 188.24, 171.36, 1.79857
ANTENNA__06841__A2, 188.24, 171.36, 1.79857
ANTENNA__06841__B1, 188.24, 171.36, 1.79857
ANTENNA__11560__A1, 188.24, 171.36, 1.79857
ANTENNA__11492__S, 188.24, 171.36, 1.79857
ANTENNA__11601__A, 188.24, 171.36, 1.79857
ANTENNA__11559__A, 188.24, 171.36, 1.79857
ANTENNA__12000__S, 188.24, 171.36, 1.79857
ANTENNA__11045__A, 188.24, 171.36, 1.79857
FILLER_0_58_388, 188.24, 171.36, 1.79857
_06808_, 201.04, 171.36, 1.79851
_06810_, 201.04, 171.36, 1.79851
_11628_, 201.04, 171.36, 1.79851
_11629_, 201.04, 171.36, 1.79851
ANTENNA__09139__A, 201.04, 171.36, 1.79851
ANTENNA__11492__A1, 201.04, 171.36, 1.79851
FILLER_0_59_423, 201.04, 171.36, 1.79851
FILLER_0_60_430, 201.04, 171.36, 1.79851
_06831_, 213.84, 171.36, 1.79848
_08657_, 213.84, 171.36, 1.79848
_11627_, 213.84, 171.36, 1.79848
_13158_, 213.84, 171.36, 1.79848
_13382_, 213.84, 171.36, 1.79848
ANTENNA__09140__S, 213.84, 171.36, 1.79848
ANTENNA__11627__A, 213.84, 171.36, 1.79848
FILLER_0_60_465, 213.84, 171.36, 1.79848
_10320_, 226.64, 171.36, 1.79845
_11084_, 226.64, 171.36, 1.79845
_14246_, 226.64, 171.36, 1.79845
ANTENNA__06824__A, 226.64, 171.36, 1.79845
ANTENNA__06840__B1, 226.64, 171.36, 1.79845
ANTENNA__11084__A1, 226.64, 171.36, 1.79845
ANTENNA__11084__S, 226.64, 171.36, 1.79845
FILLER_0_58_469, 226.64, 171.36, 1.79845
_07310_, 239.44, 171.36, 1.79844
_09159_, 239.44, 171.36, 1.79844
_12970_, 239.44, 171.36, 1.79844
_13391_, 239.44, 171.36, 1.79844
ANTENNA__06840__A3, 239.44, 171.36, 1.79844
ANTENNA__06829__A, 239.44, 171.36, 1.79844
ANTENNA__07310__A2, 239.44, 171.36, 1.79844
FILLER_0_59_499, 239.44, 171.36, 1.79844
FILLER_0_60_509, 239.44, 171.36, 1.79844
FILLER_0_60_515, 239.44, 171.36, 1.79844
FILLER_0_60_521, 239.44, 171.36, 1.79844
_07313_, 252.24, 171.36, 1.79843
_12902_, 252.24, 171.36, 1.79843
ANTENNA__06844__B, 252.24, 171.36, 1.79843
ANTENNA__07313__A3, 252.24, 171.36, 1.79843
ANTENNA__07313__A2, 252.24, 171.36, 1.79843
ANTENNA__07332__D, 252.24, 171.36, 1.79843
FILLER_0_58_529, 252.24, 171.36, 1.79843
FILLER_0_60_542, 252.24, 171.36, 1.79843
_06786_, 265.04, 171.36, 1.79842
_10387_, 265.04, 171.36, 1.79842
_10388_, 265.04, 171.36, 1.79842
_13027_, 265.04, 171.36, 1.79842
_13935_, 265.04, 171.36, 1.79842
ANTENNA__06821__A2, 265.04, 171.36, 1.79842
ANTENNA__06847__A2, 265.04, 171.36, 1.79842
ANTENNA__10387__A1, 265.04, 171.36, 1.79842
ANTENNA__10387__S, 265.04, 171.36, 1.79842
FILLER_0_59_551, 265.04, 171.36, 1.79842
FILLER_0_60_577, 265.04, 171.36, 1.79842
_06613_, 277.84, 171.36, 1.79844
_06614_, 277.84, 171.36, 1.79844
_07294_, 277.84, 171.36, 1.79844
_13743_, 277.84, 171.36, 1.79844
_14063_, 277.84, 171.36, 1.79844
ANTENNA__07307__B1, 277.84, 171.36, 1.79844
_06791_, 290.64, 171.36, 1.79847
_07315_, 290.64, 171.36, 1.79847
_09795_, 290.64, 171.36, 1.79847
_10659_, 290.64, 171.36, 1.79847
clkbuf_leaf_142_wclk, 290.64, 171.36, 1.79847
ANTENNA__07294__B, 290.64, 171.36, 1.79847
ANTENNA__10641__A1, 290.64, 171.36, 1.79847
FILLER_0_59_626, 290.64, 171.36, 1.79847
FILLER_0_59_632, 290.64, 171.36, 1.79847
FILLER_0_60_621, 290.64, 171.36, 1.79847
_06918_, 303.44, 171.36, 1.79853
_06924_, 303.44, 171.36, 1.79853
_10728_, 303.44, 171.36, 1.79853
_14095_, 303.44, 171.36, 1.79853
ANTENNA__06791__A2, 303.44, 171.36, 1.79853
ANTENNA__06790__B, 303.44, 171.36, 1.79853
ANTENNA__06791__A3, 303.44, 171.36, 1.79853
ANTENNA__07256__A, 303.44, 171.36, 1.79853
ANTENNA__09792__A0, 303.44, 171.36, 1.79853
ANTENNA__09379__A0, 303.44, 171.36, 1.79853
ANTENNA__09379__S, 303.44, 171.36, 1.79853
ANTENNA__09792__S, 303.44, 171.36, 1.79853
ANTENNA__10659__S, 303.44, 171.36, 1.79853
_09228_, 316.24, 171.36, 1.79859
_10455_, 316.24, 171.36, 1.79859
_10456_, 316.24, 171.36, 1.79859
_10727_, 316.24, 171.36, 1.79859
_13423_, 316.24, 171.36, 1.79859
_13967_, 316.24, 171.36, 1.79859
ANTENNA__06780__A2, 316.24, 171.36, 1.79859
FILLER_0_60_684, 316.24, 171.36, 1.79859
_09306_, 341.84, 171.36, 1.79855
_09307_, 341.84, 171.36, 1.79855
_10524_, 341.84, 171.36, 1.79855
_10867_, 341.84, 171.36, 1.79855
_13999_, 341.84, 171.36, 1.79855
ANTENNA__07297__A, 341.84, 171.36, 1.79855
ANTENNA__07395__A, 341.84, 171.36, 1.79855
ANTENNA__07324__C, 341.84, 171.36, 1.79855
ANTENNA__11599__S, 341.84, 171.36, 1.79855
FILLER_0_60_736, 341.84, 171.36, 1.79855
_07316_, 354.64, 171.36, 1.79845
_07320_, 354.64, 171.36, 1.79845
_07321_, 354.64, 171.36, 1.79845
_09810_, 354.64, 171.36, 1.79845
_09811_, 354.64, 171.36, 1.79845
ANTENNA__07393__A, 354.64, 171.36, 1.79845
ANTENNA__07878__A2, 354.64, 171.36, 1.79845
FILLER_0_58_753, 354.64, 171.36, 1.79845
_07217_, 367.44, 171.36, 1.79836
_07272_, 367.44, 171.36, 1.79836
_09398_, 367.44, 171.36, 1.79836
_10862_, 367.44, 171.36, 1.79836
ANTENNA__07317__B, 367.44, 171.36, 1.79836
ANTENNA__08813__S, 367.44, 171.36, 1.79836
ANTENNA__09740__S, 367.44, 171.36, 1.79836
ANTENNA__09810__S, 367.44, 171.36, 1.79836
FILLER_0_59_781, 367.44, 171.36, 1.79836
_07267_, 380.24, 171.36, 1.79827
_07268_, 380.24, 171.36, 1.79827
_09224_, 380.24, 171.36, 1.79827
ANTENNA__07272__A2, 380.24, 171.36, 1.79827
ANTENNA__07267__B, 380.24, 171.36, 1.79827
ANTENNA__07217__B, 380.24, 171.36, 1.79827
ANTENNA__07267__C, 380.24, 171.36, 1.79827
ANTENNA__09303__S, 380.24, 171.36, 1.79827
ANTENNA__09303__A0, 380.24, 171.36, 1.79827
_10520_, 393.04, 171.36, 1.79817
_11584_, 393.04, 171.36, 1.79817
_13997_, 393.04, 171.36, 1.79817
_14513_, 393.04, 171.36, 1.79817
ANTENNA__07268__C, 393.04, 171.36, 1.79817
ANTENNA__07268__B, 393.04, 171.36, 1.79817
ANTENNA__09225__A0, 393.04, 171.36, 1.79817
ANTENNA__10519__A1, 393.04, 171.36, 1.79817
ANTENNA__11583__A1, 393.04, 171.36, 1.79817
ANTENNA__11583__S, 393.04, 171.36, 1.79817
FILLER_0_59_849, 393.04, 171.36, 1.79817
FILLER_0_59_855, 393.04, 171.36, 1.79817
FILLER_0_60_847, 393.04, 171.36, 1.79817
_11116_, 405.84, 171.36, 1.79809
_14259_, 405.84, 171.36, 1.79809
_14261_, 405.84, 171.36, 1.79809
ANTENNA__07210__B, 405.84, 171.36, 1.79809
ANTENNA__07210__C, 405.84, 171.36, 1.79809
ANTENNA__09393__S, 405.84, 171.36, 1.79809
ANTENNA__11651__S, 405.84, 171.36, 1.79809
FILLER_0_59_867, 405.84, 171.36, 1.79809
_11663_, 418.64, 171.36, 1.79802
_14519_, 418.64, 171.36, 1.79802
ANTENNA__11595__S, 418.64, 171.36, 1.79802
FILLER_0_59_886, 418.64, 171.36, 1.79802
FILLER_0_59_897, 418.64, 171.36, 1.79802
_14516_, 431.44, 171.36, 1.79796
clkbuf_leaf_121_wclk, 431.44, 171.36, 1.79796
ANTENNA__07773__A2, 431.44, 171.36, 1.79796
ANTENNA__07773__B1, 431.44, 171.36, 1.79796
ANTENNA__11663__A1, 431.44, 171.36, 1.79796
ANTENNA__11663__S, 431.44, 171.36, 1.79796
ANTENNA_clkbuf_leaf_121_wclk_A, 431.44, 171.36, 1.79796
FILLER_0_60_933, 431.44, 171.36, 1.79796
ANTENNA__11587__A1, 444.24, 171.36, 1.79792
ANTENNA__11657__A1, 444.24, 171.36, 1.79792
FILLER_0_59_948, 444.24, 171.36, 1.79792
FILLER_0_58_969, 457.04, 171.36, 1.79787
FILLER_0_58_977, 457.04, 171.36, 1.79787
FILLER_0_59_1001, 469.84, 171.36, 1.79783
PHY_112, 5.52, 165.92, 1.79778
PHY_114, 5.52, 165.92, 1.79778
PHY_113, 494.04, 165.92, 1.79778
PHY_115, 494.04, 165.92, 1.79778
FILLER_0_57_51, 34.64, 165.92, 1.79781
FILLER_0_58_77, 34.64, 165.92, 1.79781
FILLER_0_57_105, 47.44, 165.92, 1.79784
_11611_, 60.24, 165.92, 1.79787
_14497_, 60.24, 165.92, 1.79787
ANTENNA__11610__A1, 60.24, 165.92, 1.79787
ANTENNA__11610__S, 60.24, 165.92, 1.79787
FILLER_0_58_120, 60.24, 165.92, 1.79787
_11616_, 73.04, 165.92, 1.79791
_11676_, 73.04, 165.92, 1.79791
_11678_, 73.04, 165.92, 1.79791
_11679_, 73.04, 165.92, 1.79791
_11685_, 73.04, 165.92, 1.79791
ANTENNA__11676__S, 73.04, 165.92, 1.79791
FILLER_0_58_150, 73.04, 165.92, 1.79791
_08082_, 85.84, 165.92, 1.79795
_11606_, 85.84, 165.92, 1.79795
_11674_, 85.84, 165.92, 1.79795
_11684_, 85.84, 165.92, 1.79795
ANTENNA__08317__A2, 85.84, 165.92, 1.79795
ANTENNA__08317__B1, 85.84, 165.92, 1.79795
ANTENNA__08176__B1, 85.84, 165.92, 1.79795
ANTENNA__08082__B1, 85.84, 165.92, 1.79795
FILLER_0_57_163, 85.84, 165.92, 1.79795
FILLER_0_57_185, 85.84, 165.92, 1.79795
FILLER_0_58_184, 85.84, 165.92, 1.79795
_11137_, 98.64, 165.92, 1.798
_11612_, 98.64, 165.92, 1.798
_11680_, 98.64, 165.92, 1.798
_14268_, 98.64, 165.92, 1.798
_14271_, 98.64, 165.92, 1.798
ANTENNA__08223__A2, 98.64, 165.92, 1.798
ANTENNA__11680__A1, 98.64, 165.92, 1.798
ANTENNA__11612__A1, 98.64, 165.92, 1.798
ANTENNA__11680__S, 98.64, 165.92, 1.798
_11134_, 111.44, 165.92, 1.79806
_11135_, 111.44, 165.92, 1.79806
_11141_, 111.44, 165.92, 1.79806
clkbuf_leaf_8_wclk, 111.44, 165.92, 1.79806
ANTENNA__08178__A2, 111.44, 165.92, 1.79806
ANTENNA__08225__A3, 111.44, 165.92, 1.79806
ANTENNA__11130__A1, 111.44, 165.92, 1.79806
ANTENNA__11136__A1, 111.44, 165.92, 1.79806
FILLER_0_56_227, 111.44, 165.92, 1.79806
FILLER_0_57_229, 111.44, 165.92, 1.79806
_11605_, 124.24, 165.92, 1.79814
_11672_, 124.24, 165.92, 1.79814
_11673_, 124.24, 165.92, 1.79814
_14523_, 124.24, 165.92, 1.79814
ANTENNA__08178__A3, 124.24, 165.92, 1.79814
ANTENNA__11134__A1, 124.24, 165.92, 1.79814
ANTENNA__11688__A1, 124.24, 165.92, 1.79814
ANTENNA__11672__S, 124.24, 165.92, 1.79814
ANTENNA_clkbuf_leaf_8_wclk_A, 124.24, 165.92, 1.79814
FILLER_0_56_257, 124.24, 165.92, 1.79814
FILLER_0_57_249, 124.24, 165.92, 1.79814
FILLER_0_57_258, 124.24, 165.92, 1.79814
_11604_, 137.04, 165.92, 1.79823
_14498_, 137.04, 165.92, 1.79823
_14530_, 137.04, 165.92, 1.79823
FILLER_0_57_297, 137.04, 165.92, 1.79823
_15034_, 149.84, 165.92, 1.79833
ANTENNA__07286__A2, 149.84, 165.92, 1.79833
ANTENNA__11128__A1, 149.84, 165.92, 1.79833
ANTENNA__11686__A1, 149.84, 165.92, 1.79833
ANTENNA__12790__A1, 149.84, 165.92, 1.79833
ANTENNA__13059__RESET_B, 149.84, 165.92, 1.79833
FILLER_0_56_301, 149.84, 165.92, 1.79833
FILLER_0_56_309, 149.84, 165.92, 1.79833
FILLER_0_57_302, 149.84, 165.92, 1.79833
FILLER_0_57_310, 149.84, 165.92, 1.79833
FILLER_0_57_315, 149.84, 165.92, 1.79833
FILLER_0_57_322, 149.84, 165.92, 1.79833
FILLER_0_58_320, 149.84, 165.92, 1.79833
_07335_, 162.64, 165.92, 1.79844
_12155_, 162.64, 165.92, 1.79844
_12791_, 162.64, 165.92, 1.79844
ANTENNA__12154__A0, 162.64, 165.92, 1.79844
ANTENNA__07335__A2, 162.64, 165.92, 1.79844
ANTENNA__07336__B1, 162.64, 165.92, 1.79844
ANTENNA__07335__B1, 162.64, 165.92, 1.79844
ANTENNA__07945__A2, 162.64, 165.92, 1.79844
ANTENNA__11602__A1, 162.64, 165.92, 1.79844
ANTENNA__11126__A1, 162.64, 165.92, 1.79844
ANTENNA__12154__S, 162.64, 165.92, 1.79844
ANTENNA_clkbuf_leaf_10_wclk_A, 162.64, 165.92, 1.79844
FILLER_0_57_330, 162.64, 165.92, 1.79844
FILLER_0_57_341, 162.64, 165.92, 1.79844
FILLER_0_57_355, 162.64, 165.92, 1.79844
_09878_, 188.24, 165.92, 1.79849
_09879_, 188.24, 165.92, 1.79849
_11561_, 188.24, 165.92, 1.79849
_14470_, 188.24, 165.92, 1.79849
_14502_, 188.24, 165.92, 1.79849
ANTENNA__07285__B1, 188.24, 165.92, 1.79849
ANTENNA__11560__S, 188.24, 165.92, 1.79849
ANTENNA__12494__A1, 188.24, 165.92, 1.79849
FILLER_0_57_397, 188.24, 165.92, 1.79849
_06811_, 201.04, 165.92, 1.79844
ANTENNA__06810__A, 201.04, 165.92, 1.79844
ANTENNA__06811__B1, 201.04, 165.92, 1.79844
ANTENNA__07289__B1, 201.04, 165.92, 1.79844
ANTENNA__11628__A1, 201.04, 165.92, 1.79844
ANTENNA__11628__S, 201.04, 165.92, 1.79844
FILLER_0_56_416, 201.04, 165.92, 1.79844
FILLER_0_56_421, 201.04, 165.92, 1.79844
FILLER_0_57_438, 201.04, 165.92, 1.79844
FILLER_0_58_430, 201.04, 165.92, 1.79844
_06823_, 213.84, 165.92, 1.7984
_06912_, 213.84, 165.92, 1.7984
_08659_, 213.84, 165.92, 1.7984
ANTENNA__06912__C, 213.84, 165.92, 1.7984
ANTENNA__06808__A, 213.84, 165.92, 1.7984
ANTENNA__09140__A0, 213.84, 165.92, 1.7984
ANTENNA__08659__S, 213.84, 165.92, 1.7984
FILLER_0_57_443, 213.84, 165.92, 1.7984
FILLER_0_57_449, 213.84, 165.92, 1.7984
_10319_, 226.64, 165.92, 1.79837
_12971_, 226.64, 165.92, 1.79837
_13903_, 226.64, 165.92, 1.79837
_15119_, 226.64, 165.92, 1.79837
ANTENNA__10307__A0, 226.64, 165.92, 1.79837
ANTENNA__06823__A, 226.64, 165.92, 1.79837
ANTENNA__06831__C, 226.64, 165.92, 1.79837
ANTENNA__06845__A, 226.64, 165.92, 1.79837
ANTENNA__08657__A0, 226.64, 165.92, 1.79837
ANTENNA__08659__A0, 226.64, 165.92, 1.79837
FILLER_0_57_469, 226.64, 165.92, 1.79837
_09158_, 239.44, 165.92, 1.79835
_15087_, 239.44, 165.92, 1.79835
clkbuf_leaf_146_wclk, 239.44, 165.92, 1.79835
ANTENNA__12902__S, 239.44, 165.92, 1.79835
ANTENNA__12970__S, 239.44, 165.92, 1.79835
ANTENNA__07205__A2, 239.44, 165.92, 1.79835
ANTENNA__09158__S, 239.44, 165.92, 1.79835
ANTENNA_clkbuf_leaf_146_wclk_A, 239.44, 165.92, 1.79835
FILLER_0_56_496, 239.44, 165.92, 1.79835
FILLER_0_57_497, 239.44, 165.92, 1.79835
FILLER_0_58_515, 239.44, 165.92, 1.79835
_07308_, 252.24, 165.92, 1.79835
_07332_, 252.24, 165.92, 1.79835
_11882_, 252.24, 165.92, 1.79835
_11883_, 252.24, 165.92, 1.79835
_14607_, 252.24, 165.92, 1.79835
ANTENNA__12902__A1, 252.24, 165.92, 1.79835
_07307_, 265.04, 165.92, 1.79837
_11814_, 265.04, 165.92, 1.79837
_11815_, 265.04, 165.92, 1.79837
_14575_, 265.04, 165.92, 1.79837
ANTENNA__11814__A1, 265.04, 165.92, 1.79837
ANTENNA__11814__S, 265.04, 165.92, 1.79837
FILLER_0_56_551, 265.04, 165.92, 1.79837
FILLER_0_58_577, 265.04, 165.92, 1.79837
_06612_, 277.84, 165.92, 1.7984
_09947_, 277.84, 165.92, 1.7984
ANTENNA__06613__S, 277.84, 165.92, 1.7984
ANTENNA__09947__A1, 277.84, 165.92, 1.7984
ANTENNA__06613__A1, 277.84, 165.92, 1.7984
ANTENNA__06612__A, 277.84, 165.92, 1.7984
FILLER_0_57_589, 277.84, 165.92, 1.7984
_09382_, 290.64, 165.92, 1.79842
_10655_, 290.64, 165.92, 1.79842
_13671_, 290.64, 165.92, 1.79842
ANTENNA__06789__A, 290.64, 165.92, 1.79842
ANTENNA__10655__A1, 290.64, 165.92, 1.79842
ANTENNA__10659__A1, 290.64, 165.92, 1.79842
_06920_, 303.44, 165.92, 1.79846
_06923_, 303.44, 165.92, 1.79846
_09381_, 303.44, 165.92, 1.79846
_13223_, 303.44, 165.92, 1.79846
_13991_, 303.44, 165.92, 1.79846
ANTENNA__06790__C, 303.44, 165.92, 1.79846
ANTENNA_14, 303.44, 165.92, 1.79846
_06922_, 316.24, 165.92, 1.7985
_07326_, 316.24, 165.92, 1.7985
_08797_, 316.24, 165.92, 1.7985
_08798_, 316.24, 165.92, 1.7985
_09227_, 316.24, 165.92, 1.7985
ANTENNA__06923__B, 316.24, 165.92, 1.7985
ANTENNA__07314__B1, 316.24, 165.92, 1.7985
ANTENNA__06920__B, 316.24, 165.92, 1.7985
ANTENNA__10437__S, 316.24, 165.92, 1.7985
_09283_, 341.84, 165.92, 1.79845
_09726_, 341.84, 165.92, 1.79845
_13455_, 341.84, 165.92, 1.79845
ANTENNA__07323__C, 341.84, 165.92, 1.79845
ANTENNA__07325__A2, 341.84, 165.92, 1.79845
ANTENNA__07323__B, 341.84, 165.92, 1.79845
ANTENNA__07322__B, 341.84, 165.92, 1.79845
ANTENNA__07322__C, 341.84, 165.92, 1.79845
ANTENNA__09227__A0, 341.84, 165.92, 1.79845
ANTENNA__11648__A, 341.84, 165.92, 1.79845
_09397_, 354.64, 165.92, 1.79836
_10523_, 354.64, 165.92, 1.79836
_13487_, 354.64, 165.92, 1.79836
_13679_, 354.64, 165.92, 1.79836
_07219_, 367.44, 165.92, 1.79828
_09225_, 367.44, 165.92, 1.79828
_09226_, 367.44, 165.92, 1.79828
_13422_, 367.44, 165.92, 1.79828
ANTENNA__07219__C, 367.44, 165.92, 1.79828
ANTENNA__07316__B, 367.44, 165.92, 1.79828
ANTENNA__07316__C, 367.44, 165.92, 1.79828
ANTENNA__07320__C, 367.44, 165.92, 1.79828
ANTENNA__07218__B, 367.44, 165.92, 1.79828
ANTENNA__07320__B, 367.44, 165.92, 1.79828
ANTENNA__09740__A0, 367.44, 165.92, 1.79828
ANTENNA__10862__S, 367.44, 165.92, 1.79828
FILLER_0_58_794, 367.44, 165.92, 1.79828
_08809_, 380.24, 165.92, 1.79821
_09223_, 380.24, 165.92, 1.79821
_10519_, 380.24, 165.92, 1.79821
_13421_, 380.24, 165.92, 1.79821
ANTENNA__07217__C, 380.24, 165.92, 1.79821
ANTENNA__07271__B, 380.24, 165.92, 1.79821
_07211_, 393.04, 165.92, 1.79815
_07212_, 393.04, 165.92, 1.79815
_08810_, 393.04, 165.92, 1.79815
_13229_, 393.04, 165.92, 1.79815
ANTENNA__07211__B, 393.04, 165.92, 1.79815
ANTENNA__07212__B, 393.04, 165.92, 1.79815
FILLER_0_57_841, 393.04, 165.92, 1.79815
FILLER_0_57_854, 393.04, 165.92, 1.79815
_07210_, 405.84, 165.92, 1.79809
_09393_, 405.84, 165.92, 1.79809
_09806_, 405.84, 165.92, 1.79809
_09807_, 405.84, 165.92, 1.79809
_13677_, 405.84, 165.92, 1.79809
ANTENNA__09393__A0, 405.84, 165.92, 1.79809
ANTENNA__11595__A1, 418.64, 165.92, 1.79804
FILLER_0_57_890, 418.64, 165.92, 1.79804
FILLER_0_56_921, 431.44, 165.92, 1.79798
FILLER_0_57_945, 444.24, 165.92, 1.79793
FILLER_0_56_973, 457.04, 165.92, 1.79788
FILLER_0_57_1001, 469.84, 165.92, 1.79783
PHY_108, 5.52, 160.48, 1.79776
PHY_110, 5.52, 160.48, 1.79776
PHY_109, 494.04, 160.48, 1.79777
PHY_111, 494.04, 160.48, 1.79777
FILLER_0_55_51, 34.64, 160.48, 1.79778
FILLER_0_56_77, 34.64, 160.48, 1.79778
FILLER_0_55_105, 47.44, 160.48, 1.79779
_14494_, 60.24, 160.48, 1.79781
FILLER_0_56_121, 60.24, 160.48, 1.79781
_14526_, 73.04, 160.48, 1.79784
_14529_, 73.04, 160.48, 1.79784
ANTENNA__11616__A1, 73.04, 160.48, 1.79784
FILLER_0_54_133, 73.04, 160.48, 1.79784
FILLER_0_55_137, 73.04, 160.48, 1.79784
_11607_, 85.84, 160.48, 1.79787
_11675_, 85.84, 160.48, 1.79787
_14492_, 85.84, 160.48, 1.79787
_14524_, 85.84, 160.48, 1.79787
ANTENNA__11684__A1, 85.84, 160.48, 1.79787
ANTENNA__11674__S, 85.84, 160.48, 1.79787
FILLER_0_55_162, 85.84, 160.48, 1.79787
FILLER_0_56_186, 85.84, 160.48, 1.79787
_08223_, 98.64, 160.48, 1.79791
_11136_, 98.64, 160.48, 1.79791
_11613_, 98.64, 160.48, 1.79791
_11681_, 98.64, 160.48, 1.79791
_14527_, 98.64, 160.48, 1.79791
clkbuf_leaf_167_wclk, 98.64, 160.48, 1.79791
FILLER_0_55_192, 98.64, 160.48, 1.79791
_12794_, 111.44, 160.48, 1.79798
_12795_, 111.44, 160.48, 1.79798
_12799_, 111.44, 160.48, 1.79798
_12801_, 111.44, 160.48, 1.79798
_14270_, 111.44, 160.48, 1.79798
ANTENNA__12794__S, 111.44, 160.48, 1.79798
ANTENNA__08223__B1, 111.44, 160.48, 1.79798
ANTENNA__12794__A1, 111.44, 160.48, 1.79798
FILLER_0_56_232, 111.44, 160.48, 1.79798
_12798_, 124.24, 160.48, 1.79805
_14491_, 124.24, 160.48, 1.79805
FILLER_0_55_269, 124.24, 160.48, 1.79805
_09021_, 137.04, 160.48, 1.79814
_13327_, 137.04, 160.48, 1.79814
ANTENNA__09020__A0, 137.04, 160.48, 1.79814
ANTENNA__09020__S, 137.04, 160.48, 1.79814
ANTENNA__11604__A1, 137.04, 160.48, 1.79814
ANTENNA__11604__S, 137.04, 160.48, 1.79814
FILLER_0_55_277, 137.04, 160.48, 1.79814
FILLER_0_56_294, 137.04, 160.48, 1.79814
_07287_, 149.84, 160.48, 1.79822
_07336_, 149.84, 160.48, 1.79822
_08585_, 149.84, 160.48, 1.79822
_10084_, 149.84, 160.48, 1.79822
_13059_, 149.84, 160.48, 1.79822
ANTENNA__07336__A2, 149.84, 160.48, 1.79822
ANTENNA__07287__A2, 149.84, 160.48, 1.79822
ANTENNA__07287__B1, 149.84, 160.48, 1.79822
ANTENNA__07286__B1, 149.84, 160.48, 1.79822
ANTENNA__07336__A1, 149.84, 160.48, 1.79822
_12154_, 162.64, 160.48, 1.79832
_12223_, 162.64, 160.48, 1.79832
_12359_, 162.64, 160.48, 1.79832
_14735_, 162.64, 160.48, 1.79832
_14831_, 162.64, 160.48, 1.79832
ANTENNA__13059__CLK, 162.64, 160.48, 1.79832
FILLER_0_54_332, 162.64, 160.48, 1.79832
FILLER_0_56_353, 162.64, 160.48, 1.79832
_07285_, 188.24, 160.48, 1.79839
_07292_, 188.24, 160.48, 1.79839
_09604_, 188.24, 160.48, 1.79839
_09605_, 188.24, 160.48, 1.79839
_13583_, 188.24, 160.48, 1.79839
ANTENNA__09878__A0, 188.24, 160.48, 1.79839
ANTENNA__09878__S, 188.24, 160.48, 1.79839
_08660_, 201.04, 160.48, 1.79836
_08664_, 201.04, 160.48, 1.79836
_13159_, 201.04, 160.48, 1.79836
ANTENNA__06811__A2, 201.04, 160.48, 1.79836
ANTENNA__09089__A0, 201.04, 160.48, 1.79836
ANTENNA__09089__S, 201.04, 160.48, 1.79836
FILLER_0_54_425, 201.04, 160.48, 1.79836
FILLER_0_55_415, 201.04, 160.48, 1.79836
FILLER_0_56_428, 201.04, 160.48, 1.79836
_07013_, 213.84, 160.48, 1.79834
_09147_, 213.84, 160.48, 1.79834
_10307_, 213.84, 160.48, 1.79834
_13385_, 213.84, 160.48, 1.79834
ANTENNA__06912__B, 213.84, 160.48, 1.79834
ANTENNA__07013__B, 213.84, 160.48, 1.79834
ANTENNA__08657__S, 213.84, 160.48, 1.79834
FILLER_0_55_440, 213.84, 160.48, 1.79834
FILLER_0_55_458, 213.84, 160.48, 1.79834
FILLER_0_55_463, 213.84, 160.48, 1.79834
FILLER_0_56_459, 213.84, 160.48, 1.79834
FILLER_0_56_465, 213.84, 160.48, 1.79834
_07012_, 226.64, 160.48, 1.79832
_08951_, 226.64, 160.48, 1.79832
_08952_, 226.64, 160.48, 1.79832
_12958_, 226.64, 160.48, 1.79832
ANTENNA__10319__A0, 226.64, 160.48, 1.79832
ANTENNA__07012__A2, 226.64, 160.48, 1.79832
ANTENNA__08951__S, 226.64, 160.48, 1.79832
FILLER_0_55_483, 226.64, 160.48, 1.79832
FILLER_0_56_485, 226.64, 160.48, 1.79832
_07205_, 239.44, 160.48, 1.7983
_07333_, 239.44, 160.48, 1.7983
ANTENNA__07290__B1, 239.44, 160.48, 1.7983
ANTENNA__07333__B, 239.44, 160.48, 1.7983
ANTENNA__08951__A0, 239.44, 160.48, 1.7983
ANTENNA__09154__S, 239.44, 160.48, 1.7983
ANTENNA__12970__A1, 239.44, 160.48, 1.7983
FILLER_0_55_517, 239.44, 160.48, 1.7983
_10935_, 252.24, 160.48, 1.7983
_12903_, 252.24, 160.48, 1.7983
ANTENNA__07308__A2, 252.24, 160.48, 1.7983
ANTENNA__07308__B1, 252.24, 160.48, 1.7983
ANTENNA__09158__A0, 252.24, 160.48, 1.7983
ANTENNA__08671__S, 252.24, 160.48, 1.7983
ANTENNA__11882__A1, 252.24, 160.48, 1.7983
ANTENNA__11882__S, 252.24, 160.48, 1.7983
FILLER_0_54_529, 252.24, 160.48, 1.7983
FILLER_0_55_538, 252.24, 160.48, 1.7983
FILLER_0_55_548, 252.24, 160.48, 1.7983
FILLER_0_56_546, 252.24, 160.48, 1.7983
_06987_, 265.04, 160.48, 1.79829
_08564_, 265.04, 160.48, 1.79829
_13052_, 265.04, 160.48, 1.79829
_13128_, 265.04, 160.48, 1.79829
ANTENNA__07307__A2, 265.04, 160.48, 1.79829
ANTENNA__06987__A2, 265.04, 160.48, 1.79829
ANTENNA__06987__B1, 265.04, 160.48, 1.79829
ANTENNA__13052__RESET_B, 265.04, 160.48, 1.79829
ANTENNA__13052__CLK, 265.04, 160.48, 1.79829
_09944_, 277.84, 160.48, 1.79831
_10656_, 277.84, 160.48, 1.79831
_11723_, 277.84, 160.48, 1.79831
_13741_, 277.84, 160.48, 1.79831
_14061_, 277.84, 160.48, 1.79831
FILLER_0_54_585, 277.84, 160.48, 1.79831
_07209_, 290.64, 160.48, 1.79834
_09794_, 290.64, 160.48, 1.79834
_13479_, 290.64, 160.48, 1.79834
ANTENNA__10655__S, 290.64, 160.48, 1.79834
ANTENNA__11723__A, 290.64, 160.48, 1.79834
ANTENNA_clkbuf_leaf_142_wclk_A, 290.64, 160.48, 1.79834
FILLER_0_55_609, 290.64, 160.48, 1.79834
FILLER_0_55_624, 290.64, 160.48, 1.79834
_08800_, 303.44, 160.48, 1.79837
_10507_, 303.44, 160.48, 1.79837
_10508_, 303.44, 160.48, 1.79837
ANTENNA__06918__C, 303.44, 160.48, 1.79837
ANTENNA__10982__A, 303.44, 160.48, 1.79837
_08801_, 316.24, 160.48, 1.79841
_13225_, 316.24, 160.48, 1.79841
ANTENNA__06923__C, 316.24, 160.48, 1.79841
ANTENNA__06920__C, 316.24, 160.48, 1.79841
ANTENNA__08795__S, 316.24, 160.48, 1.79841
ANTENNA__09381__A0, 316.24, 160.48, 1.79841
ANTENNA__10507__A1, 316.24, 160.48, 1.79841
ANTENNA__10727__A1, 316.24, 160.48, 1.79841
ANTENNA__10455__S, 316.24, 160.48, 1.79841
ANTENNA__10507__S, 316.24, 160.48, 1.79841
FILLER_0_55_669, 316.24, 160.48, 1.79841
_06927_, 341.84, 160.48, 1.79836
_06928_, 341.84, 160.48, 1.79836
_09282_, 341.84, 160.48, 1.79836
_09727_, 341.84, 160.48, 1.79836
_13447_, 341.84, 160.48, 1.79836
_13639_, 341.84, 160.48, 1.79836
ANTENNA__06926__B, 341.84, 160.48, 1.79836
ANTENNA__09211__A0, 341.84, 160.48, 1.79836
ANTENNA__09306__A0, 341.84, 160.48, 1.79836
_09220_, 354.64, 160.48, 1.79828
_09739_, 354.64, 160.48, 1.79828
_13419_, 354.64, 160.48, 1.79828
_13645_, 354.64, 160.48, 1.79828
ANTENNA__06928__B, 354.64, 160.48, 1.79828
ANTENNA__09306__S, 354.64, 160.48, 1.79828
ANTENNA__09282__S, 354.64, 160.48, 1.79828
ANTENNA__09810__A0, 354.64, 160.48, 1.79828
ANTENNA__09726__S, 354.64, 160.48, 1.79828
ANTENNA__10523__A1, 354.64, 160.48, 1.79828
ANTENNA__10523__S, 354.64, 160.48, 1.79828
ANTENNA_clkbuf_leaf_112_wclk_A, 354.64, 160.48, 1.79828
FILLER_0_55_754, 354.64, 160.48, 1.79828
_07218_, 367.44, 160.48, 1.79822
_07220_, 367.44, 160.48, 1.79822
_09221_, 367.44, 160.48, 1.79822
_09301_, 367.44, 160.48, 1.79822
_09738_, 367.44, 160.48, 1.79822
_13453_, 367.44, 160.48, 1.79822
ANTENNA__09282__A0, 367.44, 160.48, 1.79822
ANTENNA__09397__A0, 367.44, 160.48, 1.79822
ANTENNA__09397__S, 367.44, 160.48, 1.79822
ANTENNA__09738__S, 367.44, 160.48, 1.79822
ANTENNA__10862__A1, 367.44, 160.48, 1.79822
_09300_, 380.24, 160.48, 1.79816
ANTENNA__07218__C, 380.24, 160.48, 1.79816
ANTENNA__09223__A0, 380.24, 160.48, 1.79816
ANTENNA__09225__S, 380.24, 160.48, 1.79816
ANTENNA__09300__S, 380.24, 160.48, 1.79816
ANTENNA__09300__A0, 380.24, 160.48, 1.79816
ANTENNA__10519__S, 380.24, 160.48, 1.79816
FILLER_0_56_826, 380.24, 160.48, 1.79816
_07213_, 393.04, 160.48, 1.7981
_07214_, 393.04, 160.48, 1.7981
_13227_, 393.04, 160.48, 1.7981
ANTENNA__07211__C, 393.04, 160.48, 1.7981
ANTENNA__08805__A0, 393.04, 160.48, 1.7981
ANTENNA__08809__A0, 393.04, 160.48, 1.7981
ANTENNA__08811__A0, 393.04, 160.48, 1.7981
ANTENNA__08809__S, 393.04, 160.48, 1.7981
ANTENNA__08805__S, 393.04, 160.48, 1.7981
_09394_, 405.84, 160.48, 1.79805
_13485_, 405.84, 160.48, 1.79805
ANTENNA__07213__B, 405.84, 160.48, 1.79805
ANTENNA__09806__S, 405.84, 160.48, 1.79805
FILLER_0_54_865, 405.84, 160.48, 1.79805
FILLER_0_55_890, 418.64, 160.48, 1.798
FILLER_0_54_917, 431.44, 160.48, 1.79796
FILLER_0_55_945, 444.24, 160.48, 1.79791
FILLER_0_54_973, 457.04, 160.48, 1.79786
FILLER_0_55_1001, 469.84, 160.48, 1.79782
PHY_104, 5.52, 155.04, 1.79775
PHY_106, 5.52, 155.04, 1.79775
PHY_105, 494.04, 155.04, 1.79775
PHY_107, 494.04, 155.04, 1.79775
FILLER_0_53_51, 34.64, 155.04, 1.79778
FILLER_0_54_77, 34.64, 155.04, 1.79778
FILLER_0_53_105, 47.44, 155.04, 1.7978
ANTENNA__11678__A1, 73.04, 155.04, 1.79785
ANTENNA__11616__S, 73.04, 155.04, 1.79785
FILLER_0_52_133, 73.04, 155.04, 1.79785
ANTENNA__11674__A1, 85.84, 155.04, 1.79787
ANTENNA__11606__A1, 85.84, 155.04, 1.79787
ANTENNA__11606__S, 85.84, 155.04, 1.79787
ANTENNA__11684__S, 85.84, 155.04, 1.79787
ANTENNA__11678__S, 85.84, 155.04, 1.79787
FILLER_0_53_161, 85.84, 155.04, 1.79787
FILLER_0_53_169, 85.84, 155.04, 1.79787
FILLER_0_54_188, 85.84, 155.04, 1.79787
_14495_, 98.64, 155.04, 1.79789
_15036_, 98.64, 155.04, 1.79789
FILLER_0_52_189, 98.64, 155.04, 1.79789
_12805_, 111.44, 155.04, 1.79793
_15038_, 111.44, 155.04, 1.79793
_15039_, 111.44, 155.04, 1.79793
_15041_, 111.44, 155.04, 1.79793
FILLER_0_53_242, 111.44, 155.04, 1.79793
_12087_, 124.24, 155.04, 1.79798
clkbuf_4_0_0_wclk, 124.24, 155.04, 1.79798
ANTENNA__12798__S, 124.24, 155.04, 1.79798
ANTENNA__12798__A1, 124.24, 155.04, 1.79798
ANTENNA__12800__A1, 124.24, 155.04, 1.79798
ANTENNA_clkbuf_4_0_0_wclk_A, 124.24, 155.04, 1.79798
_07286_, 137.04, 155.04, 1.79805
_08745_, 137.04, 155.04, 1.79805
_09020_, 137.04, 155.04, 1.79805
_12086_, 137.04, 155.04, 1.79805
_13199_, 137.04, 155.04, 1.79805
FILLER_0_53_272, 137.04, 155.04, 1.79805
FILLER_0_53_290, 137.04, 155.04, 1.79805
_08744_, 149.84, 155.04, 1.79814
_13135_, 149.84, 155.04, 1.79814
_13807_, 149.84, 155.04, 1.79814
_12358_, 162.64, 155.04, 1.79824
_14767_, 162.64, 155.04, 1.79824
ANTENNA__08584__S, 162.64, 155.04, 1.79824
ANTENNA__08584__A0, 162.64, 155.04, 1.79824
FILLER_0_52_338, 162.64, 155.04, 1.79824
FILLER_0_53_328, 162.64, 155.04, 1.79824
FILLER_0_53_337, 162.64, 155.04, 1.79824
_07289_, 188.24, 155.04, 1.79829
_09089_, 188.24, 155.04, 1.79829
_09090_, 188.24, 155.04, 1.79829
_13359_, 188.24, 155.04, 1.79829
ANTENNA__07289__A2, 188.24, 155.04, 1.79829
ANTENNA__07288__A2, 188.24, 155.04, 1.79829
ANTENNA__07288__B1, 188.24, 155.04, 1.79829
ANTENNA__09604__A0, 188.24, 155.04, 1.79829
ANTENNA__09604__S, 188.24, 155.04, 1.79829
_07291_, 201.04, 155.04, 1.79826
_08663_, 201.04, 155.04, 1.79826
_13161_, 201.04, 155.04, 1.79826
ANTENNA__08663__A0, 201.04, 155.04, 1.79826
FILLER_0_52_421, 201.04, 155.04, 1.79826
_09146_, 213.84, 155.04, 1.79823
_10308_, 213.84, 155.04, 1.79823
_13897_, 213.84, 155.04, 1.79823
_15113_, 213.84, 155.04, 1.79823
ANTENNA__08663__S, 213.84, 155.04, 1.79823
ANTENNA__09146__S, 213.84, 155.04, 1.79823
FILLER_0_52_444, 213.84, 155.04, 1.79823
FILLER_0_52_449, 213.84, 155.04, 1.79823
FILLER_0_53_458, 213.84, 155.04, 1.79823
_10316_, 226.64, 155.04, 1.79821
_12959_, 226.64, 155.04, 1.79821
_13295_, 226.64, 155.04, 1.79821
_13901_, 226.64, 155.04, 1.79821
ANTENNA__12958__S, 226.64, 155.04, 1.79821
ANTENNA__07014__A3, 226.64, 155.04, 1.79821
FILLER_0_52_472, 226.64, 155.04, 1.79821
FILLER_0_52_477, 226.64, 155.04, 1.79821
_07290_, 239.44, 155.04, 1.7982
_08672_, 239.44, 155.04, 1.7982
_09154_, 239.44, 155.04, 1.7982
_09155_, 239.44, 155.04, 1.7982
_10315_, 239.44, 155.04, 1.7982
_12966_, 239.44, 155.04, 1.7982
_13165_, 239.44, 155.04, 1.7982
FILLER_0_54_517, 239.44, 155.04, 1.7982
_07207_, 252.24, 155.04, 1.7982
_08671_, 252.24, 155.04, 1.7982
_10934_, 252.24, 155.04, 1.7982
_14191_, 252.24, 155.04, 1.7982
FILLER_0_53_546, 252.24, 155.04, 1.7982
FILLER_0_54_537, 252.24, 155.04, 1.7982
_06988_, 265.04, 155.04, 1.79821
_07231_, 265.04, 155.04, 1.79821
_08563_, 265.04, 155.04, 1.79821
_08583_, 265.04, 155.04, 1.79821
ANTENNA__07231__A2, 265.04, 155.04, 1.79821
ANTENNA__10934__A1, 265.04, 155.04, 1.79821
ANTENNA__08583__A, 265.04, 155.04, 1.79821
_09943_, 277.84, 155.04, 1.79823
_10644_, 277.84, 155.04, 1.79823
_14055_, 277.84, 155.04, 1.79823
ANTENNA__09943__A1, 277.84, 155.04, 1.79823
ANTENNA__06988__A2, 277.84, 155.04, 1.79823
ANTENNA__08563__A0, 277.84, 155.04, 1.79823
ANTENNA__06988__A1, 277.84, 155.04, 1.79823
FILLER_0_52_579, 277.84, 155.04, 1.79823
_06915_, 290.64, 155.04, 1.79825
_09384_, 290.64, 155.04, 1.79825
_13224_, 290.64, 155.04, 1.79825
ANTENNA__09794__A0, 290.64, 155.04, 1.79825
ANTENNA__09794__S, 290.64, 155.04, 1.79825
ANTENNA__10643__S, 290.64, 155.04, 1.79825
FILLER_0_53_613, 290.64, 155.04, 1.79825
FILLER_0_53_621, 290.64, 155.04, 1.79825
FILLER_0_53_628, 290.64, 155.04, 1.79825
FILLER_0_54_623, 290.64, 155.04, 1.79825
_06970_, 303.44, 155.04, 1.79828
_06972_, 303.44, 155.04, 1.79828
_08799_, 303.44, 155.04, 1.79828
_08802_, 303.44, 155.04, 1.79828
ANTENNA__06972__C, 303.44, 155.04, 1.79828
ANTENNA__06918__B, 303.44, 155.04, 1.79828
ANTENNA__06922__B, 303.44, 155.04, 1.79828
ANTENNA__08799__A0, 303.44, 155.04, 1.79828
ANTENNA__08799__S, 303.44, 155.04, 1.79828
ANTENNA__09381__S, 303.44, 155.04, 1.79828
FILLER_0_54_657, 303.44, 155.04, 1.79828
_07020_, 316.24, 155.04, 1.79832
_09214_, 316.24, 155.04, 1.79832
_13416_, 316.24, 155.04, 1.79832
ANTENNA__06922__C, 316.24, 155.04, 1.79832
ANTENNA__06970__B, 316.24, 155.04, 1.79832
ANTENNA__06972__B, 316.24, 155.04, 1.79832
ANTENNA__08801__A0, 316.24, 155.04, 1.79832
ANTENNA__08801__S, 316.24, 155.04, 1.79832
_06929_, 341.84, 155.04, 1.79827
ANTENNA__07024__B, 341.84, 155.04, 1.79827
ANTENNA__06927__B, 341.84, 155.04, 1.79827
ANTENNA__06928__C, 341.84, 155.04, 1.79827
ANTENNA__06927__C, 341.84, 155.04, 1.79827
ANTENNA__09217__A0, 341.84, 155.04, 1.79827
ANTENNA__09726__A0, 341.84, 155.04, 1.79827
FILLER_0_52_730, 341.84, 155.04, 1.79827
FILLER_0_53_737, 341.84, 155.04, 1.79827
FILLER_0_53_745, 341.84, 155.04, 1.79827
_07122_, 354.64, 155.04, 1.79819
_09219_, 354.64, 155.04, 1.79819
ANTENNA__09219__A0, 354.64, 155.04, 1.79819
ANTENNA__09219__S, 354.64, 155.04, 1.79819
FILLER_0_52_757, 354.64, 155.04, 1.79819
FILLER_0_53_768, 354.64, 155.04, 1.79819
_07221_, 367.44, 155.04, 1.7981
_09222_, 367.44, 155.04, 1.7981
_13420_, 367.44, 155.04, 1.7981
clkbuf_leaf_113_wclk, 367.44, 155.04, 1.7981
ANTENNA__09738__A0, 367.44, 155.04, 1.7981
FILLER_0_53_781, 367.44, 155.04, 1.7981
_08803_, 380.24, 155.04, 1.79805
_08805_, 380.24, 155.04, 1.79805
_08806_, 380.24, 155.04, 1.79805
ANTENNA__07219__B, 380.24, 155.04, 1.79805
ANTENNA__07169__C, 380.24, 155.04, 1.79805
ANTENNA__07220__A2, 380.24, 155.04, 1.79805
ANTENNA__09221__A0, 380.24, 155.04, 1.79805
ANTENNA__09223__S, 380.24, 155.04, 1.79805
ANTENNA__09221__S, 380.24, 155.04, 1.79805
FILLER_0_52_813, 380.24, 155.04, 1.79805
FILLER_0_53_805, 380.24, 155.04, 1.79805
FILLER_0_54_825, 380.24, 155.04, 1.79805
_07117_, 393.04, 155.04, 1.798
_08811_, 393.04, 155.04, 1.798
_08812_, 393.04, 155.04, 1.798
_13230_, 393.04, 155.04, 1.798
ANTENNA__07212__C, 393.04, 155.04, 1.798
ANTENNA__07213__C, 393.04, 155.04, 1.798
ANTENNA__08811__S, 393.04, 155.04, 1.798
FILLER_0_54_847, 393.04, 155.04, 1.798
_09809_, 405.84, 155.04, 1.79796
_13678_, 405.84, 155.04, 1.79796
ANTENNA__07117__C, 405.84, 155.04, 1.79796
ANTENNA__07117__B, 405.84, 155.04, 1.79796
ANTENNA__09802__A0, 405.84, 155.04, 1.79796
ANTENNA__09806__A0, 405.84, 155.04, 1.79796
ANTENNA__09808__A0, 405.84, 155.04, 1.79796
ANTENNA__09808__S, 405.84, 155.04, 1.79796
ANTENNA__09802__S, 405.84, 155.04, 1.79796
ANTENNA_clkbuf_leaf_114_wclk_A, 405.84, 155.04, 1.79796
FILLER_0_52_859, 405.84, 155.04, 1.79796
FILLER_0_52_865, 405.84, 155.04, 1.79796
FILLER_0_52_921, 431.44, 155.04, 1.79789
FILLER_0_53_945, 444.24, 155.04, 1.79786
FILLER_0_52_973, 457.04, 155.04, 1.79782
FILLER_0_53_1001, 469.84, 155.04, 1.79779
PHY_100, 5.52, 149.6, 1.79775
PHY_102, 5.52, 149.6, 1.79775
PHY_101, 494.04, 149.6, 1.79772
PHY_103, 494.04, 149.6, 1.79772
FILLER_0_51_51, 34.64, 149.6, 1.79778
FILLER_0_52_77, 34.64, 149.6, 1.79778
FILLER_0_51_105, 47.44, 149.6, 1.79781
FILLER_0_50_133, 73.04, 149.6, 1.79787
FILLER_0_51_161, 85.84, 149.6, 1.7979
ANTENNA_clkbuf_leaf_167_wclk_A, 98.64, 149.6, 1.79793
FILLER_0_50_189, 98.64, 149.6, 1.79793
FILLER_0_52_209, 98.64, 149.6, 1.79793
_12800_, 111.44, 149.6, 1.79796
_12804_, 111.44, 149.6, 1.79796
ANTENNA__12804__A1, 111.44, 149.6, 1.79796
FILLER_0_51_217, 111.44, 149.6, 1.79796
FILLER_0_51_225, 111.44, 149.6, 1.79796
FILLER_0_51_243, 111.44, 149.6, 1.79796
FILLER_0_52_234, 111.44, 149.6, 1.79796
_08733_, 124.24, 149.6, 1.798
_09008_, 124.24, 149.6, 1.798
_09009_, 124.24, 149.6, 1.798
_12075_, 124.24, 149.6, 1.798
_13193_, 124.24, 149.6, 1.798
_14697_, 124.24, 149.6, 1.798
_14703_, 124.24, 149.6, 1.798
ANTENNA__12800__S, 124.24, 149.6, 1.798
ANTENNA__09008__A0, 124.24, 149.6, 1.798
ANTENNA__09008__S, 124.24, 149.6, 1.798
FILLER_0_50_245, 124.24, 149.6, 1.798
_10072_, 137.04, 149.6, 1.79805
_10083_, 137.04, 149.6, 1.79805
_12074_, 137.04, 149.6, 1.79805
_13801_, 137.04, 149.6, 1.79805
ANTENNA__12074__A0, 137.04, 149.6, 1.79805
ANTENNA__12086__A0, 137.04, 149.6, 1.79805
ANTENNA__12086__S, 137.04, 149.6, 1.79805
ANTENNA__12074__S, 137.04, 149.6, 1.79805
FILLER_0_52_286, 137.04, 149.6, 1.79805
_08584_, 149.84, 149.6, 1.79811
ANTENNA__10083__A1, 149.84, 149.6, 1.79811
ANTENNA__08744__A0, 149.84, 149.6, 1.79811
ANTENNA__08744__S, 149.84, 149.6, 1.79811
ANTENNA__10083__S, 149.84, 149.6, 1.79811
FILLER_0_50_309, 149.84, 149.6, 1.79811
FILLER_0_51_316, 149.84, 149.6, 1.79811
FILLER_0_51_326, 149.84, 149.6, 1.79811
FILLER_0_52_318, 149.84, 149.6, 1.79811
_12082_, 162.64, 149.6, 1.79817
_12083_, 162.64, 149.6, 1.79817
_14701_, 162.64, 149.6, 1.79817
ANTENNA__12358__S, 162.64, 149.6, 1.79817
ANTENNA__12150__A0, 162.64, 149.6, 1.79817
ANTENNA__12082__A0, 162.64, 149.6, 1.79817
ANTENNA__07284__A2, 162.64, 149.6, 1.79817
ANTENNA__12358__A1, 162.64, 149.6, 1.79817
ANTENNA__12150__S, 162.64, 149.6, 1.79817
FILLER_0_51_353, 162.64, 149.6, 1.79817
_11375_, 188.24, 149.6, 1.79815
_11443_, 188.24, 149.6, 1.79815
_14383_, 188.24, 149.6, 1.79815
_14415_, 188.24, 149.6, 1.79815
clkbuf_leaf_149_wclk, 188.24, 149.6, 1.79815
ANTENNA__10079__A1, 188.24, 149.6, 1.79815
ANTENNA__10079__S, 188.24, 149.6, 1.79815
_09149_, 201.04, 149.6, 1.7981
_11442_, 201.04, 149.6, 1.7981
_13162_, 201.04, 149.6, 1.7981
_13386_, 201.04, 149.6, 1.7981
ANTENNA__07291__A2, 201.04, 149.6, 1.7981
ANTENNA__07291__B1, 201.04, 149.6, 1.7981
ANTENNA__11442__A1, 201.04, 149.6, 1.7981
ANTENNA__11442__S, 201.04, 149.6, 1.7981
ANTENNA_clkbuf_leaf_149_wclk_A, 201.04, 149.6, 1.7981
FILLER_0_50_417, 201.04, 149.6, 1.7981
_07014_, 213.84, 149.6, 1.79806
_07062_, 213.84, 149.6, 1.79806
_09148_, 213.84, 149.6, 1.79806
ANTENNA__07013__C, 213.84, 149.6, 1.79806
ANTENNA__07062__A2, 213.84, 149.6, 1.79806
ANTENNA__07014__A2, 213.84, 149.6, 1.79806
ANTENNA__09146__A0, 213.84, 149.6, 1.79806
ANTENNA__09148__A0, 213.84, 149.6, 1.79806
ANTENNA__09148__S, 213.84, 149.6, 1.79806
FILLER_0_50_448, 213.84, 149.6, 1.79806
FILLER_0_51_461, 213.84, 149.6, 1.79806
_07060_, 226.64, 149.6, 1.79803
_12967_, 226.64, 149.6, 1.79803
_15117_, 226.64, 149.6, 1.79803
ANTENNA__07061__C, 226.64, 149.6, 1.79803
ANTENNA__07062__A3, 226.64, 149.6, 1.79803
ANTENNA__07060__A2, 226.64, 149.6, 1.79803
ANTENNA__07061__B, 226.64, 149.6, 1.79803
ANTENNA__12958__A1, 226.64, 149.6, 1.79803
FILLER_0_51_482, 226.64, 149.6, 1.79803
FILLER_0_51_487, 226.64, 149.6, 1.79803
FILLER_0_52_485, 226.64, 149.6, 1.79803
_07276_, 239.44, 149.6, 1.798
_13389_, 239.44, 149.6, 1.798
ANTENNA__12966__S, 239.44, 149.6, 1.798
ANTENNA__10315__A0, 239.44, 149.6, 1.798
ANTENNA__07276__A, 239.44, 149.6, 1.798
ANTENNA__07290__A2, 239.44, 149.6, 1.798
ANTENNA__07188__B1, 239.44, 149.6, 1.798
ANTENNA__12966__A1, 239.44, 149.6, 1.798
FILLER_0_51_513, 239.44, 149.6, 1.798
FILLER_0_51_519, 239.44, 149.6, 1.798
_07206_, 252.24, 149.6, 1.79798
_13133_, 252.24, 149.6, 1.79798
ANTENNA__07206__C, 252.24, 149.6, 1.79798
ANTENNA__07207__A2, 252.24, 149.6, 1.79798
ANTENNA__07207__A3, 252.24, 149.6, 1.79798
ANTENNA__07206__B, 252.24, 149.6, 1.79798
ANTENNA__08661__A0, 252.24, 149.6, 1.79798
ANTENNA__09154__A0, 252.24, 149.6, 1.79798
ANTENNA__08671__A0, 252.24, 149.6, 1.79798
FILLER_0_50_523, 252.24, 149.6, 1.79798
FILLER_0_50_528, 252.24, 149.6, 1.79798
FILLER_0_50_533, 252.24, 149.6, 1.79798
FILLER_0_52_541, 252.24, 149.6, 1.79798
_08578_, 265.04, 149.6, 1.79798
_08579_, 265.04, 149.6, 1.79798
_13057_, 265.04, 149.6, 1.79798
clkbuf_leaf_141_wclk, 265.04, 149.6, 1.79798
ANTENNA__08563__S, 265.04, 149.6, 1.79798
ANTENNA__10934__S, 265.04, 149.6, 1.79798
ANTENNA__07231__A1, 265.04, 149.6, 1.79798
ANTENNA__13057__CLK, 265.04, 149.6, 1.79798
_09935_, 277.84, 149.6, 1.798
_10643_, 277.84, 149.6, 1.798
_13735_, 277.84, 149.6, 1.798
ANTENNA__09935__A1, 277.84, 149.6, 1.798
ANTENNA_clkbuf_leaf_141_wclk_A, 277.84, 149.6, 1.798
FILLER_0_51_587, 277.84, 149.6, 1.798
FILLER_0_51_603, 277.84, 149.6, 1.798
FILLER_0_52_601, 277.84, 149.6, 1.798
_10648_, 290.64, 149.6, 1.79803
_13480_, 290.64, 149.6, 1.79803
_13672_, 290.64, 149.6, 1.79803
ANTENNA__07021__C, 290.64, 149.6, 1.79803
ANTENNA__10643__A1, 290.64, 149.6, 1.79803
FILLER_0_50_611, 290.64, 149.6, 1.79803
_06930_, 303.44, 149.6, 1.79807
_06973_, 303.44, 149.6, 1.79807
_06974_, 303.44, 149.6, 1.79807
_07021_, 303.44, 149.6, 1.79807
_09383_, 303.44, 149.6, 1.79807
clkbuf_leaf_139_wclk, 303.44, 149.6, 1.79807
ANTENNA__06970__C, 303.44, 149.6, 1.79807
ANTENNA__09383__A0, 303.44, 149.6, 1.79807
FILLER_0_50_639, 303.44, 149.6, 1.79807
FILLER_0_51_657, 303.44, 149.6, 1.79807
_07022_, 316.24, 149.6, 1.79814
_09213_, 316.24, 149.6, 1.79814
_09729_, 316.24, 149.6, 1.79814
ANTENNA__06973__C, 316.24, 149.6, 1.79814
ANTENNA__06973__B, 316.24, 149.6, 1.79814
ANTENNA__09213__A0, 316.24, 149.6, 1.79814
ANTENNA_clkbuf_leaf_139_wclk_A, 316.24, 149.6, 1.79814
_09217_, 341.84, 149.6, 1.79812
_09218_, 341.84, 149.6, 1.79812
_09288_, 341.84, 149.6, 1.79812
_09730_, 341.84, 149.6, 1.79812
_13418_, 341.84, 149.6, 1.79812
ANTENNA__07024__C, 341.84, 149.6, 1.79812
ANTENNA__07026__A2, 341.84, 149.6, 1.79812
ANTENNA__06929__A2, 341.84, 149.6, 1.79812
ANTENNA__09217__S, 341.84, 149.6, 1.79812
ANTENNA__09288__S, 341.84, 149.6, 1.79812
ANTENNA__09730__S, 341.84, 149.6, 1.79812
FILLER_0_51_737, 341.84, 149.6, 1.79812
_07074_, 354.64, 149.6, 1.79803
_07075_, 354.64, 149.6, 1.79803
_09733_, 354.64, 149.6, 1.79803
ANTENNA__07123__B, 354.64, 149.6, 1.79803
ANTENNA__07123__C, 354.64, 149.6, 1.79803
ANTENNA__07122__C, 354.64, 149.6, 1.79803
ANTENNA__07074__C, 354.64, 149.6, 1.79803
ANTENNA__07122__B, 354.64, 149.6, 1.79803
ANTENNA__07074__B, 354.64, 149.6, 1.79803
ANTENNA__09736__A0, 354.64, 149.6, 1.79803
FILLER_0_50_749, 354.64, 149.6, 1.79803
_07123_, 367.44, 149.6, 1.79794
_07169_, 367.44, 149.6, 1.79794
_07170_, 367.44, 149.6, 1.79794
_09735_, 367.44, 149.6, 1.79794
_09736_, 367.44, 149.6, 1.79794
_09737_, 367.44, 149.6, 1.79794
_13644_, 367.44, 149.6, 1.79794
ANTENNA__07169__B, 367.44, 149.6, 1.79794
FILLER_0_52_800, 367.44, 149.6, 1.79794
_07068_, 380.24, 149.6, 1.79786
_08804_, 380.24, 149.6, 1.79786
_13226_, 380.24, 149.6, 1.79786
clkbuf_leaf_114_wclk, 380.24, 149.6, 1.79786
ANTENNA__07170__C, 380.24, 149.6, 1.79786
ANTENNA__08803__A0, 380.24, 149.6, 1.79786
ANTENNA__09736__S, 380.24, 149.6, 1.79786
ANTENNA_clkbuf_leaf_113_wclk_A, 380.24, 149.6, 1.79786
FILLER_0_50_806, 380.24, 149.6, 1.79786
FILLER_0_50_813, 380.24, 149.6, 1.79786
_07264_, 393.04, 149.6, 1.79781
_08807_, 393.04, 149.6, 1.79781
_09801_, 393.04, 149.6, 1.79781
_13228_, 393.04, 149.6, 1.79781
clkbuf_4_10_0_wclk, 393.04, 149.6, 1.79781
_09802_, 405.84, 149.6, 1.79779
_09803_, 405.84, 149.6, 1.79779
_09804_, 405.84, 149.6, 1.79779
_09808_, 405.84, 149.6, 1.79779
_13676_, 405.84, 149.6, 1.79779
_09805_, 418.64, 149.6, 1.79778
ANTENNA__07265__C, 418.64, 149.6, 1.79778
ANTENNA__09804__A0, 418.64, 149.6, 1.79778
ANTENNA__09804__S, 418.64, 149.6, 1.79778
FILLER_0_51_887, 418.64, 149.6, 1.79778
FILLER_0_50_920, 431.44, 149.6, 1.79777
FILLER_0_51_945, 444.24, 149.6, 1.79776
FILLER_0_50_973, 457.04, 149.6, 1.79774
FILLER_0_51_1001, 469.84, 149.6, 1.79773
PHY_96, 5.52, 144.16, 1.79773
PHY_98, 5.52, 144.16, 1.79773
output60, 5.52, 144.16, 1.79773
ANTENNA_output60_A, 5.52, 144.16, 1.79773
PHY_97, 494.04, 144.16, 1.79772
PHY_99, 494.04, 144.16, 1.79772
output41, 494.04, 144.16, 1.79772
ANTENNA_output41_A, 494.04, 144.16, 1.79772
FILLER_0_50_22, 13.68, 144.16, 1.79773
FILLER_0_49_51, 34.64, 144.16, 1.79776
FILLER_0_50_77, 34.64, 144.16, 1.79776
FILLER_0_49_105, 47.44, 144.16, 1.79778
FILLER_0_48_133, 73.04, 144.16, 1.79783
FILLER_0_49_161, 85.84, 144.16, 1.79786
FILLER_0_48_189, 98.64, 144.16, 1.79788
ANTENNA__12804__S, 111.44, 144.16, 1.79791
FILLER_0_49_217, 111.44, 144.16, 1.79791
FILLER_0_49_237, 111.44, 144.16, 1.79791
FILLER_0_50_233, 111.44, 144.16, 1.79791
_08732_, 124.24, 144.16, 1.79793
_13321_, 124.24, 144.16, 1.79793
FILLER_0_48_245, 124.24, 144.16, 1.79793
_06991_, 137.04, 144.16, 1.79796
_06992_, 137.04, 144.16, 1.79796
_10071_, 137.04, 144.16, 1.79796
clkbuf_leaf_9_wclk, 137.04, 144.16, 1.79796
ANTENNA__06992__A2, 137.04, 144.16, 1.79796
ANTENNA__06991__A2, 137.04, 144.16, 1.79796
ANTENNA__06991__B1, 137.04, 144.16, 1.79796
_12150_, 149.84, 144.16, 1.79802
_12151_, 149.84, 144.16, 1.79802
_12354_, 149.84, 144.16, 1.79802
_12355_, 149.84, 144.16, 1.79802
_14733_, 149.84, 144.16, 1.79802
ANTENNA__12354__S, 149.84, 144.16, 1.79802
ANTENNA__10071__A1, 149.84, 144.16, 1.79802
ANTENNA__06992__B1, 149.84, 144.16, 1.79802
ANTENNA__08728__A0, 149.84, 144.16, 1.79802
ANTENNA__08728__S, 149.84, 144.16, 1.79802
ANTENNA__10071__S, 149.84, 144.16, 1.79802
FILLER_0_50_323, 149.84, 144.16, 1.79802
_07183_, 162.64, 144.16, 1.79808
_12491_, 162.64, 144.16, 1.79808
_13325_, 162.64, 144.16, 1.79808
_13709_, 162.64, 144.16, 1.79808
ANTENNA__07183__B1, 162.64, 144.16, 1.79808
ANTENNA__12082__S, 162.64, 144.16, 1.79808
FILLER_0_49_353, 162.64, 144.16, 1.79808
_07190_, 188.24, 144.16, 1.79812
_09086_, 188.24, 144.16, 1.79812
_10080_, 188.24, 144.16, 1.79812
_11374_, 188.24, 144.16, 1.79812
ANTENNA__07185__B1, 188.24, 144.16, 1.79812
ANTENNA__11374__A1, 188.24, 144.16, 1.79812
ANTENNA__11374__S, 188.24, 144.16, 1.79812
FILLER_0_49_389, 188.24, 144.16, 1.79812
FILLER_0_50_409, 188.24, 144.16, 1.79812
_08668_, 201.04, 144.16, 1.79809
_13163_, 201.04, 144.16, 1.79809
ANTENNA__08667__A0, 201.04, 144.16, 1.79809
ANTENNA__09085__A0, 201.04, 144.16, 1.79809
FILLER_0_49_413, 201.04, 144.16, 1.79809
_07061_, 213.84, 144.16, 1.79806
_08665_, 213.84, 144.16, 1.79806
_08667_, 213.84, 144.16, 1.79806
_10310_, 213.84, 144.16, 1.79806
_13898_, 213.84, 144.16, 1.79806
_12960_, 226.64, 144.16, 1.79804
_12961_, 226.64, 144.16, 1.79804
_15114_, 226.64, 144.16, 1.79804
ANTENNA__12960__S, 226.64, 144.16, 1.79804
ANTENNA__10309__A0, 226.64, 144.16, 1.79804
FILLER_0_50_488, 226.64, 144.16, 1.79804
FILLER_0_50_494, 226.64, 144.16, 1.79804
_08661_, 239.44, 144.16, 1.79803
_08674_, 239.44, 144.16, 1.79803
_13166_, 239.44, 144.16, 1.79803
ANTENNA__07258__C, 239.44, 144.16, 1.79803
ANTENNA__07258__B, 239.44, 144.16, 1.79803
ANTENNA__08661__S, 239.44, 144.16, 1.79803
ANTENNA__12960__A1, 239.44, 144.16, 1.79803
ANTENNA__12898__A1, 239.44, 144.16, 1.79803
FILLER_0_49_508, 239.44, 144.16, 1.79803
FILLER_0_50_517, 239.44, 144.16, 1.79803
_07204_, 252.24, 144.16, 1.79802
_07228_, 252.24, 144.16, 1.79802
_11879_, 252.24, 144.16, 1.79802
_12898_, 252.24, 144.16, 1.79802
_12899_, 252.24, 144.16, 1.79802
_14605_, 252.24, 144.16, 1.79802
ANTENNA__07204__A2, 252.24, 144.16, 1.79802
ANTENNA__07204__B1, 252.24, 144.16, 1.79802
FILLER_0_49_529, 252.24, 144.16, 1.79802
_07229_, 265.04, 144.16, 1.79803
_07230_, 265.04, 144.16, 1.79803
_08568_, 265.04, 144.16, 1.79803
ANTENNA__07230__B1, 265.04, 144.16, 1.79803
ANTENNA__07228__C, 265.04, 144.16, 1.79803
ANTENNA__07228__D, 265.04, 144.16, 1.79803
ANTENNA__08578__S, 265.04, 144.16, 1.79803
ANTENNA__13057__RESET_B, 265.04, 144.16, 1.79803
FILLER_0_48_553, 265.04, 144.16, 1.79803
_09931_, 277.84, 144.16, 1.79804
_09932_, 277.84, 144.16, 1.79804
_09936_, 277.84, 144.16, 1.79804
_13737_, 277.84, 144.16, 1.79804
ANTENNA__09931__A1, 277.84, 144.16, 1.79804
FILLER_0_48_585, 277.84, 144.16, 1.79804
_07016_, 290.64, 144.16, 1.79806
_09796_, 290.64, 144.16, 1.79806
_09797_, 290.64, 144.16, 1.79806
_10647_, 290.64, 144.16, 1.79806
ANTENNA__09796__A0, 290.64, 144.16, 1.79806
ANTENNA__09796__S, 290.64, 144.16, 1.79806
ANTENNA__10647__A1, 290.64, 144.16, 1.79806
ANTENNA__10647__S, 290.64, 144.16, 1.79806
FILLER_0_48_617, 290.64, 144.16, 1.79806
FILLER_0_49_628, 290.64, 144.16, 1.79806
_06971_, 303.44, 144.16, 1.79808
_07019_, 303.44, 144.16, 1.79808
_09798_, 303.44, 144.16, 1.79808
_09799_, 303.44, 144.16, 1.79808
_13481_, 303.44, 144.16, 1.79808
_13993_, 303.44, 144.16, 1.79808
ANTENNA__07021__B, 303.44, 144.16, 1.79808
ANTENNA__09383__S, 303.44, 144.16, 1.79808
_07018_, 316.24, 144.16, 1.79811
_07027_, 316.24, 144.16, 1.79811
_09385_, 316.24, 144.16, 1.79811
_09386_, 316.24, 144.16, 1.79811
_09728_, 316.24, 144.16, 1.79811
_13640_, 316.24, 144.16, 1.79811
ANTENNA__06971__C, 316.24, 144.16, 1.79811
ANTENNA__07019__B, 316.24, 144.16, 1.79811
_07026_, 341.84, 144.16, 1.79809
_09289_, 341.84, 144.16, 1.79809
_13449_, 341.84, 144.16, 1.79809
_13642_, 341.84, 144.16, 1.79809
ANTENNA__09730__A0, 341.84, 144.16, 1.79809
ANTENNA__09288__A0, 341.84, 144.16, 1.79809
_09291_, 354.64, 144.16, 1.79803
_09295_, 354.64, 144.16, 1.79803
_09732_, 354.64, 144.16, 1.79803
_13643_, 354.64, 144.16, 1.79803
ANTENNA__07075__B, 354.64, 144.16, 1.79803
ANTENNA__07025__B, 354.64, 144.16, 1.79803
ANTENNA__07075__C, 354.64, 144.16, 1.79803
ANTENNA__09291__S, 354.64, 144.16, 1.79803
ANTENNA__09732__S, 354.64, 144.16, 1.79803
FILLER_0_48_751, 354.64, 144.16, 1.79803
_07124_, 367.44, 144.16, 1.79797
_09294_, 367.44, 144.16, 1.79797
_09734_, 367.44, 144.16, 1.79797
_13451_, 367.44, 144.16, 1.79797
_08808_, 380.24, 144.16, 1.79793
_09297_, 380.24, 144.16, 1.79793
_09298_, 380.24, 144.16, 1.79793
_09800_, 380.24, 144.16, 1.79793
_13452_, 380.24, 144.16, 1.79793
_13674_, 380.24, 144.16, 1.79793
ANTENNA__07170__B, 380.24, 144.16, 1.79793
ANTENNA__08803__S, 380.24, 144.16, 1.79793
FILLER_0_48_803, 380.24, 144.16, 1.79793
_07119_, 393.04, 144.16, 1.7979
_07165_, 393.04, 144.16, 1.7979
_07265_, 393.04, 144.16, 1.7979
ANTENNA__07068__C, 393.04, 144.16, 1.7979
ANTENNA__07264__B, 393.04, 144.16, 1.7979
ANTENNA__07070__C, 393.04, 144.16, 1.7979
ANTENNA__08807__A0, 393.04, 144.16, 1.7979
ANTENNA__08807__S, 393.04, 144.16, 1.7979
ANTENNA__09800__A0, 393.04, 144.16, 1.7979
ANTENNA__09800__S, 393.04, 144.16, 1.7979
ANTENNA_clkbuf_4_10_0_wclk_A, 393.04, 144.16, 1.7979
FILLER_0_49_849, 393.04, 144.16, 1.7979
_07166_, 405.84, 144.16, 1.79787
_13675_, 405.84, 144.16, 1.79787
ANTENNA__07264__C, 405.84, 144.16, 1.79787
ANTENNA__07165__B, 405.84, 144.16, 1.79787
ANTENNA__07265__B, 405.84, 144.16, 1.79787
FILLER_0_48_865, 405.84, 144.16, 1.79787
ANTENNA__07163__B, 418.64, 144.16, 1.79785
ANTENNA__07163__C, 418.64, 144.16, 1.79785
ANTENNA__07166__C, 418.64, 144.16, 1.79785
ANTENNA__07119__C, 418.64, 144.16, 1.79785
ANTENNA__07166__B, 418.64, 144.16, 1.79785
FILLER_0_49_945, 444.24, 144.16, 1.7978
FILLER_0_48_973, 457.04, 144.16, 1.79777
FILLER_0_49_1001, 469.84, 144.16, 1.79775
PHY_92, 5.52, 138.72, 1.79772
PHY_94, 5.52, 138.72, 1.79772
PHY_93, 494.04, 138.72, 1.7977
PHY_95, 494.04, 138.72, 1.7977
FILLER_0_47_51, 34.64, 138.72, 1.79774
FILLER_0_48_77, 34.64, 138.72, 1.79774
FILLER_0_47_105, 47.44, 138.72, 1.79776
FILLER_0_46_133, 73.04, 138.72, 1.7978
FILLER_0_47_161, 85.84, 138.72, 1.79782
FILLER_0_46_189, 98.64, 138.72, 1.79785
_13319_, 111.44, 138.72, 1.79787
FILLER_0_47_217, 111.44, 138.72, 1.79787
FILLER_0_47_237, 111.44, 138.72, 1.79787
_09004_, 124.24, 138.72, 1.79789
_09005_, 124.24, 138.72, 1.79789
_14695_, 124.24, 138.72, 1.79789
ANTENNA__08732__A0, 124.24, 138.72, 1.79789
ANTENNA__08732__S, 124.24, 138.72, 1.79789
FILLER_0_46_248, 124.24, 138.72, 1.79789
_06859_, 137.04, 138.72, 1.79793
_08728_, 137.04, 138.72, 1.79793
_08729_, 137.04, 138.72, 1.79793
_10068_, 137.04, 138.72, 1.79793
_13191_, 137.04, 138.72, 1.79793
ANTENNA__12070__A0, 137.04, 138.72, 1.79793
ANTENNA_clkbuf_leaf_9_wclk_A, 137.04, 138.72, 1.79793
FILLER_0_47_274, 137.04, 138.72, 1.79793
_06860_, 149.84, 138.72, 1.79797
_14829_, 149.84, 138.72, 1.79797
_14893_, 149.84, 138.72, 1.79797
ANTENNA__06860__A2, 149.84, 138.72, 1.79797
ANTENNA__06860__B1, 149.84, 138.72, 1.79797
ANTENNA__10067__S, 149.84, 138.72, 1.79797
FILLER_0_46_313, 149.84, 138.72, 1.79797
_07182_, 162.64, 138.72, 1.79802
_09874_, 162.64, 138.72, 1.79802
_09875_, 162.64, 138.72, 1.79802
_12490_, 162.64, 138.72, 1.79802
ANTENNA__07183__A2, 162.64, 138.72, 1.79802
ANTENNA__07182__B1, 162.64, 138.72, 1.79802
ANTENNA__12490__A1, 162.64, 138.72, 1.79802
_09085_, 188.24, 138.72, 1.79801
_11439_, 188.24, 138.72, 1.79801
_13357_, 188.24, 138.72, 1.79801
_14413_, 188.24, 138.72, 1.79801
ANTENNA__07185__A2, 188.24, 138.72, 1.79801
ANTENNA__07187__A2, 188.24, 138.72, 1.79801
FILLER_0_46_387, 188.24, 138.72, 1.79801
FILLER_0_47_386, 188.24, 138.72, 1.79801
FILLER_0_47_393, 188.24, 138.72, 1.79801
_07189_, 201.04, 138.72, 1.79795
_08666_, 201.04, 138.72, 1.79795
_08670_, 201.04, 138.72, 1.79795
_13164_, 201.04, 138.72, 1.79795
clkbuf_leaf_148_wclk, 201.04, 138.72, 1.79795
ANTENNA__07189__A2, 201.04, 138.72, 1.79795
ANTENNA__07189__B1, 201.04, 138.72, 1.79795
ANTENNA__08665__S, 201.04, 138.72, 1.79795
ANTENNA__09085__S, 201.04, 138.72, 1.79795
FILLER_0_46_412, 201.04, 138.72, 1.79795
FILLER_0_46_425, 201.04, 138.72, 1.79795
FILLER_0_47_426, 201.04, 138.72, 1.79795
FILLER_0_48_430, 201.04, 138.72, 1.79795
_07111_, 213.84, 138.72, 1.79793
_07159_, 213.84, 138.72, 1.79793
_10304_, 213.84, 138.72, 1.79793
_10309_, 213.84, 138.72, 1.79793
ANTENNA__07111__C, 213.84, 138.72, 1.79793
ANTENNA__08665__A0, 213.84, 138.72, 1.79793
ANTENNA__08667__S, 213.84, 138.72, 1.79793
FILLER_0_46_451, 213.84, 138.72, 1.79793
FILLER_0_47_449, 213.84, 138.72, 1.79793
FILLER_0_47_462, 213.84, 138.72, 1.79793
_07188_, 226.64, 138.72, 1.79791
_08948_, 226.64, 138.72, 1.79791
_13293_, 226.64, 138.72, 1.79791
ANTENNA__07160__A3, 226.64, 138.72, 1.79791
ANTENNA__07188__A2, 226.64, 138.72, 1.79791
ANTENNA__07159__B, 226.64, 138.72, 1.79791
ANTENNA__07111__B, 226.64, 138.72, 1.79791
ANTENNA_clkbuf_leaf_148_wclk_A, 226.64, 138.72, 1.79791
_06966_, 239.44, 138.72, 1.79789
_07258_, 239.44, 138.72, 1.79789
_08662_, 239.44, 138.72, 1.79789
_08673_, 239.44, 138.72, 1.79789
_15085_, 239.44, 138.72, 1.79789
clkbuf_leaf_147_wclk, 239.44, 138.72, 1.79789
ANTENNA__07259__A3, 239.44, 138.72, 1.79789
ANTENNA__08673__A0, 239.44, 138.72, 1.79789
FILLER_0_46_495, 239.44, 138.72, 1.79789
FILLER_0_47_498, 239.44, 138.72, 1.79789
_11878_, 252.24, 138.72, 1.79789
ANTENNA__12898__S, 252.24, 138.72, 1.79789
ANTENNA__06966__B, 252.24, 138.72, 1.79789
ANTENNA__11878__A1, 252.24, 138.72, 1.79789
_08565_, 265.04, 138.72, 1.7979
_10930_, 265.04, 138.72, 1.7979
_10931_, 265.04, 138.72, 1.7979
_14189_, 265.04, 138.72, 1.7979
ANTENNA__07203__A2, 265.04, 138.72, 1.7979
ANTENNA__07230__A2, 265.04, 138.72, 1.7979
ANTENNA__08578__A0, 265.04, 138.72, 1.7979
_09305_, 277.84, 138.72, 1.79792
_14057_, 277.84, 138.72, 1.79792
ANTENNA__08565__A, 277.84, 138.72, 1.79792
ANTENNA__08568__A, 277.84, 138.72, 1.79792
ANTENNA__09305__A, 277.84, 138.72, 1.79792
FILLER_0_46_589, 277.84, 138.72, 1.79792
FILLER_0_47_605, 277.84, 138.72, 1.79792
_10646_, 290.64, 138.72, 1.79794
_13673_, 290.64, 138.72, 1.79794
_14056_, 290.64, 138.72, 1.79794
FILLER_0_48_625, 290.64, 138.72, 1.79794
_10510_, 303.44, 138.72, 1.79798
_10511_, 303.44, 138.72, 1.79798
_10512_, 303.44, 138.72, 1.79798
_13992_, 303.44, 138.72, 1.79798
ANTENNA__09798__A0, 303.44, 138.72, 1.79798
ANTENNA_clkbuf_leaf_140_wclk_A, 303.44, 138.72, 1.79798
FILLER_0_46_645, 303.44, 138.72, 1.79798
_09286_, 316.24, 138.72, 1.79802
_10853_, 316.24, 138.72, 1.79802
_13448_, 316.24, 138.72, 1.79802
ANTENNA__06914__B1, 316.24, 138.72, 1.79802
ANTENNA__07019__C, 316.24, 138.72, 1.79802
ANTENNA__06971__B, 316.24, 138.72, 1.79802
ANTENNA__09385__A0, 316.24, 138.72, 1.79802
ANTENNA__09385__S, 316.24, 138.72, 1.79802
ANTENNA__10509__A1, 316.24, 138.72, 1.79802
ANTENNA__10511__A1, 316.24, 138.72, 1.79802
ANTENNA__10511__S, 316.24, 138.72, 1.79802
FILLER_0_47_669, 316.24, 138.72, 1.79802
FILLER_0_47_677, 316.24, 138.72, 1.79802
_07023_, 341.84, 138.72, 1.79801
_07025_, 341.84, 138.72, 1.79801
_10855_, 341.84, 138.72, 1.79801
_13450_, 341.84, 138.72, 1.79801
ANTENNA__07025__C, 341.84, 138.72, 1.79801
FILLER_0_47_729, 341.84, 138.72, 1.79801
FILLER_0_47_737, 341.84, 138.72, 1.79801
_07072_, 354.64, 138.72, 1.79795
_07076_, 354.64, 138.72, 1.79795
_09292_, 354.64, 138.72, 1.79795
_10857_, 354.64, 138.72, 1.79795
ANTENNA__07076__A2, 354.64, 138.72, 1.79795
ANTENNA__09732__A0, 354.64, 138.72, 1.79795
ANTENNA__09734__S, 354.64, 138.72, 1.79795
_07121_, 367.44, 138.72, 1.79791
_07168_, 367.44, 138.72, 1.79791
_07171_, 367.44, 138.72, 1.79791
ANTENNA__07168__B, 367.44, 138.72, 1.79791
ANTENNA__07121__B, 367.44, 138.72, 1.79791
ANTENNA__07124__A2, 367.44, 138.72, 1.79791
ANTENNA__07168__C, 367.44, 138.72, 1.79791
ANTENNA__07121__C, 367.44, 138.72, 1.79791
ANTENNA__07072__C, 367.44, 138.72, 1.79791
ANTENNA__09734__A0, 367.44, 138.72, 1.79791
ANTENNA__09294__A0, 367.44, 138.72, 1.79791
_07067_, 380.24, 138.72, 1.79786
_07070_, 380.24, 138.72, 1.79786
_07071_, 380.24, 138.72, 1.79786
_09387_, 380.24, 138.72, 1.79786
_09388_, 380.24, 138.72, 1.79786
_13482_, 380.24, 138.72, 1.79786
ANTENNA__07068__B, 380.24, 138.72, 1.79786
ANTENNA__09297__S, 380.24, 138.72, 1.79786
FILLER_0_46_806, 380.24, 138.72, 1.79786
FILLER_0_47_802, 380.24, 138.72, 1.79786
FILLER_0_47_807, 380.24, 138.72, 1.79786
_07065_, 393.04, 138.72, 1.79782
_07116_, 393.04, 138.72, 1.79782
_07120_, 393.04, 138.72, 1.79782
_07163_, 393.04, 138.72, 1.79782
_07164_, 393.04, 138.72, 1.79782
_07167_, 393.04, 138.72, 1.79782
_07266_, 393.04, 138.72, 1.79782
ANTENNA__07070__B, 393.04, 138.72, 1.79782
ANTENNA__09387__A0, 393.04, 138.72, 1.79782
ANTENNA__09297__A0, 393.04, 138.72, 1.79782
ANTENNA__10515__S, 393.04, 138.72, 1.79782
_09389_, 405.84, 138.72, 1.79778
_09390_, 405.84, 138.72, 1.79778
_09391_, 405.84, 138.72, 1.79778
_13483_, 405.84, 138.72, 1.79778
clkbuf_leaf_122_wclk, 405.84, 138.72, 1.79778
ANTENNA__07165__C, 405.84, 138.72, 1.79778
ANTENNA__07164__B, 405.84, 138.72, 1.79778
ANTENNA__07119__B, 405.84, 138.72, 1.79778
ANTENNA__07115__B, 418.64, 138.72, 1.79777
ANTENNA__07116__B, 418.64, 138.72, 1.79777
ANTENNA__09389__A0, 418.64, 138.72, 1.79777
ANTENNA__09389__S, 418.64, 138.72, 1.79777
ANTENNA_clkbuf_leaf_122_wclk_A, 418.64, 138.72, 1.79777
FILLER_0_46_921, 431.44, 138.72, 1.79775
FILLER_0_47_949, 444.24, 138.72, 1.79774
FILLER_0_46_973, 457.04, 138.72, 1.79773
FILLER_0_47_1001, 469.84, 138.72, 1.79771
PHY_88, 5.52, 133.28, 1.7977
PHY_90, 5.52, 133.28, 1.7977
PHY_89, 494.04, 133.28, 1.79768
PHY_91, 494.04, 133.28, 1.79768
FILLER_0_45_51, 34.64, 133.28, 1.79772
FILLER_0_46_77, 34.64, 133.28, 1.79772
FILLER_0_45_105, 47.44, 133.28, 1.79774
FILLER_0_44_133, 73.04, 133.28, 1.79778
FILLER_0_45_161, 85.84, 133.28, 1.7978
FILLER_0_44_189, 98.64, 133.28, 1.79783
FILLER_0_45_217, 111.44, 133.28, 1.79785
_09010_, 124.24, 133.28, 1.79787
_09015_, 124.24, 133.28, 1.79787
_12070_, 124.24, 133.28, 1.79787
_12071_, 124.24, 133.28, 1.79787
ANTENNA__09004__A0, 124.24, 133.28, 1.79787
ANTENNA__09010__A0, 124.24, 133.28, 1.79787
ANTENNA__09010__S, 124.24, 133.28, 1.79787
ANTENNA__09004__S, 124.24, 133.28, 1.79787
FILLER_0_44_249, 124.24, 133.28, 1.79787
FILLER_0_45_249, 124.24, 133.28, 1.79787
FILLER_0_45_270, 124.24, 133.28, 1.79787
_10067_, 137.04, 133.28, 1.79789
_13799_, 137.04, 133.28, 1.79789
ANTENNA__12076__A0, 137.04, 133.28, 1.79789
ANTENNA__06859__A2, 137.04, 133.28, 1.79789
ANTENNA__06859__B1, 137.04, 133.28, 1.79789
ANTENNA__09012__A0, 137.04, 133.28, 1.79789
ANTENNA__12076__S, 137.04, 133.28, 1.79789
ANTENNA__12070__S, 137.04, 133.28, 1.79789
FILLER_0_44_283, 137.04, 133.28, 1.79789
_09012_, 149.84, 133.28, 1.79792
ANTENNA__10067__A1, 149.84, 133.28, 1.79792
ANTENNA__09012__S, 149.84, 133.28, 1.79792
ANTENNA__12354__A1, 149.84, 133.28, 1.79792
FILLER_0_44_313, 149.84, 133.28, 1.79792
FILLER_0_45_327, 149.84, 133.28, 1.79792
_07186_, 162.64, 133.28, 1.79795
_12218_, 162.64, 133.28, 1.79795
ANTENNA__12490__S, 162.64, 133.28, 1.79795
ANTENNA__12558__S, 162.64, 133.28, 1.79795
ANTENNA__12558__A0, 162.64, 133.28, 1.79795
ANTENNA__07182__A2, 162.64, 133.28, 1.79795
ANTENNA__07186__A2, 162.64, 133.28, 1.79795
ANTENNA__07186__B1, 162.64, 133.28, 1.79795
ANTENNA__12218__A1, 162.64, 133.28, 1.79795
ANTENNA__12218__S, 162.64, 133.28, 1.79795
_09019_, 188.24, 133.28, 1.79791
_11371_, 188.24, 133.28, 1.79791
_11438_, 188.24, 133.28, 1.79791
_13326_, 188.24, 133.28, 1.79791
ANTENNA__07187__B1, 188.24, 133.28, 1.79791
ANTENNA__11438__A1, 188.24, 133.28, 1.79791
FILLER_0_45_393, 188.24, 133.28, 1.79791
FILLER_0_45_411, 188.24, 133.28, 1.79791
_08669_, 201.04, 133.28, 1.79784
_09142_, 201.04, 133.28, 1.79784
_09143_, 201.04, 133.28, 1.79784
_13383_, 201.04, 133.28, 1.79784
ANTENNA__07112__A2, 201.04, 133.28, 1.79784
ANTENNA__09142__A0, 201.04, 133.28, 1.79784
ANTENNA__08669__A0, 201.04, 133.28, 1.79784
ANTENNA__09018__A0, 201.04, 133.28, 1.79784
ANTENNA__08669__S, 201.04, 133.28, 1.79784
ANTENNA__09018__S, 201.04, 133.28, 1.79784
ANTENNA__09142__S, 201.04, 133.28, 1.79784
_07112_, 213.84, 133.28, 1.79777
_07160_, 213.84, 133.28, 1.79777
_10314_, 213.84, 133.28, 1.79777
_13895_, 213.84, 133.28, 1.79777
clkbuf_4_3_0_wclk, 213.84, 133.28, 1.79777
ANTENNA__07159__C, 213.84, 133.28, 1.79777
ANTENNA__07160__A2, 213.84, 133.28, 1.79777
ANTENNA__07112__A3, 213.84, 133.28, 1.79777
_06911_, 226.64, 133.28, 1.79775
_06913_, 226.64, 133.28, 1.79775
_08947_, 226.64, 133.28, 1.79775
_10303_, 226.64, 133.28, 1.79775
ANTENNA__10303__A0, 226.64, 133.28, 1.79775
ANTENNA__10317__A0, 226.64, 133.28, 1.79775
ANTENNA__06911__A2, 226.64, 133.28, 1.79775
ANTENNA__08947__A0, 226.64, 133.28, 1.79775
ANTENNA__08947__S, 226.64, 133.28, 1.79775
FILLER_0_45_480, 226.64, 133.28, 1.79775
FILLER_0_45_491, 226.64, 133.28, 1.79775
FILLER_0_46_481, 226.64, 133.28, 1.79775
_06964_, 239.44, 133.28, 1.79774
_07259_, 239.44, 133.28, 1.79774
_13160_, 239.44, 133.28, 1.79774
ANTENNA__07259__A2, 239.44, 133.28, 1.79774
ANTENNA__08673__S, 239.44, 133.28, 1.79774
ANTENNA_clkbuf_leaf_147_wclk_A, 239.44, 133.28, 1.79774
FILLER_0_45_505, 239.44, 133.28, 1.79774
_07203_, 252.24, 133.28, 1.79773
_11811_, 252.24, 133.28, 1.79773
_14573_, 252.24, 133.28, 1.79773
ANTENNA__06966__C, 252.24, 133.28, 1.79773
ANTENNA__07203__B1, 252.24, 133.28, 1.79773
ANTENNA__09156__A0, 252.24, 133.28, 1.79773
ANTENNA__09144__S, 252.24, 133.28, 1.79773
ANTENNA__10930__S, 252.24, 133.28, 1.79773
ANTENNA__11878__S, 252.24, 133.28, 1.79773
FILLER_0_44_529, 252.24, 133.28, 1.79773
FILLER_0_45_532, 252.24, 133.28, 1.79773
FILLER_0_46_541, 252.24, 133.28, 1.79773
_09934_, 265.04, 133.28, 1.79773
_10383_, 265.04, 133.28, 1.79773
_11810_, 265.04, 133.28, 1.79773
_13736_, 265.04, 133.28, 1.79773
FILLER_0_46_566, 265.04, 133.28, 1.79773
_09933_, 277.84, 133.28, 1.79773
_09937_, 277.84, 133.28, 1.79773
_09938_, 277.84, 133.28, 1.79773
_09946_, 277.84, 133.28, 1.79773
_13738_, 277.84, 133.28, 1.79773
_13742_, 277.84, 133.28, 1.79773
ANTENNA__09933__A1, 277.84, 133.28, 1.79773
ANTENNA__09937__A1, 277.84, 133.28, 1.79773
ANTENNA__11810__S, 277.84, 133.28, 1.79773
FILLER_0_44_581, 277.84, 133.28, 1.79773
_06969_, 290.64, 133.28, 1.79775
_07064_, 290.64, 133.28, 1.79775
_07162_, 290.64, 133.28, 1.79775
_10645_, 290.64, 133.28, 1.79775
clkbuf_leaf_140_wclk, 290.64, 133.28, 1.79775
ANTENNA__10645__A1, 290.64, 133.28, 1.79775
FILLER_0_45_612, 290.64, 133.28, 1.79775
_06979_, 303.44, 133.28, 1.79779
_07114_, 303.44, 133.28, 1.79779
_10509_, 303.44, 133.28, 1.79779
_10650_, 303.44, 133.28, 1.79779
clkbuf_4_9_0_wclk, 303.44, 133.28, 1.79779
ANTENNA__09798__S, 303.44, 133.28, 1.79779
ANTENNA_clkbuf_4_9_0_wclk_A, 303.44, 133.28, 1.79779
FILLER_0_45_659, 303.44, 133.28, 1.79779
_06914_, 316.24, 133.28, 1.79787
_10711_, 316.24, 133.28, 1.79787
_10712_, 316.24, 133.28, 1.79787
_10852_, 316.24, 133.28, 1.79787
_14152_, 316.24, 133.28, 1.79787
ANTENNA__06914__A2, 316.24, 133.28, 1.79787
ANTENNA__10509__S, 316.24, 133.28, 1.79787
FILLER_0_45_669, 316.24, 133.28, 1.79787
FILLER_0_46_677, 316.24, 133.28, 1.79787
_07077_, 341.84, 133.28, 1.7979
_10854_, 341.84, 133.28, 1.7979
_11005_, 341.84, 133.28, 1.7979
ANTENNA__07023__B, 341.84, 133.28, 1.7979
ANTENNA__07015__B1, 341.84, 133.28, 1.7979
ANTENNA__07023__C, 341.84, 133.28, 1.7979
ANTENNA__10715__S, 341.84, 133.28, 1.7979
ANTENNA__10852__S, 341.84, 133.28, 1.7979
FILLER_0_45_725, 341.84, 133.28, 1.7979
_07063_, 354.64, 133.28, 1.79785
_10856_, 354.64, 133.28, 1.79785
_10859_, 354.64, 133.28, 1.79785
_14154_, 354.64, 133.28, 1.79785
ANTENNA__07072__B, 354.64, 133.28, 1.79785
ANTENNA__09291__A0, 354.64, 133.28, 1.79785
ANTENNA__10854__A1, 354.64, 133.28, 1.79785
ANTENNA__10854__S, 354.64, 133.28, 1.79785
FILLER_0_44_753, 354.64, 133.28, 1.79785
FILLER_0_46_769, 354.64, 133.28, 1.79785
_10860_, 367.44, 133.28, 1.79781
_10861_, 367.44, 133.28, 1.79781
_10865_, 367.44, 133.28, 1.79781
_14156_, 367.44, 133.28, 1.79781
ANTENNA__07171__A2, 367.44, 133.28, 1.79781
ANTENNA__07067__B, 367.44, 133.28, 1.79781
ANTENNA__09294__S, 367.44, 133.28, 1.79781
ANTENNA__10856__A1, 367.44, 133.28, 1.79781
ANTENNA__10860__A1, 367.44, 133.28, 1.79781
FILLER_0_45_781, 367.44, 133.28, 1.79781
FILLER_0_45_797, 367.44, 133.28, 1.79781
FILLER_0_46_799, 367.44, 133.28, 1.79781
_10513_, 380.24, 133.28, 1.79778
_10514_, 380.24, 133.28, 1.79778
_13994_, 380.24, 133.28, 1.79778
ANTENNA__07067__C, 380.24, 133.28, 1.79778
ANTENNA__09387__S, 380.24, 133.28, 1.79778
ANTENNA__10860__S, 380.24, 133.28, 1.79778
_07115_, 393.04, 133.28, 1.79775
_07262_, 393.04, 133.28, 1.79775
_07263_, 393.04, 133.28, 1.79775
_09395_, 393.04, 133.28, 1.79775
_10515_, 393.04, 133.28, 1.79775
_10517_, 393.04, 133.28, 1.79775
_13998_, 393.04, 133.28, 1.79775
_09392_, 405.84, 133.28, 1.79773
_09396_, 405.84, 133.28, 1.79773
_13484_, 405.84, 133.28, 1.79773
_13486_, 405.84, 133.28, 1.79773
ANTENNA__09391__S, 405.84, 133.28, 1.79773
ANTENNA__10517__A1, 405.84, 133.28, 1.79773
ANTENNA__09391__A0, 418.64, 133.28, 1.79772
FILLER_0_45_888, 418.64, 133.28, 1.79772
FILLER_0_44_921, 431.44, 133.28, 1.79771
FILLER_0_45_945, 444.24, 133.28, 1.79771
FILLER_0_44_973, 457.04, 133.28, 1.7977
FILLER_0_45_1001, 469.84, 133.28, 1.79769
PHY_84, 5.52, 127.84, 1.79767
PHY_86, 5.52, 127.84, 1.79767
PHY_85, 494.04, 127.84, 1.79767
PHY_87, 494.04, 127.84, 1.79767
FILLER_0_43_51, 34.64, 127.84, 1.79768
FILLER_0_44_77, 34.64, 127.84, 1.79768
FILLER_0_43_105, 47.44, 127.84, 1.79768
FILLER_0_42_133, 73.04, 127.84, 1.79769
FILLER_0_43_161, 85.84, 127.84, 1.79769
FILLER_0_42_189, 98.64, 127.84, 1.7977
_09011_, 111.44, 127.84, 1.7977
_13324_, 111.44, 127.84, 1.7977
FILLER_0_43_217, 111.44, 127.84, 1.7977
_12076_, 124.24, 127.84, 1.79771
_12077_, 124.24, 127.84, 1.79771
_14698_, 124.24, 127.84, 1.79771
clkbuf_leaf_166_wclk, 124.24, 127.84, 1.79771
FILLER_0_43_257, 124.24, 127.84, 1.79771
FILLER_0_44_262, 124.24, 127.84, 1.79771
_07039_, 137.04, 127.84, 1.79775
_09013_, 137.04, 127.84, 1.79775
_12079_, 137.04, 127.84, 1.79775
_12080_, 137.04, 127.84, 1.79775
_12081_, 137.04, 127.84, 1.79775
_13323_, 137.04, 127.84, 1.79775
_14699_, 137.04, 127.84, 1.79775
ANTENNA__12080__A0, 137.04, 127.84, 1.79775
ANTENNA__07039__A2, 137.04, 127.84, 1.79775
FILLER_0_42_273, 137.04, 127.84, 1.79775
_07089_, 149.84, 127.84, 1.79779
_12219_, 149.84, 127.84, 1.79779
_12558_, 149.84, 127.84, 1.79779
_12559_, 149.84, 127.84, 1.79779
_14925_, 149.84, 127.84, 1.79779
ANTENNA__07089__A2, 149.84, 127.84, 1.79779
ANTENNA__12078__S, 149.84, 127.84, 1.79779
FILLER_0_42_313, 149.84, 127.84, 1.79779
FILLER_0_44_318, 149.84, 127.84, 1.79779
_06606_, 162.64, 127.84, 1.79785
_13320_, 162.64, 127.84, 1.79785
_14696_, 162.64, 127.84, 1.79785
ANTENNA__06606__A, 162.64, 127.84, 1.79785
FILLER_0_42_341, 162.64, 127.84, 1.79785
FILLER_0_44_345, 162.64, 127.84, 1.79785
_07234_, 188.24, 127.84, 1.79787
_09018_, 188.24, 127.84, 1.79787
_11370_, 188.24, 127.84, 1.79787
FILLER_0_43_409, 188.24, 127.84, 1.79787
_09150_, 201.04, 127.84, 1.79783
_09151_, 201.04, 127.84, 1.79783
_09152_, 201.04, 127.84, 1.79783
_09153_, 201.04, 127.84, 1.79783
_13387_, 201.04, 127.84, 1.79783
_13388_, 201.04, 127.84, 1.79783
ANTENNA__07234__A2, 201.04, 127.84, 1.79783
ANTENNA__11438__S, 201.04, 127.84, 1.79783
FILLER_0_42_417, 201.04, 127.84, 1.79783
_10311_, 213.84, 127.84, 1.7978
_10312_, 213.84, 127.84, 1.7978
_13899_, 213.84, 127.84, 1.7978
_13900_, 213.84, 127.84, 1.7978
ANTENNA__10311__A0, 213.84, 127.84, 1.7978
ANTENNA__09152__S, 213.84, 127.84, 1.7978
_07110_, 226.64, 127.84, 1.79778
_07158_, 226.64, 127.84, 1.79778
_10306_, 226.64, 127.84, 1.79778
_10313_, 226.64, 127.84, 1.79778
_10317_, 226.64, 127.84, 1.79778
_10318_, 226.64, 127.84, 1.79778
_13902_, 226.64, 127.84, 1.79778
ANTENNA__06913__A3, 226.64, 127.84, 1.79778
FILLER_0_44_485, 226.64, 127.84, 1.79778
_07257_, 239.44, 127.84, 1.79778
_09145_, 239.44, 127.84, 1.79778
_09156_, 239.44, 127.84, 1.79778
_09157_, 239.44, 127.84, 1.79778
_10305_, 239.44, 127.84, 1.79778
_13384_, 239.44, 127.84, 1.79778
ANTENNA__10305__A0, 239.44, 127.84, 1.79778
ANTENNA__09156__S, 239.44, 127.84, 1.79778
_06967_, 252.24, 127.84, 1.79778
_09144_, 252.24, 127.84, 1.79778
_13933_, 252.24, 127.84, 1.79778
ANTENNA__06967__A2, 252.24, 127.84, 1.79778
ANTENNA__09144__A0, 252.24, 127.84, 1.79778
FILLER_0_43_550, 252.24, 127.84, 1.79778
_10381_, 265.04, 127.84, 1.79779
_10384_, 265.04, 127.84, 1.79779
ANTENNA__10381__A1, 265.04, 127.84, 1.79779
ANTENNA__10930__A1, 265.04, 127.84, 1.79779
ANTENNA__10383__S, 265.04, 127.84, 1.79779
ANTENNA__10381__S, 265.04, 127.84, 1.79779
ANTENNA__11810__A1, 265.04, 127.84, 1.79779
FILLER_0_42_553, 265.04, 127.84, 1.79779
FILLER_0_43_556, 265.04, 127.84, 1.79779
FILLER_0_43_561, 265.04, 127.84, 1.79779
FILLER_0_43_576, 265.04, 127.84, 1.79779
_09942_, 277.84, 127.84, 1.7978
_09945_, 277.84, 127.84, 1.7978
_13740_, 277.84, 127.84, 1.7978
ANTENNA__09945__A1, 277.84, 127.84, 1.7978
ANTENNA__10383__A1, 277.84, 127.84, 1.7978
FILLER_0_44_605, 277.84, 127.84, 1.7978
_14058_, 290.64, 127.84, 1.79781
_14062_, 290.64, 127.84, 1.79781
ANTENNA__10649__S, 290.64, 127.84, 1.79781
FILLER_0_43_617, 290.64, 127.84, 1.79781
_07261_, 303.44, 127.84, 1.79784
_10649_, 303.44, 127.84, 1.79784
_10657_, 303.44, 127.84, 1.79784
_14087_, 303.44, 127.84, 1.79784
_14088_, 303.44, 127.84, 1.79784
ANTENNA__10649__A1, 303.44, 127.84, 1.79784
ANTENNA__10645__S, 303.44, 127.84, 1.79784
FILLER_0_44_656, 303.44, 127.84, 1.79784
_10440_, 316.24, 127.84, 1.79788
_10441_, 316.24, 127.84, 1.79788
_10713_, 316.24, 127.84, 1.79788
_10714_, 316.24, 127.84, 1.79788
_13959_, 316.24, 127.84, 1.79788
ANTENNA__10711__S, 316.24, 127.84, 1.79788
_10717_, 341.84, 127.84, 1.79787
_10718_, 341.84, 127.84, 1.79787
_14090_, 341.84, 127.84, 1.79787
ANTENNA__07015__A2, 341.84, 127.84, 1.79787
ANTENNA__09466__S, 341.84, 127.84, 1.79787
ANTENNA__10443__A1, 341.84, 127.84, 1.79787
ANTENNA__10443__S, 341.84, 127.84, 1.79787
ANTENNA__11005__A, 341.84, 127.84, 1.79787
FILLER_0_42_720, 341.84, 127.84, 1.79787
FILLER_0_43_723, 341.84, 127.84, 1.79787
FILLER_0_44_734, 341.84, 127.84, 1.79787
_10445_, 354.64, 127.84, 1.79783
_10446_, 354.64, 127.84, 1.79783
_10858_, 354.64, 127.84, 1.79783
_14155_, 354.64, 127.84, 1.79783
ANTENNA__07063__A2, 354.64, 127.84, 1.79783
ANTENNA__07063__B1, 354.64, 127.84, 1.79783
ANTENNA__10445__A1, 354.64, 127.84, 1.79783
ANTENNA__10445__S, 354.64, 127.84, 1.79783
_10864_, 367.44, 127.84, 1.79779
_14158_, 367.44, 127.84, 1.79779
ANTENNA__10858__A1, 367.44, 127.84, 1.79779
FILLER_0_43_781, 367.44, 127.84, 1.79779
_07273_, 380.24, 127.84, 1.79776
_10516_, 380.24, 127.84, 1.79776
_10518_, 380.24, 127.84, 1.79776
_10522_, 380.24, 127.84, 1.79776
ANTENNA__07260__A2, 380.24, 127.84, 1.79776
ANTENNA__07065__B, 380.24, 127.84, 1.79776
ANTENNA__10864__A1, 380.24, 127.84, 1.79776
ANTENNA__10521__S, 380.24, 127.84, 1.79776
ANTENNA__10513__S, 380.24, 127.84, 1.79776
ANTENNA__10864__S, 380.24, 127.84, 1.79776
FILLER_0_42_809, 380.24, 127.84, 1.79776
_10521_, 393.04, 127.84, 1.79774
_13995_, 393.04, 127.84, 1.79774
_13996_, 393.04, 127.84, 1.79774
ANTENNA__07065__C, 393.04, 127.84, 1.79774
ANTENNA__07164__C, 393.04, 127.84, 1.79774
ANTENNA__10521__A1, 393.04, 127.84, 1.79774
FILLER_0_42_832, 393.04, 127.84, 1.79774
ANTENNA__07262__B, 405.84, 127.84, 1.79773
ANTENNA__07262__C, 405.84, 127.84, 1.79773
ANTENNA__07115__C, 405.84, 127.84, 1.79773
ANTENNA__09395__A0, 405.84, 127.84, 1.79773
ANTENNA__09395__S, 405.84, 127.84, 1.79773
FILLER_0_42_865, 405.84, 127.84, 1.79773
FILLER_0_43_893, 418.64, 127.84, 1.79772
FILLER_0_42_917, 431.44, 127.84, 1.79771
FILLER_0_43_945, 444.24, 127.84, 1.7977
FILLER_0_42_973, 457.04, 127.84, 1.79769
FILLER_0_43_1001, 469.84, 127.84, 1.79768
PHY_80, 5.52, 122.4, 1.79766
PHY_82, 5.52, 122.4, 1.79766
PHY_81, 494.04, 122.4, 1.79766
PHY_83, 494.04, 122.4, 1.79766
FILLER_0_41_51, 34.64, 122.4, 1.79767
FILLER_0_42_77, 34.64, 122.4, 1.79767
FILLER_0_41_105, 47.44, 122.4, 1.79767
FILLER_0_40_133, 73.04, 122.4, 1.79769
FILLER_0_41_161, 85.84, 122.4, 1.7977
FILLER_0_40_189, 98.64, 122.4, 1.79771
_13322_, 111.44, 122.4, 1.79771
ANTENNA_clkbuf_leaf_166_wclk_A, 111.44, 122.4, 1.79771
FILLER_0_41_217, 111.44, 122.4, 1.79771
FILLER_0_41_237, 111.44, 122.4, 1.79771
FILLER_0_42_233, 111.44, 122.4, 1.79771
_08738_, 124.24, 122.4, 1.79773
_09014_, 124.24, 122.4, 1.79773
_14700_, 124.24, 122.4, 1.79773
ANTENNA__09014__A0, 124.24, 122.4, 1.79773
ANTENNA__08738__A0, 124.24, 122.4, 1.79773
ANTENNA__08738__S, 124.24, 122.4, 1.79773
ANTENNA__09014__S, 124.24, 122.4, 1.79773
_07137_, 137.04, 122.4, 1.79775
_10073_, 137.04, 122.4, 1.79775
_10074_, 137.04, 122.4, 1.79775
_12078_, 137.04, 122.4, 1.79775
ANTENNA__10073__A1, 137.04, 122.4, 1.79775
ANTENNA__07137__A2, 137.04, 122.4, 1.79775
ANTENNA__07137__B1, 137.04, 122.4, 1.79775
ANTENNA__07039__B1, 137.04, 122.4, 1.79775
ANTENNA__12080__S, 137.04, 122.4, 1.79775
FILLER_0_40_273, 137.04, 122.4, 1.79775
FILLER_0_41_297, 137.04, 122.4, 1.79775
_08736_, 149.84, 122.4, 1.79777
_08737_, 149.84, 122.4, 1.79777
_10075_, 149.84, 122.4, 1.79777
_14765_, 149.84, 122.4, 1.79777
ANTENNA__12078__A0, 149.84, 122.4, 1.79777
ANTENNA__07089__B1, 149.84, 122.4, 1.79777
ANTENNA__08736__A0, 149.84, 122.4, 1.79777
ANTENNA__08736__S, 149.84, 122.4, 1.79777
ANTENNA__10075__S, 149.84, 122.4, 1.79777
FILLER_0_41_320, 149.84, 122.4, 1.79777
FILLER_0_41_325, 149.84, 122.4, 1.79777
_12072_, 162.64, 122.4, 1.7978
_12073_, 162.64, 122.4, 1.7978
clkbuf_leaf_150_wclk, 162.64, 122.4, 1.7978
ANTENNA__12072__A0, 162.64, 122.4, 1.7978
ANTENNA__12018__A0, 162.64, 122.4, 1.7978
ANTENNA__07090__A2, 162.64, 122.4, 1.7978
ANTENNA__07090__B1, 162.64, 122.4, 1.7978
FILLER_0_41_333, 162.64, 122.4, 1.7978
FILLER_0_41_337, 162.64, 122.4, 1.7978
_10081_, 188.24, 122.4, 1.79783
_10082_, 188.24, 122.4, 1.79783
ANTENNA__10081__A1, 188.24, 122.4, 1.79783
ANTENNA__06944__B1, 188.24, 122.4, 1.79783
ANTENNA__07234__B1, 188.24, 122.4, 1.79783
ANTENNA__10081__S, 188.24, 122.4, 1.79783
ANTENNA__11370__A1, 188.24, 122.4, 1.79783
ANTENNA__11370__S, 188.24, 122.4, 1.79783
ANTENNA__12084__S, 188.24, 122.4, 1.79783
FILLER_0_40_386, 188.24, 122.4, 1.79783
FILLER_0_41_401, 188.24, 122.4, 1.79783
FILLER_0_41_407, 188.24, 122.4, 1.79783
FILLER_0_42_398, 188.24, 122.4, 1.79783
FILLER_0_42_404, 188.24, 122.4, 1.79783
ANTENNA__12698__S, 201.04, 122.4, 1.7978
ANTENNA__07235__A2, 201.04, 122.4, 1.7978
ANTENNA__07235__B1, 201.04, 122.4, 1.7978
ANTENNA__09152__A0, 201.04, 122.4, 1.7978
ANTENNA__08742__A0, 201.04, 122.4, 1.7978
FILLER_0_40_417, 201.04, 122.4, 1.7978
FILLER_0_40_421, 201.04, 122.4, 1.7978
FILLER_0_41_415, 201.04, 122.4, 1.7978
FILLER_0_41_432, 201.04, 122.4, 1.7978
FILLER_0_42_438, 201.04, 122.4, 1.7978
_07178_, 213.84, 122.4, 1.79778
_15115_, 213.84, 122.4, 1.79778
ANTENNA__07178__C, 213.84, 122.4, 1.79778
ANTENNA__07178__D, 213.84, 122.4, 1.79778
ANTENNA__09150__A0, 213.84, 122.4, 1.79778
ANTENNA__09150__S, 213.84, 122.4, 1.79778
ANTENNA_clkbuf_4_3_0_wclk_A, 213.84, 122.4, 1.79778
FILLER_0_40_442, 213.84, 122.4, 1.79778
FILLER_0_41_441, 213.84, 122.4, 1.79778
FILLER_0_41_449, 213.84, 122.4, 1.79778
_12962_, 226.64, 122.4, 1.79776
_13896_, 226.64, 122.4, 1.79776
ANTENNA__12962__S, 226.64, 122.4, 1.79776
ANTENNA__10313__A0, 226.64, 122.4, 1.79776
ANTENNA__07158__A2, 226.64, 122.4, 1.79776
ANTENNA__07110__A2, 226.64, 122.4, 1.79776
ANTENNA__12962__A1, 226.64, 122.4, 1.79776
_13390_, 239.44, 122.4, 1.79775
ANTENNA__06964__A2, 239.44, 122.4, 1.79775
ANTENNA__07257__A2, 239.44, 122.4, 1.79775
FILLER_0_41_500, 239.44, 122.4, 1.79775
FILLER_0_41_505, 239.44, 122.4, 1.79775
FILLER_0_42_509, 239.44, 122.4, 1.79775
_07157_, 252.24, 122.4, 1.79775
_11809_, 252.24, 122.4, 1.79775
_11876_, 252.24, 122.4, 1.79775
_11877_, 252.24, 122.4, 1.79775
ANTENNA__07157__A2, 252.24, 122.4, 1.79775
ANTENNA__07157__B1, 252.24, 122.4, 1.79775
ANTENNA__06967__A3, 252.24, 122.4, 1.79775
ANTENNA__11876__S, 252.24, 122.4, 1.79775
FILLER_0_41_526, 252.24, 122.4, 1.79775
_10382_, 265.04, 122.4, 1.79775
_11808_, 265.04, 122.4, 1.79775
_13739_, 265.04, 122.4, 1.79775
_13932_, 265.04, 122.4, 1.79775
FILLER_0_41_553, 265.04, 122.4, 1.79775
_09939_, 277.84, 122.4, 1.79776
_09940_, 277.84, 122.4, 1.79776
_09941_, 277.84, 122.4, 1.79776
_14060_, 277.84, 122.4, 1.79776
ANTENNA__09939__A1, 277.84, 122.4, 1.79776
ANTENNA__09941__A1, 277.84, 122.4, 1.79776
FILLER_0_40_583, 277.84, 122.4, 1.79776
FILLER_0_41_600, 277.84, 122.4, 1.79776
_10653_, 290.64, 122.4, 1.79777
_10654_, 290.64, 122.4, 1.79777
_10658_, 290.64, 122.4, 1.79777
_14059_, 290.64, 122.4, 1.79777
ANTENNA__12290__S, 290.64, 122.4, 1.79777
ANTENNA__07295__A2, 290.64, 122.4, 1.79777
ANTENNA__10653__A1, 290.64, 122.4, 1.79777
ANTENNA__10653__S, 290.64, 122.4, 1.79777
ANTENNA__11724__S, 290.64, 122.4, 1.79777
FILLER_0_42_621, 290.64, 122.4, 1.79777
_10651_, 303.44, 122.4, 1.7978
_10652_, 303.44, 122.4, 1.7978
ANTENNA__07302__A2, 303.44, 122.4, 1.7978
ANTENNA__07302__B1, 303.44, 122.4, 1.7978
ANTENNA__10651__A1, 303.44, 122.4, 1.7978
ANTENNA__10657__A1, 303.44, 122.4, 1.7978
ANTENNA__10657__S, 303.44, 122.4, 1.7978
ANTENNA__10713__S, 303.44, 122.4, 1.7978
ANTENNA__12426__A1, 303.44, 122.4, 1.7978
_10439_, 316.24, 122.4, 1.79783
_10442_, 316.24, 122.4, 1.79783
_13960_, 316.24, 122.4, 1.79783
FILLER_0_41_663, 316.24, 122.4, 1.79783
_12834_, 341.84, 122.4, 1.79781
_13962_, 341.84, 122.4, 1.79781
clkbuf_leaf_137_wclk, 341.84, 122.4, 1.79781
ANTENNA__10717__S, 341.84, 122.4, 1.79781
ANTENNA__12834__A1, 341.84, 122.4, 1.79781
FILLER_0_40_730, 341.84, 122.4, 1.79781
_07125_, 354.64, 122.4, 1.79778
_08882_, 354.64, 122.4, 1.79778
ANTENNA__08882__A0, 354.64, 122.4, 1.79778
ANTENNA__08882__S, 354.64, 122.4, 1.79778
ANTENNA__10717__A1, 354.64, 122.4, 1.79778
ANTENNA__10858__S, 354.64, 122.4, 1.79778
ANTENNA__10856__S, 354.64, 122.4, 1.79778
FILLER_0_42_765, 354.64, 122.4, 1.79778
_07113_, 367.44, 122.4, 1.79776
_07172_, 367.44, 122.4, 1.79776
ANTENNA__07113__A2, 367.44, 122.4, 1.79776
ANTENNA__07113__B1, 367.44, 122.4, 1.79776
ANTENNA__10725__A1, 367.44, 122.4, 1.79776
FILLER_0_41_775, 367.44, 122.4, 1.79776
FILLER_0_41_789, 367.44, 122.4, 1.79776
FILLER_0_41_798, 367.44, 122.4, 1.79776
_07161_, 380.24, 122.4, 1.79775
_07208_, 380.24, 122.4, 1.79775
_07260_, 380.24, 122.4, 1.79775
_10722_, 380.24, 122.4, 1.79775
ANTENNA__07208__A2, 380.24, 122.4, 1.79775
ANTENNA__07161__A2, 380.24, 122.4, 1.79775
ANTENNA__07260__B1, 380.24, 122.4, 1.79775
ANTENNA__07208__B1, 380.24, 122.4, 1.79775
ANTENNA__10513__A1, 380.24, 122.4, 1.79775
ANTENNA__10515__A1, 380.24, 122.4, 1.79775
FILLER_0_42_821, 380.24, 122.4, 1.79775
_10449_, 393.04, 122.4, 1.79773
ANTENNA__07263__B, 393.04, 122.4, 1.79773
ANTENNA__07263__C, 393.04, 122.4, 1.79773
ANTENNA__07116__C, 393.04, 122.4, 1.79773
ANTENNA__10449__A1, 393.04, 122.4, 1.79773
ANTENNA__10453__A1, 393.04, 122.4, 1.79773
ANTENNA__10453__S, 393.04, 122.4, 1.79773
ANTENNA__10451__S, 393.04, 122.4, 1.79773
ANTENNA__10449__S, 393.04, 122.4, 1.79773
ANTENNA__10517__S, 393.04, 122.4, 1.79773
FILLER_0_40_857, 405.84, 122.4, 1.79772
FILLER_0_40_865, 405.84, 122.4, 1.79772
FILLER_0_41_885, 418.64, 122.4, 1.79771
FILLER_0_41_893, 418.64, 122.4, 1.79771
FILLER_0_40_917, 431.44, 122.4, 1.7977
FILLER_0_41_945, 444.24, 122.4, 1.79769
FILLER_0_40_973, 457.04, 122.4, 1.79768
FILLER_0_41_1001, 469.84, 122.4, 1.79767
PHY_76, 5.52, 116.96, 1.79763
PHY_78, 5.52, 116.96, 1.79763
input20, 5.52, 116.96, 1.79763
PHY_77, 494.04, 116.96, 1.79763
PHY_79, 494.04, 116.96, 1.79763
FILLER_0_39_50, 34.64, 116.96, 1.79763
FILLER_0_40_77, 34.64, 116.96, 1.79763
FILLER_0_39_105, 47.44, 116.96, 1.79763
FILLER_0_38_133, 73.04, 116.96, 1.79762
FILLER_0_39_161, 85.84, 116.96, 1.79762
FILLER_0_38_189, 98.64, 116.96, 1.79762
_08735_, 111.44, 116.96, 1.79762
_08739_, 111.44, 116.96, 1.79762
_13056_, 111.44, 116.96, 1.79762
ANTENNA__13056__RESET_B, 111.44, 116.96, 1.79762
FILLER_0_38_221, 111.44, 116.96, 1.79762
FILLER_0_39_217, 111.44, 116.96, 1.79762
FILLER_0_39_237, 111.44, 116.96, 1.79762
_08734_, 124.24, 116.96, 1.79763
_10077_, 124.24, 116.96, 1.79763
_10078_, 124.24, 116.96, 1.79763
_13194_, 124.24, 116.96, 1.79763
_13196_, 124.24, 116.96, 1.79763
ANTENNA__08734__S, 124.24, 116.96, 1.79763
FILLER_0_39_263, 124.24, 116.96, 1.79763
_07040_, 137.04, 116.96, 1.79765
_13195_, 137.04, 116.96, 1.79765
_13802_, 137.04, 116.96, 1.79765
_13804_, 137.04, 116.96, 1.79765
ANTENNA__10073__S, 137.04, 116.96, 1.79765
_07090_, 149.84, 116.96, 1.79768
_10076_, 149.84, 116.96, 1.79768
_13803_, 149.84, 116.96, 1.79768
ANTENNA__10075__A1, 149.84, 116.96, 1.79768
ANTENNA__07040__A2, 149.84, 116.96, 1.79768
FILLER_0_38_300, 149.84, 116.96, 1.79768
FILLER_0_39_326, 149.84, 116.96, 1.79768
_12018_, 162.64, 116.96, 1.79773
_12019_, 162.64, 116.96, 1.79773
_12630_, 162.64, 116.96, 1.79773
_14671_, 162.64, 116.96, 1.79773
ANTENNA__12630__S, 162.64, 116.96, 1.79773
ANTENNA__12018__S, 162.64, 116.96, 1.79773
ANTENNA__12072__S, 162.64, 116.96, 1.79773
ANTENNA__09299__A, 162.64, 116.96, 1.79773
_07235_, 188.24, 116.96, 1.79772
_08742_, 188.24, 116.96, 1.79772
_08743_, 188.24, 116.96, 1.79772
_13198_, 188.24, 116.96, 1.79772
_13806_, 188.24, 116.96, 1.79772
ANTENNA__09864__A0, 188.24, 116.96, 1.79772
FILLER_0_39_384, 188.24, 116.96, 1.79772
_11511_, 201.04, 116.96, 1.79768
_12698_, 201.04, 116.96, 1.79768
_12699_, 201.04, 116.96, 1.79768
_14991_, 201.04, 116.96, 1.79768
ANTENNA__08742__S, 201.04, 116.96, 1.79768
ANTENNA__12698__A1, 201.04, 116.96, 1.79768
_09084_, 213.84, 116.96, 1.79765
_12963_, 213.84, 116.96, 1.79765
_15116_, 213.84, 116.96, 1.79765
ANTENNA__07328__A2, 213.84, 116.96, 1.79765
ANTENNA__07328__B1, 213.84, 116.96, 1.79765
ANTENNA__06913__A2, 213.84, 116.96, 1.79765
FILLER_0_38_451, 213.84, 116.96, 1.79765
FILLER_0_39_443, 213.84, 116.96, 1.79765
FILLER_0_39_449, 213.84, 116.96, 1.79765
FILLER_0_40_462, 213.84, 116.96, 1.79765
_08946_, 226.64, 116.96, 1.79762
_12955_, 226.64, 116.96, 1.79762
_12964_, 226.64, 116.96, 1.79762
_15111_, 226.64, 116.96, 1.79762
ANTENNA__12964__S, 226.64, 116.96, 1.79762
ANTENNA__12964__A1, 226.64, 116.96, 1.79762
FILLER_0_39_485, 226.64, 116.96, 1.79762
FILLER_0_40_489, 226.64, 116.96, 1.79762
_12897_, 239.44, 116.96, 1.7976
_15112_, 239.44, 116.96, 1.7976
_15118_, 239.44, 116.96, 1.7976
ANTENNA__12956__S, 239.44, 116.96, 1.7976
FILLER_0_40_509, 239.44, 116.96, 1.7976
FILLER_0_40_521, 239.44, 116.96, 1.7976
_12896_, 252.24, 116.96, 1.7976
_14572_, 252.24, 116.96, 1.7976
_14604_, 252.24, 116.96, 1.7976
_15084_, 252.24, 116.96, 1.7976
ANTENNA__11876__A1, 252.24, 116.96, 1.7976
_07156_, 265.04, 116.96, 1.7976
ANTENNA__07156__A2, 265.04, 116.96, 1.7976
ANTENNA__07156__B1, 265.04, 116.96, 1.7976
ANTENNA__10928__S, 265.04, 116.96, 1.7976
ANTENNA__11808__A1, 265.04, 116.96, 1.7976
ANTENNA__11808__S, 265.04, 116.96, 1.7976
_07295_, 277.84, 116.96, 1.79761
_11724_, 277.84, 116.96, 1.79761
_11725_, 277.84, 116.96, 1.79761
_12290_, 277.84, 116.96, 1.79761
_12291_, 277.84, 116.96, 1.79761
clkbuf_leaf_134_wclk, 277.84, 116.96, 1.79761
ANTENNA__12290__A0, 277.84, 116.96, 1.79761
ANTENNA__11724__A1, 277.84, 116.96, 1.79761
FILLER_0_38_589, 277.84, 116.96, 1.79761
FILLER_0_39_584, 277.84, 116.96, 1.79761
FILLER_0_40_593, 277.84, 116.96, 1.79761
_07302_, 290.64, 116.96, 1.79764
_10152_, 290.64, 116.96, 1.79764
_10229_, 290.64, 116.96, 1.79764
_13839_, 290.64, 116.96, 1.79764
ANTENNA__07295__B1, 290.64, 116.96, 1.79764
ANTENNA__10229__S, 290.64, 116.96, 1.79764
ANTENNA__10229__A1, 290.64, 116.96, 1.79764
ANTENNA__10651__S, 290.64, 116.96, 1.79764
_07306_, 303.44, 116.96, 1.79767
_09536_, 303.44, 116.96, 1.79767
_12426_, 303.44, 116.96, 1.79767
_12427_, 303.44, 116.96, 1.79767
_14863_, 303.44, 116.96, 1.79767
ANTENNA__12426__S, 303.44, 116.96, 1.79767
ANTENNA__11012__S, 303.44, 116.96, 1.79767
_11307_, 316.24, 116.96, 1.79772
_11950_, 316.24, 116.96, 1.79772
_11951_, 316.24, 116.96, 1.79772
_14639_, 316.24, 116.96, 1.79772
ANTENNA__11012__A1, 316.24, 116.96, 1.79772
ANTENNA__11950__A1, 316.24, 116.96, 1.79772
ANTENNA__11950__S, 316.24, 116.96, 1.79772
FILLER_0_39_662, 316.24, 116.96, 1.79772
FILLER_0_39_673, 316.24, 116.96, 1.79772
FILLER_0_39_682, 316.24, 116.96, 1.79772
FILLER_0_40_677, 316.24, 116.96, 1.79772
_07300_, 341.84, 116.96, 1.79772
_07301_, 341.84, 116.96, 1.79772
_08883_, 341.84, 116.96, 1.79772
_09466_, 341.84, 116.96, 1.79772
_13263_, 341.84, 116.96, 1.79772
_13519_, 341.84, 116.96, 1.79772
ANTENNA__07296__A2, 341.84, 116.96, 1.79772
ANTENNA_clkbuf_leaf_137_wclk_A, 341.84, 116.96, 1.79772
FILLER_0_38_724, 341.84, 116.96, 1.79772
FILLER_0_39_729, 341.84, 116.96, 1.79772
FILLER_0_39_741, 341.84, 116.96, 1.79772
_07299_, 354.64, 116.96, 1.79767
_10720_, 354.64, 116.96, 1.79767
_10795_, 354.64, 116.96, 1.79767
_13963_, 354.64, 116.96, 1.79767
_14091_, 354.64, 116.96, 1.79767
_14127_, 354.64, 116.96, 1.79767
ANTENNA__07300__A2, 354.64, 116.96, 1.79767
ANTENNA__07300__B1, 354.64, 116.96, 1.79767
_10447_, 367.44, 116.96, 1.79765
_10719_, 367.44, 116.96, 1.79765
_10725_, 367.44, 116.96, 1.79765
_10726_, 367.44, 116.96, 1.79765
_14094_, 367.44, 116.96, 1.79765
ANTENNA__10447__S, 367.44, 116.96, 1.79765
ANTENNA__10725__S, 367.44, 116.96, 1.79765
_10453_, 380.24, 116.96, 1.79763
_10454_, 380.24, 116.96, 1.79763
_10721_, 380.24, 116.96, 1.79763
_10723_, 380.24, 116.96, 1.79763
_13966_, 380.24, 116.96, 1.79763
ANTENNA__07161__B1, 380.24, 116.96, 1.79763
_10451_, 393.04, 116.96, 1.79761
clkbuf_leaf_123_wclk, 393.04, 116.96, 1.79761
ANTENNA__10451__A1, 393.04, 116.96, 1.79761
FILLER_0_38_860, 405.84, 116.96, 1.79762
FILLER_0_39_885, 418.64, 116.96, 1.79762
FILLER_0_39_893, 418.64, 116.96, 1.79762
FILLER_0_38_917, 431.44, 116.96, 1.79762
FILLER_0_39_945, 444.24, 116.96, 1.79763
FILLER_0_38_973, 457.04, 116.96, 1.79763
FILLER_0_39_1001, 469.84, 116.96, 1.79763
PHY_72, 5.52, 111.52, 1.79762
PHY_74, 5.52, 111.52, 1.79762
PHY_73, 494.04, 111.52, 1.79762
PHY_75, 494.04, 111.52, 1.79762
input12, 494.04, 111.52, 1.79762
FILLER_0_37_51, 34.64, 111.52, 1.79763
FILLER_0_38_77, 34.64, 111.52, 1.79763
FILLER_0_37_105, 47.44, 111.52, 1.79763
FILLER_0_36_133, 73.04, 111.52, 1.79764
FILLER_0_37_161, 85.84, 111.52, 1.79764
FILLER_0_36_189, 98.64, 111.52, 1.79764
ANTENNA__07181__A1, 111.44, 111.52, 1.79765
ANTENNA__13056__CLK, 111.44, 111.52, 1.79765
FILLER_0_37_217, 111.44, 111.52, 1.79765
_07180_, 124.24, 111.52, 1.79765
_07181_, 124.24, 111.52, 1.79765
_08575_, 124.24, 111.52, 1.79765
ANTENNA__07181__A2, 124.24, 111.52, 1.79765
ANTENNA__07180__A2, 124.24, 111.52, 1.79765
ANTENNA__07180__B1, 124.24, 111.52, 1.79765
ANTENNA__08574__A, 124.24, 111.52, 1.79765
FILLER_0_36_245, 124.24, 111.52, 1.79765
FILLER_0_37_270, 124.24, 111.52, 1.79765
FILLER_0_38_269, 124.24, 111.52, 1.79765
_07138_, 137.04, 111.52, 1.79766
_12148_, 137.04, 111.52, 1.79766
ANTENNA__12148__A0, 137.04, 111.52, 1.79766
ANTENNA__10077__A1, 137.04, 111.52, 1.79766
ANTENNA__07138__A2, 137.04, 111.52, 1.79766
ANTENNA__07138__B1, 137.04, 111.52, 1.79766
ANTENNA__08734__A0, 137.04, 111.52, 1.79766
ANTENNA__10077__S, 137.04, 111.52, 1.79766
FILLER_0_36_272, 137.04, 111.52, 1.79766
FILLER_0_37_275, 137.04, 111.52, 1.79766
FILLER_0_37_293, 137.04, 111.52, 1.79766
FILLER_0_37_298, 137.04, 111.52, 1.79766
_07179_, 149.84, 111.52, 1.79767
_09873_, 149.84, 111.52, 1.79767
_12488_, 149.84, 111.52, 1.79767
_12489_, 149.84, 111.52, 1.79767
_13708_, 149.84, 111.52, 1.79767
ANTENNA__12488__S, 149.84, 111.52, 1.79767
ANTENNA__07135__B1, 149.84, 111.52, 1.79767
ANTENNA__07040__B1, 149.84, 111.52, 1.79767
ANTENNA__07179__B, 149.84, 111.52, 1.79767
ANTENNA__12488__A1, 149.84, 111.52, 1.79767
FILLER_0_38_317, 149.84, 111.52, 1.79767
_07143_, 162.64, 111.52, 1.79769
_07330_, 162.64, 111.52, 1.79769
_13192_, 162.64, 111.52, 1.79769
_14959_, 162.64, 111.52, 1.79769
ANTENNA__09872__A0, 162.64, 111.52, 1.79769
ANTENNA__09872__S, 162.64, 111.52, 1.79769
_06609_, 188.24, 111.52, 1.79767
_06949_, 188.24, 111.52, 1.79767
_11510_, 188.24, 111.52, 1.79767
_13352_, 188.24, 111.52, 1.79767
ANTENNA__09864__S, 188.24, 111.52, 1.79767
ANTENNA__11510__A1, 188.24, 111.52, 1.79767
ANTENNA__11510__S, 188.24, 111.52, 1.79767
FILLER_0_36_393, 188.24, 111.52, 1.79767
FILLER_0_37_411, 188.24, 111.52, 1.79767
FILLER_0_38_406, 188.24, 111.52, 1.79767
_06948_, 201.04, 111.52, 1.79762
_07328_, 201.04, 111.52, 1.79762
_13356_, 201.04, 111.52, 1.79762
_14447_, 201.04, 111.52, 1.79762
ANTENNA__06948__B1, 201.04, 111.52, 1.79762
_07142_, 213.84, 111.52, 1.79758
_07331_, 213.84, 111.52, 1.79758
_12965_, 213.84, 111.52, 1.79758
FILLER_0_38_463, 213.84, 111.52, 1.79758
_07141_, 226.64, 111.52, 1.79755
_08945_, 226.64, 111.52, 1.79755
_12957_, 226.64, 111.52, 1.79755
_13292_, 226.64, 111.52, 1.79755
clkbuf_leaf_153_wclk, 226.64, 111.52, 1.79755
ANTENNA_clkbuf_leaf_153_wclk_A, 226.64, 111.52, 1.79755
_12888_, 239.44, 111.52, 1.79754
_12954_, 239.44, 111.52, 1.79754
_12956_, 239.44, 111.52, 1.79754
_12968_, 239.44, 111.52, 1.79754
_12969_, 239.44, 111.52, 1.79754
ANTENNA__12968__S, 239.44, 111.52, 1.79754
ANTENNA__12954__S, 239.44, 111.52, 1.79754
ANTENNA__12968__A1, 239.44, 111.52, 1.79754
FILLER_0_36_499, 239.44, 111.52, 1.79754
_06963_, 252.24, 111.52, 1.79755
_06985_, 252.24, 111.52, 1.79755
ANTENNA__12896__S, 252.24, 111.52, 1.79755
ANTENNA__06963__A2, 252.24, 111.52, 1.79755
ANTENNA__06963__B1, 252.24, 111.52, 1.79755
ANTENNA__12956__A1, 252.24, 111.52, 1.79755
ANTENNA__12896__A1, 252.24, 111.52, 1.79755
FILLER_0_36_529, 252.24, 111.52, 1.79755
FILLER_0_37_527, 252.24, 111.52, 1.79755
FILLER_0_37_540, 252.24, 111.52, 1.79755
_06962_, 265.04, 111.52, 1.79755
_10228_, 265.04, 111.52, 1.79755
_10921_, 265.04, 111.52, 1.79755
_10928_, 265.04, 111.52, 1.79755
_10929_, 265.04, 111.52, 1.79755
_14184_, 265.04, 111.52, 1.79755
_14188_, 265.04, 111.52, 1.79755
ANTENNA__12888__S, 265.04, 111.52, 1.79755
ANTENNA__06985__D, 265.04, 111.52, 1.79755
ANTENNA__10928__A1, 265.04, 111.52, 1.79755
FILLER_0_38_578, 265.04, 111.52, 1.79755
_10151_, 277.84, 111.52, 1.79757
_14543_, 277.84, 111.52, 1.79757
_14799_, 277.84, 111.52, 1.79757
ANTENNA__06962__B1, 277.84, 111.52, 1.79757
ANTENNA__07191__C, 277.84, 111.52, 1.79757
ANTENNA__10228__A, 277.84, 111.52, 1.79757
_10230_, 290.64, 111.52, 1.7976
_13551_, 290.64, 111.52, 1.7976
_13871_, 290.64, 111.52, 1.7976
ANTENNA__10151__A1, 290.64, 111.52, 1.7976
ANTENNA__10151__S, 290.64, 111.52, 1.7976
ANTENNA_clkbuf_leaf_134_wclk_A, 290.64, 111.52, 1.7976
_07303_, 303.44, 111.52, 1.79764
_09535_, 303.44, 111.52, 1.79764
_11012_, 303.44, 111.52, 1.79764
_11013_, 303.44, 111.52, 1.79764
_14223_, 303.44, 111.52, 1.79764
ANTENNA__07303__A2, 303.44, 111.52, 1.79764
ANTENNA__07303__B1, 303.44, 111.52, 1.79764
FILLER_0_36_635, 303.44, 111.52, 1.79764
_07304_, 316.24, 111.52, 1.79768
_07305_, 316.24, 111.52, 1.79768
_11306_, 316.24, 111.52, 1.79768
_14351_, 316.24, 111.52, 1.79768
ANTENNA__07305__A2, 316.24, 111.52, 1.79768
FILLER_0_37_677, 316.24, 111.52, 1.79768
_07298_, 341.84, 111.52, 1.79771
_09467_, 341.84, 111.52, 1.79771
_10592_, 341.84, 111.52, 1.79771
_14031_, 341.84, 111.52, 1.79771
ANTENNA__07298__B1, 341.84, 111.52, 1.79771
ANTENNA__08580__A, 341.84, 111.52, 1.79771
_10448_, 354.64, 111.52, 1.79768
_10796_, 354.64, 111.52, 1.79768
ANTENNA__07299__A2, 354.64, 111.52, 1.79768
ANTENNA__07299__B1, 354.64, 111.52, 1.79768
ANTENNA__10795__A1, 354.64, 111.52, 1.79768
ANTENNA__10591__S, 354.64, 111.52, 1.79768
ANTENNA__10719__S, 354.64, 111.52, 1.79768
ANTENNA__10795__S, 354.64, 111.52, 1.79768
FILLER_0_36_757, 354.64, 111.52, 1.79768
FILLER_0_37_765, 354.64, 111.52, 1.79768
_10724_, 367.44, 111.52, 1.79766
_14092_, 367.44, 111.52, 1.79766
_14093_, 367.44, 111.52, 1.79766
ANTENNA__08878__A0, 367.44, 111.52, 1.79766
ANTENNA__10719__A1, 367.44, 111.52, 1.79766
ANTENNA__10447__A1, 367.44, 111.52, 1.79766
FILLER_0_37_779, 367.44, 111.52, 1.79766
_10450_, 380.24, 111.52, 1.79764
_13964_, 380.24, 111.52, 1.79764
ANTENNA__10721__A1, 380.24, 111.52, 1.79764
ANTENNA__10723__S, 380.24, 111.52, 1.79764
ANTENNA__10721__S, 380.24, 111.52, 1.79764
FILLER_0_36_801, 380.24, 111.52, 1.79764
FILLER_0_37_821, 380.24, 111.52, 1.79764
FILLER_0_38_822, 380.24, 111.52, 1.79764
_10452_, 393.04, 111.52, 1.79763
_13965_, 393.04, 111.52, 1.79763
ANTENNA_clkbuf_leaf_123_wclk_A, 393.04, 111.52, 1.79763
FILLER_0_37_834, 393.04, 111.52, 1.79763
FILLER_0_36_861, 405.84, 111.52, 1.79763
FILLER_0_37_893, 418.64, 111.52, 1.79763
FILLER_0_36_917, 431.44, 111.52, 1.79763
FILLER_0_37_945, 444.24, 111.52, 1.79763
FILLER_0_36_973, 457.04, 111.52, 1.79763
FILLER_0_37_1001, 469.84, 111.52, 1.79762
PHY_68, 5.52, 106.08, 1.7976
PHY_70, 5.52, 106.08, 1.7976
PHY_69, 494.04, 106.08, 1.79761
PHY_71, 494.04, 106.08, 1.79761
FILLER_0_35_51, 34.64, 106.08, 1.79761
FILLER_0_36_77, 34.64, 106.08, 1.79761
FILLER_0_35_105, 47.44, 106.08, 1.79761
FILLER_0_34_133, 73.04, 106.08, 1.79761
FILLER_0_35_161, 85.84, 106.08, 1.79761
FILLER_0_34_189, 98.64, 106.08, 1.79761
_13132_, 111.44, 106.08, 1.79762
FILLER_0_35_217, 111.44, 106.08, 1.79762
FILLER_0_35_237, 111.44, 106.08, 1.79762
_08574_, 124.24, 106.08, 1.79762
_08576_, 124.24, 106.08, 1.79762
ANTENNA__08575__S, 124.24, 106.08, 1.79762
ANTENNA__08575__A0, 124.24, 106.08, 1.79762
FILLER_0_34_248, 124.24, 106.08, 1.79762
FILLER_0_35_257, 124.24, 106.08, 1.79762
FILLER_0_35_264, 124.24, 106.08, 1.79762
_07135_, 137.04, 106.08, 1.79763
_12149_, 137.04, 106.08, 1.79763
_14828_, 137.04, 106.08, 1.79763
ANTENNA__07135__A2, 137.04, 106.08, 1.79763
ANTENNA__12148__S, 137.04, 106.08, 1.79763
FILLER_0_35_272, 137.04, 106.08, 1.79763
FILLER_0_35_299, 137.04, 106.08, 1.79763
FILLER_0_36_291, 137.04, 106.08, 1.79763
_07136_, 149.84, 106.08, 1.79764
_09872_, 149.84, 106.08, 1.79764
_14892_, 149.84, 106.08, 1.79764
ANTENNA__12352__A1, 149.84, 106.08, 1.79764
FILLER_0_34_305, 149.84, 106.08, 1.79764
FILLER_0_34_309, 149.84, 106.08, 1.79764
_12631_, 162.64, 106.08, 1.79766
ANTENNA__12140__A0, 162.64, 106.08, 1.79766
ANTENNA__07136__A2, 162.64, 106.08, 1.79766
ANTENNA__07136__B1, 162.64, 106.08, 1.79766
ANTENNA__09862__A0, 162.64, 106.08, 1.79766
ANTENNA__09862__S, 162.64, 106.08, 1.79766
ANTENNA__12140__S, 162.64, 106.08, 1.79766
FILLER_0_34_340, 162.64, 106.08, 1.79766
_09075_, 188.24, 106.08, 1.79765
_09076_, 188.24, 106.08, 1.79765
_11429_, 188.24, 106.08, 1.79765
_14408_, 188.24, 106.08, 1.79765
ANTENNA__12480__S, 188.24, 106.08, 1.79765
ANTENNA__06942__A2, 188.24, 106.08, 1.79765
ANTENNA__06942__B1, 188.24, 106.08, 1.79765
ANTENNA__06609__A, 188.24, 106.08, 1.79765
FILLER_0_35_397, 188.24, 106.08, 1.79765
_09083_, 201.04, 106.08, 1.79762
_11437_, 201.04, 106.08, 1.79762
_14412_, 201.04, 106.08, 1.79762
ANTENNA__06948__A2, 201.04, 106.08, 1.79762
ANTENNA__07142__B1, 201.04, 106.08, 1.79762
ANTENNA__09075__A0, 201.04, 106.08, 1.79762
ANTENNA__09083__A0, 201.04, 106.08, 1.79762
ANTENNA__09083__S, 201.04, 106.08, 1.79762
ANTENNA__09075__S, 201.04, 106.08, 1.79762
ANTENNA__11428__A1, 201.04, 106.08, 1.79762
ANTENNA_clkbuf_leaf_151_wclk_A, 201.04, 106.08, 1.79762
FILLER_0_35_417, 201.04, 106.08, 1.79762
FILLER_0_35_422, 201.04, 106.08, 1.79762
_08938_, 213.84, 106.08, 1.7976
_13288_, 213.84, 106.08, 1.7976
ANTENNA__07142__A2, 213.84, 106.08, 1.7976
ANTENNA__08945__A0, 213.84, 106.08, 1.7976
ANTENNA__11436__A1, 213.84, 106.08, 1.7976
FILLER_0_35_449, 213.84, 106.08, 1.7976
FILLER_0_35_456, 213.84, 106.08, 1.7976
FILLER_0_36_454, 213.84, 106.08, 1.7976
_06947_, 226.64, 106.08, 1.79758
_08937_, 226.64, 106.08, 1.79758
ANTENNA__07141__A2, 226.64, 106.08, 1.79758
ANTENNA__07141__B1, 226.64, 106.08, 1.79758
ANTENNA__06947__B1, 226.64, 106.08, 1.79758
ANTENNA__08937__A0, 226.64, 106.08, 1.79758
ANTENNA__08941__A0, 226.64, 106.08, 1.79758
ANTENNA__08945__S, 226.64, 106.08, 1.79758
ANTENNA__08937__S, 226.64, 106.08, 1.79758
FILLER_0_34_471, 226.64, 106.08, 1.79758
FILLER_0_36_486, 226.64, 106.08, 1.79758
_12889_, 239.44, 106.08, 1.79757
_14600_, 239.44, 106.08, 1.79757
_15080_, 239.44, 106.08, 1.79757
ANTENNA__08935__A0, 239.44, 106.08, 1.79757
ANTENNA__12954__A1, 239.44, 106.08, 1.79757
FILLER_0_35_496, 239.44, 106.08, 1.79757
FILLER_0_35_505, 239.44, 106.08, 1.79757
FILLER_0_35_513, 239.44, 106.08, 1.79757
_06986_, 252.24, 106.08, 1.79756
_11801_, 252.24, 106.08, 1.79756
_11868_, 252.24, 106.08, 1.79756
_11869_, 252.24, 106.08, 1.79756
_14568_, 252.24, 106.08, 1.79756
ANTENNA__11868__S, 252.24, 106.08, 1.79756
ANTENNA__12888__A1, 252.24, 106.08, 1.79756
FILLER_0_34_527, 252.24, 106.08, 1.79756
FILLER_0_36_541, 252.24, 106.08, 1.79756
_10373_, 265.04, 106.08, 1.79757
_10374_, 265.04, 106.08, 1.79757
_10920_, 265.04, 106.08, 1.79757
_13928_, 265.04, 106.08, 1.79757
ANTENNA__06962__A2, 265.04, 106.08, 1.79757
ANTENNA__11800__A1, 265.04, 106.08, 1.79757
_06607_, 277.84, 106.08, 1.79759
_07191_, 277.84, 106.08, 1.79759
_10147_, 277.84, 106.08, 1.79759
ANTENNA__06607__A1, 277.84, 106.08, 1.79759
ANTENNA__10920__A1, 277.84, 106.08, 1.79759
ANTENNA__10373__A1, 277.84, 106.08, 1.79759
ANTENNA__10373__S, 277.84, 106.08, 1.79759
FILLER_0_34_585, 277.84, 106.08, 1.79759
FILLER_0_35_594, 277.84, 106.08, 1.79759
_07192_, 290.64, 106.08, 1.79761
_09532_, 290.64, 106.08, 1.79761
ANTENNA__07191__B, 290.64, 106.08, 1.79761
ANTENNA__10147__A1, 290.64, 106.08, 1.79761
ANTENNA__07192__A2, 290.64, 106.08, 1.79761
ANTENNA__07192__B1, 290.64, 106.08, 1.79761
ANTENNA__09535__A0, 290.64, 106.08, 1.79761
ANTENNA__10147__S, 290.64, 106.08, 1.79761
ANTENNA__10223__S, 290.64, 106.08, 1.79761
FILLER_0_36_628, 290.64, 106.08, 1.79761
_07199_, 303.44, 106.08, 1.79763
_11239_, 303.44, 106.08, 1.79763
_13549_, 303.44, 106.08, 1.79763
_14319_, 303.44, 106.08, 1.79763
ANTENNA__07199__B1, 303.44, 106.08, 1.79763
ANTENNA__09531__A0, 303.44, 106.08, 1.79763
ANTENNA__09535__S, 303.44, 106.08, 1.79763
ANTENNA__09531__S, 303.44, 106.08, 1.79763
ANTENNA__10223__A1, 303.44, 106.08, 1.79763
FILLER_0_35_642, 303.44, 106.08, 1.79763
_11238_, 316.24, 106.08, 1.79766
_13615_, 316.24, 106.08, 1.79766
ANTENNA__07199__A2, 316.24, 106.08, 1.79766
ANTENNA__07305__B1, 316.24, 106.08, 1.79766
ANTENNA__11238__S, 316.24, 106.08, 1.79766
ANTENNA__11306__S, 316.24, 106.08, 1.79766
ANTENNA_clkbuf_4_8_0_wclk_A, 316.24, 106.08, 1.79766
_08577_, 341.84, 106.08, 1.79767
_10222_, 341.84, 106.08, 1.79767
_10591_, 341.84, 106.08, 1.79767
_12830_, 341.84, 106.08, 1.79767
ANTENNA__07298__A3, 341.84, 106.08, 1.79767
ANTENNA__07298__A2, 341.84, 106.08, 1.79767
ANTENNA__09466__A0, 341.84, 106.08, 1.79767
ANTENNA__10591__A1, 341.84, 106.08, 1.79767
ANTENNA__08577__A, 341.84, 106.08, 1.79767
ANTENNA__11011__A, 341.84, 106.08, 1.79767
FILLER_0_35_725, 341.84, 106.08, 1.79767
_07197_, 354.64, 106.08, 1.79766
_11947_, 354.64, 106.08, 1.79766
ANTENNA__12830__S, 354.64, 106.08, 1.79766
ANTENNA__07193__A3, 354.64, 106.08, 1.79766
ANTENNA__07193__B1, 354.64, 106.08, 1.79766
ANTENNA__10011__A0, 354.64, 106.08, 1.79766
ANTENNA__10011__S, 354.64, 106.08, 1.79766
ANTENNA__11166__A1, 354.64, 106.08, 1.79766
ANTENNA__11166__S, 354.64, 106.08, 1.79766
ANTENNA__12830__A1, 354.64, 106.08, 1.79766
FILLER_0_34_753, 354.64, 106.08, 1.79766
FILLER_0_36_763, 354.64, 106.08, 1.79766
_08878_, 367.44, 106.08, 1.79764
_08879_, 367.44, 106.08, 1.79764
_13260_, 367.44, 106.08, 1.79764
_13261_, 367.44, 106.08, 1.79764
ANTENNA__07193__A2, 367.44, 106.08, 1.79764
ANTENNA__08878__S, 367.44, 106.08, 1.79764
ANTENNA__10791__A1, 367.44, 106.08, 1.79764
ANTENNA__10791__S, 367.44, 106.08, 1.79764
FILLER_0_35_778, 367.44, 106.08, 1.79764
FILLER_0_35_785, 367.44, 106.08, 1.79764
FILLER_0_36_788, 367.44, 106.08, 1.79764
_07196_, 380.24, 106.08, 1.79763
_09462_, 380.24, 106.08, 1.79763
_10588_, 380.24, 106.08, 1.79763
_10792_, 380.24, 106.08, 1.79763
ANTENNA__07196__B1, 380.24, 106.08, 1.79763
ANTENNA__09462__A0, 380.24, 106.08, 1.79763
ANTENNA__09462__S, 380.24, 106.08, 1.79763
ANTENNA__10723__A1, 380.24, 106.08, 1.79763
_09463_, 393.04, 106.08, 1.79763
_10587_, 393.04, 106.08, 1.79763
ANTENNA__10587__S, 393.04, 106.08, 1.79763
FILLER_0_34_861, 405.84, 106.08, 1.79763
FILLER_0_35_889, 418.64, 106.08, 1.79762
FILLER_0_34_917, 431.44, 106.08, 1.79762
FILLER_0_35_945, 444.24, 106.08, 1.79762
FILLER_0_34_973, 457.04, 106.08, 1.79762
FILLER_0_35_1001, 469.84, 106.08, 1.79761
PHY_64, 5.52, 100.64, 1.79758
PHY_66, 5.52, 100.64, 1.79758
PHY_65, 494.04, 100.64, 1.79759
PHY_67, 494.04, 100.64, 1.79759
FILLER_0_33_51, 34.64, 100.64, 1.79757
FILLER_0_34_77, 34.64, 100.64, 1.79757
FILLER_0_33_105, 47.44, 100.64, 1.79757
FILLER_0_32_133, 73.04, 100.64, 1.79755
FILLER_0_33_161, 85.84, 100.64, 1.79754
FILLER_0_32_189, 98.64, 100.64, 1.79754
FILLER_0_33_217, 111.44, 100.64, 1.79753
_14732_, 124.24, 100.64, 1.79752
FILLER_0_32_245, 124.24, 100.64, 1.79752
FILLER_0_32_253, 124.24, 100.64, 1.79752
FILLER_0_34_265, 124.24, 100.64, 1.79752
_06603_, 137.04, 100.64, 1.79752
_12352_, 137.04, 100.64, 1.79752
_12353_, 137.04, 100.64, 1.79752
_14823_, 137.04, 100.64, 1.79752
ANTENNA__12138__A0, 137.04, 100.64, 1.79752
ANTENNA__06603__A, 137.04, 100.64, 1.79752
FILLER_0_32_281, 137.04, 100.64, 1.79752
FILLER_0_33_273, 137.04, 100.64, 1.79752
FILLER_0_33_287, 137.04, 100.64, 1.79752
FILLER_0_33_292, 137.04, 100.64, 1.79752
_06853_, 149.84, 100.64, 1.79753
_09862_, 149.84, 100.64, 1.79753
_09863_, 149.84, 100.64, 1.79753
_13703_, 149.84, 100.64, 1.79753
clkbuf_leaf_163_wclk, 149.84, 100.64, 1.79753
ANTENNA__12352__S, 149.84, 100.64, 1.79753
ANTENNA__12342__S, 149.84, 100.64, 1.79753
ANTENNA__06853__B1, 149.84, 100.64, 1.79753
FILLER_0_33_307, 149.84, 100.64, 1.79753
FILLER_0_34_317, 149.84, 100.64, 1.79753
_12140_, 162.64, 100.64, 1.79756
_12141_, 162.64, 100.64, 1.79756
_12345_, 162.64, 100.64, 1.79756
_14728_, 162.64, 100.64, 1.79756
_14824_, 162.64, 100.64, 1.79756
ANTENNA_clkbuf_leaf_163_wclk_A, 162.64, 100.64, 1.79756
FILLER_0_33_332, 162.64, 100.64, 1.79756
clkbuf_leaf_151_wclk, 188.24, 100.64, 1.79754
ANTENNA__09077__A0, 188.24, 100.64, 1.79754
ANTENNA__09077__S, 188.24, 100.64, 1.79754
ANTENNA__12152__S, 188.24, 100.64, 1.79754
FILLER_0_33_389, 188.24, 100.64, 1.79754
_09073_, 201.04, 100.64, 1.7975
_09074_, 201.04, 100.64, 1.7975
_11428_, 201.04, 100.64, 1.7975
_11436_, 201.04, 100.64, 1.7975
_13351_, 201.04, 100.64, 1.7975
ANTENNA__09073__S, 201.04, 100.64, 1.7975
ANTENNA__11436__S, 201.04, 100.64, 1.7975
FILLER_0_34_429, 201.04, 100.64, 1.7975
_06872_, 213.84, 100.64, 1.79747
_08940_, 213.84, 100.64, 1.79747
ANTENNA__06872__A2, 213.84, 100.64, 1.79747
ANTENNA__06872__B1, 213.84, 100.64, 1.79747
FILLER_0_33_457, 213.84, 100.64, 1.79747
FILLER_0_34_463, 213.84, 100.64, 1.79747
_08935_, 226.64, 100.64, 1.79744
_08936_, 226.64, 100.64, 1.79744
_08941_, 226.64, 100.64, 1.79744
_08944_, 226.64, 100.64, 1.79744
_13287_, 226.64, 100.64, 1.79744
ANTENNA__06947__A2, 226.64, 100.64, 1.79744
ANTENNA__08943__A0, 226.64, 100.64, 1.79744
ANTENNA__08943__S, 226.64, 100.64, 1.79744
ANTENNA__08941__S, 226.64, 100.64, 1.79744
ANTENNA__08935__S, 226.64, 100.64, 1.79744
FILLER_0_33_480, 226.64, 100.64, 1.79744
FILLER_0_34_481, 226.64, 100.64, 1.79744
_06871_, 239.44, 100.64, 1.79742
_08943_, 239.44, 100.64, 1.79742
ANTENNA__06871__A2, 239.44, 100.64, 1.79742
FILLER_0_33_505, 239.44, 100.64, 1.79742
FILLER_0_33_515, 239.44, 100.64, 1.79742
FILLER_0_34_519, 239.44, 100.64, 1.79742
_10918_, 252.24, 100.64, 1.7974
_10919_, 252.24, 100.64, 1.7974
_11800_, 252.24, 100.64, 1.7974
ANTENNA__11868__A1, 252.24, 100.64, 1.7974
_10923_, 265.04, 100.64, 1.79738
_10925_, 265.04, 100.64, 1.79738
_10933_, 265.04, 100.64, 1.79738
clkbuf_leaf_133_wclk, 265.04, 100.64, 1.79738
ANTENNA__10924__S, 265.04, 100.64, 1.79738
ANTENNA__10920__S, 265.04, 100.64, 1.79738
ANTENNA__11800__S, 265.04, 100.64, 1.79738
FILLER_0_32_554, 265.04, 100.64, 1.79738
FILLER_0_33_552, 265.04, 100.64, 1.79738
FILLER_0_33_561, 265.04, 100.64, 1.79738
FILLER_0_33_567, 265.04, 100.64, 1.79738
_06608_, 277.84, 100.64, 1.79738
_13025_, 277.84, 100.64, 1.79738
_13837_, 277.84, 100.64, 1.79738
_14797_, 277.84, 100.64, 1.79738
FILLER_0_32_580, 277.84, 100.64, 1.79738
_09531_, 290.64, 100.64, 1.7974
_10148_, 290.64, 100.64, 1.7974
_10223_, 290.64, 100.64, 1.7974
_10224_, 290.64, 100.64, 1.7974
_11718_, 290.64, 100.64, 1.7974
_12286_, 290.64, 100.64, 1.7974
_13869_, 290.64, 100.64, 1.7974
ANTENNA__06607__S, 290.64, 100.64, 1.7974
_07202_, 303.44, 100.64, 1.79743
_11007_, 303.44, 100.64, 1.79743
_12422_, 303.44, 100.64, 1.79743
clkbuf_4_8_0_wclk, 303.44, 100.64, 1.79743
ANTENNA_7, 303.44, 100.64, 1.79743
FILLER_0_33_658, 303.44, 100.64, 1.79743
_07201_, 316.24, 100.64, 1.79751
_09669_, 316.24, 100.64, 1.79751
_11235_, 316.24, 100.64, 1.79751
ANTENNA__07201__A2, 316.24, 100.64, 1.79751
ANTENNA__07201__B1, 316.24, 100.64, 1.79751
ANTENNA__09668__A0, 316.24, 100.64, 1.79751
ANTENNA__11238__A1, 316.24, 100.64, 1.79751
ANTENNA_clkbuf_leaf_135_wclk_A, 316.24, 100.64, 1.79751
FILLER_0_34_684, 316.24, 100.64, 1.79751
_11166_, 341.84, 100.64, 1.79755
_15053_, 341.84, 100.64, 1.79755
ANTENNA__07200__B1, 341.84, 100.64, 1.79755
ANTENNA__10222__A, 341.84, 100.64, 1.79755
ANTENNA__10225__A, 341.84, 100.64, 1.79755
FILLER_0_32_729, 341.84, 100.64, 1.79755
FILLER_0_33_725, 341.84, 100.64, 1.79755
_07193_, 354.64, 100.64, 1.79752
_07194_, 354.64, 100.64, 1.79752
_10011_, 354.64, 100.64, 1.79752
_10012_, 354.64, 100.64, 1.79752
_11167_, 354.64, 100.64, 1.79752
_13773_, 354.64, 100.64, 1.79752
ANTENNA__07194__A3, 354.64, 100.64, 1.79752
_10791_, 367.44, 100.64, 1.7975
_11946_, 367.44, 100.64, 1.7975
clkbuf_leaf_125_wclk, 367.44, 100.64, 1.7975
ANTENNA__11946__A1, 367.44, 100.64, 1.7975
ANTENNA__11946__S, 367.44, 100.64, 1.7975
FILLER_0_32_783, 367.44, 100.64, 1.7975
FILLER_0_33_785, 367.44, 100.64, 1.7975
_08876_, 380.24, 100.64, 1.7975
_08877_, 380.24, 100.64, 1.7975
_13517_, 380.24, 100.64, 1.7975
_14029_, 380.24, 100.64, 1.7975
ANTENNA__08876__S, 380.24, 100.64, 1.7975
ANTENNA__07247__A2, 393.04, 100.64, 1.79751
ANTENNA__10587__A1, 393.04, 100.64, 1.79751
FILLER_0_33_837, 393.04, 100.64, 1.79751
FILLER_0_33_889, 418.64, 100.64, 1.79753
FILLER_0_32_917, 431.44, 100.64, 1.79754
FILLER_0_33_945, 444.24, 100.64, 1.79755
FILLER_0_32_973, 457.04, 100.64, 1.79756
FILLER_0_33_1001, 469.84, 100.64, 1.79757
PHY_60, 5.52, 95.2, 1.79756
PHY_62, 5.52, 95.2, 1.79756
PHY_61, 494.04, 95.2, 1.79758
PHY_63, 494.04, 95.2, 1.79758
FILLER_0_31_51, 34.64, 95.2, 1.79755
FILLER_0_32_77, 34.64, 95.2, 1.79755
FILLER_0_31_105, 47.44, 95.2, 1.79754
FILLER_0_30_133, 73.04, 95.2, 1.79752
FILLER_0_31_161, 85.84, 95.2, 1.79751
FILLER_0_30_189, 98.64, 95.2, 1.7975
_13129_, 111.44, 95.2, 1.79749
FILLER_0_31_217, 111.44, 95.2, 1.79749
FILLER_0_31_237, 111.44, 95.2, 1.79749
_08566_, 124.24, 95.2, 1.79749
_08567_, 124.24, 95.2, 1.79749
_12139_, 124.24, 95.2, 1.79749
_14727_, 124.24, 95.2, 1.79749
ANTENNA__07036__A2, 124.24, 95.2, 1.79749
ANTENNA__07035__B1, 124.24, 95.2, 1.79749
ANTENNA__08566__S, 124.24, 95.2, 1.79749
FILLER_0_30_253, 124.24, 95.2, 1.79749
FILLER_0_31_267, 124.24, 95.2, 1.79749
_12138_, 137.04, 95.2, 1.79749
_12143_, 137.04, 95.2, 1.79749
_12342_, 137.04, 95.2, 1.79749
_12343_, 137.04, 95.2, 1.79749
FILLER_0_31_277, 137.04, 95.2, 1.79749
_06854_, 149.84, 95.2, 1.7975
_12479_, 149.84, 95.2, 1.7975
_14887_, 149.84, 95.2, 1.7975
ANTENNA__06853__A2, 149.84, 95.2, 1.7975
ANTENNA__12342__A1, 149.84, 95.2, 1.7975
ANTENNA__12146__S, 149.84, 95.2, 1.7975
_06873_, 162.64, 95.2, 1.79751
_12014_, 162.64, 95.2, 1.79751
_14669_, 162.64, 95.2, 1.79751
ANTENNA__06854__A2, 162.64, 95.2, 1.79751
ANTENNA__07038__B1, 162.64, 95.2, 1.79751
ANTENNA__06854__B1, 162.64, 95.2, 1.79751
FILLER_0_30_329, 162.64, 95.2, 1.79751
_09077_, 188.24, 95.2, 1.79742
_09078_, 188.24, 95.2, 1.79742
_09087_, 188.24, 95.2, 1.79742
_09088_, 188.24, 95.2, 1.79742
_13358_, 188.24, 95.2, 1.79742
ANTENNA__09087__A0, 188.24, 95.2, 1.79742
ANTENNA__09087__S, 188.24, 95.2, 1.79742
ANTENNA__11428__S, 188.24, 95.2, 1.79742
_09080_, 201.04, 95.2, 1.79733
_11441_, 201.04, 95.2, 1.79733
_13354_, 201.04, 95.2, 1.79733
clkbuf_leaf_152_wclk, 201.04, 95.2, 1.79733
clkbuf_4_2_0_wclk, 201.04, 95.2, 1.79733
ANTENNA_clkbuf_4_2_0_wclk_A, 201.04, 95.2, 1.79733
ANTENNA_clkbuf_leaf_152_wclk_A, 201.04, 95.2, 1.79733
FILLER_0_31_419, 201.04, 95.2, 1.79733
_08942_, 213.84, 95.2, 1.7973
_09079_, 213.84, 95.2, 1.7973
_09081_, 213.84, 95.2, 1.7973
_13289_, 213.84, 95.2, 1.7973
_13290_, 213.84, 95.2, 1.7973
ANTENNA__09079__A0, 213.84, 95.2, 1.7973
ANTENNA__09081__A0, 213.84, 95.2, 1.7973
FILLER_0_32_454, 213.84, 95.2, 1.7973
_06995_, 226.64, 95.2, 1.79729
_07043_, 226.64, 95.2, 1.79729
_08939_, 226.64, 95.2, 1.79729
_08950_, 226.64, 95.2, 1.79729
_13291_, 226.64, 95.2, 1.79729
_13294_, 226.64, 95.2, 1.79729
ANTENNA__06995__B1, 226.64, 95.2, 1.79729
_07093_, 239.44, 95.2, 1.79729
_14183_, 239.44, 95.2, 1.79729
_14187_, 239.44, 95.2, 1.79729
ANTENNA__07238__B1, 239.44, 95.2, 1.79729
ANTENNA__06871__B1, 239.44, 95.2, 1.79729
FILLER_0_30_505, 239.44, 95.2, 1.79729
FILLER_0_31_512, 239.44, 95.2, 1.79729
FILLER_0_31_517, 239.44, 95.2, 1.79729
FILLER_0_32_513, 239.44, 95.2, 1.79729
_08582_, 252.24, 95.2, 1.7973
_10926_, 252.24, 95.2, 1.7973
_10927_, 252.24, 95.2, 1.7973
_14190_, 252.24, 95.2, 1.7973
ANTENNA__10918__A1, 252.24, 95.2, 1.7973
ANTENNA__10926__A1, 252.24, 95.2, 1.7973
ANTENNA__10918__S, 252.24, 95.2, 1.7973
_10922_, 265.04, 95.2, 1.79731
_10924_, 265.04, 95.2, 1.79731
_10932_, 265.04, 95.2, 1.79731
_14185_, 265.04, 95.2, 1.79731
_14186_, 265.04, 95.2, 1.79731
ANTENNA__10924__A1, 265.04, 95.2, 1.79731
_12287_, 277.84, 95.2, 1.79735
_14541_, 277.84, 95.2, 1.79735
ANTENNA__10922__A1, 277.84, 95.2, 1.79735
ANTENNA__10922__S, 277.84, 95.2, 1.79735
ANTENNA_clkbuf_leaf_133_wclk_A, 277.84, 95.2, 1.79735
FILLER_0_30_582, 277.84, 95.2, 1.79735
FILLER_0_31_587, 277.84, 95.2, 1.79735
_07198_, 290.64, 95.2, 1.79738
_14861_, 290.64, 95.2, 1.79738
ANTENNA__12286__S, 290.64, 95.2, 1.79738
ANTENNA__12286__A0, 290.64, 95.2, 1.79738
ANTENNA__11718__S, 290.64, 95.2, 1.79738
FILLER_0_31_613, 290.64, 95.2, 1.79738
FILLER_0_31_621, 290.64, 95.2, 1.79738
FILLER_0_32_625, 290.64, 95.2, 1.79738
_12423_, 303.44, 95.2, 1.79742
_14221_, 303.44, 95.2, 1.79742
clkbuf_leaf_135_wclk, 303.44, 95.2, 1.79742
ANTENNA__12422__S, 303.44, 95.2, 1.79742
ANTENNA__09533__S, 303.44, 95.2, 1.79742
ANTENNA__12422__A1, 303.44, 95.2, 1.79742
FILLER_0_30_637, 303.44, 95.2, 1.79742
FILLER_0_31_638, 303.44, 95.2, 1.79742
FILLER_0_31_645, 303.44, 95.2, 1.79742
FILLER_0_31_653, 303.44, 95.2, 1.79742
_08562_, 316.24, 95.2, 1.79749
_11234_, 316.24, 95.2, 1.79749
_13613_, 316.24, 95.2, 1.79749
_14317_, 316.24, 95.2, 1.79749
ANTENNA__11234__A1, 316.24, 95.2, 1.79749
_07245_, 341.84, 95.2, 1.79755
_10210_, 341.84, 95.2, 1.79755
_12831_, 341.84, 95.2, 1.79755
_12833_, 341.84, 95.2, 1.79755
_14285_, 341.84, 95.2, 1.79755
ANTENNA__07200__A2, 341.84, 95.2, 1.79755
ANTENNA__11170__A1, 341.84, 95.2, 1.79755
ANTENNA__12832__A1, 341.84, 95.2, 1.79755
_14637_, 354.64, 95.2, 1.79754
ANTENNA__07244__A3, 354.64, 95.2, 1.79754
ANTENNA__07245__A2, 354.64, 95.2, 1.79754
ANTENNA__07194__A2, 354.64, 95.2, 1.79754
ANTENNA__07245__A3, 354.64, 95.2, 1.79754
ANTENNA__07194__B1, 354.64, 95.2, 1.79754
ANTENNA__07244__A2, 354.64, 95.2, 1.79754
ANTENNA__10210__A, 354.64, 95.2, 1.79754
FILLER_0_31_757, 354.64, 95.2, 1.79754
_07195_, 367.44, 95.2, 1.79753
_07244_, 367.44, 95.2, 1.79753
_13774_, 367.44, 95.2, 1.79753
_14125_, 367.44, 95.2, 1.79753
ANTENNA__07244__B1, 367.44, 95.2, 1.79753
ANTENNA__07195__B1, 367.44, 95.2, 1.79753
FILLER_0_31_785, 367.44, 95.2, 1.79753
_09464_, 380.24, 95.2, 1.79754
ANTENNA__07195__A2, 380.24, 95.2, 1.79754
ANTENNA__07196__A2, 380.24, 95.2, 1.79754
ANTENNA__07247__B1, 380.24, 95.2, 1.79754
ANTENNA__08876__A0, 380.24, 95.2, 1.79754
ANTENNA__08880__A0, 380.24, 95.2, 1.79754
ANTENNA__08880__S, 380.24, 95.2, 1.79754
ANTENNA__09464__A0, 380.24, 95.2, 1.79754
ANTENNA__09464__S, 380.24, 95.2, 1.79754
ANTENNA_clkbuf_leaf_125_wclk_A, 380.24, 95.2, 1.79754
FILLER_0_32_821, 380.24, 95.2, 1.79754
_07247_, 393.04, 95.2, 1.79754
_10589_, 393.04, 95.2, 1.79754
FILLER_0_31_837, 393.04, 95.2, 1.79754
FILLER_0_30_863, 405.84, 95.2, 1.79755
FILLER_0_31_889, 418.64, 95.2, 1.79755
FILLER_0_30_917, 431.44, 95.2, 1.79756
FILLER_0_31_945, 444.24, 95.2, 1.79756
FILLER_0_30_973, 457.04, 95.2, 1.79757
FILLER_0_31_1001, 469.84, 95.2, 1.79757
PHY_56, 5.52, 89.76, 1.79754
PHY_58, 5.52, 89.76, 1.79754
PHY_57, 494.04, 89.76, 1.79756
PHY_59, 494.04, 89.76, 1.79756
FILLER_0_29_51, 34.64, 89.76, 1.79752
FILLER_0_30_77, 34.64, 89.76, 1.79752
FILLER_0_29_105, 47.44, 89.76, 1.79751
FILLER_0_28_133, 73.04, 89.76, 1.79747
FILLER_0_29_161, 85.84, 89.76, 1.79746
FILLER_0_28_189, 98.64, 89.76, 1.79744
_07036_, 111.44, 89.76, 1.79742
ANTENNA__07035__A2, 111.44, 89.76, 1.79742
ANTENNA__07036__A1, 111.44, 89.76, 1.79742
FILLER_0_29_217, 111.44, 89.76, 1.79742
_07035_, 124.24, 89.76, 1.79741
_08560_, 124.24, 89.76, 1.79741
_12145_, 124.24, 89.76, 1.79741
_14730_, 124.24, 89.76, 1.79741
clkbuf_leaf_164_wclk, 124.24, 89.76, 1.79741
ANTENNA__12144__A0, 124.24, 89.76, 1.79741
ANTENNA__08566__A0, 124.24, 89.76, 1.79741
ANTENNA_clkbuf_leaf_164_wclk_A, 124.24, 89.76, 1.79741
FILLER_0_29_257, 124.24, 89.76, 1.79741
_12144_, 137.04, 89.76, 1.79742
_12146_, 137.04, 89.76, 1.79742
_12147_, 137.04, 89.76, 1.79742
_14729_, 137.04, 89.76, 1.79742
_14731_, 137.04, 89.76, 1.79742
ANTENNA__12138__S, 137.04, 89.76, 1.79742
FILLER_0_30_289, 137.04, 89.76, 1.79742
_07038_, 149.84, 89.76, 1.79745
_07087_, 149.84, 89.76, 1.79745
_09869_, 149.84, 89.76, 1.79745
_12478_, 149.84, 89.76, 1.79745
_13706_, 149.84, 89.76, 1.79745
ANTENNA__12146__A0, 149.84, 89.76, 1.79745
ANTENNA__07038__A2, 149.84, 89.76, 1.79745
ANTENNA__07087__B1, 149.84, 89.76, 1.79745
ANTENNA__12478__A1, 149.84, 89.76, 1.79745
FILLER_0_29_314, 149.84, 89.76, 1.79745
_06990_, 162.64, 89.76, 1.79748
_07045_, 162.64, 89.76, 1.79748
_09868_, 162.64, 89.76, 1.79748
_12483_, 162.64, 89.76, 1.79748
ANTENNA__12478__S, 162.64, 89.76, 1.79748
ANTENNA__12014__A0, 162.64, 89.76, 1.79748
ANTENNA__06990__B1, 162.64, 89.76, 1.79748
ANTENNA__09868__A0, 162.64, 89.76, 1.79748
ANTENNA__09868__S, 162.64, 89.76, 1.79748
_07233_, 188.24, 89.76, 1.79749
_09876_, 188.24, 89.76, 1.79749
_09877_, 188.24, 89.76, 1.79749
_13353_, 188.24, 89.76, 1.79749
_14414_, 188.24, 89.76, 1.79749
FILLER_0_28_396, 188.24, 89.76, 1.79749
_06996_, 201.04, 89.76, 1.79747
_07239_, 201.04, 89.76, 1.79747
_07240_, 201.04, 89.76, 1.79747
_09082_, 201.04, 89.76, 1.79747
ANTENNA__09073__A0, 201.04, 89.76, 1.79747
FILLER_0_29_437, 201.04, 89.76, 1.79747
_07044_, 213.84, 89.76, 1.79745
_07094_, 213.84, 89.76, 1.79745
_13355_, 213.84, 89.76, 1.79745
ANTENNA__07044__A2, 213.84, 89.76, 1.79745
ANTENNA__07094__B1, 213.84, 89.76, 1.79745
ANTENNA__09081__S, 213.84, 89.76, 1.79745
ANTENNA__09079__S, 213.84, 89.76, 1.79745
FILLER_0_29_465, 213.84, 89.76, 1.79745
_07238_, 226.64, 89.76, 1.79744
_08949_, 226.64, 89.76, 1.79744
_15021_, 226.64, 89.76, 1.79744
ANTENNA__07329__B1, 226.64, 89.76, 1.79744
ANTENNA__07043__A2, 226.64, 89.76, 1.79744
ANTENNA__06995__A2, 226.64, 89.76, 1.79744
ANTENNA__07043__B1, 226.64, 89.76, 1.79744
ANTENNA__07329__A2, 226.64, 89.76, 1.79744
ANTENNA__08939__A0, 226.64, 89.76, 1.79744
ANTENNA__08949__A0, 226.64, 89.76, 1.79744
ANTENNA__08949__S, 226.64, 89.76, 1.79744
ANTENNA__08939__S, 226.64, 89.76, 1.79744
_07280_, 239.44, 89.76, 1.79744
_11870_, 239.44, 89.76, 1.79744
_11871_, 239.44, 89.76, 1.79744
ANTENNA__07282__A2, 239.44, 89.76, 1.79744
ANTENNA__07238__A2, 239.44, 89.76, 1.79744
ANTENNA__07093__A2, 239.44, 89.76, 1.79744
ANTENNA__07093__B1, 239.44, 89.76, 1.79744
ANTENNA__07280__C, 239.44, 89.76, 1.79744
ANTENNA__11870__S, 239.44, 89.76, 1.79744
ANTENNA_clkbuf_leaf_154_wclk_A, 239.44, 89.76, 1.79744
FILLER_0_28_501, 239.44, 89.76, 1.79744
FILLER_0_29_496, 239.44, 89.76, 1.79744
FILLER_0_29_505, 239.44, 89.76, 1.79744
FILLER_0_30_516, 239.44, 89.76, 1.79744
_07282_, 252.24, 89.76, 1.79744
_07283_, 252.24, 89.76, 1.79744
_08581_, 252.24, 89.76, 1.79744
_13134_, 252.24, 89.76, 1.79744
FILLER_0_29_528, 252.24, 89.76, 1.79744
ANTENNA__08581__S, 265.04, 89.76, 1.79745
ANTENNA__08581__A0, 265.04, 89.76, 1.79745
ANTENNA__10932__A1, 265.04, 89.76, 1.79745
ANTENNA__10932__S, 265.04, 89.76, 1.79745
FILLER_0_29_557, 265.04, 89.76, 1.79745
_07241_, 277.84, 89.76, 1.79746
_11719_, 277.84, 89.76, 1.79746
_12288_, 277.84, 89.76, 1.79746
_12289_, 277.84, 89.76, 1.79746
_14798_, 277.84, 89.76, 1.79746
ANTENNA__12288__S, 277.84, 89.76, 1.79746
ANTENNA__12288__A0, 277.84, 89.76, 1.79746
ANTENNA__07241__C, 277.84, 89.76, 1.79746
ANTENNA__10375__A1, 277.84, 89.76, 1.79746
FILLER_0_28_581, 277.84, 89.76, 1.79746
FILLER_0_29_581, 277.84, 89.76, 1.79746
_07253_, 290.64, 89.76, 1.79748
ANTENNA__07241__B, 290.64, 89.76, 1.79748
ANTENNA__07242__A2, 290.64, 89.76, 1.79748
ANTENNA__07242__B1, 290.64, 89.76, 1.79748
ANTENNA__07250__B1, 290.64, 89.76, 1.79748
ANTENNA__07198__A2, 290.64, 89.76, 1.79748
ANTENNA__07198__B1, 290.64, 89.76, 1.79748
ANTENNA__09533__A0, 290.64, 89.76, 1.79748
ANTENNA__11718__A1, 290.64, 89.76, 1.79748
FILLER_0_29_608, 290.64, 89.76, 1.79748
FILLER_0_29_617, 290.64, 89.76, 1.79748
FILLER_0_29_626, 290.64, 89.76, 1.79748
FILLER_0_30_624, 290.64, 89.76, 1.79748
_07250_, 303.44, 89.76, 1.7975
_11006_, 303.44, 89.76, 1.7975
_11009_, 303.44, 89.76, 1.7975
_14222_, 303.44, 89.76, 1.7975
ANTENNA__07250__A2, 303.44, 89.76, 1.7975
ANTENNA__11006__S, 303.44, 89.76, 1.7975
ANTENNA__11009__A1, 303.44, 89.76, 1.7975
FILLER_0_29_643, 303.44, 89.76, 1.7975
_08869_, 316.24, 89.76, 1.79752
_11010_, 316.24, 89.76, 1.79752
_13256_, 316.24, 89.76, 1.79752
ANTENNA__07252__A2, 316.24, 89.76, 1.79752
ANTENNA__08868__A0, 316.24, 89.76, 1.79752
ANTENNA__11009__S, 316.24, 89.76, 1.79752
ANTENNA__11006__A1, 316.24, 89.76, 1.79752
ANTENNA__11234__S, 316.24, 89.76, 1.79752
ANTENNA__08562__A, 316.24, 89.76, 1.79752
FILLER_0_28_669, 316.24, 89.76, 1.79752
FILLER_0_29_664, 316.24, 89.76, 1.79752
_08870_, 341.84, 89.76, 1.79753
_08871_, 341.84, 89.76, 1.79753
_11717_, 341.84, 89.76, 1.79753
_13257_, 341.84, 89.76, 1.79753
ANTENNA__07245__B1, 341.84, 89.76, 1.79753
ANTENNA__07251__A2, 341.84, 89.76, 1.79753
ANTENNA__11302__A1, 341.84, 89.76, 1.79753
FILLER_0_28_722, 341.84, 89.76, 1.79753
FILLER_0_30_734, 341.84, 89.76, 1.79753
_10014_, 354.64, 89.76, 1.79752
_11949_, 354.64, 89.76, 1.79752
_14638_, 354.64, 89.76, 1.79752
ANTENNA__07002__A2, 354.64, 89.76, 1.79752
ANTENNA__08870__A0, 354.64, 89.76, 1.79752
ANTENNA__08870__S, 354.64, 89.76, 1.79752
FILLER_0_28_757, 354.64, 89.76, 1.79752
FILLER_0_29_756, 354.64, 89.76, 1.79752
FILLER_0_30_761, 354.64, 89.76, 1.79752
_07248_, 367.44, 89.76, 1.79751
_08880_, 367.44, 89.76, 1.79751
_08881_, 367.44, 89.76, 1.79751
_10013_, 367.44, 89.76, 1.79751
_13262_, 367.44, 89.76, 1.79751
ANTENNA__10013__A0, 367.44, 89.76, 1.79751
ANTENNA__10013__S, 367.44, 89.76, 1.79751
_07246_, 380.24, 89.76, 1.79751
_09465_, 380.24, 89.76, 1.79751
_10590_, 380.24, 89.76, 1.79751
_13518_, 380.24, 89.76, 1.79751
_14030_, 380.24, 89.76, 1.79751
ANTENNA__10589__A1, 393.04, 89.76, 1.79751
ANTENNA__10589__S, 393.04, 89.76, 1.79751
FILLER_0_29_837, 393.04, 89.76, 1.79751
FILLER_0_28_865, 405.84, 89.76, 1.79752
FILLER_0_29_889, 418.64, 89.76, 1.79753
FILLER_0_28_917, 431.44, 89.76, 1.79753
FILLER_0_29_945, 444.24, 89.76, 1.79754
FILLER_0_28_973, 457.04, 89.76, 1.79755
FILLER_0_29_1001, 469.84, 89.76, 1.79755
PHY_52, 5.52, 84.32, 1.79752
PHY_54, 5.52, 84.32, 1.79752
input13, 5.52, 84.32, 1.79752
PHY_53, 494.04, 84.32, 1.79755
PHY_55, 494.04, 84.32, 1.79755
FILLER_0_27_50, 34.64, 84.32, 1.79751
FILLER_0_28_77, 34.64, 84.32, 1.79751
FILLER_0_27_105, 47.44, 84.32, 1.79749
FILLER_0_26_133, 73.04, 84.32, 1.79745
FILLER_0_27_161, 85.84, 84.32, 1.79744
FILLER_0_26_189, 98.64, 84.32, 1.79742
_08561_, 111.44, 84.32, 1.7974
_13053_, 111.44, 84.32, 1.7974
_13127_, 111.44, 84.32, 1.7974
ANTENNA__13053__RESET_B, 111.44, 84.32, 1.7974
FILLER_0_26_221, 111.44, 84.32, 1.7974
FILLER_0_27_217, 111.44, 84.32, 1.7974
_08571_, 124.24, 84.32, 1.79739
_08572_, 124.24, 84.32, 1.79739
_13130_, 124.24, 84.32, 1.79739
_13131_, 124.24, 84.32, 1.79739
ANTENNA__08572__S, 124.24, 84.32, 1.79739
ANTENNA__08571__A, 124.24, 84.32, 1.79739
_07037_, 137.04, 84.32, 1.7974
_07133_, 137.04, 84.32, 1.7974
_12142_, 137.04, 84.32, 1.7974
_14825_, 137.04, 84.32, 1.7974
ANTENNA__12142__A0, 137.04, 84.32, 1.7974
ANTENNA__07087__A2, 137.04, 84.32, 1.7974
ANTENNA__06989__A2, 137.04, 84.32, 1.7974
ANTENNA__06989__B1, 137.04, 84.32, 1.7974
ANTENNA__12144__S, 137.04, 84.32, 1.7974
FILLER_0_27_273, 137.04, 84.32, 1.7974
FILLER_0_27_281, 137.04, 84.32, 1.7974
_06989_, 149.84, 84.32, 1.79741
_07088_, 149.84, 84.32, 1.79741
_09870_, 149.84, 84.32, 1.79741
_09871_, 149.84, 84.32, 1.79741
_13707_, 149.84, 84.32, 1.79741
ANTENNA__07088__A2, 149.84, 84.32, 1.79741
FILLER_0_26_305, 149.84, 84.32, 1.79741
_06997_, 162.64, 84.32, 1.79743
_07095_, 162.64, 84.32, 1.79743
_09866_, 162.64, 84.32, 1.79743
_09867_, 162.64, 84.32, 1.79743
_13705_, 162.64, 84.32, 1.79743
_14889_, 162.64, 84.32, 1.79743
ANTENNA__09870__S, 162.64, 84.32, 1.79743
_11440_, 188.24, 84.32, 1.79741
_14409_, 188.24, 84.32, 1.79741
ANTENNA__12492__S, 188.24, 84.32, 1.79741
ANTENNA__07233__A2, 188.24, 84.32, 1.79741
ANTENNA__07233__B1, 188.24, 84.32, 1.79741
ANTENNA__07239__A2, 188.24, 84.32, 1.79741
ANTENNA__09876__A0, 188.24, 84.32, 1.79741
ANTENNA__09876__S, 188.24, 84.32, 1.79741
ANTENNA__11440__A1, 188.24, 84.32, 1.79741
ANTENNA__12492__A1, 188.24, 84.32, 1.79741
ANTENNA__12356__A1, 188.24, 84.32, 1.79741
FILLER_0_26_392, 188.24, 84.32, 1.79741
FILLER_0_27_387, 188.24, 84.32, 1.79741
FILLER_0_27_393, 188.24, 84.32, 1.79741
FILLER_0_27_408, 188.24, 84.32, 1.79741
_11427_, 201.04, 84.32, 1.79736
_11433_, 201.04, 84.32, 1.79736
_11434_, 201.04, 84.32, 1.79736
_14407_, 201.04, 84.32, 1.79736
ANTENNA__06996__A2, 201.04, 84.32, 1.79736
ANTENNA__07239__B1, 201.04, 84.32, 1.79736
ANTENNA__07044__B1, 201.04, 84.32, 1.79736
ANTENNA__06996__B1, 201.04, 84.32, 1.79736
ANTENNA__11440__S, 201.04, 84.32, 1.79736
ANTENNA__11432__S, 201.04, 84.32, 1.79736
ANTENNA__11578__S, 201.04, 84.32, 1.79736
_07033_, 213.84, 84.32, 1.79732
_11435_, 213.84, 84.32, 1.79732
ANTENNA__07094__A2, 213.84, 84.32, 1.79732
ANTENNA__07033__C, 213.84, 84.32, 1.79732
ANTENNA__11434__A1, 213.84, 84.32, 1.79732
ANTENNA__11434__S, 213.84, 84.32, 1.79732
FILLER_0_27_461, 213.84, 84.32, 1.79732
FILLER_0_28_455, 213.84, 84.32, 1.79732
FILLER_0_28_466, 213.84, 84.32, 1.79732
_07225_, 226.64, 84.32, 1.79729
_07329_, 226.64, 84.32, 1.79729
_11102_, 226.64, 84.32, 1.79729
_11103_, 226.64, 84.32, 1.79729
_12762_, 226.64, 84.32, 1.79729
_12763_, 226.64, 84.32, 1.79729
_14255_, 226.64, 84.32, 1.79729
_12767_, 239.44, 84.32, 1.79727
_12891_, 239.44, 84.32, 1.79727
_14601_, 239.44, 84.32, 1.79727
_15081_, 239.44, 84.32, 1.79727
clkbuf_leaf_154_wclk, 239.44, 84.32, 1.79727
ANTENNA__11870__A1, 239.44, 84.32, 1.79727
FILLER_0_27_501, 239.44, 84.32, 1.79727
_07281_, 252.24, 84.32, 1.79727
_13058_, 252.24, 84.32, 1.79727
ANTENNA__07283__A2, 252.24, 84.32, 1.79727
ANTENNA__07282__B1, 252.24, 84.32, 1.79727
ANTENNA__10926__S, 252.24, 84.32, 1.79727
ANTENNA__13058__RESET_B, 252.24, 84.32, 1.79727
FILLER_0_28_549, 252.24, 84.32, 1.79727
_07010_, 265.04, 84.32, 1.79729
_10375_, 265.04, 84.32, 1.79729
_11802_, 265.04, 84.32, 1.79729
_11803_, 265.04, 84.32, 1.79729
_13929_, 265.04, 84.32, 1.79729
ANTENNA__10375__S, 265.04, 84.32, 1.79729
ANTENNA__11802__A1, 265.04, 84.32, 1.79729
ANTENNA__11802__S, 265.04, 84.32, 1.79729
FILLER_0_27_552, 265.04, 84.32, 1.79729
FILLER_0_28_574, 265.04, 84.32, 1.79729
_06610_, 277.84, 84.32, 1.79731
_06611_, 277.84, 84.32, 1.79731
_07242_, 277.84, 84.32, 1.79731
_13026_, 277.84, 84.32, 1.79731
_14542_, 277.84, 84.32, 1.79731
ANTENNA__07010__B1, 277.84, 84.32, 1.79731
_09533_, 290.64, 84.32, 1.79735
_09534_, 290.64, 84.32, 1.79735
_11722_, 290.64, 84.32, 1.79735
_12425_, 290.64, 84.32, 1.79735
_13550_, 290.64, 84.32, 1.79735
ANTENNA__11721__S, 290.64, 84.32, 1.79735
ANTENNA__11721__A1, 290.64, 84.32, 1.79735
_12424_, 303.44, 84.32, 1.79739
_14318_, 303.44, 84.32, 1.79739
ANTENNA__12424__S, 303.44, 84.32, 1.79739
ANTENNA__12424__A1, 303.44, 84.32, 1.79739
_07251_, 316.24, 84.32, 1.79744
_07252_, 316.24, 84.32, 1.79744
_08868_, 316.24, 84.32, 1.79744
_10781_, 316.24, 84.32, 1.79744
_10782_, 316.24, 84.32, 1.79744
_14120_, 316.24, 84.32, 1.79744
_14350_, 316.24, 84.32, 1.79744
ANTENNA__07252__B1, 316.24, 84.32, 1.79744
ANTENNA__11236__S, 316.24, 84.32, 1.79744
_10783_, 341.84, 84.32, 1.79749
_10784_, 341.84, 84.32, 1.79749
_14121_, 341.84, 84.32, 1.79749
ANTENNA__08866__S, 341.84, 84.32, 1.79749
ANTENNA__09670__S, 341.84, 84.32, 1.79749
ANTENNA__10783__S, 341.84, 84.32, 1.79749
ANTENNA__11168__A1, 341.84, 84.32, 1.79749
ANTENNA__11168__S, 341.84, 84.32, 1.79749
ANTENNA__10204__A, 341.84, 84.32, 1.79749
ANTENNA__11717__A, 341.84, 84.32, 1.79749
_07002_, 354.64, 84.32, 1.79749
_10004_, 354.64, 84.32, 1.79749
_11948_, 354.64, 84.32, 1.79749
ANTENNA__07002__B1, 354.64, 84.32, 1.79749
ANTENNA__10783__A1, 354.64, 84.32, 1.79749
ANTENNA__11948__A1, 354.64, 84.32, 1.79749
ANTENNA__11948__S, 354.64, 84.32, 1.79749
_08872_, 367.44, 84.32, 1.79749
_08873_, 367.44, 84.32, 1.79749
_10794_, 367.44, 84.32, 1.79749
_14126_, 367.44, 84.32, 1.79749
ANTENNA__08872__A0, 367.44, 84.32, 1.79749
ANTENNA__08872__S, 367.44, 84.32, 1.79749
ANTENNA__10003__S, 367.44, 84.32, 1.79749
ANTENNA__10793__S, 367.44, 84.32, 1.79749
FILLER_0_27_776, 367.44, 84.32, 1.79749
FILLER_0_27_781, 367.44, 84.32, 1.79749
FILLER_0_27_789, 367.44, 84.32, 1.79749
_08874_, 380.24, 84.32, 1.79749
_08875_, 380.24, 84.32, 1.79749
_10793_, 380.24, 84.32, 1.79749
ANTENNA__07246__A2, 380.24, 84.32, 1.79749
ANTENNA__07246__B1, 380.24, 84.32, 1.79749
ANTENNA__08874__A0, 380.24, 84.32, 1.79749
ANTENNA__08874__S, 380.24, 84.32, 1.79749
FILLER_0_26_858, 405.84, 84.32, 1.79751
FILLER_0_27_889, 418.64, 84.32, 1.79751
FILLER_0_26_917, 431.44, 84.32, 1.79752
FILLER_0_27_945, 444.24, 84.32, 1.79753
FILLER_0_26_973, 457.04, 84.32, 1.79753
FILLER_0_27_1001, 469.84, 84.32, 1.79754
PHY_48, 5.52, 78.88, 1.79752
PHY_50, 5.52, 78.88, 1.79752
PHY_49, 494.04, 78.88, 1.79753
PHY_51, 494.04, 78.88, 1.79753
FILLER_0_25_51, 34.64, 78.88, 1.79751
FILLER_0_26_77, 34.64, 78.88, 1.79751
FILLER_0_25_105, 47.44, 78.88, 1.7975
FILLER_0_24_133, 73.04, 78.88, 1.79748
FILLER_0_25_161, 85.84, 78.88, 1.79747
FILLER_0_24_189, 98.64, 78.88, 1.79746
_07085_, 111.44, 78.88, 1.79744
_08569_, 111.44, 78.88, 1.79744
_08570_, 111.44, 78.88, 1.79744
ANTENNA__07085__B1, 111.44, 78.88, 1.79744
ANTENNA__08569__S, 111.44, 78.88, 1.79744
ANTENNA__13053__CLK, 111.44, 78.88, 1.79744
FILLER_0_25_217, 111.44, 78.88, 1.79744
FILLER_0_25_237, 111.44, 78.88, 1.79744
_06939_, 124.24, 78.88, 1.79744
_07086_, 124.24, 78.88, 1.79744
_08573_, 124.24, 78.88, 1.79744
ANTENNA__07133__A2, 124.24, 78.88, 1.79744
ANTENNA__08560__S, 124.24, 78.88, 1.79744
ANTENNA__08560__A0, 124.24, 78.88, 1.79744
ANTENNA__08569__A0, 124.24, 78.88, 1.79744
FILLER_0_25_245, 124.24, 78.88, 1.79744
FILLER_0_25_254, 124.24, 78.88, 1.79744
FILLER_0_25_268, 124.24, 78.88, 1.79744
_12346_, 137.04, 78.88, 1.79743
_12347_, 137.04, 78.88, 1.79743
_12349_, 137.04, 78.88, 1.79743
ANTENNA__12348__S, 137.04, 78.88, 1.79743
ANTENNA__07133__B1, 137.04, 78.88, 1.79743
ANTENNA__07037__A2, 137.04, 78.88, 1.79743
ANTENNA__08572__A0, 137.04, 78.88, 1.79743
ANTENNA__12346__A1, 137.04, 78.88, 1.79743
ANTENNA__12348__A1, 137.04, 78.88, 1.79743
ANTENNA__12142__S, 137.04, 78.88, 1.79743
ANTENNA__13055__CLK, 137.04, 78.88, 1.79743
FILLER_0_25_277, 137.04, 78.88, 1.79743
FILLER_0_25_288, 137.04, 78.88, 1.79743
_12484_, 149.84, 78.88, 1.79743
_12485_, 149.84, 78.88, 1.79743
_14890_, 149.84, 78.88, 1.79743
ANTENNA__07088__B1, 149.84, 78.88, 1.79743
ANTENNA__07037__B1, 149.84, 78.88, 1.79743
FILLER_0_25_318, 149.84, 78.88, 1.79743
FILLER_0_25_324, 149.84, 78.88, 1.79743
_12482_, 162.64, 78.88, 1.79744
ANTENNA__12346__S, 162.64, 78.88, 1.79744
ANTENNA__12482__S, 162.64, 78.88, 1.79744
ANTENNA__09870__A0, 162.64, 78.88, 1.79744
ANTENNA__12482__A1, 162.64, 78.88, 1.79744
FILLER_0_26_348, 162.64, 78.88, 1.79744
_11430_, 188.24, 78.88, 1.7974
_11431_, 188.24, 78.88, 1.7974
_14989_, 188.24, 78.88, 1.7974
ANTENNA__11430__A1, 188.24, 78.88, 1.7974
ANTENNA__11430__S, 188.24, 78.88, 1.7974
ANTENNA_clkbuf_leaf_162_wclk_A, 188.24, 78.88, 1.7974
FILLER_0_25_387, 188.24, 78.88, 1.7974
FILLER_0_25_393, 188.24, 78.88, 1.7974
FILLER_0_25_410, 188.24, 78.88, 1.7974
FILLER_0_26_411, 188.24, 78.88, 1.7974
_07223_, 201.04, 78.88, 1.79737
_11426_, 201.04, 78.88, 1.79737
_11432_, 201.04, 78.88, 1.79737
_11578_, 201.04, 78.88, 1.79737
_14410_, 201.04, 78.88, 1.79737
_14411_, 201.04, 78.88, 1.79737
ANTENNA__11426__A1, 201.04, 78.88, 1.79737
ANTENNA__11426__S, 201.04, 78.88, 1.79737
_07083_, 213.84, 78.88, 1.79734
_07227_, 213.84, 78.88, 1.79734
_14253_, 213.84, 78.88, 1.79734
ANTENNA__07225__A3, 213.84, 78.88, 1.79734
ANTENNA__07327__A2, 213.84, 78.88, 1.79734
ANTENNA__07327__B1, 213.84, 78.88, 1.79734
ANTENNA__07225__B1, 213.84, 78.88, 1.79734
ANTENNA__07225__A2, 213.84, 78.88, 1.79734
ANTENNA__11432__A1, 213.84, 78.88, 1.79734
FILLER_0_25_449, 213.84, 78.88, 1.79734
FILLER_0_26_454, 213.84, 78.88, 1.79734
_11098_, 226.64, 78.88, 1.79733
_11099_, 226.64, 78.88, 1.79733
_12766_, 226.64, 78.88, 1.79733
_15023_, 226.64, 78.88, 1.79733
ANTENNA__12762__A1, 226.64, 78.88, 1.79733
FILLER_0_24_470, 226.64, 78.88, 1.79733
FILLER_0_24_477, 226.64, 78.88, 1.79733
FILLER_0_25_491, 226.64, 78.88, 1.79733
_07011_, 239.44, 78.88, 1.79733
_12890_, 239.44, 78.88, 1.79733
ANTENNA__12766__S, 239.44, 78.88, 1.79733
ANTENNA__12762__S, 239.44, 78.88, 1.79733
ANTENNA__07329__A3, 239.44, 78.88, 1.79733
ANTENNA__12766__A1, 239.44, 78.88, 1.79733
ANTENNA__13058__CLK, 239.44, 78.88, 1.79733
FILLER_0_24_500, 239.44, 78.88, 1.79733
FILLER_0_24_505, 239.44, 78.88, 1.79733
FILLER_0_25_513, 239.44, 78.88, 1.79733
_07255_, 252.24, 78.88, 1.79733
_10386_, 252.24, 78.88, 1.79733
_11880_, 252.24, 78.88, 1.79733
_13934_, 252.24, 78.88, 1.79733
ANTENNA__12890__S, 252.24, 78.88, 1.79733
ANTENNA__07011__A2, 252.24, 78.88, 1.79733
ANTENNA__07011__B1, 252.24, 78.88, 1.79733
ANTENNA__12890__A1, 252.24, 78.88, 1.79733
FILLER_0_26_541, 252.24, 78.88, 1.79733
_10376_, 265.04, 78.88, 1.79734
_14569_, 265.04, 78.88, 1.79734
ANTENNA__07010__A2, 265.04, 78.88, 1.79734
FILLER_0_24_558, 265.04, 78.88, 1.79734
FILLER_0_25_577, 265.04, 78.88, 1.79734
_10149_, 277.84, 78.88, 1.79736
_11721_, 277.84, 78.88, 1.79736
_13870_, 277.84, 78.88, 1.79736
ANTENNA__06610__S, 277.84, 78.88, 1.79736
ANTENNA__10149__A1, 277.84, 78.88, 1.79736
ANTENNA__06610__A1, 277.84, 78.88, 1.79736
ANTENNA__10149__S, 277.84, 78.88, 1.79736
FILLER_0_25_589, 277.84, 78.88, 1.79736
FILLER_0_26_598, 277.84, 78.88, 1.79736
_07249_, 290.64, 78.88, 1.79738
_10226_, 290.64, 78.88, 1.79738
_10227_, 290.64, 78.88, 1.79738
_14862_, 290.64, 78.88, 1.79738
ANTENNA__07249__B1, 290.64, 78.88, 1.79738
ANTENNA__10226__S, 290.64, 78.88, 1.79738
ANTENNA__10226__A1, 290.64, 78.88, 1.79738
_07009_, 303.44, 78.88, 1.79741
_11236_, 303.44, 78.88, 1.79741
_11237_, 303.44, 78.88, 1.79741
ANTENNA__12414__S, 303.44, 78.88, 1.79741
ANTENNA__07008__A2, 303.44, 78.88, 1.79741
ANTENNA__11236__A1, 303.44, 78.88, 1.79741
ANTENNA__12414__A1, 303.44, 78.88, 1.79741
FILLER_0_24_636, 303.44, 78.88, 1.79741
FILLER_0_25_644, 303.44, 78.88, 1.79741
FILLER_0_25_654, 303.44, 78.88, 1.79741
_07008_, 316.24, 78.88, 1.79744
_11305_, 316.24, 78.88, 1.79744
_13614_, 316.24, 78.88, 1.79744
ANTENNA__10994__A1, 316.24, 78.88, 1.79744
ANTENNA__11304__A1, 316.24, 78.88, 1.79744
FILLER_0_24_675, 316.24, 78.88, 1.79744
FILLER_0_25_663, 316.24, 78.88, 1.79744
FILLER_0_25_673, 316.24, 78.88, 1.79744
FILLER_0_25_681, 316.24, 78.88, 1.79744
_06890_, 341.84, 78.88, 1.79746
_10999_, 341.84, 78.88, 1.79746
_11938_, 341.84, 78.88, 1.79746
_11939_, 341.84, 78.88, 1.79746
_12823_, 341.84, 78.88, 1.79746
_14633_, 341.84, 78.88, 1.79746
ANTENNA__06890__B1, 341.84, 78.88, 1.79746
ANTENNA__08866__A0, 341.84, 78.88, 1.79746
FILLER_0_25_742, 341.84, 78.88, 1.79746
_07000_, 354.64, 78.88, 1.79745
_07001_, 354.64, 78.88, 1.79745
_10003_, 354.64, 78.88, 1.79745
_13769_, 354.64, 78.88, 1.79745
ANTENNA__11938__A1, 354.64, 78.88, 1.79745
ANTENNA__11938__S, 354.64, 78.88, 1.79745
ANTENNA__10999__A, 354.64, 78.88, 1.79745
_10785_, 367.44, 78.88, 1.79744
_13258_, 367.44, 78.88, 1.79744
ANTENNA__07000__A3, 367.44, 78.88, 1.79744
ANTENNA__07000__A2, 367.44, 78.88, 1.79744
ANTENNA__07000__B1, 367.44, 78.88, 1.79744
ANTENNA__07001__A3, 367.44, 78.88, 1.79744
ANTENNA__10003__A0, 367.44, 78.88, 1.79744
ANTENNA__10793__A1, 367.44, 78.88, 1.79744
FILLER_0_24_779, 367.44, 78.88, 1.79744
FILLER_0_26_796, 367.44, 78.88, 1.79744
_10787_, 380.24, 78.88, 1.79744
_10789_, 380.24, 78.88, 1.79744
_13259_, 380.24, 78.88, 1.79744
_14124_, 380.24, 78.88, 1.79744
ANTENNA__07148__A2, 393.04, 78.88, 1.79746
ANTENNA__07148__B1, 393.04, 78.88, 1.79746
FILLER_0_25_835, 393.04, 78.88, 1.79746
FILLER_0_24_861, 405.84, 78.88, 1.79747
FILLER_0_25_889, 418.64, 78.88, 1.79748
FILLER_0_24_917, 431.44, 78.88, 1.79749
FILLER_0_25_945, 444.24, 78.88, 1.7975
FILLER_0_24_973, 457.04, 78.88, 1.79751
FILLER_0_25_1001, 469.84, 78.88, 1.79752
PHY_44, 5.52, 73.44, 1.7975
PHY_46, 5.52, 73.44, 1.7975
PHY_45, 494.04, 73.44, 1.79752
PHY_47, 494.04, 73.44, 1.79752
FILLER_0_23_51, 34.64, 73.44, 1.79748
FILLER_0_24_77, 34.64, 73.44, 1.79748
FILLER_0_23_105, 47.44, 73.44, 1.79746
FILLER_0_22_133, 73.04, 73.44, 1.79743
FILLER_0_23_161, 85.84, 73.44, 1.79741
FILLER_0_22_189, 98.64, 73.44, 1.79739
_13051_, 111.44, 73.44, 1.79737
ANTENNA__07085__A2, 111.44, 73.44, 1.79737
ANTENNA__13054__RESET_B, 111.44, 73.44, 1.79737
ANTENNA__13051__RESET_B, 111.44, 73.44, 1.79737
ANTENNA__07086__A1, 111.44, 73.44, 1.79737
FILLER_0_22_221, 111.44, 73.44, 1.79737
FILLER_0_23_217, 111.44, 73.44, 1.79737
FILLER_0_23_225, 111.44, 73.44, 1.79737
FILLER_0_24_233, 111.44, 73.44, 1.79737
_06940_, 124.24, 73.44, 1.79736
_13055_, 124.24, 73.44, 1.79736
ANTENNA__07086__A2, 124.24, 73.44, 1.79736
ANTENNA__06939__A2, 124.24, 73.44, 1.79736
ANTENNA__06939__B1, 124.24, 73.44, 1.79736
FILLER_0_23_257, 124.24, 73.44, 1.79736
FILLER_0_24_269, 124.24, 73.44, 1.79736
_12348_, 137.04, 73.44, 1.79736
_12351_, 137.04, 73.44, 1.79736
_14826_, 137.04, 73.44, 1.79736
_14827_, 137.04, 73.44, 1.79736
FILLER_0_22_276, 137.04, 73.44, 1.79736
FILLER_0_24_299, 137.04, 73.44, 1.79736
_12486_, 149.84, 73.44, 1.79737
_12487_, 149.84, 73.44, 1.79737
_14891_, 149.84, 73.44, 1.79737
ANTENNA__12484__S, 149.84, 73.44, 1.79737
ANTENNA__12484__A1, 149.84, 73.44, 1.79737
FILLER_0_23_302, 149.84, 73.44, 1.79737
_07084_, 162.64, 73.44, 1.79738
_13577_, 162.64, 73.44, 1.79738
ANTENNA__12486__S, 162.64, 73.44, 1.79738
ANTENNA__07140__B1, 162.64, 73.44, 1.79738
ANTENNA__09592__A0, 162.64, 73.44, 1.79738
ANTENNA__12486__A1, 162.64, 73.44, 1.79738
FILLER_0_23_341, 162.64, 73.44, 1.79738
FILLER_0_24_351, 162.64, 73.44, 1.79738
_11506_, 188.24, 73.44, 1.79736
_11507_, 188.24, 73.44, 1.79736
_11579_, 188.24, 73.44, 1.79736
_12694_, 188.24, 73.44, 1.79736
_12695_, 188.24, 73.44, 1.79736
_14445_, 188.24, 73.44, 1.79736
_07327_, 201.04, 73.44, 1.79733
_11646_, 201.04, 73.44, 1.79733
_11647_, 201.04, 73.44, 1.79733
_14479_, 201.04, 73.44, 1.79733
_14511_, 201.04, 73.44, 1.79733
ANTENNA__07223__A2, 201.04, 73.44, 1.79733
FILLER_0_23_437, 201.04, 73.44, 1.79733
_07222_, 213.84, 73.44, 1.79731
_11574_, 213.84, 73.44, 1.79731
_11575_, 213.84, 73.44, 1.79731
_14477_, 213.84, 73.44, 1.79731
ANTENNA__07222__A2, 213.84, 73.44, 1.79731
ANTENNA__07083__C, 213.84, 73.44, 1.79731
ANTENNA__11574__A1, 213.84, 73.44, 1.79731
ANTENNA__11574__S, 213.84, 73.44, 1.79731
_12765_, 226.64, 73.44, 1.79729
ANTENNA__12764__S, 226.64, 73.44, 1.79729
ANTENNA__07277__B1, 226.64, 73.44, 1.79729
ANTENNA__06937__C, 226.64, 73.44, 1.79729
ANTENNA__11642__A1, 226.64, 73.44, 1.79729
ANTENNA__11098__A1, 226.64, 73.44, 1.79729
ANTENNA__11102__A1, 226.64, 73.44, 1.79729
ANTENNA__11102__S, 226.64, 73.44, 1.79729
ANTENNA__11098__S, 226.64, 73.44, 1.79729
ANTENNA__12764__A1, 226.64, 73.44, 1.79729
FILLER_0_22_471, 226.64, 73.44, 1.79729
FILLER_0_23_492, 226.64, 73.44, 1.79729
_11873_, 239.44, 73.44, 1.79728
_12893_, 239.44, 73.44, 1.79728
_12900_, 239.44, 73.44, 1.79728
_12901_, 239.44, 73.44, 1.79728
_14606_, 239.44, 73.44, 1.79728
_15086_, 239.44, 73.44, 1.79728
ANTENNA__12900__S, 239.44, 73.44, 1.79728
ANTENNA__07277__A2, 239.44, 73.44, 1.79728
ANTENNA__07277__A3, 239.44, 73.44, 1.79728
ANTENNA__11880__A1, 239.44, 73.44, 1.79728
ANTENNA__12900__A1, 239.44, 73.44, 1.79728
FILLER_0_22_502, 239.44, 73.44, 1.79728
_07254_, 252.24, 73.44, 1.79728
_10385_, 252.24, 73.44, 1.79728
_11881_, 252.24, 73.44, 1.79728
ANTENNA__07255__A2, 252.24, 73.44, 1.79728
ANTENNA__07255__B1, 252.24, 73.44, 1.79728
ANTENNA__11880__S, 252.24, 73.44, 1.79728
FILLER_0_22_527, 252.24, 73.44, 1.79728
FILLER_0_23_538, 252.24, 73.44, 1.79728
_11804_, 265.04, 73.44, 1.79728
ANTENNA__07254__A2, 265.04, 73.44, 1.79728
ANTENNA__07058__A2, 265.04, 73.44, 1.79728
ANTENNA__07254__B1, 265.04, 73.44, 1.79728
ANTENNA__07058__B1, 265.04, 73.44, 1.79728
ANTENNA__10379__A1, 265.04, 73.44, 1.79728
ANTENNA__10385__A1, 265.04, 73.44, 1.79728
ANTENNA__10385__S, 265.04, 73.44, 1.79728
ANTENNA__11804__A1, 265.04, 73.44, 1.79728
ANTENNA__11804__S, 265.04, 73.44, 1.79728
FILLER_0_22_553, 265.04, 73.44, 1.79728
FILLER_0_23_557, 265.04, 73.44, 1.79728
FILLER_0_23_561, 265.04, 73.44, 1.79728
FILLER_0_23_574, 265.04, 73.44, 1.79728
FILLER_0_24_571, 265.04, 73.44, 1.79728
_10140_, 277.84, 73.44, 1.79729
_10150_, 277.84, 73.44, 1.79729
_13838_, 277.84, 73.44, 1.79729
ANTENNA__10377__S, 277.84, 73.44, 1.79729
FILLER_0_22_582, 277.84, 73.44, 1.79729
FILLER_0_23_600, 277.84, 73.44, 1.79729
FILLER_0_24_598, 277.84, 73.44, 1.79729
_07005_, 290.64, 73.44, 1.7973
_13545_, 290.64, 73.44, 1.7973
clkbuf_leaf_132_wclk, 290.64, 73.44, 1.7973
ANTENNA__07249__A2, 290.64, 73.44, 1.7973
ANTENNA__07005__A2, 290.64, 73.44, 1.7973
ANTENNA__07005__B1, 290.64, 73.44, 1.7973
FILLER_0_23_613, 290.64, 73.44, 1.7973
FILLER_0_23_625, 290.64, 73.44, 1.7973
_07006_, 303.44, 73.44, 1.79734
_09523_, 303.44, 73.44, 1.79734
_10994_, 303.44, 73.44, 1.79734
_10995_, 303.44, 73.44, 1.79734
_12414_, 303.44, 73.44, 1.79734
ANTENNA__07008__B1, 303.44, 73.44, 1.79734
ANTENNA__09523__S, 303.44, 73.44, 1.79734
FILLER_0_24_656, 303.44, 73.44, 1.79734
_09671_, 316.24, 73.44, 1.79738
_11226_, 316.24, 73.44, 1.79738
_11227_, 316.24, 73.44, 1.79738
_11295_, 316.24, 73.44, 1.79738
ANTENNA__07007__B1, 316.24, 73.44, 1.79738
ANTENNA__07007__C1, 316.24, 73.44, 1.79738
ANTENNA__10781__S, 316.24, 73.44, 1.79738
ANTENNA__10994__S, 316.24, 73.44, 1.79738
FILLER_0_23_677, 316.24, 73.44, 1.79738
_11158_, 341.84, 73.44, 1.7974
_11159_, 341.84, 73.44, 1.7974
_15049_, 341.84, 73.44, 1.7974
clkbuf_leaf_126_wclk, 341.84, 73.44, 1.7974
ANTENNA__06890__A2, 341.84, 73.44, 1.7974
ANTENNA__10779__A1, 341.84, 73.44, 1.7974
ANTENNA_clkbuf_leaf_126_wclk_A, 341.84, 73.44, 1.7974
FILLER_0_22_725, 341.84, 73.44, 1.7974
_07003_, 354.64, 73.44, 1.7974
_07004_, 354.64, 73.44, 1.7974
_09287_, 354.64, 73.44, 1.7974
_10579_, 354.64, 73.44, 1.7974
_10580_, 354.64, 73.44, 1.7974
ANTENNA__10579__A1, 354.64, 73.44, 1.7974
ANTENNA__10579__S, 354.64, 73.44, 1.7974
_07050_, 367.44, 73.44, 1.7974
_10786_, 367.44, 73.44, 1.7974
_10788_, 367.44, 73.44, 1.7974
_14122_, 367.44, 73.44, 1.7974
FILLER_0_23_777, 367.44, 73.44, 1.7974
_07100_, 380.24, 73.44, 1.79741
_07148_, 380.24, 73.44, 1.79741
_10790_, 380.24, 73.44, 1.79741
_14123_, 380.24, 73.44, 1.79741
ANTENNA__07100__B1, 380.24, 73.44, 1.79741
ANTENNA__10789__A1, 380.24, 73.44, 1.79741
ANTENNA__10789__S, 380.24, 73.44, 1.79741
FILLER_0_23_829, 393.04, 73.44, 1.79742
FILLER_0_23_837, 393.04, 73.44, 1.79742
FILLER_0_22_861, 405.84, 73.44, 1.79744
FILLER_0_23_889, 418.64, 73.44, 1.79745
FILLER_0_22_917, 431.44, 73.44, 1.79746
FILLER_0_23_945, 444.24, 73.44, 1.79748
FILLER_0_22_973, 457.04, 73.44, 1.79749
FILLER_0_23_1001, 469.84, 73.44, 1.7975
PHY_40, 5.52, 68, 1.79749
PHY_42, 5.52, 68, 1.79749
PHY_41, 494.04, 68, 1.7975
PHY_43, 494.04, 68, 1.7975
FILLER_0_21_51, 34.64, 68, 1.79748
FILLER_0_22_77, 34.64, 68, 1.79748
FILLER_0_21_105, 47.44, 68, 1.79746
FILLER_0_20_133, 73.04, 68, 1.79743
FILLER_0_21_161, 85.84, 68, 1.79742
FILLER_0_20_189, 98.64, 68, 1.7974
_13054_, 111.44, 68, 1.79738
FILLER_0_21_217, 111.44, 68, 1.79738
_07134_, 124.24, 68, 1.79738
ANTENNA__06940__A2, 124.24, 68, 1.79738
ANTENNA__13055__RESET_B, 124.24, 68, 1.79738
ANTENNA__06940__A1, 124.24, 68, 1.79738
ANTENNA__13051__CLK, 124.24, 68, 1.79738
ANTENNA__13054__CLK, 124.24, 68, 1.79738
FILLER_0_20_245, 124.24, 68, 1.79738
FILLER_0_21_257, 124.24, 68, 1.79738
_12350_, 137.04, 68, 1.79737
_12556_, 137.04, 68, 1.79737
ANTENNA__12556__S, 137.04, 68, 1.79737
ANTENNA__07134__A2, 137.04, 68, 1.79737
FILLER_0_21_296, 137.04, 68, 1.79737
_07139_, 149.84, 68, 1.79737
_09598_, 149.84, 68, 1.79737
_13580_, 149.84, 68, 1.79737
ANTENNA__12350__S, 149.84, 68, 1.79737
ANTENNA__07140__A2, 149.84, 68, 1.79737
ANTENNA__07139__B1, 149.84, 68, 1.79737
ANTENNA__09598__A0, 149.84, 68, 1.79737
ANTENNA__12350__A1, 149.84, 68, 1.79737
FILLER_0_21_312, 149.84, 68, 1.79737
FILLER_0_22_316, 149.84, 68, 1.79737
_06994_, 162.64, 68, 1.79737
_07140_, 162.64, 68, 1.79737
_09592_, 162.64, 68, 1.79737
_09593_, 162.64, 68, 1.79737
_14377_, 162.64, 68, 1.79737
_14380_, 162.64, 68, 1.79737
_06946_, 188.24, 68, 1.79733
_09302_, 188.24, 68, 1.79733
ANTENNA__12694__S, 188.24, 68, 1.79733
ANTENNA__07223__B1, 188.24, 68, 1.79733
ANTENNA__11506__A1, 188.24, 68, 1.79733
ANTENNA__11360__S, 188.24, 68, 1.79733
ANTENNA__11506__S, 188.24, 68, 1.79733
ANTENNA__12694__A1, 188.24, 68, 1.79733
ANTENNA__09302__A, 188.24, 68, 1.79733
FILLER_0_22_404, 188.24, 68, 1.79733
_11643_, 201.04, 68, 1.79728
ANTENNA__07237__A2, 201.04, 68, 1.79728
ANTENNA__06946__A2, 201.04, 68, 1.79728
ANTENNA__07237__B1, 201.04, 68, 1.79728
ANTENNA__06946__B1, 201.04, 68, 1.79728
ANTENNA__09602__A0, 201.04, 68, 1.79728
ANTENNA__11646__A1, 201.04, 68, 1.79728
ANTENNA__11578__A1, 201.04, 68, 1.79728
ANTENNA__11646__S, 201.04, 68, 1.79728
ANTENNA_5, 201.04, 68, 1.79728
FILLER_0_21_420, 201.04, 68, 1.79728
_06937_, 213.84, 68, 1.79723
_07131_, 213.84, 68, 1.79723
_11642_, 213.84, 68, 1.79723
_14509_, 213.84, 68, 1.79723
clkbuf_leaf_155_wclk, 213.84, 68, 1.79723
ANTENNA__07222__B1, 213.84, 68, 1.79723
ANTENNA__07131__C, 213.84, 68, 1.79723
FILLER_0_21_449, 213.84, 68, 1.79723
FILLER_0_21_456, 213.84, 68, 1.79723
_07277_, 226.64, 68, 1.79721
_11101_, 226.64, 68, 1.79721
_12764_, 226.64, 68, 1.79721
_14254_, 226.64, 68, 1.79721
_15022_, 226.64, 68, 1.79721
_07059_, 239.44, 68, 1.79721
_12892_, 239.44, 68, 1.79721
_14602_, 239.44, 68, 1.79721
_10372_, 252.24, 68, 1.79721
_10379_, 252.24, 68, 1.79721
_10380_, 252.24, 68, 1.79721
_13931_, 252.24, 68, 1.79721
ANTENNA__07059__A2, 252.24, 68, 1.79721
ANTENNA__07059__B1, 252.24, 68, 1.79721
ANTENNA__06910__B1, 252.24, 68, 1.79721
ANTENNA__10379__S, 252.24, 68, 1.79721
_06909_, 265.04, 68, 1.79722
_07058_, 265.04, 68, 1.79722
_10371_, 265.04, 68, 1.79722
_10377_, 265.04, 68, 1.79722
_10378_, 265.04, 68, 1.79722
_11805_, 265.04, 68, 1.79722
_14570_, 265.04, 68, 1.79722
_10139_, 277.84, 68, 1.79724
_13833_, 277.84, 68, 1.79724
ANTENNA__10139__S, 277.84, 68, 1.79724
ANTENNA__10377__A1, 277.84, 68, 1.79724
FILLER_0_20_582, 277.84, 68, 1.79724
FILLER_0_20_589, 277.84, 68, 1.79724
FILLER_0_21_590, 277.84, 68, 1.79724
_09524_, 290.64, 68, 1.79727
_10211_, 290.64, 68, 1.79727
_10212_, 290.64, 68, 1.79727
_13865_, 290.64, 68, 1.79727
_14857_, 290.64, 68, 1.79727
ANTENNA__10211__S, 290.64, 68, 1.79727
FILLER_0_20_610, 290.64, 68, 1.79727
FILLER_0_21_607, 290.64, 68, 1.79727
_12415_, 303.44, 68, 1.79731
_14217_, 303.44, 68, 1.79731
_14313_, 303.44, 68, 1.79731
ANTENNA__07006__A2, 303.44, 68, 1.79731
ANTENNA__07006__B1, 303.44, 68, 1.79731
ANTENNA__10211__A1, 303.44, 68, 1.79731
FILLER_0_20_641, 303.44, 68, 1.79731
FILLER_0_21_653, 303.44, 68, 1.79731
_11294_, 316.24, 68, 1.79735
_13512_, 316.24, 68, 1.79735
_14345_, 316.24, 68, 1.79735
ANTENNA__11226__A1, 316.24, 68, 1.79735
ANTENNA__11226__S, 316.24, 68, 1.79735
ANTENNA__11294__S, 316.24, 68, 1.79735
FILLER_0_21_673, 316.24, 68, 1.79735
FILLER_0_21_680, 316.24, 68, 1.79735
_10216_, 341.84, 68, 1.79739
_10993_, 341.84, 68, 1.79739
_11720_, 341.84, 68, 1.79739
_12822_, 341.84, 68, 1.79739
ANTENNA__12822__S, 341.84, 68, 1.79739
ANTENNA__10575__A1, 341.84, 68, 1.79739
ANTENNA__11158__A1, 341.84, 68, 1.79739
ANTENNA__12822__A1, 341.84, 68, 1.79739
ANTENNA__10216__A, 341.84, 68, 1.79739
ANTENNA__10219__A, 341.84, 68, 1.79739
FILLER_0_21_723, 341.84, 68, 1.79739
_09454_, 354.64, 68, 1.79738
_09455_, 354.64, 68, 1.79738
_13513_, 354.64, 68, 1.79738
_14025_, 354.64, 68, 1.79738
ANTENNA__07001__A2, 354.64, 68, 1.79738
ANTENNA__07001__B1, 354.64, 68, 1.79738
ANTENNA__07003__A2, 354.64, 68, 1.79738
ANTENNA__07003__B1, 354.64, 68, 1.79738
ANTENNA__11162__A1, 354.64, 68, 1.79738
ANTENNA__11162__S, 354.64, 68, 1.79738
ANTENNA__07050__A2, 367.44, 68, 1.79738
ANTENNA__07050__B1, 367.44, 68, 1.79738
ANTENNA__09454__A0, 367.44, 68, 1.79738
ANTENNA__10785__A1, 367.44, 68, 1.79738
ANTENNA__10785__S, 367.44, 68, 1.79738
ANTENNA__09287__A, 367.44, 68, 1.79738
FILLER_0_20_785, 367.44, 68, 1.79738
_10585_, 380.24, 68, 1.79737
clkbuf_leaf_124_wclk, 380.24, 68, 1.79737
ANTENNA__07100__A2, 380.24, 68, 1.79737
ANTENNA__09456__A0, 380.24, 68, 1.79737
ANTENNA__10787__A1, 380.24, 68, 1.79737
ANTENNA__10585__A1, 380.24, 68, 1.79737
ANTENNA__10585__S, 380.24, 68, 1.79737
ANTENNA__10787__S, 380.24, 68, 1.79737
ANTENNA__10213__A, 380.24, 68, 1.79737
FILLER_0_21_801, 380.24, 68, 1.79737
FILLER_0_21_808, 380.24, 68, 1.79737
_10583_, 393.04, 68, 1.79739
ANTENNA__10583__A1, 393.04, 68, 1.79739
ANTENNA__10583__S, 393.04, 68, 1.79739
FILLER_0_21_837, 393.04, 68, 1.79739
FILLER_0_20_858, 405.84, 68, 1.7974
FILLER_0_21_889, 418.64, 68, 1.79742
FILLER_0_20_917, 431.44, 68, 1.79744
FILLER_0_21_945, 444.24, 68, 1.79745
FILLER_0_20_973, 457.04, 68, 1.79747
FILLER_0_21_1001, 469.84, 68, 1.79749
PHY_36, 5.52, 62.56, 1.79748
PHY_38, 5.52, 62.56, 1.79748
PHY_37, 494.04, 62.56, 1.79749
PHY_39, 494.04, 62.56, 1.79749
FILLER_0_19_51, 34.64, 62.56, 1.79747
FILLER_0_20_77, 34.64, 62.56, 1.79747
FILLER_0_19_105, 47.44, 62.56, 1.79746
FILLER_0_18_133, 73.04, 62.56, 1.79744
FILLER_0_19_161, 85.84, 62.56, 1.79743
FILLER_0_18_189, 98.64, 62.56, 1.79742
FILLER_0_19_217, 111.44, 62.56, 1.79741
_14924_, 124.24, 62.56, 1.7974
FILLER_0_18_245, 124.24, 62.56, 1.7974
FILLER_0_19_261, 124.24, 62.56, 1.7974
FILLER_0_19_269, 124.24, 62.56, 1.7974
FILLER_0_20_265, 124.24, 62.56, 1.7974
_12557_, 137.04, 62.56, 1.79739
_14764_, 137.04, 62.56, 1.79739
ANTENNA__12556__A0, 137.04, 62.56, 1.79739
ANTENNA__07139__A2, 137.04, 62.56, 1.79739
FILLER_0_19_275, 137.04, 62.56, 1.79739
FILLER_0_20_294, 137.04, 62.56, 1.79739
_09599_, 149.84, 62.56, 1.79739
_12216_, 149.84, 62.56, 1.79739
ANTENNA__06993__A2, 149.84, 62.56, 1.79739
ANTENNA__06993__B1, 149.84, 62.56, 1.79739
ANTENNA__12216__A1, 149.84, 62.56, 1.79739
ANTENNA__12216__S, 149.84, 62.56, 1.79739
FILLER_0_18_313, 149.84, 62.56, 1.79739
FILLER_0_19_322, 149.84, 62.56, 1.79739
FILLER_0_20_326, 149.84, 62.56, 1.79739
_07092_, 162.64, 62.56, 1.79739
_11362_, 162.64, 62.56, 1.79739
_11368_, 162.64, 62.56, 1.79739
_11369_, 162.64, 62.56, 1.79739
ANTENNA__06994__A2, 162.64, 62.56, 1.79739
ANTENNA__06994__B1, 162.64, 62.56, 1.79739
ANTENNA__06866__B1, 162.64, 62.56, 1.79739
ANTENNA__09598__S, 162.64, 62.56, 1.79739
ANTENNA__09594__S, 162.64, 62.56, 1.79739
FILLER_0_19_352, 162.64, 62.56, 1.79739
_07237_, 188.24, 62.56, 1.79736
_09602_, 188.24, 62.56, 1.79736
_09603_, 188.24, 62.56, 1.79736
_13582_, 188.24, 62.56, 1.79736
ANTENNA__09590__A0, 188.24, 62.56, 1.79736
ANTENNA__09602__S, 188.24, 62.56, 1.79736
ANTENNA__09590__S, 188.24, 62.56, 1.79736
ANTENNA__12016__S, 188.24, 62.56, 1.79736
FILLER_0_18_390, 188.24, 62.56, 1.79736
FILLER_0_18_395, 188.24, 62.56, 1.79736
_11508_, 201.04, 62.56, 1.79734
_11509_, 201.04, 62.56, 1.79734
_14446_, 201.04, 62.56, 1.79734
ANTENNA__07275__A2, 201.04, 62.56, 1.79734
ANTENNA__11508__A1, 201.04, 62.56, 1.79734
ANTENNA__11508__S, 201.04, 62.56, 1.79734
FILLER_0_19_418, 201.04, 62.56, 1.79734
FILLER_0_20_437, 201.04, 62.56, 1.79734
_07279_, 213.84, 62.56, 1.79733
_11576_, 213.84, 62.56, 1.79733
ANTENNA__07275__B1, 213.84, 62.56, 1.79733
ANTENNA__07274__A2, 213.84, 62.56, 1.79733
ANTENNA__11576__A1, 213.84, 62.56, 1.79733
ANTENNA__11644__S, 213.84, 62.56, 1.79733
ANTENNA__11642__S, 213.84, 62.56, 1.79733
ANTENNA_clkbuf_leaf_155_wclk_A, 213.84, 62.56, 1.79733
FILLER_0_19_449, 213.84, 62.56, 1.79733
FILLER_0_19_460, 213.84, 62.56, 1.79733
FILLER_0_20_465, 213.84, 62.56, 1.79733
_11008_, 226.64, 62.56, 1.79731
_11100_, 226.64, 62.56, 1.79731
_15082_, 226.64, 62.56, 1.79731
ANTENNA__11100__S, 226.64, 62.56, 1.79731
ANTENNA__06594__A, 226.64, 62.56, 1.79731
FILLER_0_18_473, 226.64, 62.56, 1.79731
FILLER_0_19_472, 226.64, 62.56, 1.79731
FILLER_0_19_490, 226.64, 62.56, 1.79731
_06910_, 239.44, 62.56, 1.79731
_07109_, 239.44, 62.56, 1.79731
_11872_, 239.44, 62.56, 1.79731
_12894_, 239.44, 62.56, 1.79731
_12895_, 239.44, 62.56, 1.79731
ANTENNA__12894__S, 239.44, 62.56, 1.79731
ANTENNA__12892__S, 239.44, 62.56, 1.79731
ANTENNA__11100__A1, 239.44, 62.56, 1.79731
ANTENNA__11872__S, 239.44, 62.56, 1.79731
ANTENNA__12892__A1, 239.44, 62.56, 1.79731
ANTENNA__12894__A1, 239.44, 62.56, 1.79731
FILLER_0_19_499, 239.44, 62.56, 1.79731
FILLER_0_19_509, 239.44, 62.56, 1.79731
FILLER_0_19_522, 239.44, 62.56, 1.79731
_07108_, 252.24, 62.56, 1.79731
_11798_, 252.24, 62.56, 1.79731
_13927_, 252.24, 62.56, 1.79731
ANTENNA__06910__A2, 252.24, 62.56, 1.79731
ANTENNA__07109__B1, 252.24, 62.56, 1.79731
ANTENNA__11798__A1, 252.24, 62.56, 1.79731
ANTENNA__11872__A1, 252.24, 62.56, 1.79731
FILLER_0_18_533, 252.24, 62.56, 1.79731
_10208_, 265.04, 62.56, 1.79731
_10209_, 265.04, 62.56, 1.79731
_13930_, 265.04, 62.56, 1.79731
ANTENNA__07108__A2, 265.04, 62.56, 1.79731
ANTENNA__06909__A2, 265.04, 62.56, 1.79731
ANTENNA__06909__B1, 265.04, 62.56, 1.79731
ANTENNA__10371__A1, 265.04, 62.56, 1.79731
ANTENNA__10371__S, 265.04, 62.56, 1.79731
FILLER_0_19_557, 265.04, 62.56, 1.79731
_10220_, 277.84, 62.56, 1.79733
ANTENNA__10139__A1, 277.84, 62.56, 1.79733
ANTENNA__07151__B1, 277.84, 62.56, 1.79733
ANTENNA__10220__S, 277.84, 62.56, 1.79733
ANTENNA__10208__S, 277.84, 62.56, 1.79733
ANTENNA__10208__A1, 277.84, 62.56, 1.79733
FILLER_0_19_593, 277.84, 62.56, 1.79733
_10214_, 290.64, 62.56, 1.79734
_10215_, 290.64, 62.56, 1.79734
_10217_, 290.64, 62.56, 1.79734
_13866_, 290.64, 62.56, 1.79734
ANTENNA__10217__S, 290.64, 62.56, 1.79734
ANTENNA__10220__A1, 290.64, 62.56, 1.79734
ANTENNA_clkbuf_leaf_132_wclk_A, 290.64, 62.56, 1.79734
FILLER_0_18_609, 290.64, 62.56, 1.79734
FILLER_0_20_626, 290.64, 62.56, 1.79734
_10207_, 303.44, 62.56, 1.79736
ANTENNA__07054__B1, 303.44, 62.56, 1.79736
ANTENNA__07053__A2, 303.44, 62.56, 1.79736
ANTENNA__09523__A0, 303.44, 62.56, 1.79736
ANTENNA__10214__S, 303.44, 62.56, 1.79736
ANTENNA__10214__A1, 303.44, 62.56, 1.79736
ANTENNA__10217__A1, 303.44, 62.56, 1.79736
ANTENNA__12416__A1, 303.44, 62.56, 1.79736
ANTENNA__10207__A, 303.44, 62.56, 1.79736
FILLER_0_20_653, 303.44, 62.56, 1.79736
_09452_, 316.24, 62.56, 1.79738
_09453_, 316.24, 62.56, 1.79738
_10578_, 316.24, 62.56, 1.79738
_14024_, 316.24, 62.56, 1.79738
ANTENNA__09452__A0, 316.24, 62.56, 1.79738
ANTENNA__09452__S, 316.24, 62.56, 1.79738
FILLER_0_18_663, 316.24, 62.56, 1.79738
FILLER_0_20_686, 316.24, 62.56, 1.79738
_10219_, 341.84, 62.56, 1.7974
_11162_, 341.84, 62.56, 1.7974
_14283_, 341.84, 62.56, 1.7974
ANTENNA__06893__A2, 341.84, 62.56, 1.7974
ANTENNA__06893__B1, 341.84, 62.56, 1.7974
ANTENNA__10993__A, 341.84, 62.56, 1.7974
ANTENNA__11720__A, 341.84, 62.56, 1.7974
_07099_, 354.64, 62.56, 1.7974
_12826_, 354.64, 62.56, 1.7974
ANTENNA__12826__S, 354.64, 62.56, 1.7974
ANTENNA__07099__A2, 354.64, 62.56, 1.7974
ANTENNA__07049__A2, 354.64, 62.56, 1.7974
ANTENNA__07099__A3, 354.64, 62.56, 1.7974
ANTENNA__07099__B1, 354.64, 62.56, 1.7974
ANTENNA__09454__S, 354.64, 62.56, 1.7974
ANTENNA__12826__A1, 354.64, 62.56, 1.7974
_07102_, 367.44, 62.56, 1.79739
_09456_, 367.44, 62.56, 1.79739
_09457_, 367.44, 62.56, 1.79739
_10213_, 367.44, 62.56, 1.79739
_13514_, 367.44, 62.56, 1.79739
ANTENNA__07049__A3, 367.44, 62.56, 1.79739
ANTENNA__07049__B1, 367.44, 62.56, 1.79739
ANTENNA__09456__S, 367.44, 62.56, 1.79739
FILLER_0_18_784, 367.44, 62.56, 1.79739
FILLER_0_19_776, 367.44, 62.56, 1.79739
_10581_, 380.24, 62.56, 1.7974
_10582_, 380.24, 62.56, 1.7974
_14028_, 380.24, 62.56, 1.7974
ANTENNA__10581__S, 380.24, 62.56, 1.7974
FILLER_0_18_809, 380.24, 62.56, 1.7974
_07101_, 393.04, 62.56, 1.79741
_10584_, 393.04, 62.56, 1.79741
_10586_, 393.04, 62.56, 1.79741
ANTENNA_clkbuf_leaf_124_wclk_A, 393.04, 62.56, 1.79741
FILLER_0_18_861, 405.84, 62.56, 1.79742
FILLER_0_19_889, 418.64, 62.56, 1.79743
FILLER_0_18_917, 431.44, 62.56, 1.79744
FILLER_0_19_945, 444.24, 62.56, 1.79746
FILLER_0_18_973, 457.04, 62.56, 1.79747
FILLER_0_19_1001, 469.84, 62.56, 1.79748
PHY_32, 5.52, 57.12, 1.79746
PHY_34, 5.52, 57.12, 1.79746
input31, 5.52, 57.12, 1.79746
PHY_33, 494.04, 57.12, 1.79748
PHY_35, 494.04, 57.12, 1.79748
FILLER_0_17_50, 34.64, 57.12, 1.79744
FILLER_0_18_77, 34.64, 57.12, 1.79744
FILLER_0_17_105, 47.44, 57.12, 1.79742
FILLER_0_16_133, 73.04, 57.12, 1.79738
FILLER_0_17_161, 85.84, 57.12, 1.79736
FILLER_0_16_189, 98.64, 57.12, 1.79734
FILLER_0_17_217, 111.44, 57.12, 1.79732
_14921_, 124.24, 57.12, 1.7973
FILLER_0_16_245, 124.24, 57.12, 1.7973
FILLER_0_16_253, 124.24, 57.12, 1.7973
_06993_, 137.04, 57.12, 1.79729
_12210_, 137.04, 57.12, 1.79729
_12217_, 137.04, 57.12, 1.79729
_14761_, 137.04, 57.12, 1.79729
clkbuf_leaf_165_wclk, 137.04, 57.12, 1.79729
FILLER_0_18_294, 137.04, 57.12, 1.79729
_06866_, 149.84, 57.12, 1.7973
_09589_, 149.84, 57.12, 1.7973
_09594_, 149.84, 57.12, 1.7973
_09595_, 149.84, 57.12, 1.7973
_13578_, 149.84, 57.12, 1.7973
ANTENNA__06866__A2, 149.84, 57.12, 1.7973
ANTENNA__09594__A0, 149.84, 57.12, 1.7973
ANTENNA__12210__A1, 149.84, 57.12, 1.7973
ANTENNA__12210__S, 149.84, 57.12, 1.7973
_11359_, 162.64, 57.12, 1.79731
_11364_, 162.64, 57.12, 1.79731
_11365_, 162.64, 57.12, 1.79731
_14375_, 162.64, 57.12, 1.79731
ANTENNA__07092__A2, 162.64, 57.12, 1.79731
ANTENNA__07092__B1, 162.64, 57.12, 1.79731
ANTENNA__09588__S, 162.64, 57.12, 1.79731
FILLER_0_17_329, 162.64, 57.12, 1.79731
FILLER_0_18_351, 162.64, 57.12, 1.79731
_07236_, 188.24, 57.12, 1.79729
_11372_, 188.24, 57.12, 1.79729
_11373_, 188.24, 57.12, 1.79729
_12560_, 188.24, 57.12, 1.79729
_14382_, 188.24, 57.12, 1.79729
ANTENNA__12016__A0, 188.24, 57.12, 1.79729
ANTENNA__11372__S, 188.24, 57.12, 1.79729
FILLER_0_17_397, 188.24, 57.12, 1.79729
_07275_, 201.04, 57.12, 1.79725
_12697_, 201.04, 57.12, 1.79725
_14990_, 201.04, 57.12, 1.79725
ANTENNA__12560__A0, 201.04, 57.12, 1.79725
ANTENNA__11372__A1, 201.04, 57.12, 1.79725
FILLER_0_16_414, 201.04, 57.12, 1.79725
FILLER_0_16_421, 201.04, 57.12, 1.79725
_07274_, 213.84, 57.12, 1.79722
_11577_, 213.84, 57.12, 1.79722
_11644_, 213.84, 57.12, 1.79722
_11645_, 213.84, 57.12, 1.79722
_14478_, 213.84, 57.12, 1.79722
_14510_, 213.84, 57.12, 1.79722
ANTENNA__11576__S, 213.84, 57.12, 1.79722
ANTENNA__12696__A1, 213.84, 57.12, 1.79722
FILLER_0_16_441, 213.84, 57.12, 1.79722
FILLER_0_17_439, 213.84, 57.12, 1.79722
_06594_, 226.64, 57.12, 1.7972
_11705_, 226.64, 57.12, 1.7972
_12754_, 226.64, 57.12, 1.7972
_12755_, 226.64, 57.12, 1.7972
_15017_, 226.64, 57.12, 1.7972
ANTENNA__11644__A1, 226.64, 57.12, 1.7972
ANTENNA__11008__A, 226.64, 57.12, 1.7972
FILLER_0_16_468, 226.64, 57.12, 1.7972
FILLER_0_17_472, 226.64, 57.12, 1.7972
FILLER_0_17_477, 226.64, 57.12, 1.7972
FILLER_0_18_483, 226.64, 57.12, 1.7972
FILLER_0_18_493, 226.64, 57.12, 1.7972
_12886_, 239.44, 57.12, 1.79719
_12887_, 239.44, 57.12, 1.79719
_15079_, 239.44, 57.12, 1.79719
_15083_, 239.44, 57.12, 1.79719
ANTENNA__12754__S, 239.44, 57.12, 1.79719
ANTENNA__12754__A1, 239.44, 57.12, 1.79719
ANTENNA__11705__A, 239.44, 57.12, 1.79719
_11807_, 252.24, 57.12, 1.79719
_11812_, 252.24, 57.12, 1.79719
_11813_, 252.24, 57.12, 1.79719
_14574_, 252.24, 57.12, 1.79719
ANTENNA__12886__S, 252.24, 57.12, 1.79719
ANTENNA__07109__A2, 252.24, 57.12, 1.79719
ANTENNA__11874__A1, 252.24, 57.12, 1.79719
ANTENNA__11812__A1, 252.24, 57.12, 1.79719
ANTENNA__11798__S, 252.24, 57.12, 1.79719
ANTENNA__12886__A1, 252.24, 57.12, 1.79719
FILLER_0_16_528, 252.24, 57.12, 1.79719
FILLER_0_18_549, 252.24, 57.12, 1.79719
_10138_, 265.04, 57.12, 1.7972
_10205_, 265.04, 57.12, 1.7972
_10206_, 265.04, 57.12, 1.7972
_13863_, 265.04, 57.12, 1.7972
_13864_, 265.04, 57.12, 1.7972
ANTENNA__10137__A1, 265.04, 57.12, 1.7972
ANTENNA__07108__B1, 265.04, 57.12, 1.7972
ANTENNA__10205__S, 265.04, 57.12, 1.7972
ANTENNA__11806__A1, 265.04, 57.12, 1.7972
ANTENNA__11812__S, 265.04, 57.12, 1.7972
FILLER_0_18_567, 265.04, 57.12, 1.7972
_06957_, 277.84, 57.12, 1.79722
_10142_, 277.84, 57.12, 1.79722
_10221_, 277.84, 57.12, 1.79722
_13834_, 277.84, 57.12, 1.79722
_13868_, 277.84, 57.12, 1.79722
ANTENNA__06957__A2, 277.84, 57.12, 1.79722
ANTENNA__06957__B1, 277.84, 57.12, 1.79722
ANTENNA__10137__S, 277.84, 57.12, 1.79722
ANTENNA__10205__A1, 277.84, 57.12, 1.79722
_07053_, 290.64, 57.12, 1.79725
_10218_, 290.64, 57.12, 1.79725
_13867_, 290.64, 57.12, 1.79725
ANTENNA__10141__S, 290.64, 57.12, 1.79725
_07054_, 303.44, 57.12, 1.79729
_09525_, 303.44, 57.12, 1.79729
_12416_, 303.44, 57.12, 1.79729
_12821_, 303.44, 57.12, 1.79729
ANTENNA__12416__S, 303.44, 57.12, 1.79729
ANTENNA__07054__A2, 303.44, 57.12, 1.79729
ANTENNA__12820__A1, 303.44, 57.12, 1.79729
FILLER_0_17_657, 303.44, 57.12, 1.79729
FILLER_0_18_657, 303.44, 57.12, 1.79729
_06953_, 316.24, 57.12, 1.79733
_10577_, 316.24, 57.12, 1.79733
_12820_, 316.24, 57.12, 1.79733
_14280_, 316.24, 57.12, 1.79733
ANTENNA__12820__S, 316.24, 57.12, 1.79733
ANTENNA__10577__A1, 316.24, 57.12, 1.79733
_06894_, 341.84, 57.12, 1.79736
_11160_, 341.84, 57.12, 1.79736
_11163_, 341.84, 57.12, 1.79736
_12818_, 341.84, 57.12, 1.79736
_12827_, 341.84, 57.12, 1.79736
_15051_, 341.84, 57.12, 1.79736
ANTENNA__11154__A1, 341.84, 57.12, 1.79736
ANTENNA__11154__S, 341.84, 57.12, 1.79736
_07049_, 354.64, 57.12, 1.79735
_11161_, 354.64, 57.12, 1.79735
_12824_, 354.64, 57.12, 1.79735
_14282_, 354.64, 57.12, 1.79735
_15050_, 354.64, 57.12, 1.79735
ANTENNA__12818__A1, 354.64, 57.12, 1.79735
_07051_, 367.44, 57.12, 1.79735
_07052_, 367.44, 57.12, 1.79735
_14026_, 367.44, 57.12, 1.79735
ANTENNA__12824__S, 367.44, 57.12, 1.79735
ANTENNA__07048__B1, 367.44, 57.12, 1.79735
ANTENNA__11160__A1, 367.44, 57.12, 1.79735
ANTENNA__12824__A1, 367.44, 57.12, 1.79735
FILLER_0_17_791, 367.44, 57.12, 1.79735
_09458_, 380.24, 57.12, 1.79735
_09459_, 380.24, 57.12, 1.79735
_09460_, 380.24, 57.12, 1.79735
_09461_, 380.24, 57.12, 1.79735
_13515_, 380.24, 57.12, 1.79735
_14027_, 380.24, 57.12, 1.79735
ANTENNA__07051__A2, 380.24, 57.12, 1.79735
ANTENNA__09458__A0, 380.24, 57.12, 1.79735
ANTENNA__09458__S, 380.24, 57.12, 1.79735
ANTENNA__10581__A1, 380.24, 57.12, 1.79735
FILLER_0_17_805, 380.24, 57.12, 1.79735
_07149_, 393.04, 57.12, 1.79737
ANTENNA__07149__A2, 393.04, 57.12, 1.79737
ANTENNA__07101__A2, 393.04, 57.12, 1.79737
ANTENNA__07149__B1, 393.04, 57.12, 1.79737
ANTENNA__07101__B1, 393.04, 57.12, 1.79737
ANTENNA__09460__S, 393.04, 57.12, 1.79737
FILLER_0_16_861, 405.84, 57.12, 1.79739
FILLER_0_17_893, 418.64, 57.12, 1.7974
FILLER_0_16_917, 431.44, 57.12, 1.79742
FILLER_0_17_945, 444.24, 57.12, 1.79743
FILLER_0_16_973, 457.04, 57.12, 1.79745
FILLER_0_17_1001, 469.84, 57.12, 1.79747
PHY_28, 5.52, 51.68, 1.79746
PHY_30, 5.52, 51.68, 1.79746
PHY_29, 494.04, 51.68, 1.79747
PHY_31, 494.04, 51.68, 1.79747
FILLER_0_15_51, 34.64, 51.68, 1.79744
FILLER_0_16_77, 34.64, 51.68, 1.79744
FILLER_0_15_105, 47.44, 51.68, 1.79742
FILLER_0_14_133, 73.04, 51.68, 1.79739
FILLER_0_15_161, 85.84, 51.68, 1.79737
FILLER_0_14_189, 98.64, 51.68, 1.79736
FILLER_0_15_217, 111.44, 51.68, 1.79734
_12550_, 124.24, 51.68, 1.79732
_12551_, 124.24, 51.68, 1.79732
FILLER_0_14_245, 124.24, 51.68, 1.79732
FILLER_0_16_261, 124.24, 51.68, 1.79732
_12211_, 137.04, 51.68, 1.79731
ANTENNA__12550__S, 137.04, 51.68, 1.79731
ANTENNA__12546__A0, 137.04, 51.68, 1.79731
ANTENNA__12550__A0, 137.04, 51.68, 1.79731
ANTENNA_clkbuf_leaf_165_wclk_A, 137.04, 51.68, 1.79731
FILLER_0_15_288, 137.04, 51.68, 1.79731
FILLER_0_16_296, 137.04, 51.68, 1.79731
_06865_, 149.84, 51.68, 1.79729
_09588_, 149.84, 51.68, 1.79729
_09596_, 149.84, 51.68, 1.79729
_09597_, 149.84, 51.68, 1.79729
_13575_, 149.84, 51.68, 1.79729
_13579_, 149.84, 51.68, 1.79729
ANTENNA__12546__S, 149.84, 51.68, 1.79729
FILLER_0_15_303, 149.84, 51.68, 1.79729
_07042_, 162.64, 51.68, 1.79729
_14378_, 162.64, 51.68, 1.79729
clkbuf_leaf_161_wclk, 162.64, 51.68, 1.79729
ANTENNA__09588__A0, 162.64, 51.68, 1.79729
_12220_, 188.24, 51.68, 1.79726
_14766_, 188.24, 51.68, 1.79726
ANTENNA__07236__A2, 188.24, 51.68, 1.79726
ANTENNA__07236__B1, 188.24, 51.68, 1.79726
ANTENNA__12220__A1, 188.24, 51.68, 1.79726
ANTENNA__12220__S, 188.24, 51.68, 1.79726
FILLER_0_15_410, 188.24, 51.68, 1.79726
_11499_, 201.04, 51.68, 1.79722
_12686_, 201.04, 51.68, 1.79722
_12696_, 201.04, 51.68, 1.79722
_14985_, 201.04, 51.68, 1.79722
ANTENNA__12696__S, 201.04, 51.68, 1.79722
ANTENNA__12686__S, 201.04, 51.68, 1.79722
ANTENNA__11498__A1, 201.04, 51.68, 1.79722
ANTENNA__12686__A1, 201.04, 51.68, 1.79722
FILLER_0_15_438, 201.04, 51.68, 1.79722
_07032_, 213.84, 51.68, 1.79718
ANTENNA__07274__B1, 213.84, 51.68, 1.79718
ANTENNA__11634__S, 213.84, 51.68, 1.79718
FILLER_0_14_444, 213.84, 51.68, 1.79718
FILLER_0_15_449, 213.84, 51.68, 1.79718
_07030_, 226.64, 51.68, 1.79715
_11090_, 226.64, 51.68, 1.79715
_11091_, 226.64, 51.68, 1.79715
_14249_, 226.64, 51.68, 1.79715
ANTENNA__11634__A1, 226.64, 51.68, 1.79715
ANTENNA__11566__S, 226.64, 51.68, 1.79715
_11867_, 239.44, 51.68, 1.79712
_11874_, 239.44, 51.68, 1.79712
_11875_, 239.44, 51.68, 1.79712
_14603_, 239.44, 51.68, 1.79712
clkbuf_leaf_156_wclk, 239.44, 51.68, 1.79712
ANTENNA__07030__A2, 239.44, 51.68, 1.79712
ANTENNA__11874__S, 239.44, 51.68, 1.79712
ANTENNA_clkbuf_leaf_156_wclk_A, 239.44, 51.68, 1.79712
_11799_, 252.24, 51.68, 1.79712
_14567_, 252.24, 51.68, 1.79712
_14571_, 252.24, 51.68, 1.79712
_10136_, 265.04, 51.68, 1.79713
_10137_, 265.04, 51.68, 1.79713
_11806_, 265.04, 51.68, 1.79713
_13831_, 265.04, 51.68, 1.79713
_13832_, 265.04, 51.68, 1.79713
_07151_, 277.84, 51.68, 1.79715
_10141_, 277.84, 51.68, 1.79715
_10145_, 277.84, 51.68, 1.79715
_10146_, 277.84, 51.68, 1.79715
_13836_, 277.84, 51.68, 1.79715
ANTENNA__10135__A1, 277.84, 51.68, 1.79715
ANTENNA__07151__A2, 277.84, 51.68, 1.79715
ANTENNA__10135__S, 277.84, 51.68, 1.79715
FILLER_0_15_604, 277.84, 51.68, 1.79715
_07103_, 290.64, 51.68, 1.79718
_09526_, 290.64, 51.68, 1.79718
_10143_, 290.64, 51.68, 1.79718
_13546_, 290.64, 51.68, 1.79718
_13835_, 290.64, 51.68, 1.79718
ANTENNA__10141__A1, 290.64, 51.68, 1.79718
ANTENNA__07053__B1, 290.64, 51.68, 1.79718
ANTENNA__10143__S, 290.64, 51.68, 1.79718
_07057_, 303.44, 51.68, 1.79722
_11157_, 303.44, 51.68, 1.79722
_12417_, 303.44, 51.68, 1.79722
_14858_, 303.44, 51.68, 1.79722
_15048_, 303.44, 51.68, 1.79722
ANTENNA__09525__S, 303.44, 51.68, 1.79722
_11156_, 316.24, 51.68, 1.79728
_11936_, 316.24, 51.68, 1.79728
ANTENNA__06960__B1, 316.24, 51.68, 1.79728
ANTENNA__11156__S, 316.24, 51.68, 1.79728
ANTENNA__11936__A1, 316.24, 51.68, 1.79728
ANTENNA__11936__S, 316.24, 51.68, 1.79728
FILLER_0_14_662, 316.24, 51.68, 1.79728
FILLER_0_14_669, 316.24, 51.68, 1.79728
_06885_, 341.84, 51.68, 1.79732
_12819_, 341.84, 51.68, 1.79732
_12828_, 341.84, 51.68, 1.79732
ANTENNA__12818__S, 341.84, 51.68, 1.79732
ANTENNA__06885__A2, 341.84, 51.68, 1.79732
ANTENNA__06885__A3, 341.84, 51.68, 1.79732
ANTENNA__06885__B1, 341.84, 51.68, 1.79732
ANTENNA__11160__S, 341.84, 51.68, 1.79732
_07147_, 354.64, 51.68, 1.7973
_07150_, 354.64, 51.68, 1.7973
_12825_, 354.64, 51.68, 1.7973
clkbuf_leaf_127_wclk, 354.64, 51.68, 1.7973
_07048_, 367.44, 51.68, 1.79731
_07098_, 367.44, 51.68, 1.79731
_10005_, 367.44, 51.68, 1.79731
_13770_, 367.44, 51.68, 1.79731
ANTENNA__07048__A3, 367.44, 51.68, 1.79731
ANTENNA__07048__A2, 367.44, 51.68, 1.79731
ANTENNA__07051__B1, 367.44, 51.68, 1.79731
ANTENNA__10005__A0, 367.44, 51.68, 1.79731
ANTENNA__10005__S, 367.44, 51.68, 1.79731
FILLER_0_15_773, 367.44, 51.68, 1.79731
FILLER_0_16_800, 367.44, 51.68, 1.79731
_13516_, 380.24, 51.68, 1.79733
ANTENNA__07098__A3, 380.24, 51.68, 1.79733
ANTENNA__09460__A0, 380.24, 51.68, 1.79733
FILLER_0_14_804, 380.24, 51.68, 1.79733
FILLER_0_15_802, 380.24, 51.68, 1.79733
FILLER_0_15_829, 393.04, 51.68, 1.79734
FILLER_0_15_837, 393.04, 51.68, 1.79734
FILLER_0_14_861, 405.84, 51.68, 1.79736
FILLER_0_15_889, 418.64, 51.68, 1.79738
FILLER_0_14_917, 431.44, 51.68, 1.7974
FILLER_0_15_945, 444.24, 51.68, 1.79742
FILLER_0_14_973, 457.04, 51.68, 1.79743
FILLER_0_15_1001, 469.84, 51.68, 1.79745
PHY_24, 5.52, 46.24, 1.79745
PHY_26, 5.52, 46.24, 1.79745
PHY_25, 494.04, 46.24, 1.79747
PHY_27, 494.04, 46.24, 1.79747
FILLER_0_13_51, 34.64, 46.24, 1.79744
FILLER_0_14_77, 34.64, 46.24, 1.79744
FILLER_0_13_105, 47.44, 46.24, 1.79742
FILLER_0_12_133, 73.04, 46.24, 1.79739
FILLER_0_13_161, 85.84, 46.24, 1.79738
FILLER_0_12_189, 98.64, 46.24, 1.79736
FILLER_0_13_217, 111.44, 46.24, 1.79735
_14919_, 124.24, 46.24, 1.79734
FILLER_0_12_245, 124.24, 46.24, 1.79734
FILLER_0_14_265, 124.24, 46.24, 1.79734
_12207_, 137.04, 46.24, 1.79733
_12546_, 137.04, 46.24, 1.79733
_12547_, 137.04, 46.24, 1.79733
_14759_, 137.04, 46.24, 1.79733
ANTENNA__12552__A0, 137.04, 46.24, 1.79733
ANTENNA__06865__A2, 137.04, 46.24, 1.79733
FILLER_0_14_295, 137.04, 46.24, 1.79733
_12206_, 149.84, 46.24, 1.79733
ANTENNA__07041__A2, 149.84, 46.24, 1.79733
ANTENNA__06865__B1, 149.84, 46.24, 1.79733
ANTENNA__12206__A1, 149.84, 46.24, 1.79733
ANTENNA__12206__S, 149.84, 46.24, 1.79733
FILLER_0_13_321, 149.84, 46.24, 1.79733
FILLER_0_14_325, 149.84, 46.24, 1.79733
_11358_, 162.64, 46.24, 1.79732
_12007_, 162.64, 46.24, 1.79732
_12618_, 162.64, 46.24, 1.79732
_12619_, 162.64, 46.24, 1.79732
_14379_, 162.64, 46.24, 1.79732
ANTENNA__12006__A0, 162.64, 46.24, 1.79732
ANTENNA__07042__A2, 162.64, 46.24, 1.79732
ANTENNA__07042__B1, 162.64, 46.24, 1.79732
ANTENNA__09596__A0, 162.64, 46.24, 1.79732
ANTENNA__09596__S, 162.64, 46.24, 1.79732
_11498_, 188.24, 46.24, 1.7973
_11503_, 188.24, 46.24, 1.7973
_12221_, 188.24, 46.24, 1.7973
ANTENNA__12548__A0, 188.24, 46.24, 1.7973
ANTENNA__06945__A2, 188.24, 46.24, 1.7973
ANTENNA__11498__S, 188.24, 46.24, 1.7973
FILLER_0_13_405, 188.24, 46.24, 1.7973
FILLER_0_14_400, 188.24, 46.24, 1.7973
_07029_, 201.04, 46.24, 1.79726
_11495_, 201.04, 46.24, 1.79726
_12687_, 201.04, 46.24, 1.79726
_14441_, 201.04, 46.24, 1.79726
ANTENNA__07029__A2, 201.04, 46.24, 1.79726
ANTENNA__06932__A2, 201.04, 46.24, 1.79726
ANTENNA__06932__B1, 201.04, 46.24, 1.79726
ANTENNA__12682__A1, 201.04, 46.24, 1.79726
_11567_, 213.84, 46.24, 1.79724
_11634_, 213.84, 46.24, 1.79724
_11635_, 213.84, 46.24, 1.79724
_14473_, 213.84, 46.24, 1.79724
_14505_, 213.84, 46.24, 1.79724
ANTENNA__07029__B1, 213.84, 46.24, 1.79724
ANTENNA__11494__A1, 213.84, 46.24, 1.79724
FILLER_0_12_444, 213.84, 46.24, 1.79724
FILLER_0_13_442, 213.84, 46.24, 1.79724
_11566_, 226.64, 46.24, 1.79723
ANTENNA__07030__A3, 226.64, 46.24, 1.79723
ANTENNA__07030__B1, 226.64, 46.24, 1.79723
ANTENNA__11566__A1, 226.64, 46.24, 1.79723
ANTENNA__11090__A1, 226.64, 46.24, 1.79723
ANTENNA__11090__S, 226.64, 46.24, 1.79723
FILLER_0_12_472, 226.64, 46.24, 1.79723
FILLER_0_12_477, 226.64, 46.24, 1.79723
FILLER_0_13_482, 226.64, 46.24, 1.79723
_11866_, 239.44, 46.24, 1.79721
_14599_, 239.44, 46.24, 1.79721
ANTENNA__12758__S, 239.44, 46.24, 1.79721
ANTENNA__06934__B1, 239.44, 46.24, 1.79721
FILLER_0_12_500, 239.44, 46.24, 1.79721
FILLER_0_12_508, 239.44, 46.24, 1.79721
FILLER_0_13_496, 239.44, 46.24, 1.79721
FILLER_0_13_521, 239.44, 46.24, 1.79721
ANTENNA__06595__A1, 252.24, 46.24, 1.79721
ANTENNA__11866__A1, 252.24, 46.24, 1.79721
ANTENNA__11866__S, 252.24, 46.24, 1.79721
ANTENNA__11699__A, 252.24, 46.24, 1.79721
FILLER_0_12_533, 252.24, 46.24, 1.79721
FILLER_0_14_549, 252.24, 46.24, 1.79721
_06999_, 265.04, 46.24, 1.7972
_10135_, 265.04, 46.24, 1.7972
clkbuf_leaf_131_wclk, 265.04, 46.24, 1.7972
ANTENNA__12278__S, 265.04, 46.24, 1.7972
ANTENNA__11806__S, 265.04, 46.24, 1.7972
_06899_, 277.84, 46.24, 1.79722
_06961_, 277.84, 46.24, 1.79722
_09521_, 277.84, 46.24, 1.79722
_10144_, 277.84, 46.24, 1.79722
ANTENNA__10145__A1, 277.84, 46.24, 1.79722
ANTENNA__06899__B1, 277.84, 46.24, 1.79722
ANTENNA__10145__S, 277.84, 46.24, 1.79722
_07155_, 290.64, 46.24, 1.79724
_09527_, 290.64, 46.24, 1.79724
ANTENNA__10143__A1, 290.64, 46.24, 1.79724
ANTENNA__07152__B1, 290.64, 46.24, 1.79724
ANTENNA__07103__A2, 290.64, 46.24, 1.79724
ANTENNA__07103__B1, 290.64, 46.24, 1.79724
ANTENNA__09527__A0, 290.64, 46.24, 1.79724
ANTENNA__09521__S, 290.64, 46.24, 1.79724
ANTENNA_clkbuf_leaf_131_wclk_A, 290.64, 46.24, 1.79724
ANTENNA_6, 290.64, 46.24, 1.79724
_06960_, 303.44, 46.24, 1.79727
_07107_, 303.44, 46.24, 1.79727
ANTENNA__07104__A2, 303.44, 46.24, 1.79727
ANTENNA__06960__A2, 303.44, 46.24, 1.79727
ANTENNA__09525__A0, 303.44, 46.24, 1.79727
ANTENNA__09527__S, 303.44, 46.24, 1.79727
ANTENNA__10991__S, 303.44, 46.24, 1.79727
ANTENNA__11156__A1, 303.44, 46.24, 1.79727
ANTENNA__10991__A1, 303.44, 46.24, 1.79727
FILLER_0_13_642, 303.44, 46.24, 1.79727
FILLER_0_13_650, 303.44, 46.24, 1.79727
FILLER_0_14_649, 303.44, 46.24, 1.79727
FILLER_0_14_656, 303.44, 46.24, 1.79727
_10002_, 316.24, 46.24, 1.7973
_11225_, 316.24, 46.24, 1.7973
_11293_, 316.24, 46.24, 1.7973
_11937_, 316.24, 46.24, 1.7973
_13768_, 316.24, 46.24, 1.7973
_14632_, 316.24, 46.24, 1.7973
ANTENNA_clkbuf_leaf_129_wclk_A, 316.24, 46.24, 1.7973
FILLER_0_13_680, 316.24, 46.24, 1.7973
_06881_, 341.84, 46.24, 1.79734
_09999_, 341.84, 46.24, 1.79734
_11164_, 341.84, 46.24, 1.79734
_12829_, 341.84, 46.24, 1.79734
_15052_, 341.84, 46.24, 1.79734
ANTENNA__06881__A3, 341.84, 46.24, 1.79734
ANTENNA__06881__A2, 341.84, 46.24, 1.79734
ANTENNA__06881__B1, 341.84, 46.24, 1.79734
ANTENNA__09999__S, 341.84, 46.24, 1.79734
ANTENNA__12828__A1, 341.84, 46.24, 1.79734
FILLER_0_13_725, 341.84, 46.24, 1.79734
FILLER_0_14_732, 341.84, 46.24, 1.79734
_07146_, 354.64, 46.24, 1.79735
ANTENNA__12828__S, 354.64, 46.24, 1.79735
ANTENNA__07147__A2, 354.64, 46.24, 1.79735
ANTENNA__07147__A3, 354.64, 46.24, 1.79735
ANTENNA__07147__B1, 354.64, 46.24, 1.79735
ANTENNA__11164__S, 354.64, 46.24, 1.79735
ANTENNA_clkbuf_leaf_127_wclk_A, 354.64, 46.24, 1.79735
_10006_, 367.44, 46.24, 1.79735
_10007_, 367.44, 46.24, 1.79735
_13771_, 367.44, 46.24, 1.79735
_13772_, 367.44, 46.24, 1.79735
ANTENNA__10009__A0, 380.24, 46.24, 1.79736
FILLER_0_12_803, 380.24, 46.24, 1.79736
FILLER_0_13_837, 393.04, 46.24, 1.79738
FILLER_0_12_861, 405.84, 46.24, 1.79739
FILLER_0_13_889, 418.64, 46.24, 1.7974
FILLER_0_12_917, 431.44, 46.24, 1.79741
FILLER_0_13_945, 444.24, 46.24, 1.79743
FILLER_0_12_973, 457.04, 46.24, 1.79744
FILLER_0_13_1001, 469.84, 46.24, 1.79745
PHY_20, 5.52, 40.8, 1.79744
PHY_22, 5.52, 40.8, 1.79744
PHY_21, 494.04, 40.8, 1.79746
PHY_23, 494.04, 40.8, 1.79746
FILLER_0_11_51, 34.64, 40.8, 1.79742
FILLER_0_12_77, 34.64, 40.8, 1.79742
FILLER_0_11_105, 47.44, 40.8, 1.7974
FILLER_0_10_133, 73.04, 40.8, 1.79737
FILLER_0_11_161, 85.84, 40.8, 1.79735
FILLER_0_10_189, 98.64, 40.8, 1.79734
FILLER_0_11_217, 111.44, 40.8, 1.79732
_14922_, 124.24, 40.8, 1.7973
FILLER_0_10_245, 124.24, 40.8, 1.7973
FILLER_0_12_265, 124.24, 40.8, 1.7973
_07041_, 137.04, 40.8, 1.79729
_12212_, 137.04, 40.8, 1.79729
_12552_, 137.04, 40.8, 1.79729
_12553_, 137.04, 40.8, 1.79729
_14762_, 137.04, 40.8, 1.79729
ANTENNA__07041__B1, 137.04, 40.8, 1.79729
FILLER_0_10_277, 137.04, 40.8, 1.79729
FILLER_0_11_277, 137.04, 40.8, 1.79729
_07091_, 149.84, 40.8, 1.79729
_12006_, 149.84, 40.8, 1.79729
_12554_, 149.84, 40.8, 1.79729
_14923_, 149.84, 40.8, 1.79729
ANTENNA__12554__S, 149.84, 40.8, 1.79729
ANTENNA__12554__A0, 149.84, 40.8, 1.79729
ANTENNA__07091__A2, 149.84, 40.8, 1.79729
ANTENNA__07091__B1, 149.84, 40.8, 1.79729
FILLER_0_11_324, 149.84, 40.8, 1.79729
_14665_, 162.64, 40.8, 1.79729
_14953_, 162.64, 40.8, 1.79729
ANTENNA__12618__A1, 162.64, 40.8, 1.79729
FILLER_0_11_353, 162.64, 40.8, 1.79729
FILLER_0_12_353, 162.64, 40.8, 1.79729
_11502_, 188.24, 40.8, 1.79725
_12691_, 188.24, 40.8, 1.79725
_14443_, 188.24, 40.8, 1.79725
_14987_, 188.24, 40.8, 1.79725
ANTENNA__11500__A1, 188.24, 40.8, 1.79725
ANTENNA__11502__A1, 188.24, 40.8, 1.79725
ANTENNA__11502__S, 188.24, 40.8, 1.79725
ANTENNA__11500__S, 188.24, 40.8, 1.79725
ANTENNA__12208__A1, 188.24, 40.8, 1.79725
FILLER_0_12_398, 188.24, 40.8, 1.79725
FILLER_0_12_410, 188.24, 40.8, 1.79725
_06932_, 201.04, 40.8, 1.79722
_07127_, 201.04, 40.8, 1.79722
_11494_, 201.04, 40.8, 1.79722
_12682_, 201.04, 40.8, 1.79722
_12683_, 201.04, 40.8, 1.79722
_14983_, 201.04, 40.8, 1.79722
ANTENNA__12690__A1, 201.04, 40.8, 1.79722
FILLER_0_10_421, 201.04, 40.8, 1.79722
FILLER_0_11_416, 201.04, 40.8, 1.79722
_07028_, 213.84, 40.8, 1.79719
ANTENNA__07028__A2, 213.84, 40.8, 1.79719
ANTENNA__06931__A2, 213.84, 40.8, 1.79719
ANTENNA__06931__B1, 213.84, 40.8, 1.79719
ANTENNA__11630__S, 213.84, 40.8, 1.79719
_06931_, 226.64, 40.8, 1.79717
_11095_, 226.64, 40.8, 1.79717
_14251_, 226.64, 40.8, 1.79717
ANTENNA__07028__B1, 226.64, 40.8, 1.79717
ANTENNA__11630__A1, 226.64, 40.8, 1.79717
ANTENNA__11562__A1, 226.64, 40.8, 1.79717
ANTENNA__11094__S, 226.64, 40.8, 1.79717
FILLER_0_10_477, 226.64, 40.8, 1.79717
FILLER_0_11_473, 226.64, 40.8, 1.79717
FILLER_0_12_485, 226.64, 40.8, 1.79717
_06588_, 239.44, 40.8, 1.79715
_09281_, 239.44, 40.8, 1.79715
_09284_, 239.44, 40.8, 1.79715
_09293_, 239.44, 40.8, 1.79715
_12758_, 239.44, 40.8, 1.79715
_12759_, 239.44, 40.8, 1.79715
ANTENNA__09281__A, 239.44, 40.8, 1.79715
ANTENNA__09284__A, 239.44, 40.8, 1.79715
ANTENNA__09293__A, 239.44, 40.8, 1.79715
FILLER_0_11_498, 239.44, 40.8, 1.79715
_06595_, 252.24, 40.8, 1.79714
_06596_, 252.24, 40.8, 1.79714
_11699_, 252.24, 40.8, 1.79714
_11707_, 252.24, 40.8, 1.79714
_12278_, 252.24, 40.8, 1.79714
_14537_, 252.24, 40.8, 1.79714
_14793_, 252.24, 40.8, 1.79714
ANTENNA__06595__S, 252.24, 40.8, 1.79714
ANTENNA__12278__A0, 252.24, 40.8, 1.79714
_06900_, 265.04, 40.8, 1.79714
_11706_, 265.04, 40.8, 1.79714
_13543_, 265.04, 40.8, 1.79714
_13544_, 265.04, 40.8, 1.79714
ANTENNA__06999__A2, 265.04, 40.8, 1.79714
ANTENNA__06999__B1, 265.04, 40.8, 1.79714
FILLER_0_11_570, 265.04, 40.8, 1.79714
_06908_, 277.84, 40.8, 1.79715
_06958_, 277.84, 40.8, 1.79715
_09522_, 277.84, 40.8, 1.79715
_09529_, 277.84, 40.8, 1.79715
ANTENNA__06900__B1, 277.84, 40.8, 1.79715
ANTENNA__06899__A2, 277.84, 40.8, 1.79715
ANTENNA__09521__A0, 277.84, 40.8, 1.79715
ANTENNA__11706__S, 277.84, 40.8, 1.79715
_07152_, 290.64, 40.8, 1.79717
_09528_, 290.64, 40.8, 1.79717
_12420_, 290.64, 40.8, 1.79717
_12421_, 290.64, 40.8, 1.79717
_13547_, 290.64, 40.8, 1.79717
ANTENNA__09529__A0, 290.64, 40.8, 1.79717
ANTENNA_4, 290.64, 40.8, 1.79717
FILLER_0_12_627, 290.64, 40.8, 1.79717
_07104_, 303.44, 40.8, 1.7972
_10991_, 303.44, 40.8, 1.7972
_12419_, 303.44, 40.8, 1.7972
_14216_, 303.44, 40.8, 1.7972
clkbuf_leaf_129_wclk, 303.44, 40.8, 1.7972
FILLER_0_10_641, 303.44, 40.8, 1.7972
FILLER_0_10_645, 303.44, 40.8, 1.7972
_06959_, 316.24, 40.8, 1.79725
_11224_, 316.24, 40.8, 1.79725
_11292_, 316.24, 40.8, 1.79725
_14344_, 316.24, 40.8, 1.79725
ANTENNA__11224__A1, 316.24, 40.8, 1.79725
ANTENNA__11292__S, 316.24, 40.8, 1.79725
_10000_, 341.84, 40.8, 1.79731
_11165_, 341.84, 40.8, 1.79731
_13767_, 341.84, 40.8, 1.79731
_14284_, 341.84, 40.8, 1.79731
ANTENNA__11934__A1, 341.84, 40.8, 1.79731
FILLER_0_12_734, 341.84, 40.8, 1.79731
_11942_, 354.64, 40.8, 1.79732
_11944_, 354.64, 40.8, 1.79732
_14636_, 354.64, 40.8, 1.79732
ANTENNA__07146__A2, 354.64, 40.8, 1.79732
ANTENNA__07098__A2, 354.64, 40.8, 1.79732
ANTENNA__07146__B1, 354.64, 40.8, 1.79732
ANTENNA__07098__B1, 354.64, 40.8, 1.79732
ANTENNA__11164__A1, 354.64, 40.8, 1.79732
ANTENNA__11942__A1, 354.64, 40.8, 1.79732
ANTENNA__11942__S, 354.64, 40.8, 1.79732
FILLER_0_11_764, 354.64, 40.8, 1.79732
_10008_, 367.44, 40.8, 1.79733
_10009_, 367.44, 40.8, 1.79733
_10010_, 367.44, 40.8, 1.79733
_11940_, 367.44, 40.8, 1.79733
ANTENNA__07146__A3, 367.44, 40.8, 1.79733
ANTENNA__10007__A0, 367.44, 40.8, 1.79733
ANTENNA__10009__S, 367.44, 40.8, 1.79733
ANTENNA__10007__S, 367.44, 40.8, 1.79733
ANTENNA__11940__S, 367.44, 40.8, 1.79733
FILLER_0_10_802, 380.24, 40.8, 1.79734
FILLER_0_11_833, 393.04, 40.8, 1.79736
FILLER_0_10_861, 405.84, 40.8, 1.79737
FILLER_0_11_889, 418.64, 40.8, 1.79738
FILLER_0_10_917, 431.44, 40.8, 1.7974
FILLER_0_11_945, 444.24, 40.8, 1.79741
FILLER_0_10_973, 457.04, 40.8, 1.79743
FILLER_0_11_1001, 469.84, 40.8, 1.79744
PHY_16, 5.52, 35.36, 1.79743
PHY_18, 5.52, 35.36, 1.79743
PHY_17, 494.04, 35.36, 1.79745
PHY_19, 494.04, 35.36, 1.79745
FILLER_0_9_51, 34.64, 35.36, 1.79742
FILLER_0_10_77, 34.64, 35.36, 1.79742
FILLER_0_9_105, 47.44, 35.36, 1.7974
FILLER_0_8_133, 73.04, 35.36, 1.79738
FILLER_0_9_161, 85.84, 35.36, 1.79736
FILLER_0_8_189, 98.64, 35.36, 1.79735
FILLER_0_9_217, 111.44, 35.36, 1.79733
FILLER_0_8_245, 124.24, 35.36, 1.79732
_12213_, 137.04, 35.36, 1.7973
_12215_, 137.04, 35.36, 1.7973
_14763_, 137.04, 35.36, 1.7973
ANTENNA__12552__S, 137.04, 35.36, 1.7973
FILLER_0_9_273, 137.04, 35.36, 1.7973
_06600_, 149.84, 35.36, 1.7973
_12214_, 149.84, 35.36, 1.7973
_12555_, 149.84, 35.36, 1.7973
ANTENNA__12212__A1, 149.84, 35.36, 1.7973
ANTENNA__12214__S, 149.84, 35.36, 1.7973
ANTENNA__12212__S, 149.84, 35.36, 1.7973
ANTENNA__06600__A, 149.84, 35.36, 1.7973
FILLER_0_8_301, 149.84, 35.36, 1.7973
FILLER_0_9_327, 149.84, 35.36, 1.7973
_07031_, 162.64, 35.36, 1.79729
_12614_, 162.64, 35.36, 1.79729
ANTENNA__12614__S, 162.64, 35.36, 1.79729
ANTENNA__12006__S, 162.64, 35.36, 1.79729
ANTENNA__12002__S, 162.64, 35.36, 1.79729
FILLER_0_9_341, 162.64, 35.36, 1.79729
FILLER_0_9_352, 162.64, 35.36, 1.79729
FILLER_0_10_346, 162.64, 35.36, 1.79729
_11500_, 188.24, 35.36, 1.79721
_12689_, 188.24, 35.36, 1.79721
_12690_, 188.24, 35.36, 1.79721
clkbuf_leaf_159_wclk, 188.24, 35.36, 1.79721
_07130_, 201.04, 35.36, 1.79716
_14439_, 201.04, 35.36, 1.79716
clkbuf_leaf_158_wclk, 201.04, 35.36, 1.79716
ANTENNA__12682__S, 201.04, 35.36, 1.79716
ANTENNA__07127__A2, 201.04, 35.36, 1.79716
ANTENNA__07127__B1, 201.04, 35.36, 1.79716
ANTENNA__11494__S, 201.04, 35.36, 1.79716
FILLER_0_9_416, 201.04, 35.36, 1.79716
FILLER_0_10_428, 201.04, 35.36, 1.79716
_06936_, 213.84, 35.36, 1.79714
_11563_, 213.84, 35.36, 1.79714
_11630_, 213.84, 35.36, 1.79714
_11631_, 213.84, 35.36, 1.79714
_12685_, 213.84, 35.36, 1.79714
_14503_, 213.84, 35.36, 1.79714
ANTENNA__12684__S, 213.84, 35.36, 1.79714
ANTENNA__12684__A1, 213.84, 35.36, 1.79714
ANTENNA_clkbuf_leaf_158_wclk_A, 213.84, 35.36, 1.79714
FILLER_0_8_451, 213.84, 35.36, 1.79714
_07128_, 226.64, 35.36, 1.79713
_11087_, 226.64, 35.36, 1.79713
_11094_, 226.64, 35.36, 1.79713
_11562_, 226.64, 35.36, 1.79713
_14247_, 226.64, 35.36, 1.79713
_15019_, 226.64, 35.36, 1.79713
ANTENNA__07128__B1, 226.64, 35.36, 1.79713
ANTENNA__11094__A1, 226.64, 35.36, 1.79713
FILLER_0_8_470, 226.64, 35.36, 1.79713
FILLER_0_9_485, 226.64, 35.36, 1.79713
_06934_, 239.44, 35.36, 1.79713
_10987_, 239.44, 35.36, 1.79713
_12750_, 239.44, 35.36, 1.79713
_12751_, 239.44, 35.36, 1.79713
_15015_, 239.44, 35.36, 1.79713
ANTENNA__06934__A3, 239.44, 35.36, 1.79713
ANTENNA__06588__A, 239.44, 35.36, 1.79713
ANTENNA__12758__A1, 239.44, 35.36, 1.79713
FILLER_0_8_495, 239.44, 35.36, 1.79713
FILLER_0_10_517, 239.44, 35.36, 1.79713
_06998_, 252.24, 35.36, 1.79714
_12279_, 252.24, 35.36, 1.79714
_13021_, 252.24, 35.36, 1.79714
ANTENNA__10987__A, 252.24, 35.36, 1.79714
FILLER_0_8_524, 252.24, 35.36, 1.79714
FILLER_0_9_544, 252.24, 35.36, 1.79714
_06877_, 265.04, 35.36, 1.79715
_09519_, 265.04, 35.36, 1.79715
_09520_, 265.04, 35.36, 1.79715
_12410_, 265.04, 35.36, 1.79715
ANTENNA__06998__B, 265.04, 35.36, 1.79715
ANTENNA__06998__C, 265.04, 35.36, 1.79715
ANTENNA__06877__A2, 265.04, 35.36, 1.79715
ANTENNA__11706__A1, 265.04, 35.36, 1.79715
ANTENNA_15, 265.04, 35.36, 1.79715
FILLER_0_8_553, 265.04, 35.36, 1.79715
FILLER_0_10_572, 265.04, 35.36, 1.79715
_09530_, 277.84, 35.36, 1.79717
_12412_, 277.84, 35.36, 1.79717
_12413_, 277.84, 35.36, 1.79717
_13548_, 277.84, 35.36, 1.79717
_14860_, 277.84, 35.36, 1.79717
ANTENNA__06958__B1, 277.84, 35.36, 1.79717
ANTENNA__09519__A0, 277.84, 35.36, 1.79717
_12418_, 290.64, 35.36, 1.7972
_14859_, 290.64, 35.36, 1.7972
ANTENNA__12420__S, 290.64, 35.36, 1.7972
ANTENNA__12410__S, 290.64, 35.36, 1.7972
ANTENNA__07152__A2, 290.64, 35.36, 1.7972
ANTENNA__09529__S, 290.64, 35.36, 1.7972
ANTENNA__12420__A1, 290.64, 35.36, 1.7972
FILLER_0_8_618, 290.64, 35.36, 1.7972
_10989_, 303.44, 35.36, 1.79723
_10992_, 303.44, 35.36, 1.79723
_14312_, 303.44, 35.36, 1.79723
ANTENNA__07104__B1, 303.44, 35.36, 1.79723
ANTENNA__06907__A2, 303.44, 35.36, 1.79723
ANTENNA__12418__A1, 303.44, 35.36, 1.79723
ANTENNA__11712__A1, 303.44, 35.36, 1.79723
ANTENNA__11702__A, 303.44, 35.36, 1.79723
FILLER_0_8_639, 303.44, 35.36, 1.79723
FILLER_0_8_645, 303.44, 35.36, 1.79723
FILLER_0_9_644, 303.44, 35.36, 1.79723
_06907_, 316.24, 35.36, 1.79727
_11291_, 316.24, 35.36, 1.79727
_11702_, 316.24, 35.36, 1.79727
_14311_, 316.24, 35.36, 1.79727
ANTENNA__06907__B1, 316.24, 35.36, 1.79727
ANTENNA__06959__B1, 316.24, 35.36, 1.79727
ANTENNA__06959__C1, 316.24, 35.36, 1.79727
ANTENNA__11292__A1, 316.24, 35.36, 1.79727
ANTENNA__11224__S, 316.24, 35.36, 1.79727
FILLER_0_9_669, 316.24, 35.36, 1.79727
FILLER_0_9_685, 316.24, 35.36, 1.79727
_09664_, 341.84, 35.36, 1.79732
_11711_, 341.84, 35.36, 1.79732
_11943_, 341.84, 35.36, 1.79732
_11945_, 341.84, 35.36, 1.79732
ANTENNA__09656__A0, 341.84, 35.36, 1.79732
ANTENNA__09664__A0, 341.84, 35.36, 1.79732
ANTENNA__09664__S, 341.84, 35.36, 1.79732
ANTENNA__11944__A1, 341.84, 35.36, 1.79732
ANTENNA__11944__S, 341.84, 35.36, 1.79732
ANTENNA__11934__S, 341.84, 35.36, 1.79732
ANTENNA__11711__A, 341.84, 35.36, 1.79732
FILLER_0_9_733, 341.84, 35.36, 1.79732
_14634_, 354.64, 35.36, 1.79732
_14635_, 354.64, 35.36, 1.79732
FILLER_0_8_748, 354.64, 35.36, 1.79732
FILLER_0_8_757, 354.64, 35.36, 1.79732
ANTENNA__11940__A1, 367.44, 35.36, 1.79734
ANTENNA__09290__A, 380.24, 35.36, 1.79735
FILLER_0_8_807, 380.24, 35.36, 1.79735
FILLER_0_9_833, 393.04, 35.36, 1.79736
FILLER_0_8_861, 405.84, 35.36, 1.79737
FILLER_0_9_889, 418.64, 35.36, 1.79739
FILLER_0_8_917, 431.44, 35.36, 1.7974
FILLER_0_9_945, 444.24, 35.36, 1.79741
FILLER_0_8_973, 457.04, 35.36, 1.79743
FILLER_0_9_1001, 469.84, 35.36, 1.79744
PHY_12, 5.52, 29.92, 1.79743
PHY_14, 5.52, 29.92, 1.79743
PHY_13, 494.04, 29.92, 1.79744
PHY_15, 494.04, 29.92, 1.79744
FILLER_0_7_51, 34.64, 29.92, 1.79742
FILLER_0_8_77, 34.64, 29.92, 1.79742
FILLER_0_7_105, 47.44, 29.92, 1.79741
FILLER_0_6_133, 73.04, 29.92, 1.79738
FILLER_0_7_161, 85.84, 29.92, 1.79737
FILLER_0_6_189, 98.64, 29.92, 1.79736
FILLER_0_7_217, 111.44, 29.92, 1.79735
FILLER_0_6_245, 124.24, 29.92, 1.79734
FILLER_0_7_273, 137.04, 29.92, 1.79733
_12003_, 149.84, 29.92, 1.79732
_14663_, 149.84, 29.92, 1.79732
ANTENNA__12214__A1, 149.84, 29.92, 1.79732
FILLER_0_6_301, 149.84, 29.92, 1.79732
FILLER_0_7_317, 149.84, 29.92, 1.79732
FILLER_0_7_327, 149.84, 29.92, 1.79732
FILLER_0_8_317, 149.84, 29.92, 1.79732
_06935_, 162.64, 29.92, 1.79731
_12002_, 162.64, 29.92, 1.79731
_12615_, 162.64, 29.92, 1.79731
_14955_, 162.64, 29.92, 1.79731
ANTENNA__12002__A0, 162.64, 29.92, 1.79731
ANTENNA__06935__B1, 162.64, 29.92, 1.79731
ANTENNA__12614__A1, 162.64, 29.92, 1.79731
_11504_, 188.24, 29.92, 1.79728
_12688_, 188.24, 29.92, 1.79728
_12693_, 188.24, 29.92, 1.79728
_14986_, 188.24, 29.92, 1.79728
ANTENNA__11504__S, 188.24, 29.92, 1.79728
ANTENNA__12692__A1, 188.24, 29.92, 1.79728
FILLER_0_6_385, 188.24, 29.92, 1.79728
_11496_, 201.04, 29.92, 1.79726
_11497_, 201.04, 29.92, 1.79726
_12684_, 201.04, 29.92, 1.79726
_14984_, 201.04, 29.92, 1.79726
ANTENNA__12690__S, 201.04, 29.92, 1.79726
ANTENNA__11496__S, 201.04, 29.92, 1.79726
ANTENNA__12688__A1, 201.04, 29.92, 1.79726
_06981_, 213.84, 29.92, 1.79725
_14471_, 213.84, 29.92, 1.79725
ANTENNA__06981__A2, 213.84, 29.92, 1.79725
ANTENNA__06981__B1, 213.84, 29.92, 1.79725
ANTENNA__11562__S, 213.84, 29.92, 1.79725
FILLER_0_7_456, 213.84, 29.92, 1.79725
_11086_, 226.64, 29.92, 1.79724
ANTENNA__07175__B1, 226.64, 29.92, 1.79724
ANTENNA__06982__B1, 226.64, 29.92, 1.79724
ANTENNA__07175__A2, 226.64, 29.92, 1.79724
ANTENNA__06982__A2, 226.64, 29.92, 1.79724
ANTENNA__06934__A2, 226.64, 29.92, 1.79724
ANTENNA__11086__A1, 226.64, 29.92, 1.79724
ANTENNA__11086__S, 226.64, 29.92, 1.79724
FILLER_0_6_477, 226.64, 29.92, 1.79724
FILLER_0_7_493, 226.64, 29.92, 1.79724
_09296_, 239.44, 29.92, 1.79723
_12757_, 239.44, 29.92, 1.79723
ANTENNA__12750__S, 239.44, 29.92, 1.79723
ANTENNA__07175__A3, 239.44, 29.92, 1.79723
ANTENNA__07128__A3, 239.44, 29.92, 1.79723
ANTENNA__07128__A2, 239.44, 29.92, 1.79723
ANTENNA__12750__A1, 239.44, 29.92, 1.79723
ANTENNA__09296__A, 239.44, 29.92, 1.79723
FILLER_0_7_509, 239.44, 29.92, 1.79723
FILLER_0_7_514, 239.44, 29.92, 1.79723
FILLER_0_7_522, 239.44, 29.92, 1.79723
_06589_, 252.24, 29.92, 1.79722
_06590_, 252.24, 29.92, 1.79722
_06876_, 252.24, 29.92, 1.79722
_14791_, 252.24, 29.92, 1.79722
ANTENNA__06589__S, 252.24, 29.92, 1.79722
ANTENNA__06589__A1, 252.24, 29.92, 1.79722
ANTENNA__06591__A, 252.24, 29.92, 1.79722
ANTENNA__11708__A, 252.24, 29.92, 1.79722
FILLER_0_7_544, 252.24, 29.92, 1.79722
FILLER_0_8_545, 252.24, 29.92, 1.79722
_11700_, 265.04, 29.92, 1.79723
_12411_, 265.04, 29.92, 1.79723
_14855_, 265.04, 29.92, 1.79723
_14856_, 265.04, 29.92, 1.79723
ANTENNA__06876__B, 265.04, 29.92, 1.79723
ANTENNA__06876__C, 265.04, 29.92, 1.79723
ANTENNA__09519__S, 265.04, 29.92, 1.79723
ANTENNA__11700__A1, 265.04, 29.92, 1.79723
ANTENNA__12412__S, 277.84, 29.92, 1.79724
ANTENNA__06601__S, 277.84, 29.92, 1.79724
ANTENNA__07096__C, 277.84, 29.92, 1.79724
ANTENNA__06958__A2, 277.84, 29.92, 1.79724
ANTENNA__06900__A2, 277.84, 29.92, 1.79724
ANTENNA__12412__A1, 277.84, 29.92, 1.79724
FILLER_0_6_580, 277.84, 29.92, 1.79724
FILLER_0_6_589, 277.84, 29.92, 1.79724
_07096_, 290.64, 29.92, 1.79725
_07097_, 290.64, 29.92, 1.79725
_11712_, 290.64, 29.92, 1.79725
_12282_, 290.64, 29.92, 1.79725
_12283_, 290.64, 29.92, 1.79725
ANTENNA__12282__S, 290.64, 29.92, 1.79725
ANTENNA__12418__S, 290.64, 29.92, 1.79725
ANTENNA__07096__B, 290.64, 29.92, 1.79725
ANTENNA__07097__A2, 290.64, 29.92, 1.79725
ANTENNA__07097__B1, 290.64, 29.92, 1.79725
_10988_, 303.44, 29.92, 1.79727
_11713_, 303.44, 29.92, 1.79727
_14215_, 303.44, 29.92, 1.79727
ANTENNA__10988__S, 303.44, 29.92, 1.79727
ANTENNA__10988__A1, 303.44, 29.92, 1.79727
ANTENNA__11712__S, 303.44, 29.92, 1.79727
ANTENNA_clkbuf_leaf_130_wclk_A, 303.44, 29.92, 1.79727
FILLER_0_6_645, 303.44, 29.92, 1.79727
FILLER_0_7_642, 303.44, 29.92, 1.79727
_11222_, 316.24, 29.92, 1.79729
_11223_, 316.24, 29.92, 1.79729
_11290_, 316.24, 29.92, 1.79729
_14343_, 316.24, 29.92, 1.79729
ANTENNA__07106__A2, 316.24, 29.92, 1.79729
ANTENNA__07154__B1, 316.24, 29.92, 1.79729
ANTENNA__11003__S, 316.24, 29.92, 1.79729
ANTENNA__11222__S, 316.24, 29.92, 1.79729
FILLER_0_7_682, 316.24, 29.92, 1.79729
_09665_, 341.84, 29.92, 1.79732
_09667_, 341.84, 29.92, 1.79732
_13611_, 341.84, 29.92, 1.79732
ANTENNA__09666__A0, 341.84, 29.92, 1.79732
ANTENNA__09666__S, 341.84, 29.92, 1.79732
_11941_, 354.64, 29.92, 1.79733
ANTENNA__11002__A, 354.64, 29.92, 1.79733
FILLER_0_6_748, 354.64, 29.92, 1.79733
FILLER_0_8_765, 354.64, 29.92, 1.79733
_09290_, 367.44, 29.92, 1.79734
FILLER_0_7_779, 367.44, 29.92, 1.79734
FILLER_0_6_805, 380.24, 29.92, 1.79735
FILLER_0_7_833, 393.04, 29.92, 1.79736
FILLER_0_6_861, 405.84, 29.92, 1.79737
FILLER_0_7_889, 418.64, 29.92, 1.79739
FILLER_0_6_917, 431.44, 29.92, 1.7974
FILLER_0_7_945, 444.24, 29.92, 1.79741
FILLER_0_6_973, 457.04, 29.92, 1.79742
FILLER_0_7_1001, 469.84, 29.92, 1.79743
PHY_8, 5.52, 24.48, 1.79742
PHY_10, 5.52, 24.48, 1.79742
output61, 5.52, 24.48, 1.79742
ANTENNA_output61_A, 5.52, 24.48, 1.79742
PHY_9, 494.04, 24.48, 1.79744
PHY_11, 494.04, 24.48, 1.79744
output40, 494.04, 24.48, 1.79744
ANTENNA_output40_A, 494.04, 24.48, 1.79744
FILLER_0_6_22, 13.68, 24.48, 1.79742
FILLER_0_5_51, 34.64, 24.48, 1.79741
FILLER_0_6_77, 34.64, 24.48, 1.79741
FILLER_0_5_105, 47.44, 24.48, 1.7974
FILLER_0_4_133, 73.04, 24.48, 1.79737
FILLER_0_5_161, 85.84, 24.48, 1.79736
FILLER_0_4_189, 98.64, 24.48, 1.79734
FILLER_0_5_217, 111.44, 24.48, 1.79733
FILLER_0_4_245, 124.24, 24.48, 1.79732
FILLER_0_5_273, 137.04, 24.48, 1.7973
_14667_, 149.84, 24.48, 1.79729
_14951_, 149.84, 24.48, 1.79729
ANTENNA__12010__A0, 149.84, 24.48, 1.79729
ANTENNA__12012__A0, 149.84, 24.48, 1.79729
ANTENNA__07081__A2, 149.84, 24.48, 1.79729
FILLER_0_4_301, 149.84, 24.48, 1.79729
FILLER_0_4_309, 149.84, 24.48, 1.79729
_07081_, 162.64, 24.48, 1.79729
_12008_, 162.64, 24.48, 1.79729
_12010_, 162.64, 24.48, 1.79729
_12012_, 162.64, 24.48, 1.79729
_12623_, 162.64, 24.48, 1.79729
ANTENNA__07129__B1, 162.64, 24.48, 1.79729
FILLER_0_4_339, 162.64, 24.48, 1.79729
FILLER_0_5_346, 162.64, 24.48, 1.79729
FILLER_0_6_350, 162.64, 24.48, 1.79729
_07079_, 188.24, 24.48, 1.79723
_07174_, 188.24, 24.48, 1.79723
_12692_, 188.24, 24.48, 1.79723
_14988_, 188.24, 24.48, 1.79723
ANTENNA__12624__S, 188.24, 24.48, 1.79723
ANTENNA__07174__A2, 188.24, 24.48, 1.79723
ANTENNA__07174__B1, 188.24, 24.48, 1.79723
ANTENNA__11568__A1, 188.24, 24.48, 1.79723
ANTENNA__11568__S, 188.24, 24.48, 1.79723
FILLER_0_4_384, 188.24, 24.48, 1.79723
FILLER_0_5_386, 188.24, 24.48, 1.79723
_07082_, 201.04, 24.48, 1.79718
_14440_, 201.04, 24.48, 1.79718
ANTENNA__07079__A2, 201.04, 24.48, 1.79718
ANTENNA__07079__B1, 201.04, 24.48, 1.79718
ANTENNA__07126__A2, 201.04, 24.48, 1.79718
ANTENNA__07126__B1, 201.04, 24.48, 1.79718
ANTENNA__11496__A1, 201.04, 24.48, 1.79718
ANTENNA__11504__A1, 201.04, 24.48, 1.79718
FILLER_0_4_421, 201.04, 24.48, 1.79718
FILLER_0_5_430, 201.04, 24.48, 1.79718
FILLER_0_5_436, 201.04, 24.48, 1.79718
_06984_, 213.84, 24.48, 1.79714
_07177_, 213.84, 24.48, 1.79714
_11565_, 213.84, 24.48, 1.79714
ANTENNA__07173__A2, 213.84, 24.48, 1.79714
ANTENNA__11564__A1, 213.84, 24.48, 1.79714
ANTENNA__11572__A1, 213.84, 24.48, 1.79714
ANTENNA__11564__S, 213.84, 24.48, 1.79714
ANTENNA__11632__S, 213.84, 24.48, 1.79714
FILLER_0_4_444, 213.84, 24.48, 1.79714
FILLER_0_5_457, 213.84, 24.48, 1.79714
FILLER_0_6_465, 213.84, 24.48, 1.79714
_06982_, 226.64, 24.48, 1.7971
_07175_, 226.64, 24.48, 1.7971
_11093_, 226.64, 24.48, 1.7971
_14250_, 226.64, 24.48, 1.7971
ANTENNA__12756__S, 226.64, 24.48, 1.7971
ANTENNA__06982__A3, 226.64, 24.48, 1.7971
ANTENNA__07080__B1, 226.64, 24.48, 1.7971
ANTENNA__11092__A1, 226.64, 24.48, 1.7971
FILLER_0_4_477, 226.64, 24.48, 1.7971
FILLER_0_5_469, 226.64, 24.48, 1.7971
_07080_, 239.44, 24.48, 1.79708
_11708_, 239.44, 24.48, 1.79708
_15018_, 239.44, 24.48, 1.79708
clkbuf_leaf_157_wclk, 239.44, 24.48, 1.79708
ANTENNA__07080__A3, 239.44, 24.48, 1.79708
_06591_, 252.24, 24.48, 1.79708
_06592_, 252.24, 24.48, 1.79708
_12274_, 252.24, 24.48, 1.79708
_12275_, 252.24, 24.48, 1.79708
_13019_, 252.24, 24.48, 1.79708
_14535_, 252.24, 24.48, 1.79708
FILLER_0_4_529, 252.24, 24.48, 1.79708
_06951_, 265.04, 24.48, 1.79709
_11701_, 265.04, 24.48, 1.79709
ANTENNA__12274__S, 265.04, 24.48, 1.79709
ANTENNA__06950__B, 265.04, 24.48, 1.79709
ANTENNA__07144__C, 265.04, 24.48, 1.79709
ANTENNA__06951__A2, 265.04, 24.48, 1.79709
ANTENNA__06951__B1, 265.04, 24.48, 1.79709
ANTENNA__06877__B1, 265.04, 24.48, 1.79709
ANTENNA__11700__S, 265.04, 24.48, 1.79709
ANTENNA__12410__A1, 265.04, 24.48, 1.79709
FILLER_0_5_557, 265.04, 24.48, 1.79709
FILLER_0_5_565, 265.04, 24.48, 1.79709
FILLER_0_5_578, 265.04, 24.48, 1.79709
FILLER_0_6_570, 265.04, 24.48, 1.79709
_06599_, 277.84, 24.48, 1.7971
_06601_, 277.84, 24.48, 1.7971
_07145_, 277.84, 24.48, 1.7971
_13023_, 277.84, 24.48, 1.7971
ANTENNA__06601__A1, 277.84, 24.48, 1.7971
ANTENNA__07145__A2, 277.84, 24.48, 1.7971
ANTENNA__07145__B1, 277.84, 24.48, 1.7971
FILLER_0_4_589, 277.84, 24.48, 1.7971
_14539_, 290.64, 24.48, 1.79712
_14795_, 290.64, 24.48, 1.79712
clkbuf_leaf_130_wclk, 290.64, 24.48, 1.79712
ANTENNA__12282__A0, 290.64, 24.48, 1.79712
ANTENNA__07046__C, 290.64, 24.48, 1.79712
FILLER_0_4_612, 290.64, 24.48, 1.79712
_07106_, 303.44, 24.48, 1.79718
_07154_, 303.44, 24.48, 1.79718
_11000_, 303.44, 24.48, 1.79718
_11003_, 303.44, 24.48, 1.79718
_11004_, 303.44, 24.48, 1.79718
_14220_, 303.44, 24.48, 1.79718
ANTENNA__07154__A2, 303.44, 24.48, 1.79718
FILLER_0_4_635, 303.44, 24.48, 1.79718
FILLER_0_4_641, 303.44, 24.48, 1.79718
_07055_, 316.24, 24.48, 1.79724
_07056_, 316.24, 24.48, 1.79724
_10998_, 316.24, 24.48, 1.79724
ANTENNA__07106__B1, 316.24, 24.48, 1.79724
ANTENNA__11222__A1, 316.24, 24.48, 1.79724
ANTENNA__11003__A1, 316.24, 24.48, 1.79724
FILLER_0_5_681, 316.24, 24.48, 1.79724
_09662_, 341.84, 24.48, 1.7973
_10996_, 341.84, 24.48, 1.7973
_13610_, 341.84, 24.48, 1.7973
ANTENNA__07153__A2, 341.84, 24.48, 1.7973
ANTENNA__07105__C1, 341.84, 24.48, 1.7973
FILLER_0_5_737, 341.84, 24.48, 1.7973
_11002_, 354.64, 24.48, 1.79732
ANTENNA__10996__A, 354.64, 24.48, 1.79732
FILLER_0_4_747, 354.64, 24.48, 1.79732
FILLER_0_5_780, 367.44, 24.48, 1.79733
FILLER_0_4_805, 380.24, 24.48, 1.79734
FILLER_0_5_833, 393.04, 24.48, 1.79735
FILLER_0_4_861, 405.84, 24.48, 1.79737
FILLER_0_5_889, 418.64, 24.48, 1.79738
FILLER_0_4_917, 431.44, 24.48, 1.79739
FILLER_0_5_945, 444.24, 24.48, 1.7974
FILLER_0_4_973, 457.04, 24.48, 1.79741
FILLER_0_5_1001, 469.84, 24.48, 1.79743
PHY_4, 5.52, 19.04, 1.79742
PHY_6, 5.52, 19.04, 1.79742
PHY_5, 494.04, 19.04, 1.79744
PHY_7, 494.04, 19.04, 1.79744
FILLER_0_3_51, 34.64, 19.04, 1.7974
FILLER_0_4_77, 34.64, 19.04, 1.7974
FILLER_0_3_105, 47.44, 19.04, 1.79739
FILLER_0_2_133, 73.04, 19.04, 1.79736
FILLER_0_3_161, 85.84, 19.04, 1.79734
FILLER_0_2_189, 98.64, 19.04, 1.79733
FILLER_0_3_217, 111.44, 19.04, 1.79731
FILLER_0_2_245, 124.24, 19.04, 1.79729
FILLER_0_3_273, 137.04, 19.04, 1.79728
_12009_, 149.84, 19.04, 1.79726
_12011_, 149.84, 19.04, 1.79726
_14666_, 149.84, 19.04, 1.79726
ANTENNA__12008__A0, 149.84, 19.04, 1.79726
ANTENNA__12008__S, 149.84, 19.04, 1.79726
FILLER_0_2_301, 149.84, 19.04, 1.79726
FILLER_0_3_317, 149.84, 19.04, 1.79726
_12013_, 162.64, 19.04, 1.79725
_12620_, 162.64, 19.04, 1.79725
_12621_, 162.64, 19.04, 1.79725
_12625_, 162.64, 19.04, 1.79725
_14956_, 162.64, 19.04, 1.79725
clkbuf_leaf_160_wclk, 162.64, 19.04, 1.79725
ANTENNA__07176__B1, 162.64, 19.04, 1.79725
ANTENNA__12620__A1, 162.64, 19.04, 1.79725
ANTENNA__12010__S, 162.64, 19.04, 1.79725
FILLER_0_2_329, 162.64, 19.04, 1.79725
_07078_, 188.24, 19.04, 1.79722
_11568_, 188.24, 19.04, 1.79722
_11570_, 188.24, 19.04, 1.79722
_14474_, 188.24, 19.04, 1.79722
_14475_, 188.24, 19.04, 1.79722
ANTENNA__07078__A2, 188.24, 19.04, 1.79722
ANTENNA__12616__A1, 188.24, 19.04, 1.79722
FILLER_0_3_386, 188.24, 19.04, 1.79722
_07126_, 201.04, 19.04, 1.79719
_11572_, 201.04, 19.04, 1.79719
_11573_, 201.04, 19.04, 1.79719
_11636_, 201.04, 19.04, 1.79719
_11638_, 201.04, 19.04, 1.79719
_11640_, 201.04, 19.04, 1.79719
ANTENNA__11640__A1, 201.04, 19.04, 1.79719
ANTENNA__11572__S, 201.04, 19.04, 1.79719
_06980_, 213.84, 19.04, 1.79716
_07173_, 213.84, 19.04, 1.79716
_11564_, 213.84, 19.04, 1.79716
_11632_, 213.84, 19.04, 1.79716
_11633_, 213.84, 19.04, 1.79716
_14504_, 213.84, 19.04, 1.79716
ANTENNA__11092__S, 213.84, 19.04, 1.79716
FILLER_0_4_462, 213.84, 19.04, 1.79716
_11088_, 226.64, 19.04, 1.79714
_11089_, 226.64, 19.04, 1.79714
_11092_, 226.64, 19.04, 1.79714
_11097_, 226.64, 19.04, 1.79714
_12756_, 226.64, 19.04, 1.79714
_14252_, 226.64, 19.04, 1.79714
ANTENNA__11096__A1, 226.64, 19.04, 1.79714
ANTENNA__12756__A1, 226.64, 19.04, 1.79714
FILLER_0_2_468, 226.64, 19.04, 1.79714
_06597_, 239.44, 19.04, 1.79713
_12760_, 239.44, 19.04, 1.79713
_15020_, 239.44, 19.04, 1.79713
ANTENNA__06597__A, 239.44, 19.04, 1.79713
_06593_, 252.24, 19.04, 1.79713
_06604_, 252.24, 19.04, 1.79713
_06605_, 252.24, 19.04, 1.79713
_06950_, 252.24, 19.04, 1.79713
_12276_, 252.24, 19.04, 1.79713
_13024_, 252.24, 19.04, 1.79713
ANTENNA__06592__S, 252.24, 19.04, 1.79713
ANTENNA__12274__A0, 252.24, 19.04, 1.79713
ANTENNA__06592__A1, 252.24, 19.04, 1.79713
FILLER_0_4_546, 252.24, 19.04, 1.79713
_07144_, 265.04, 19.04, 1.79714
_11716_, 265.04, 19.04, 1.79714
_12285_, 265.04, 19.04, 1.79714
_14536_, 265.04, 19.04, 1.79714
_14796_, 265.04, 19.04, 1.79714
ANTENNA__12276__A0, 265.04, 19.04, 1.79714
ANTENNA__06950__C, 265.04, 19.04, 1.79714
_06598_, 277.84, 19.04, 1.79715
_06602_, 277.84, 19.04, 1.79715
_07046_, 277.84, 19.04, 1.79715
_11715_, 277.84, 19.04, 1.79715
_12280_, 277.84, 19.04, 1.79715
_13022_, 277.84, 19.04, 1.79715
ANTENNA__07144__B, 277.84, 19.04, 1.79715
FILLER_0_4_595, 277.84, 19.04, 1.79715
_07047_, 290.64, 19.04, 1.79718
ANTENNA__12280__S, 290.64, 19.04, 1.79718
ANTENNA__06598__S, 290.64, 19.04, 1.79718
ANTENNA__11715__A1, 290.64, 19.04, 1.79718
_10990_, 303.44, 19.04, 1.79721
_11001_, 303.44, 19.04, 1.79721
_11232_, 303.44, 19.04, 1.79721
_11233_, 303.44, 19.04, 1.79721
_14218_, 303.44, 19.04, 1.79721
_14219_, 303.44, 19.04, 1.79721
_14316_, 303.44, 19.04, 1.79721
ANTENNA__07047__B1, 303.44, 19.04, 1.79721
ANTENNA__11709__A1, 303.44, 19.04, 1.79721
_10997_, 316.24, 19.04, 1.79725
_11228_, 316.24, 19.04, 1.79725
_11297_, 316.24, 19.04, 1.79725
_11300_, 316.24, 19.04, 1.79725
_14314_, 316.24, 19.04, 1.79725
_14347_, 316.24, 19.04, 1.79725
ANTENNA__07056__B1, 316.24, 19.04, 1.79725
ANTENNA__11000__S, 316.24, 19.04, 1.79725
ANTENNA__11000__A1, 316.24, 19.04, 1.79725
ANTENNA__10990__A, 316.24, 19.04, 1.79725
_11714_, 341.84, 19.04, 1.79732
ANTENNA__07105__A2, 341.84, 19.04, 1.79732
ANTENNA__09662__A0, 341.84, 19.04, 1.79732
ANTENNA__09662__S, 341.84, 19.04, 1.79732
ANTENNA__11296__A1, 341.84, 19.04, 1.79732
ANTENNA__11714__A, 341.84, 19.04, 1.79732
FILLER_0_3_729, 341.84, 19.04, 1.79732
FILLER_0_4_738, 341.84, 19.04, 1.79732
FILLER_0_2_753, 354.64, 19.04, 1.79733
FILLER_0_3_777, 367.44, 19.04, 1.79734
FILLER_0_2_805, 380.24, 19.04, 1.79735
FILLER_0_3_833, 393.04, 19.04, 1.79736
FILLER_0_2_861, 405.84, 19.04, 1.79737
FILLER_0_3_889, 418.64, 19.04, 1.79738
FILLER_0_2_917, 431.44, 19.04, 1.7974
FILLER_0_3_945, 444.24, 19.04, 1.79741
FILLER_0_2_973, 457.04, 19.04, 1.79742
FILLER_0_3_1001, 469.84, 19.04, 1.79743
PHY_0, 5.52, 13.6, 1.79742
PHY_2, 5.52, 13.6, 1.79742
output47, 5.52, 13.6, 1.79742
ANTENNA_output47_A, 5.52, 13.6, 1.79742
PHY_1, 494.04, 13.6, 1.79743
PHY_3, 494.04, 13.6, 1.79743
output59, 494.04, 13.6, 1.79743
ANTENNA_output59_A, 494.04, 13.6, 1.79743
FILLER_0_0_22, 13.68, 13.6, 1.79742
ANTENNA_output54_A, 34.64, 13.6, 1.79741
FILLER_0_0_52, 34.64, 13.6, 1.79741
FILLER_0_1_51, 34.64, 13.6, 1.79741
FILLER_0_2_77, 34.64, 13.6, 1.79741
FILLER_0_0_81, 47.44, 13.6, 1.79739
FILLER_0_0_97, 47.44, 13.6, 1.79739
FILLER_0_0_105, 47.44, 13.6, 1.79739
FILLER_0_1_105, 47.44, 13.6, 1.79739
output53, 60.24, 13.6, 1.79738
ANTENNA_output53_A, 60.24, 13.6, 1.79738
FILLER_0_0_129, 60.24, 13.6, 1.79738
FILLER_0_0_137, 73.04, 13.6, 1.79737
FILLER_0_0_153, 73.04, 13.6, 1.79737
output62, 85.84, 13.6, 1.79735
ANTENNA_output62_A, 85.84, 13.6, 1.79735
FILLER_0_0_161, 85.84, 13.6, 1.79735
FILLER_0_0_185, 85.84, 13.6, 1.79735
FILLER_0_1_161, 85.84, 13.6, 1.79735
FILLER_0_0_193, 98.64, 13.6, 1.79734
input29, 111.44, 13.6, 1.79733
FILLER_0_0_221, 111.44, 13.6, 1.79733
FILLER_0_1_217, 111.44, 13.6, 1.79733
output63, 137.04, 13.6, 1.7973
FILLER_0_0_277, 137.04, 13.6, 1.7973
FILLER_0_0_281, 137.04, 13.6, 1.7973
FILLER_0_1_273, 137.04, 13.6, 1.7973
FILLER_0_0_305, 149.84, 13.6, 1.79729
FILLER_0_2_321, 149.84, 13.6, 1.79729
_14668_, 162.64, 13.6, 1.79728
_14954_, 162.64, 13.6, 1.79728
input18, 162.64, 13.6, 1.79728
ANTENNA__12620__S, 162.64, 13.6, 1.79728
FILLER_0_0_333, 162.64, 13.6, 1.79728
FILLER_0_0_337, 162.64, 13.6, 1.79728
FILLER_0_1_329, 162.64, 13.6, 1.79728
FILLER_0_1_353, 162.64, 13.6, 1.79728
_11569_, 188.24, 13.6, 1.79724
_11571_, 188.24, 13.6, 1.79724
_11637_, 188.24, 13.6, 1.79724
_14506_, 188.24, 13.6, 1.79724
_14507_, 188.24, 13.6, 1.79724
ANTENNA__11570__A1, 188.24, 13.6, 1.79724
ANTENNA__11570__S, 188.24, 13.6, 1.79724
ANTENNA_output57_A, 188.24, 13.6, 1.79724
FILLER_0_0_389, 188.24, 13.6, 1.79724
FILLER_0_0_393, 188.24, 13.6, 1.79724
FILLER_0_1_384, 188.24, 13.6, 1.79724
FILLER_0_1_400, 188.24, 13.6, 1.79724
_11639_, 201.04, 13.6, 1.79721
_14476_, 201.04, 13.6, 1.79721
_14508_, 201.04, 13.6, 1.79721
output57, 201.04, 13.6, 1.79721
ANTENNA__07078__B1, 201.04, 13.6, 1.79721
ANTENNA__11636__A1, 201.04, 13.6, 1.79721
ANTENNA__11638__A1, 201.04, 13.6, 1.79721
ANTENNA__11638__S, 201.04, 13.6, 1.79721
ANTENNA__11636__S, 201.04, 13.6, 1.79721
FILLER_0_0_421, 201.04, 13.6, 1.79721
FILLER_0_0_427, 201.04, 13.6, 1.79721
FILLER_0_0_438, 201.04, 13.6, 1.79721
FILLER_0_1_424, 201.04, 13.6, 1.79721
_11641_, 213.84, 13.6, 1.79718
_14472_, 213.84, 13.6, 1.79718
input17, 213.84, 13.6, 1.79718
ANTENNA__07173__B1, 213.84, 13.6, 1.79718
ANTENNA__06980__B1, 213.84, 13.6, 1.79718
ANTENNA__11640__S, 213.84, 13.6, 1.79718
FILLER_0_0_453, 213.84, 13.6, 1.79718
_11096_, 226.64, 13.6, 1.79717
_12752_, 226.64, 13.6, 1.79717
_14248_, 226.64, 13.6, 1.79717
ANTENNA__06980__A2, 226.64, 13.6, 1.79717
ANTENNA__07080__A2, 226.64, 13.6, 1.79717
ANTENNA__11632__A1, 226.64, 13.6, 1.79717
ANTENNA__11096__S, 226.64, 13.6, 1.79717
ANTENNA__11088__S, 226.64, 13.6, 1.79717
ANTENNA_clkbuf_leaf_157_wclk_A, 226.64, 13.6, 1.79717
FILLER_0_1_493, 226.64, 13.6, 1.79717
_12753_, 239.44, 13.6, 1.79716
_12761_, 239.44, 13.6, 1.79716
_15016_, 239.44, 13.6, 1.79716
ANTENNA__12760__S, 239.44, 13.6, 1.79716
ANTENNA__12752__S, 239.44, 13.6, 1.79716
ANTENNA__06604__A1, 239.44, 13.6, 1.79716
ANTENNA__11088__A1, 239.44, 13.6, 1.79716
ANTENNA__12752__A1, 239.44, 13.6, 1.79716
ANTENNA__12760__A1, 239.44, 13.6, 1.79716
FILLER_0_0_513, 239.44, 13.6, 1.79716
FILLER_0_1_521, 239.44, 13.6, 1.79716
_12277_, 252.24, 13.6, 1.79716
_13020_, 252.24, 13.6, 1.79716
_14792_, 252.24, 13.6, 1.79716
output66, 252.24, 13.6, 1.79716
ANTENNA__06604__S, 252.24, 13.6, 1.79716
FILLER_0_0_523, 252.24, 13.6, 1.79716
FILLER_0_1_547, 252.24, 13.6, 1.79716
_11703_, 265.04, 13.6, 1.79717
_11704_, 265.04, 13.6, 1.79717
_12284_, 265.04, 13.6, 1.79717
_14540_, 265.04, 13.6, 1.79717
ANTENNA__12276__S, 265.04, 13.6, 1.79717
ANTENNA__12284__A0, 265.04, 13.6, 1.79717
ANTENNA__11703__S, 265.04, 13.6, 1.79717
FILLER_0_0_557, 265.04, 13.6, 1.79717
FILLER_0_0_561, 265.04, 13.6, 1.79717
FILLER_0_0_569, 265.04, 13.6, 1.79717
_12281_, 277.84, 13.6, 1.79718
_14794_, 277.84, 13.6, 1.79718
input23, 277.84, 13.6, 1.79718
ANTENNA__12284__S, 277.84, 13.6, 1.79718
ANTENNA__07046__B, 277.84, 13.6, 1.79718
ANTENNA__06598__A1, 277.84, 13.6, 1.79718
ANTENNA__11715__S, 277.84, 13.6, 1.79718
ANTENNA__11703__A1, 277.84, 13.6, 1.79718
FILLER_0_0_582, 277.84, 13.6, 1.79718
_11709_, 290.64, 13.6, 1.7972
_11710_, 290.64, 13.6, 1.7972
_14538_, 290.64, 13.6, 1.7972
ANTENNA__12280__A0, 290.64, 13.6, 1.7972
ANTENNA__07047__A2, 290.64, 13.6, 1.7972
FILLER_0_0_609, 290.64, 13.6, 1.7972
FILLER_0_1_611, 290.64, 13.6, 1.7972
_11230_, 303.44, 13.6, 1.79723
_11231_, 303.44, 13.6, 1.79723
_14315_, 303.44, 13.6, 1.79723
output42, 303.44, 13.6, 1.79723
ANTENNA__11709__S, 303.44, 13.6, 1.79723
ANTENNA_output42_A, 303.44, 13.6, 1.79723
FILLER_0_0_650, 303.44, 13.6, 1.79723
FILLER_0_1_637, 303.44, 13.6, 1.79723
FILLER_0_1_645, 303.44, 13.6, 1.79723
_11229_, 316.24, 13.6, 1.79727
_11301_, 316.24, 13.6, 1.79727
_14346_, 316.24, 13.6, 1.79727
_14348_, 316.24, 13.6, 1.79727
ANTENNA__10997__S, 316.24, 13.6, 1.79727
ANTENNA__11228__A1, 316.24, 13.6, 1.79727
ANTENNA__10997__A1, 316.24, 13.6, 1.79727
ANTENNA__11230__A1, 316.24, 13.6, 1.79727
ANTENNA__11232__A1, 316.24, 13.6, 1.79727
ANTENNA__11232__S, 316.24, 13.6, 1.79727
ANTENNA__11230__S, 316.24, 13.6, 1.79727
ANTENNA__11228__S, 316.24, 13.6, 1.79727
FILLER_0_1_664, 316.24, 13.6, 1.79727
FILLER_0_1_685, 316.24, 13.6, 1.79727
FILLER_0_1_724, 341.84, 13.6, 1.79732
FILLER_0_2_745, 341.84, 13.6, 1.79732
FILLER_0_0_753, 354.64, 13.6, 1.79733
FILLER_0_0_769, 354.64, 13.6, 1.79733
input11, 367.44, 13.6, 1.79734
FILLER_0_0_779, 367.44, 13.6, 1.79734
FILLER_0_1_777, 367.44, 13.6, 1.79734
FILLER_0_0_809, 380.24, 13.6, 1.79735
FILLER_0_0_825, 380.24, 13.6, 1.79735
input2, 393.04, 13.6, 1.79735
FILLER_0_0_835, 393.04, 13.6, 1.79735
FILLER_0_1_833, 393.04, 13.6, 1.79735
FILLER_0_0_865, 405.84, 13.6, 1.79736
FILLER_0_0_881, 405.84, 13.6, 1.79736
output38, 418.64, 13.6, 1.79737
ANTENNA_output38_A, 418.64, 13.6, 1.79737
FILLER_0_0_889, 418.64, 13.6, 1.79737
FILLER_0_1_889, 418.64, 13.6, 1.79737
FILLER_0_0_913, 431.44, 13.6, 1.79739
FILLER_0_0_921, 431.44, 13.6, 1.79739
input32, 444.24, 13.6, 1.7974
FILLER_0_0_949, 444.24, 13.6, 1.7974
FILLER_0_1_945, 444.24, 13.6, 1.7974
FILLER_0_0_971, 457.04, 13.6, 1.79741
input14, 469.84, 13.6, 1.79742
FILLER_0_0_1005, 469.84, 13.6, 1.79742
FILLER_0_1_1001, 469.84, 13.6, 1.79742

