Instance name,  X location,  Y location,  Voltage 
input7, 485.94, 495.04, 0.00576217
FILLER_0_178_1033, 485.94, 495.04, 0.00576217
FILLER_0_178_1037, 485.94, 495.04, 0.00576217
FILLER_0_176_1049, 485.94, 489.6, 0.00575857
FILLER_0_177_1045, 485.94, 489.6, 0.00575857
FILLER_0_174_1049, 485.94, 484.16, 0.00575658
FILLER_0_172_1049, 485.94, 478.72, 0.00575445
FILLER_0_170_1049, 485.94, 473.28, 0.00575213
FILLER_0_168_1049, 485.94, 467.84, 0.00575002
FILLER_0_166_1049, 485.94, 462.4, 0.00574683
FILLER_0_167_1045, 485.94, 462.4, 0.00574683
FILLER_0_164_1049, 485.94, 456.96, 0.00574379
FILLER_0_162_1049, 485.94, 451.52, 0.0057406
FILLER_0_160_1049, 485.94, 446.08, 0.00574493
_09324_, 485.94, 440.64, 0.00576196
ANTENNA__09324__A, 485.94, 440.64, 0.00576196
FILLER_0_156_1049, 485.94, 435.2, 0.00574073
FILLER_0_154_1049, 485.94, 429.76, 0.00574783
FILLER_0_152_1049, 485.94, 424.32, 0.00572276
FILLER_0_150_1049, 485.94, 418.88, 0.00570646
FILLER_0_148_1033, 485.94, 413.44, 0.00571617
FILLER_0_148_1049, 485.94, 413.44, 0.00571617
ANTENNA__07735__B1, 485.94, 408, 0.00569379
FILLER_0_146_1031, 485.94, 408, 0.00569379
FILLER_0_146_1049, 485.94, 408, 0.00569379
input25, 485.94, 402.56, 0.00569528
ANTENNA__07735__A2, 485.94, 402.56, 0.00569528
ANTENNA__09033__A0, 485.94, 402.56, 0.00569528
ANTENNA__09037__A0, 485.94, 402.56, 0.00569528
FILLER_0_144_1053, 485.94, 402.56, 0.00569528
FILLER_0_142_1032, 485.94, 397.12, 0.00565063
FILLER_0_142_1049, 485.94, 397.12, 0.00565063
FILLER_0_143_1050, 485.94, 397.12, 0.00565063
_13815_, 485.94, 391.68, 0.00562131
ANTENNA__07736__A2, 485.94, 391.68, 0.00562131
FILLER_0_140_1049, 485.94, 391.68, 0.00562131
_10100_, 485.94, 386.24, 0.00559849
ANTENNA__10100__A1, 485.94, 386.24, 0.00559849
ANTENNA__07786__A2, 485.94, 386.24, 0.00559849
ANTENNA__07786__B1, 485.94, 386.24, 0.00559849
ANTENNA__07736__B1, 485.94, 386.24, 0.00559849
ANTENNA__09039__A0, 485.94, 386.24, 0.00559849
ANTENNA__10100__S, 485.94, 386.24, 0.00559849
_07786_, 485.94, 380.8, 0.00555067
_10103_, 485.94, 380.8, 0.00555067
_13816_, 485.94, 380.8, 0.00555067
ANTENNA__07785__A2, 485.94, 380.8, 0.00555067
FILLER_0_136_1048, 485.94, 380.8, 0.00555067
_10102_, 485.94, 375.36, 0.00554781
input21, 485.94, 375.36, 0.00554781
ANTENNA__07542__B1, 485.94, 375.36, 0.00554781
ANTENNA_clkbuf_leaf_85_wclk_A, 485.94, 375.36, 0.00554781
FILLER_0_134_1033, 485.94, 375.36, 0.00554781
_10093_, 485.94, 369.92, 0.00550287
_13811_, 485.94, 369.92, 0.00550287
ANTENNA__10102__A1, 485.94, 369.92, 0.00550287
ANTENNA__07542__A2, 485.94, 369.92, 0.00550287
ANTENNA__08753__A0, 485.94, 369.92, 0.00550287
ANTENNA__10102__S, 485.94, 369.92, 0.00550287
FILLER_0_132_1049, 485.94, 369.92, 0.00550287
_07543_, 485.94, 364.48, 0.0054427
_10092_, 485.94, 364.48, 0.0054427
ANTENNA__07641__B1, 485.94, 364.48, 0.0054427
ANTENNA__10092__S, 485.94, 364.48, 0.0054427
FILLER_0_130_1037, 485.94, 364.48, 0.0054427
_10096_, 485.94, 359.04, 0.00540535
_10097_, 485.94, 359.04, 0.00540535
_13813_, 485.94, 359.04, 0.00540535
ANTENNA__07641__A2, 485.94, 359.04, 0.00540535
ANTENNA__07543__B1, 485.94, 359.04, 0.00540535
FILLER_0_127_1032, 485.94, 359.04, 0.00540535
ANTENNA__10096__A1, 485.94, 353.6, 0.00535522
ANTENNA__08757__A0, 485.94, 353.6, 0.00535522
ANTENNA__10096__S, 485.94, 353.6, 0.00535522
FILLER_0_126_1053, 485.94, 353.6, 0.00535522
FILLER_0_127_1048, 485.94, 353.6, 0.00535522
_09896_, 485.94, 348.16, 0.0053113
_13719_, 485.94, 348.16, 0.0053113
ANTENNA__09895__A0, 485.94, 348.16, 0.0053113
ANTENNA__09897__A0, 485.94, 348.16, 0.0053113
ANTENNA__09897__S, 485.94, 348.16, 0.0053113
_09895_, 485.94, 342.72, 0.00522784
_09897_, 485.94, 342.72, 0.00522784
_12514_, 485.94, 342.72, 0.00522784
_13720_, 485.94, 342.72, 0.00522784
input8, 485.94, 342.72, 0.00522784
ANTENNA__09895__S, 485.94, 342.72, 0.00522784
_07734_, 485.94, 337.28, 0.00518535
_07791_, 485.94, 337.28, 0.00518535
_12512_, 485.94, 337.28, 0.00518535
_14903_, 485.94, 337.28, 0.00518535
ANTENNA__07784__B1, 485.94, 337.28, 0.00518535
_07733_, 485.94, 331.84, 0.00512352
_12511_, 485.94, 331.84, 0.00512352
ANTENNA__12375__S, 485.94, 331.84, 0.00512352
ANTENNA__12511__S, 485.94, 331.84, 0.00512352
ANTENNA__07733__B1, 485.94, 331.84, 0.00512352
ANTENNA__12511__A1, 485.94, 331.84, 0.00512352
_12375_, 485.94, 326.4, 0.00503253
_12376_, 485.94, 326.4, 0.00503253
_14839_, 485.94, 326.4, 0.00503253
ANTENNA__07733__A2, 485.94, 326.4, 0.00503253
ANTENNA__12375__A1, 485.94, 326.4, 0.00503253
FILLER_0_115_1037, 485.94, 326.4, 0.00503253
_12173_, 485.94, 320.96, 0.00497264
_12378_, 485.94, 320.96, 0.00497264
_14744_, 485.94, 320.96, 0.00497264
ANTENNA__12173__S, 485.94, 320.96, 0.00497264
_14840_, 485.94, 315.52, 0.00490212
clkbuf_leaf_93_wclk, 485.94, 315.52, 0.00490212
ANTENNA__07547__B1, 485.94, 315.52, 0.00490212
ANTENNA__12507__A1, 485.94, 315.52, 0.00490212
ANTENNA__12377__A1, 485.94, 315.52, 0.00490212
_12377_, 485.94, 310.08, 0.00478799
_12507_, 485.94, 310.08, 0.00478799
input10, 485.94, 310.08, 0.00478799
_09891_, 485.94, 304.64, 0.00473683
_12508_, 485.94, 304.64, 0.00473683
_13717_, 485.94, 304.64, 0.00473683
_14901_, 485.94, 304.64, 0.00473683
ANTENNA__12503__A1, 485.94, 304.64, 0.00473683
FILLER_0_107_1033, 485.94, 304.64, 0.00473683
_09888_, 485.94, 299.2, 0.00461257
_12504_, 485.94, 299.2, 0.00461257
_13715_, 485.94, 299.2, 0.00461257
_14899_, 485.94, 299.2, 0.00461257
_07540_, 485.94, 293.76, 0.00451353
_07541_, 485.94, 293.76, 0.00451353
_09887_, 485.94, 293.76, 0.00451353
ANTENNA__07540__A2, 485.94, 293.76, 0.00451353
ANTENNA__07540__B1, 485.94, 293.76, 0.00451353
ANTENNA__09887__S, 485.94, 293.76, 0.00451353
ANTENNA__12167__S, 485.94, 293.76, 0.00451353
_07638_, 485.94, 288.32, 0.00443199
_12163_, 485.94, 288.32, 0.00443199
_12167_, 485.94, 288.32, 0.00443199
_12168_, 485.94, 288.32, 0.00443199
_12374_, 485.94, 288.32, 0.00443199
_14741_, 485.94, 288.32, 0.00443199
_14739_, 485.94, 282.88, 0.00432047
_14837_, 485.94, 282.88, 0.00432047
input5, 485.94, 282.88, 0.00432047
FILLER_0_99_1035, 485.94, 282.88, 0.00432047
_12367_, 485.94, 277.44, 0.00423716
_12368_, 485.94, 277.44, 0.00423716
_14835_, 485.94, 277.44, 0.00423716
_09318_, 485.94, 272, 0.00411756
_09333_, 485.94, 272, 0.00411756
_11456_, 485.94, 272, 0.00411756
_12371_, 485.94, 272, 0.00411756
ANTENNA__12371__S, 485.94, 272, 0.00411756
ANTENNA__11455__A1, 485.94, 272, 0.00411756
ANTENNA__12367__A1, 485.94, 272, 0.00411756
_09330_, 485.94, 266.56, 0.00401247
_09613_, 485.94, 266.56, 0.00401247
_09622_, 485.94, 266.56, 0.00401247
ANTENNA__07545__A2, 485.94, 266.56, 0.00401247
ANTENNA__09613__A0, 485.94, 266.56, 0.00401247
ANTENNA__09621__S, 485.94, 266.56, 0.00401247
ANTENNA__09613__S, 485.94, 266.56, 0.00401247
ANTENNA_clkbuf_leaf_95_wclk_A, 485.94, 266.56, 0.00401247
FILLER_0_93_1035, 485.94, 266.56, 0.00401247
FILLER_0_94_1053, 485.94, 266.56, 0.00401247
_09621_, 485.94, 261.12, 0.0039191
_11392_, 485.94, 261.12, 0.0039191
_13587_, 485.94, 261.12, 0.0039191
clkbuf_leaf_95_wclk, 485.94, 261.12, 0.0039191
_07738_, 485.94, 255.68, 0.00380404
_11384_, 485.94, 255.68, 0.00380404
_13591_, 485.94, 255.68, 0.00380404
ANTENNA__07738__B1, 485.94, 255.68, 0.00380404
_09623_, 485.94, 250.24, 0.00370359
_09624_, 485.94, 250.24, 0.00370359
_13592_, 485.94, 250.24, 0.00370359
ANTENNA__07738__A2, 485.94, 250.24, 0.00370359
_07544_, 485.94, 244.8, 0.00357071
_09617_, 485.94, 244.8, 0.00357071
_13589_, 485.94, 244.8, 0.00357071
ANTENNA__07643__A2, 485.94, 244.8, 0.00357071
FILLER_0_86_1037, 485.94, 244.8, 0.00357071
_07642_, 485.94, 239.36, 0.00345286
_12571_, 485.94, 239.36, 0.00345286
_12572_, 485.94, 239.36, 0.00345286
_14931_, 485.94, 239.36, 0.00345286
ANTENNA__09617__A0, 485.94, 239.36, 0.00345286
ANTENNA__09623__S, 485.94, 239.36, 0.00345286
ANTENNA__11387__S, 485.94, 239.36, 0.00345286
_12575_, 485.94, 233.92, 0.00332741
_12576_, 485.94, 233.92, 0.00332741
_14933_, 485.94, 233.92, 0.00332741
ANTENNA__07544__A2, 485.94, 233.92, 0.00332741
FILLER_0_81_1031, 485.94, 233.92, 0.00332741
_06625_, 485.94, 228.48, 0.0032034
_07787_, 485.94, 228.48, 0.0032034
ANTENNA__12575__S, 485.94, 228.48, 0.0032034
ANTENNA__07787__A2, 485.94, 228.48, 0.0032034
ANTENNA__07737__A2, 485.94, 228.48, 0.0032034
ANTENNA__07737__B1, 485.94, 228.48, 0.0032034
ANTENNA__12231__A1, 485.94, 228.48, 0.0032034
ANTENNA__12235__A1, 485.94, 228.48, 0.0032034
FILLER_0_80_1033, 485.94, 228.48, 0.0032034
_06640_, 485.94, 223.04, 0.00309662
_12580_, 485.94, 223.04, 0.00309662
_14936_, 485.94, 223.04, 0.00309662
ANTENNA__12579__A0, 485.94, 223.04, 0.00309662
ANTENNA__12239__A1, 485.94, 223.04, 0.00309662
_06631_, 485.94, 217.6, 0.00298033
_12581_, 485.94, 217.6, 0.00298033
_12582_, 485.94, 217.6, 0.00298033
ANTENNA__12581__S, 485.94, 217.6, 0.00298033
FILLER_0_75_1042, 485.94, 217.6, 0.00298033
_11751_, 485.94, 212.16, 0.00282698
ANTENNA__12241__A1, 485.94, 212.16, 0.00282698
ANTENNA__06631__A, 485.94, 212.16, 0.00282698
ANTENNA__11751__A, 485.94, 212.16, 0.00282698
FILLER_0_74_1033, 485.94, 212.16, 0.00282698
_11742_, 485.94, 206.72, 0.00273119
ANTENNA__11742__A, 485.94, 206.72, 0.00273119
ANTENNA__11030__A, 485.94, 206.72, 0.00273119
_11736_, 485.94, 201.28, 0.0025969
_11748_, 485.94, 201.28, 0.0025969
input26, 485.94, 201.28, 0.0025969
ANTENNA__11736__A, 485.94, 201.28, 0.0025969
ANTENNA__11748__A, 485.94, 201.28, 0.0025969
FILLER_0_71_1049, 485.94, 201.28, 0.0025969
FILLER_0_68_1049, 485.94, 195.84, 0.00247795
FILLER_0_66_1049, 485.94, 190.4, 0.00234225
FILLER_0_64_1049, 485.94, 184.96, 0.0022117
FILLER_0_62_1049, 485.94, 179.52, 0.00222119
FILLER_0_60_1049, 485.94, 174.08, 0.00221231
FILLER_0_58_1049, 485.94, 168.64, 0.00221747
FILLER_0_59_1045, 485.94, 168.64, 0.00221747
FILLER_0_56_1049, 485.94, 163.2, 0.0022263
FILLER_0_54_1049, 485.94, 157.76, 0.00224615
FILLER_0_52_1049, 485.94, 152.32, 0.00226591
FILLER_0_50_1049, 485.94, 146.88, 0.00229005
FILLER_0_48_1049, 485.94, 141.44, 0.00229596
FILLER_0_49_1045, 485.94, 141.44, 0.00229596
FILLER_0_46_1049, 485.94, 136, 0.00231973
FILLER_0_44_1049, 485.94, 130.56, 0.00234324
FILLER_0_42_1049, 485.94, 125.12, 0.00235162
FILLER_0_40_1049, 485.94, 119.68, 0.00236982
FILLER_0_38_1049, 485.94, 114.24, 0.00239276
input12, 485.94, 108.8, 0.00240245
FILLER_0_36_1049, 485.94, 108.8, 0.00240245
FILLER_0_37_1045, 485.94, 108.8, 0.00240245
FILLER_0_34_1049, 485.94, 103.36, 0.00243159
FILLER_0_32_1049, 485.94, 97.92, 0.00243755
FILLER_0_30_1049, 485.94, 92.48, 0.00245739
FILLER_0_28_1049, 485.94, 87.04, 0.00246886
input9, 485.94, 81.6, 0.00248734
FILLER_0_26_1049, 485.94, 81.6, 0.00248734
FILLER_0_27_1045, 485.94, 81.6, 0.00248734
FILLER_0_24_1049, 485.94, 76.16, 0.00250146
FILLER_0_22_1049, 485.94, 70.72, 0.0025145
FILLER_0_20_1049, 485.94, 65.28, 0.00253241
FILLER_0_18_1049, 485.94, 59.84, 0.00253997
input15, 485.94, 54.4, 0.00255587
FILLER_0_16_1037, 485.94, 54.4, 0.00255587
FILLER_0_14_1049, 485.94, 48.96, 0.00256003
FILLER_0_12_1049, 485.94, 43.52, 0.00256884
FILLER_0_10_1049, 485.94, 38.08, 0.00257667
FILLER_0_8_1049, 485.94, 32.64, 0.00258506
FILLER_0_6_1049, 485.94, 27.2, 0.00258749
FILLER_0_4_1049, 485.94, 21.76, 0.00258993
FILLER_0_5_1045, 485.94, 21.76, 0.00258993
FILLER_0_2_1049, 485.94, 16.32, 0.002591
FILLER_0_0_1049, 485.94, 10.88, 0.00259299
FILLER_0_178_697, 332.34, 495.04, 0.00580212
FILLER_0_177_721, 332.34, 489.6, 0.00579908
FILLER_0_175_721, 332.34, 484.16, 0.00580362
FILLER_0_173_721, 332.34, 478.72, 0.00580851
FILLER_0_171_721, 332.34, 473.28, 0.00581379
FILLER_0_169_721, 332.34, 467.84, 0.00581951
FILLER_0_167_721, 332.34, 462.4, 0.00582566
FILLER_0_165_721, 332.34, 456.96, 0.00583234
FILLER_0_163_721, 332.34, 451.52, 0.00584194
FILLER_0_161_721, 332.34, 446.08, 0.00588143
_10541_, 332.34, 440.64, 0.00593331
_10883_, 332.34, 440.64, 0.00593331
_10884_, 332.34, 440.64, 0.00593331
_14167_, 332.34, 440.64, 0.00593331
ANTENNA__07768__C, 332.34, 440.64, 0.00593331
ANTENNA__10883__A1, 332.34, 440.64, 0.00593331
FILLER_0_159_721, 332.34, 440.64, 0.00593331
_07768_, 332.34, 435.2, 0.00591201
_10885_, 332.34, 435.2, 0.00591201
ANTENNA__07768__B, 332.34, 435.2, 0.00591201
ANTENNA__07818__C, 332.34, 435.2, 0.00591201
ANTENNA__09761__A0, 332.34, 435.2, 0.00591201
ANTENNA__09334__A0, 332.34, 435.2, 0.00591201
ANTENNA__09416__S, 332.34, 435.2, 0.00591201
ANTENNA__10885__A1, 332.34, 435.2, 0.00591201
ANTENNA__10885__S, 332.34, 435.2, 0.00591201
ANTENNA__10883__S, 332.34, 435.2, 0.00591201
FILLER_0_156_724, 332.34, 435.2, 0.00591201
_07818_, 332.34, 429.76, 0.0059278
_09334_, 332.34, 429.76, 0.0059278
_09335_, 332.34, 429.76, 0.0059278
_09416_, 332.34, 429.76, 0.0059278
_10886_, 332.34, 429.76, 0.0059278
_13496_, 332.34, 429.76, 0.0059278
ANTENNA__09334__S, 332.34, 429.76, 0.0059278
_07819_, 332.34, 424.32, 0.00592623
_07823_, 332.34, 424.32, 0.00592623
_10543_, 332.34, 424.32, 0.00592623
_14008_, 332.34, 424.32, 0.00592623
ANTENNA__07876__A2, 332.34, 424.32, 0.00592623
ANTENNA__07823__A2, 332.34, 424.32, 0.00592623
ANTENNA__07818__B, 332.34, 424.32, 0.00592623
ANTENNA__07875__B, 332.34, 424.32, 0.00592623
ANTENNA__07875__C, 332.34, 424.32, 0.00592623
ANTENNA__09763__S, 332.34, 424.32, 0.00592623
FILLER_0_151_704, 332.34, 424.32, 0.00592623
_09246_, 332.34, 418.88, 0.00590081
_13432_, 332.34, 418.88, 0.00590081
ANTENNA__07819__C, 332.34, 418.88, 0.00590081
ANTENNA__07819__B, 332.34, 418.88, 0.00590081
ANTENNA__07873__B, 332.34, 418.88, 0.00590081
ANTENNA__09246__S, 332.34, 418.88, 0.00590081
ANTENNA__10887__S, 332.34, 418.88, 0.00590081
ANTENNA_clkbuf_leaf_73_wclk_A, 332.34, 418.88, 0.00590081
_09247_, 332.34, 413.44, 0.00593957
_09830_, 332.34, 413.44, 0.00593957
_13688_, 332.34, 413.44, 0.00593957
ANTENNA__07874__B, 332.34, 413.44, 0.00593957
ANTENNA__09248__A0, 332.34, 413.44, 0.00593957
ANTENNA__09337__A0, 332.34, 413.44, 0.00593957
ANTENNA__10869__A1, 332.34, 413.44, 0.00593957
ANTENNA__10887__A1, 332.34, 413.44, 0.00593957
_08833_, 332.34, 408, 0.0058875
_09829_, 332.34, 408, 0.0058875
ANTENNA__07386__B, 332.34, 408, 0.0058875
ANTENNA__07389__B, 332.34, 408, 0.0058875
ANTENNA__07390__A2, 332.34, 408, 0.0058875
ANTENNA__07874__C, 332.34, 408, 0.0058875
ANTENNA__09310__A0, 332.34, 408, 0.0058875
ANTENNA__09829__S, 332.34, 408, 0.0058875
FILLER_0_146_697, 332.34, 408, 0.0058875
FILLER_0_146_709, 332.34, 408, 0.0058875
FILLER_0_146_719, 332.34, 408, 0.0058875
_09310_, 332.34, 402.56, 0.00590132
_10869_, 332.34, 402.56, 0.00590132
_13234_, 332.34, 402.56, 0.00590132
ANTENNA__07386__C, 332.34, 402.56, 0.00590132
ANTENNA__07389__C, 332.34, 402.56, 0.00590132
ANTENNA__09041__A0, 332.34, 402.56, 0.00590132
ANTENNA__09745__A0, 332.34, 402.56, 0.00590132
ANTENNA__09310__S, 332.34, 402.56, 0.00590132
ANTENNA__10869__S, 332.34, 402.56, 0.00590132
FILLER_0_145_721, 332.34, 402.56, 0.00590132
_07386_, 332.34, 397.12, 0.00588825
_07389_, 332.34, 397.12, 0.00588825
_07390_, 332.34, 397.12, 0.00588825
_08821_, 332.34, 397.12, 0.00588825
_10531_, 332.34, 397.12, 0.00588825
_14002_, 332.34, 397.12, 0.00588825
ANTENNA__07373__A, 332.34, 397.12, 0.00588825
ANTENNA__07374__A, 332.34, 397.12, 0.00588825
ANTENNA__10458__A1, 332.34, 397.12, 0.00588825
ANTENNA__10458__S, 332.34, 397.12, 0.00588825
_09041_, 332.34, 391.68, 0.00584694
_09818_, 332.34, 391.68, 0.00584694
_13682_, 332.34, 391.68, 0.00584694
ANTENNA__07216__A, 332.34, 391.68, 0.00584694
ANTENNA__07387__A, 332.34, 391.68, 0.00584694
ANTENNA__07382__B, 332.34, 391.68, 0.00584694
ANTENNA__07383__C, 332.34, 391.68, 0.00584694
ANTENNA__07383__B, 332.34, 391.68, 0.00584694
ANTENNA__07380__B, 332.34, 391.68, 0.00584694
ANTENNA__09400__A0, 332.34, 391.68, 0.00584694
ANTENNA__10729__A, 332.34, 391.68, 0.00584694
ANTENNA__10868__A, 332.34, 391.68, 0.00584694
FILLER_0_141_719, 332.34, 391.68, 0.00584694
_07837_, 332.34, 386.24, 0.00584287
_09042_, 332.34, 386.24, 0.00584287
_09405_, 332.34, 386.24, 0.00584287
_13337_, 332.34, 386.24, 0.00584287
_13490_, 332.34, 386.24, 0.00584287
ANTENNA__07380__C, 332.34, 386.24, 0.00584287
ANTENNA__09230__A0, 332.34, 386.24, 0.00584287
ANTENNA__09230__S, 332.34, 386.24, 0.00584287
_07838_, 332.34, 380.8, 0.00575501
_12107_, 332.34, 380.8, 0.00575501
_13209_, 332.34, 380.8, 0.00575501
ANTENNA__07385__A, 332.34, 380.8, 0.00575501
ANTENNA__07381__C, 332.34, 380.8, 0.00575501
ANTENNA__09229__A, 332.34, 380.8, 0.00575501
ANTENNA__10525__A, 332.34, 380.8, 0.00575501
FILLER_0_136_697, 332.34, 380.8, 0.00575501
_08765_, 332.34, 375.36, 0.00573011
_10104_, 332.34, 375.36, 0.00573011
_10105_, 332.34, 375.36, 0.00573011
_13817_, 332.34, 375.36, 0.00573011
ANTENNA__12923__S, 332.34, 375.36, 0.00573011
ANTENNA__10322__A0, 332.34, 375.36, 0.00573011
ANTENNA__12973__A1, 332.34, 375.36, 0.00573011
ANTENNA__08614__A, 332.34, 375.36, 0.00573011
FILLER_0_134_710, 332.34, 375.36, 0.00573011
_07370_, 332.34, 369.92, 0.00571204
_13176_, 332.34, 369.92, 0.00571204
ANTENNA__07370__A2, 332.34, 369.92, 0.00571204
ANTENNA__07372__A2, 332.34, 369.92, 0.00571204
ANTENNA__07372__A3, 332.34, 369.92, 0.00571204
ANTENNA__07370__A3, 332.34, 369.92, 0.00571204
ANTENNA__07370__B1, 332.34, 369.92, 0.00571204
ANTENNA__08678__S, 332.34, 369.92, 0.00571204
ANTENNA__09744__A, 332.34, 369.92, 0.00571204
ANTENNA__12923__A1, 332.34, 369.92, 0.00571204
_07516_, 332.34, 364.48, 0.00564602
_07883_, 332.34, 364.48, 0.00564602
_08614_, 332.34, 364.48, 0.00564602
_08695_, 332.34, 364.48, 0.00564602
_09178_, 332.34, 364.48, 0.00564602
_09336_, 332.34, 364.48, 0.00564602
_12923_, 332.34, 364.48, 0.00564602
ANTENNA__12973__S, 332.34, 364.48, 0.00564602
ANTENNA__07404__D, 332.34, 364.48, 0.00564602
ANTENNA__06615__A, 332.34, 364.48, 0.00564602
FILLER_0_130_723, 332.34, 364.48, 0.00564602
_06965_, 332.34, 359.04, 0.00561285
_12924_, 332.34, 359.04, 0.00561285
clkbuf_leaf_66_wclk, 332.34, 359.04, 0.00561285
ANTENNA__10408__A1, 332.34, 359.04, 0.00561285
ANTENNA__12905__A1, 332.34, 359.04, 0.00561285
ANTENNA__08586__A, 332.34, 359.04, 0.00561285
_07859_, 332.34, 353.6, 0.00557271
_11903_, 332.34, 353.6, 0.00557271
_11904_, 332.34, 353.6, 0.00557271
_14584_, 332.34, 353.6, 0.00557271
_14617_, 332.34, 353.6, 0.00557271
ANTENNA__07858__A2, 332.34, 353.6, 0.00557271
ANTENNA__09308__A, 332.34, 353.6, 0.00557271
_10407_, 332.34, 348.16, 0.0054636
ANTENNA__07859__A2, 332.34, 348.16, 0.0054636
ANTENNA__07842__A2, 332.34, 348.16, 0.0054636
ANTENNA__07842__B1, 332.34, 348.16, 0.0054636
ANTENNA__07841__B1, 332.34, 348.16, 0.0054636
ANTENNA__11903__A1, 332.34, 348.16, 0.0054636
ANTENNA__11835__A1, 332.34, 348.16, 0.0054636
ANTENNA__11903__S, 332.34, 348.16, 0.0054636
FILLER_0_124_697, 332.34, 348.16, 0.0054636
_07841_, 332.34, 342.72, 0.00536394
_07843_, 332.34, 342.72, 0.00536394
_13305_, 332.34, 342.72, 0.00536394
ANTENNA__07841__A2, 332.34, 342.72, 0.00536394
ANTENNA__08972__S, 332.34, 342.72, 0.00536394
ANTENNA__09899__A0, 332.34, 342.72, 0.00536394
ANTENNA__09899__S, 332.34, 342.72, 0.00536394
FILLER_0_123_722, 332.34, 342.72, 0.00536394
_07842_, 332.34, 337.28, 0.00534467
_07884_, 332.34, 337.28, 0.00534467
_09899_, 332.34, 337.28, 0.00534467
_12516_, 332.34, 337.28, 0.00534467
_14905_, 332.34, 337.28, 0.00534467
FILLER_0_120_701, 332.34, 337.28, 0.00534467
_09110_, 332.34, 331.84, 0.00526355
_09111_, 332.34, 331.84, 0.00526355
_12515_, 332.34, 331.84, 0.00526355
_13721_, 332.34, 331.84, 0.00526355
ANTENNA__07270__A, 332.34, 331.84, 0.00526355
ANTENNA__08885__A0, 332.34, 331.84, 0.00526355
ANTENNA__12175__S, 332.34, 331.84, 0.00526355
FILLER_0_118_714, 332.34, 331.84, 0.00526355
_08902_, 332.34, 326.4, 0.00518252
_12175_, 332.34, 326.4, 0.00518252
_13272_, 332.34, 326.4, 0.00518252
_14745_, 332.34, 326.4, 0.00518252
ANTENNA__12175__A0, 332.34, 326.4, 0.00518252
ANTENNA__07215__A, 332.34, 326.4, 0.00518252
ANTENNA__07835__A2, 332.34, 326.4, 0.00518252
ANTENNA__09110__A0, 332.34, 326.4, 0.00518252
ANTENNA__08903__A0, 332.34, 326.4, 0.00518252
ANTENNA_clkbuf_4_12_0_wclk_A, 332.34, 326.4, 0.00518252
_07835_, 332.34, 320.96, 0.00508882
_07850_, 332.34, 320.96, 0.00508882
_12176_, 332.34, 320.96, 0.00508882
_12379_, 332.34, 320.96, 0.00508882
_12380_, 332.34, 320.96, 0.00508882
_14841_, 332.34, 320.96, 0.00508882
ANTENNA__07835__B1, 332.34, 320.96, 0.00508882
ANTENNA__07850__A2, 332.34, 320.96, 0.00508882
ANTENNA__07850__B1, 332.34, 320.96, 0.00508882
FILLER_0_114_724, 332.34, 320.96, 0.00508882
_14136_, 332.34, 315.52, 0.0049841
ANTENNA__12379__S, 332.34, 315.52, 0.0049841
ANTENNA__10816__A1, 332.34, 315.52, 0.0049841
ANTENNA__10797__A, 332.34, 315.52, 0.0049841
ANTENNA__12379__A1, 332.34, 315.52, 0.0049841
FILLER_0_112_705, 332.34, 315.52, 0.0049841
FILLER_0_112_710, 332.34, 315.52, 0.0049841
FILLER_0_112_718, 332.34, 315.52, 0.0049841
FILLER_0_113_723, 332.34, 315.52, 0.0049841
_09485_, 332.34, 310.08, 0.004919
_09486_, 332.34, 310.08, 0.004919
_10610_, 332.34, 310.08, 0.004919
_10815_, 332.34, 310.08, 0.004919
_13528_, 332.34, 310.08, 0.004919
ANTENNA__09485__A0, 332.34, 310.08, 0.004919
ANTENNA__09487__S, 332.34, 310.08, 0.004919
ANTENNA__09485__S, 332.34, 310.08, 0.004919
ANTENNA__10798__A1, 332.34, 310.08, 0.004919
ANTENNA__10612__A1, 332.34, 310.08, 0.004919
ANTENNA_clkbuf_leaf_64_wclk_A, 332.34, 310.08, 0.004919
FILLER_0_109_702, 332.34, 310.08, 0.004919
FILLER_0_111_713, 332.34, 310.08, 0.004919
_07851_, 332.34, 304.64, 0.00482865
_09487_, 332.34, 304.64, 0.00482865
_10611_, 332.34, 304.64, 0.00482865
_14040_, 332.34, 304.64, 0.00482865
ANTENNA__07851__A2, 332.34, 304.64, 0.00482865
_13784_, 332.34, 299.2, 0.00466865
ANTENNA__07851__B1, 332.34, 299.2, 0.00466865
ANTENNA__09487__A0, 332.34, 299.2, 0.00466865
ANTENNA__10593__A, 332.34, 299.2, 0.00466865
FILLER_0_106_697, 332.34, 299.2, 0.00466865
FILLER_0_106_705, 332.34, 299.2, 0.00466865
FILLER_0_107_715, 332.34, 299.2, 0.00466865
FILLER_0_107_723, 332.34, 299.2, 0.00466865
_07852_, 332.34, 293.76, 0.00455041
_10035_, 332.34, 293.76, 0.00455041
_10036_, 332.34, 293.76, 0.00455041
_10037_, 332.34, 293.76, 0.00455041
_10595_, 332.34, 293.76, 0.00455041
ANTENNA__07847__A3, 332.34, 293.76, 0.00455041
ANTENNA__10036__A0, 332.34, 293.76, 0.00455041
ANTENNA__10036__S, 332.34, 293.76, 0.00455041
ANTENNA__10034__S, 332.34, 293.76, 0.00455041
ANTENNA__10594__A1, 332.34, 293.76, 0.00455041
ANTENNA__11971__S, 332.34, 293.76, 0.00455041
FILLER_0_105_712, 332.34, 293.76, 0.00455041
_07847_, 332.34, 288.32, 0.00444661
_11971_, 332.34, 288.32, 0.00444661
_11972_, 332.34, 288.32, 0.00444661
_12448_, 332.34, 288.32, 0.00444661
_13785_, 332.34, 288.32, 0.00444661
_14649_, 332.34, 288.32, 0.00444661
ANTENNA__07847__A2, 332.34, 288.32, 0.00444661
FILLER_0_102_701, 332.34, 288.32, 0.00444661
_07857_, 332.34, 282.88, 0.00431494
_11464_, 332.34, 282.88, 0.00431494
ANTENNA__12447__S, 332.34, 282.88, 0.00431494
ANTENNA__07350__A, 332.34, 282.88, 0.00431494
ANTENNA__07847__B1, 332.34, 282.88, 0.00431494
ANTENNA__10018__S, 332.34, 282.88, 0.00431494
ANTENNA__11953__A1, 332.34, 282.88, 0.00431494
ANTENNA__12447__A1, 332.34, 282.88, 0.00431494
ANTENNA__11953__S, 332.34, 282.88, 0.00431494
ANTENNA_clkbuf_leaf_104_wclk_A, 332.34, 282.88, 0.00431494
FILLER_0_99_707, 332.34, 282.88, 0.00431494
FILLER_0_100_705, 332.34, 282.88, 0.00431494
FILLER_0_100_713, 332.34, 282.88, 0.00431494
FILLER_0_100_723, 332.34, 282.88, 0.00431494
_07350_, 332.34, 277.44, 0.00424083
_11192_, 332.34, 277.44, 0.00424083
_14425_, 332.34, 277.44, 0.00424083
_14640_, 332.34, 277.44, 0.00424083
clkbuf_leaf_104_wclk, 332.34, 277.44, 0.00424083
FILLER_0_99_719, 332.34, 277.44, 0.00424083
_11191_, 332.34, 272, 0.00405379
_11953_, 332.34, 272, 0.00405379
_12856_, 332.34, 272, 0.00405379
_14297_, 332.34, 272, 0.00405379
_15065_, 332.34, 272, 0.00405379
ANTENNA__10018__A0, 332.34, 272, 0.00405379
FILLER_0_95_704, 332.34, 272, 0.00405379
FILLER_0_96_697, 332.34, 272, 0.00405379
_07355_, 332.34, 266.56, 0.00393487
_12836_, 332.34, 266.56, 0.00393487
_12855_, 332.34, 266.56, 0.00393487
ANTENNA__07848__A, 332.34, 266.56, 0.00393487
ANTENNA__07351__B1, 332.34, 266.56, 0.00393487
ANTENNA__07353__A2, 332.34, 266.56, 0.00393487
ANTENNA__09469__S, 332.34, 266.56, 0.00393487
_07848_, 332.34, 261.12, 0.00380752
_11172_, 332.34, 261.12, 0.00380752
_12837_, 332.34, 261.12, 0.00380752
_15056_, 332.34, 261.12, 0.00380752
ANTENNA__12836__A, 332.34, 261.12, 0.00380752
ANTENNA__07354__A2, 332.34, 261.12, 0.00380752
ANTENNA__12837__A1, 332.34, 261.12, 0.00380752
FILLER_0_92_697, 332.34, 261.12, 0.00380752
FILLER_0_92_701, 332.34, 261.12, 0.00380752
_07352_, 332.34, 255.68, 0.00364103
_11173_, 332.34, 255.68, 0.00364103
_11174_, 332.34, 255.68, 0.00364103
_12838_, 332.34, 255.68, 0.00364103
_14288_, 332.34, 255.68, 0.00364103
ANTENNA__09625__A0, 332.34, 255.68, 0.00364103
FILLER_0_90_697, 332.34, 255.68, 0.00364103
_07840_, 332.34, 250.24, 0.00353524
_09625_, 332.34, 250.24, 0.00353524
_09694_, 332.34, 250.24, 0.00353524
_13625_, 332.34, 250.24, 0.00353524
clkbuf_leaf_106_wclk, 332.34, 250.24, 0.00353524
ANTENNA__06891__A, 332.34, 250.24, 0.00353524
ANTENNA__07352__A3, 332.34, 250.24, 0.00353524
ANTENNA__07352__B1, 332.34, 250.24, 0.00353524
_09693_, 332.34, 244.8, 0.00331822
_11396_, 332.34, 244.8, 0.00331822
_14393_, 332.34, 244.8, 0.00331822
ANTENNA__08863__A, 332.34, 244.8, 0.00331822
ANTENNA__09625__S, 332.34, 244.8, 0.00331822
ANTENNA__09674__A, 332.34, 244.8, 0.00331822
ANTENNA__11016__S, 332.34, 244.8, 0.00331822
_12243_, 332.34, 239.36, 0.00316685
ANTENNA__06904__A, 332.34, 239.36, 0.00316685
ANTENNA__07359__A2, 332.34, 239.36, 0.00316685
ANTENNA__07358__A2, 332.34, 239.36, 0.00316685
ANTENNA__07358__B1, 332.34, 239.36, 0.00316685
ANTENNA__07358__C1, 332.34, 239.36, 0.00316685
ANTENNA__07840__A2, 332.34, 239.36, 0.00316685
ANTENNA__07840__B1, 332.34, 239.36, 0.00316685
ANTENNA__09693__A0, 332.34, 239.36, 0.00316685
ANTENNA__11241__A1, 332.34, 239.36, 0.00316685
ANTENNA__11240__A, 332.34, 239.36, 0.00316685
ANTENNA__11241__S, 332.34, 239.36, 0.00316685
ANTENNA_clkbuf_leaf_106_wclk_A, 332.34, 239.36, 0.00316685
FILLER_0_85_716, 332.34, 239.36, 0.00316685
_06903_, 332.34, 233.92, 0.00299688
_07839_, 332.34, 233.92, 0.00299688
_12244_, 332.34, 233.92, 0.00299688
_12583_, 332.34, 233.92, 0.00299688
_14777_, 332.34, 233.92, 0.00299688
_14937_, 332.34, 233.92, 0.00299688
_09655_, 332.34, 228.48, 0.00282706
_10572_, 332.34, 228.48, 0.00282706
_14809_, 332.34, 228.48, 0.00282706
ANTENNA__06744__A2, 332.34, 228.48, 0.00282706
ANTENNA__06905__A, 332.34, 228.48, 0.00282706
ANTENNA__09654__A0, 332.34, 228.48, 0.00282706
ANTENNA__09653__A, 332.34, 228.48, 0.00282706
ANTENNA__11288__S, 332.34, 228.48, 0.00282706
FILLER_0_80_717, 332.34, 228.48, 0.00282706
_06645_, 332.34, 223.04, 0.00265121
_07243_, 332.34, 223.04, 0.00265121
_12022_, 332.34, 223.04, 0.00265121
_12312_, 332.34, 223.04, 0.00265121
_13037_, 332.34, 223.04, 0.00265121
ANTENNA__06749__B, 332.34, 223.04, 0.00265121
ANTENNA__07349__A2, 332.34, 223.04, 0.00265121
ANTENNA__07349__B1, 332.34, 223.04, 0.00265121
ANTENNA__08864__A0, 332.34, 223.04, 0.00265121
FILLER_0_79_720, 332.34, 223.04, 0.00265121
_06644_, 332.34, 217.6, 0.00244291
_07402_, 332.34, 217.6, 0.00244291
_12633_, 332.34, 217.6, 0.00244291
_14672_, 332.34, 217.6, 0.00244291
ANTENNA__06617__A1, 332.34, 217.6, 0.00244291
ANTENNA__06884__A, 332.34, 217.6, 0.00244291
ANTENNA__10573__A1, 332.34, 217.6, 0.00244291
_12634_, 332.34, 212.16, 0.0022349
_12702_, 332.34, 212.16, 0.0022349
_14960_, 332.34, 212.16, 0.0022349
_14992_, 332.34, 212.16, 0.0022349
ANTENNA__06747__C, 332.34, 212.16, 0.0022349
ANTENNA__06751__A2, 332.34, 212.16, 0.0022349
ANTENNA__09996__A, 332.34, 212.16, 0.0022349
ANTENNA__10573__S, 332.34, 212.16, 0.0022349
_07397_, 332.34, 206.72, 0.00205737
_07403_, 332.34, 206.72, 0.00205737
_11513_, 332.34, 206.72, 0.00205737
_11514_, 332.34, 206.72, 0.00205737
_12701_, 332.34, 206.72, 0.00205737
ANTENNA__11152__A1, 332.34, 206.72, 0.00205737
ANTENNA__11152__S, 332.34, 206.72, 0.00205737
_07399_, 332.34, 201.28, 0.00184804
_12632_, 332.34, 201.28, 0.00184804
_12700_, 332.34, 201.28, 0.00184804
_14448_, 332.34, 201.28, 0.00184804
ANTENNA__06750__B, 332.34, 201.28, 0.00184804
FILLER_0_69_708, 332.34, 201.28, 0.00184804
_06797_, 332.34, 195.84, 0.00165167
_07400_, 332.34, 195.84, 0.00165167
_11106_, 332.34, 195.84, 0.00165167
_12768_, 332.34, 195.84, 0.00165167
_14256_, 332.34, 195.84, 0.00165167
_15024_, 332.34, 195.84, 0.00165167
ANTENNA__06778__A, 332.34, 195.84, 0.00165167
_06792_, 332.34, 190.4, 0.00140686
_07395_, 332.34, 190.4, 0.00140686
_07396_, 332.34, 190.4, 0.00140686
_07398_, 332.34, 190.4, 0.00140686
_11105_, 332.34, 190.4, 0.00140686
ANTENNA__06778__B, 332.34, 190.4, 0.00140686
ANTENNA__06774__A, 332.34, 190.4, 0.00140686
ANTENNA__10505__S, 332.34, 190.4, 0.00140686
FILLER_0_65_697, 332.34, 190.4, 0.00140686
FILLER_0_66_697, 332.34, 190.4, 0.00140686
_06799_, 332.34, 184.96, 0.00115394
_06800_, 332.34, 184.96, 0.00115394
_11599_, 332.34, 184.96, 0.00115394
_11600_, 332.34, 184.96, 0.00115394
_14489_, 332.34, 184.96, 0.00115394
ANTENNA__12632__A, 332.34, 184.96, 0.00115394
ANTENNA__06780__B1, 332.34, 184.96, 0.00115394
ANTENNA__09378__A, 332.34, 184.96, 0.00115394
FILLER_0_63_709, 332.34, 184.96, 0.00115394
_07324_, 332.34, 179.52, 0.00123426
_11104_, 332.34, 179.52, 0.00123426
_11580_, 332.34, 179.52, 0.00123426
_11668_, 332.34, 179.52, 0.00123426
ANTENNA__06779__A, 332.34, 179.52, 0.00123426
ANTENNA__10777__S, 332.34, 179.52, 0.00123426
ANTENNA__10847__A, 332.34, 179.52, 0.00123426
ANTENNA__10848__S, 332.34, 179.52, 0.00123426
FILLER_0_61_708, 332.34, 179.52, 0.00123426
FILLER_0_62_697, 332.34, 179.52, 0.00123426
_07322_, 332.34, 174.08, 0.00134754
_07325_, 332.34, 174.08, 0.00134754
_09742_, 332.34, 174.08, 0.00134754
_14159_, 332.34, 174.08, 0.00134754
ANTENNA__06798__A2, 332.34, 174.08, 0.00134754
ANTENNA__09279__S, 332.34, 174.08, 0.00134754
ANTENNA__10848__A1, 332.34, 174.08, 0.00134754
_07323_, 332.34, 168.64, 0.00147054
_09307_, 332.34, 168.64, 0.00147054
_10866_, 332.34, 168.64, 0.00147054
_10867_, 332.34, 168.64, 0.00147054
clkbuf_leaf_112_wclk, 332.34, 168.64, 0.00147054
ANTENNA__06792__A, 332.34, 168.64, 0.00147054
ANTENNA__08797__A0, 332.34, 168.64, 0.00147054
ANTENNA__09742__S, 332.34, 168.64, 0.00147054
_06926_, 332.34, 163.2, 0.00155829
_09211_, 332.34, 163.2, 0.00155829
ANTENNA__07314__A2, 332.34, 163.2, 0.00155829
ANTENNA__07322__C, 332.34, 163.2, 0.00155829
ANTENNA__09227__A0, 332.34, 163.2, 0.00155829
ANTENNA__09227__S, 332.34, 163.2, 0.00155829
ANTENNA__10866__A1, 332.34, 163.2, 0.00155829
ANTENNA__10866__S, 332.34, 163.2, 0.00155829
_06927_, 332.34, 157.76, 0.00167852
_09216_, 332.34, 157.76, 0.00167852
_10850_, 332.34, 157.76, 0.00167852
_10851_, 332.34, 157.76, 0.00167852
_14151_, 332.34, 157.76, 0.00167852
ANTENNA__06926__B, 332.34, 157.76, 0.00167852
ANTENNA__09211__A0, 332.34, 157.76, 0.00167852
ANTENNA__09211__S, 332.34, 157.76, 0.00167852
ANTENNA__10850__A1, 332.34, 157.76, 0.00167852
FILLER_0_53_708, 332.34, 157.76, 0.00167852
_06929_, 332.34, 152.32, 0.00177084
_07024_, 332.34, 152.32, 0.00177084
_09215_, 332.34, 152.32, 0.00177084
_13417_, 332.34, 152.32, 0.00177084
ANTENNA__06976__B, 332.34, 152.32, 0.00177084
ANTENNA__06976__C, 332.34, 152.32, 0.00177084
ANTENNA__06927__C, 332.34, 152.32, 0.00177084
ANTENNA__06926__C, 332.34, 152.32, 0.00177084
ANTENNA__09215__S, 332.34, 152.32, 0.00177084
ANTENNA__10850__S, 332.34, 152.32, 0.00177084
_06977_, 332.34, 146.88, 0.00187815
_09730_, 332.34, 146.88, 0.00187815
_09731_, 332.34, 146.88, 0.00187815
ANTENNA__06977__B, 332.34, 146.88, 0.00187815
ANTENNA__07024__C, 332.34, 146.88, 0.00187815
ANTENNA__06929__A2, 332.34, 146.88, 0.00187815
ANTENNA__07018__B, 332.34, 146.88, 0.00187815
ANTENNA__09215__A0, 332.34, 146.88, 0.00187815
ANTENNA__09728__A0, 332.34, 146.88, 0.00187815
ANTENNA__09728__S, 332.34, 146.88, 0.00187815
FILLER_0_49_706, 332.34, 146.88, 0.00187815
_09285_, 332.34, 141.44, 0.00195484
_13641_, 332.34, 141.44, 0.00195484
clkbuf_leaf_138_wclk, 332.34, 141.44, 0.00195484
ANTENNA__06977__C, 332.34, 141.44, 0.00195484
_06975_, 332.34, 136, 0.00204525
_07023_, 332.34, 136, 0.00204525
_10444_, 332.34, 136, 0.00204525
_10715_, 332.34, 136, 0.00204525
_10855_, 332.34, 136, 0.00204525
_14153_, 332.34, 136, 0.00204525
ANTENNA__06975__B, 332.34, 136, 0.00204525
ANTENNA__06978__A2, 332.34, 136, 0.00204525
ANTENNA__06975__C, 332.34, 136, 0.00204525
ANTENNA__09285__S, 332.34, 136, 0.00204525
ANTENNA__09285__A0, 332.34, 136, 0.00204525
ANTENNA_clkbuf_leaf_138_wclk_A, 332.34, 136, 0.00204525
FILLER_0_46_714, 332.34, 136, 0.00204525
_07015_, 332.34, 130.56, 0.00212092
_10443_, 332.34, 130.56, 0.00212092
_10716_, 332.34, 130.56, 0.00212092
_13961_, 332.34, 130.56, 0.00212092
_14089_, 332.34, 130.56, 0.00212092
ANTENNA__10711__A1, 332.34, 130.56, 0.00212092
ANTENNA__10852__S, 332.34, 130.56, 0.00212092
ANTENNA__07015__A2, 332.34, 125.12, 0.00217291
ANTENNA__10439__A1, 332.34, 125.12, 0.00217291
ANTENNA__10441__A1, 332.34, 125.12, 0.00217291
ANTENNA__10715__A1, 332.34, 125.12, 0.00217291
ANTENNA__10443__S, 332.34, 125.12, 0.00217291
ANTENNA__10439__S, 332.34, 125.12, 0.00217291
FILLER_0_42_705, 332.34, 125.12, 0.00217291
FILLER_0_42_720, 332.34, 125.12, 0.00217291
FILLER_0_43_723, 332.34, 125.12, 0.00217291
_10016_, 332.34, 119.68, 0.00220857
_12834_, 332.34, 119.68, 0.00220857
_12835_, 332.34, 119.68, 0.00220857
_13775_, 332.34, 119.68, 0.00220857
_15055_, 332.34, 119.68, 0.00220857
ANTENNA__12834__S, 332.34, 119.68, 0.00220857
ANTENNA__07296__A3, 332.34, 119.68, 0.00220857
FILLER_0_40_704, 332.34, 119.68, 0.00220857
FILLER_0_41_713, 332.34, 119.68, 0.00220857
_07296_, 332.34, 114.24, 0.00231212
_07301_, 332.34, 114.24, 0.00231212
_08580_, 332.34, 114.24, 0.00231212
_10015_, 332.34, 114.24, 0.00231212
ANTENNA__07304__C1, 332.34, 114.24, 0.00231212
ANTENNA__07296__A2, 332.34, 114.24, 0.00231212
ANTENNA__10015__A0, 332.34, 114.24, 0.00231212
ANTENNA__10015__S, 332.34, 114.24, 0.00231212
ANTENNA__11306__A1, 332.34, 114.24, 0.00231212
FILLER_0_38_724, 332.34, 114.24, 0.00231212
_07298_, 332.34, 108.8, 0.002327
_09672_, 332.34, 108.8, 0.002327
_10225_, 332.34, 108.8, 0.002327
_11011_, 332.34, 108.8, 0.002327
_11171_, 332.34, 108.8, 0.002327
_14287_, 332.34, 108.8, 0.002327
ANTENNA__07296__B1, 332.34, 108.8, 0.002327
ANTENNA__07304__A2, 332.34, 108.8, 0.002327
ANTENNA__09672__S, 332.34, 108.8, 0.002327
ANTENNA__08580__A, 332.34, 108.8, 0.002327
_08559_, 332.34, 103.36, 0.0024405
_10222_, 332.34, 103.36, 0.0024405
_11170_, 332.34, 103.36, 0.0024405
clkbuf_leaf_136_wclk, 332.34, 103.36, 0.0024405
ANTENNA__09668__S, 332.34, 103.36, 0.0024405
_07200_, 332.34, 97.92, 0.00244223
_12832_, 332.34, 97.92, 0.00244223
_14349_, 332.34, 97.92, 0.00244223
ANTENNA__07200__B1, 332.34, 97.92, 0.00244223
ANTENNA__10225__A, 332.34, 97.92, 0.00244223
ANTENNA_clkbuf_leaf_136_wclk_A, 332.34, 97.92, 0.00244223
FILLER_0_32_709, 332.34, 97.92, 0.00244223
_11169_, 332.34, 92.48, 0.00248335
_11302_, 332.34, 92.48, 0.00248335
_12833_, 332.34, 92.48, 0.00248335
_14286_, 332.34, 92.48, 0.00248335
_15054_, 332.34, 92.48, 0.00248335
ANTENNA__12832__S, 332.34, 92.48, 0.00248335
ANTENNA__07200__C1, 332.34, 92.48, 0.00248335
ANTENNA__11302__S, 332.34, 92.48, 0.00248335
_06954_, 332.34, 87.04, 0.00251071
_08867_, 332.34, 87.04, 0.00251071
_10204_, 332.34, 87.04, 0.00251071
_11168_, 332.34, 87.04, 0.00251071
_13255_, 332.34, 87.04, 0.00251071
ANTENNA__07251__A2, 332.34, 87.04, 0.00251071
FILLER_0_28_722, 332.34, 87.04, 0.00251071
_08866_, 332.34, 81.6, 0.00254953
_09670_, 332.34, 81.6, 0.00254953
_10780_, 332.34, 81.6, 0.00254953
_14119_, 332.34, 81.6, 0.00254953
ANTENNA__11168__A1, 332.34, 81.6, 0.00254953
_06890_, 332.34, 76.16, 0.00257616
_09661_, 332.34, 76.16, 0.00257616
_10779_, 332.34, 76.16, 0.00257616
_14281_, 332.34, 76.16, 0.00257616
ANTENNA__06954__A2, 332.34, 76.16, 0.00257616
ANTENNA__09670__A0, 332.34, 76.16, 0.00257616
ANTENNA__10779__S, 332.34, 76.16, 0.00257616
_09660_, 332.34, 70.72, 0.00262513
_11158_, 332.34, 70.72, 0.00262513
_13609_, 332.34, 70.72, 0.00262513
ANTENNA__06890__A2, 332.34, 70.72, 0.00262513
ANTENNA__07007__A2, 332.34, 70.72, 0.00262513
ANTENNA__10779__A1, 332.34, 70.72, 0.00262513
FILLER_0_21_698, 332.34, 70.72, 0.00262513
FILLER_0_23_716, 332.34, 70.72, 0.00262513
_09451_, 332.34, 65.28, 0.00264007
_10575_, 332.34, 65.28, 0.00264007
_10576_, 332.34, 65.28, 0.00264007
_10993_, 332.34, 65.28, 0.00264007
_11720_, 332.34, 65.28, 0.00264007
_14023_, 332.34, 65.28, 0.00264007
ANTENNA__09660__A0, 332.34, 65.28, 0.00264007
ANTENNA__09660__S, 332.34, 65.28, 0.00264007
ANTENNA__10575__A1, 332.34, 65.28, 0.00264007
ANTENNA__10575__S, 332.34, 65.28, 0.00264007
ANTENNA__11294__A1, 332.34, 65.28, 0.00264007
ANTENNA__11158__S, 332.34, 65.28, 0.00264007
FILLER_0_21_714, 332.34, 65.28, 0.00264007
FILLER_0_21_723, 332.34, 65.28, 0.00264007
_06893_, 332.34, 59.84, 0.00264488
_09450_, 332.34, 59.84, 0.00264488
_13511_, 332.34, 59.84, 0.00264488
ANTENNA__06953__A3, 332.34, 59.84, 0.00264488
ANTENNA__11720__A, 332.34, 59.84, 0.00264488
_06894_, 332.34, 54.4, 0.00268984
_11154_, 332.34, 54.4, 0.00268984
_11155_, 332.34, 54.4, 0.00268984
_14279_, 332.34, 54.4, 0.00268984
ANTENNA__06952__A2, 332.34, 54.4, 0.00268984
ANTENNA__06952__B1, 332.34, 54.4, 0.00268984
ANTENNA__06953__B1, 332.34, 54.4, 0.00268984
ANTENNA__09450__A0, 332.34, 54.4, 0.00268984
ANTENNA__09450__S, 332.34, 54.4, 0.00268984
_10001_, 332.34, 48.96, 0.00269206
_12819_, 332.34, 48.96, 0.00269206
_15047_, 332.34, 48.96, 0.00269206
ANTENNA__06952__A3, 332.34, 48.96, 0.00269206
ANTENNA__10001__A0, 332.34, 48.96, 0.00269206
ANTENNA__10001__S, 332.34, 48.96, 0.00269206
FILLER_0_13_708, 332.34, 48.96, 0.00269206
FILLER_0_14_714, 332.34, 48.96, 0.00269206
_11935_, 332.34, 43.52, 0.00270866
ANTENNA__06881__A2, 332.34, 43.52, 0.00270866
ANTENNA__06881__B1, 332.34, 43.52, 0.00270866
ANTENNA__06959__A2, 332.34, 43.52, 0.00270866
ANTENNA__09999__A0, 332.34, 43.52, 0.00270866
ANTENNA__09999__S, 332.34, 43.52, 0.00270866
FILLER_0_12_697, 332.34, 43.52, 0.00270866
FILLER_0_13_716, 332.34, 43.52, 0.00270866
_09656_, 332.34, 38.08, 0.00271347
_09657_, 332.34, 38.08, 0.00271347
_11934_, 332.34, 38.08, 0.00271347
_14631_, 332.34, 38.08, 0.00271347
ANTENNA__06906__A2, 332.34, 38.08, 0.00271347
ANTENNA__06906__B1, 332.34, 38.08, 0.00271347
ANTENNA__09658__A0, 332.34, 38.08, 0.00271347
ANTENNA__09658__S, 332.34, 38.08, 0.00271347
_13607_, 332.34, 32.64, 0.00272411
clkbuf_leaf_128_wclk, 332.34, 32.64, 0.00272411
ANTENNA__06906__C1, 332.34, 32.64, 0.00272411
ANTENNA__09656__A0, 332.34, 32.64, 0.00272411
ANTENNA__09656__S, 332.34, 32.64, 0.00272411
ANTENNA__11934__S, 332.34, 32.64, 0.00272411
_07105_, 332.34, 27.2, 0.00271489
_09663_, 332.34, 27.2, 0.00271489
_09666_, 332.34, 27.2, 0.00271489
_13612_, 332.34, 27.2, 0.00271489
ANTENNA__07056__A2, 332.34, 27.2, 0.00271489
ANTENNA__07055__B1, 332.34, 27.2, 0.00271489
ANTENNA_clkbuf_leaf_128_wclk_A, 332.34, 27.2, 0.00271489
FILLER_0_6_701, 332.34, 27.2, 0.00271489
_09662_, 332.34, 21.76, 0.00273479
_11296_, 332.34, 21.76, 0.00273479
_13610_, 332.34, 21.76, 0.00273479
ANTENNA__07055__A2, 332.34, 21.76, 0.00273479
ANTENNA__07153__B1, 332.34, 21.76, 0.00273479
ANTENNA__07153__C1, 332.34, 21.76, 0.00273479
ANTENNA__07055__C1, 332.34, 21.76, 0.00273479
ANTENNA__11300__S, 332.34, 21.76, 0.00273479
_11298_, 332.34, 16.32, 0.00273691
_11299_, 332.34, 16.32, 0.00273691
ANTENNA__07105__A2, 332.34, 16.32, 0.00273691
ANTENNA__07105__B1, 332.34, 16.32, 0.00273691
ANTENNA__09662__S, 332.34, 16.32, 0.00273691
ANTENNA__11296__A1, 332.34, 16.32, 0.00273691
ANTENNA__11298__A1, 332.34, 16.32, 0.00273691
ANTENNA__11300__A1, 332.34, 16.32, 0.00273691
ANTENNA__11296__S, 332.34, 16.32, 0.00273691
input33, 332.34, 10.88, 0.00270094
ANTENNA__11298__S, 332.34, 10.88, 0.00270094
FILLER_0_0_697, 332.34, 10.88, 0.00270094
FILLER_0_0_705, 332.34, 10.88, 0.00270094
FILLER_0_1_724, 332.34, 10.88, 0.00270094
output52, 178.74, 495.04, 0.00575268
ANTENNA_output52_A, 178.74, 495.04, 0.00575268
FILLER_0_178_384, 178.74, 495.04, 0.00575268
FILLER_0_177_385, 178.74, 489.6, 0.0057487
FILLER_0_175_385, 178.74, 484.16, 0.0057505
FILLER_0_173_385, 178.74, 478.72, 0.00575246
FILLER_0_171_385, 178.74, 473.28, 0.0057546
FILLER_0_169_385, 178.74, 467.84, 0.00575692
FILLER_0_167_385, 178.74, 462.4, 0.00575946
FILLER_0_165_385, 178.74, 456.96, 0.00576223
FILLER_0_163_385, 178.74, 451.52, 0.00576838
FILLER_0_161_385, 178.74, 446.08, 0.00578766
FILLER_0_159_385, 178.74, 440.64, 0.00580053
_10753_, 178.74, 435.2, 0.00581099
_14108_, 178.74, 435.2, 0.00581099
ANTENNA__10753__A1, 178.74, 435.2, 0.00581099
FILLER_0_155_369, 178.74, 435.2, 0.00581099
FILLER_0_157_385, 178.74, 435.2, 0.00581099
_10482_, 178.74, 429.76, 0.00581881
_10754_, 178.74, 429.76, 0.00581881
_10755_, 178.74, 429.76, 0.00581881
_13979_, 178.74, 429.76, 0.00581881
_14107_, 178.74, 429.76, 0.00581881
FILLER_0_153_365, 178.74, 429.76, 0.00581881
FILLER_0_154_365, 178.74, 429.76, 0.00581881
_08020_, 178.74, 424.32, 0.00583854
_08118_, 178.74, 424.32, 0.00583854
clkbuf_leaf_46_wclk, 178.74, 424.32, 0.00583854
ANTENNA__10685__A1, 178.74, 424.32, 0.00583854
FILLER_0_152_372, 178.74, 424.32, 0.00583854
FILLER_0_153_386, 178.74, 424.32, 0.00583854
_08165_, 178.74, 418.88, 0.00581216
_10487_, 178.74, 418.88, 0.00581216
_10488_, 178.74, 418.88, 0.00581216
_10760_, 178.74, 418.88, 0.00581216
_13982_, 178.74, 418.88, 0.00581216
FILLER_0_150_377, 178.74, 418.88, 0.00581216
_10759_, 178.74, 413.44, 0.00579938
_14110_, 178.74, 413.44, 0.00579938
ANTENNA__10691__A1, 178.74, 413.44, 0.00579938
FILLER_0_147_374, 178.74, 413.44, 0.00579938
_10492_, 178.74, 408, 0.00580559
_10764_, 178.74, 408, 0.00580559
_13984_, 178.74, 408, 0.00580559
_14112_, 178.74, 408, 0.00580559
FILLER_0_147_383, 178.74, 408, 0.00580559
_10763_, 178.74, 402.56, 0.00580242
_10765_, 178.74, 402.56, 0.00580242
clkbuf_leaf_44_wclk, 178.74, 402.56, 0.00580242
ANTENNA__10763__A1, 178.74, 402.56, 0.00580242
ANTENNA__10765__A1, 178.74, 402.56, 0.00580242
FILLER_0_144_388, 178.74, 402.56, 0.00580242
FILLER_0_145_377, 178.74, 402.56, 0.00580242
_10494_, 178.74, 397.12, 0.00575481
_10766_, 178.74, 397.12, 0.00575481
_13985_, 178.74, 397.12, 0.00575481
_14113_, 178.74, 397.12, 0.00575481
ANTENNA__10699__A1, 178.74, 397.12, 0.00575481
FILLER_0_142_365, 178.74, 397.12, 0.00575481
_10700_, 178.74, 391.68, 0.00577098
_10701_, 178.74, 391.68, 0.00577098
_10702_, 178.74, 391.68, 0.00577098
_14083_, 178.74, 391.68, 0.00577098
ANTENNA__10701__A1, 178.74, 391.68, 0.00577098
FILLER_0_139_367, 178.74, 391.68, 0.00577098
FILLER_0_141_389, 178.74, 391.68, 0.00577098
_09990_, 178.74, 386.24, 0.0057267
_13763_, 178.74, 386.24, 0.0057267
ANTENNA__08350__C, 178.74, 386.24, 0.0057267
ANTENNA__08715__A0, 178.74, 386.24, 0.0057267
ANTENNA__08715__S, 178.74, 386.24, 0.0057267
FILLER_0_137_372, 178.74, 386.24, 0.0057267
FILLER_0_138_365, 178.74, 386.24, 0.0057267
_08350_, 178.74, 380.8, 0.00567523
_08702_, 178.74, 380.8, 0.00567523
_08715_, 178.74, 380.8, 0.00567523
_09989_, 178.74, 380.8, 0.00567523
_13179_, 178.74, 380.8, 0.00567523
ANTENNA__08350__B, 178.74, 380.8, 0.00567523
ANTENNA__09198__A0, 178.74, 380.8, 0.00567523
ANTENNA__08717__A0, 178.74, 380.8, 0.00567523
ANTENNA__08701__S, 178.74, 380.8, 0.00567523
ANTENNA__09198__S, 178.74, 380.8, 0.00567523
ANTENNA__09989__S, 178.74, 380.8, 0.00567523
FILLER_0_135_370, 178.74, 380.8, 0.00567523
FILLER_0_136_374, 178.74, 380.8, 0.00567523
FILLER_0_136_382, 178.74, 380.8, 0.00567523
_08718_, 178.74, 375.36, 0.00564774
_09198_, 178.74, 375.36, 0.00564774
_09364_, 178.74, 375.36, 0.00564774
_13187_, 178.74, 375.36, 0.00564774
ANTENNA__08018__C, 178.74, 375.36, 0.00564774
ANTENNA__08349__B1, 178.74, 375.36, 0.00564774
FILLER_0_134_375, 178.74, 375.36, 0.00564774
_08018_, 178.74, 369.92, 0.00559973
_08349_, 178.74, 369.92, 0.00559973
_08351_, 178.74, 369.92, 0.00559973
_08701_, 178.74, 369.92, 0.00559973
ANTENNA__10343__A0, 178.74, 369.92, 0.00559973
ANTENNA__07921__A2, 178.74, 369.92, 0.00559973
ANTENNA__08397__B, 178.74, 369.92, 0.00559973
FILLER_0_131_375, 178.74, 369.92, 0.00559973
FILLER_0_132_373, 178.74, 369.92, 0.00559973
_09201_, 178.74, 364.48, 0.00559063
_13010_, 178.74, 364.48, 0.00559063
_13411_, 178.74, 364.48, 0.00559063
ANTENNA__08396__B1, 178.74, 364.48, 0.00559063
ANTENNA__10343__S, 178.74, 364.48, 0.00559063
ANTENNA__12109__A, 178.74, 364.48, 0.00559063
ANTENNA_clkbuf_leaf_53_wclk_A, 178.74, 364.48, 0.00559063
FILLER_0_129_372, 178.74, 364.48, 0.00559063
FILLER_0_130_374, 178.74, 364.48, 0.00559063
FILLER_0_131_385, 178.74, 364.48, 0.00559063
_10361_, 178.74, 359.04, 0.00551221
_10362_, 178.74, 359.04, 0.00551221
_13923_, 178.74, 359.04, 0.00551221
ANTENNA__12994__S, 178.74, 359.04, 0.00551221
ANTENNA__08348__B1, 178.74, 359.04, 0.00551221
ANTENNA__09181__A, 178.74, 359.04, 0.00551221
ANTENNA__12994__A1, 178.74, 359.04, 0.00551221
ANTENNA__13012__A1, 178.74, 359.04, 0.00551221
FILLER_0_127_368, 178.74, 359.04, 0.00551221
FILLER_0_128_365, 178.74, 359.04, 0.00551221
FILLER_0_128_390, 178.74, 359.04, 0.00551221
FILLER_0_129_387, 178.74, 359.04, 0.00551221
_09346_, 178.74, 353.6, 0.00550615
_13013_, 178.74, 353.6, 0.00550615
_15139_, 178.74, 353.6, 0.00550615
ANTENNA__13012__S, 178.74, 353.6, 0.00550615
ANTENNA__12926__A1, 178.74, 353.6, 0.00550615
ANTENNA__09343__A, 178.74, 353.6, 0.00550615
ANTENNA__10269__A, 178.74, 353.6, 0.00550615
ANTENNA__09346__A, 178.74, 353.6, 0.00550615
ANTENNA_clkbuf_4_7_0_wclk_A, 178.74, 353.6, 0.00550615
FILLER_0_126_365, 178.74, 353.6, 0.00550615
FILLER_0_127_381, 178.74, 353.6, 0.00550615
_10269_, 178.74, 348.16, 0.00539485
_12944_, 178.74, 348.16, 0.00539485
_12945_, 178.74, 348.16, 0.00539485
_13012_, 178.74, 348.16, 0.00539485
_15107_, 178.74, 348.16, 0.00539485
ANTENNA__12944__S, 178.74, 348.16, 0.00539485
ANTENNA__08394__A2, 178.74, 348.16, 0.00539485
ANTENNA__07916__B1, 178.74, 348.16, 0.00539485
ANTENNA__08621__A, 178.74, 348.16, 0.00539485
FILLER_0_125_387, 178.74, 348.16, 0.00539485
_08394_, 178.74, 342.72, 0.00530937
_08416_, 178.74, 342.72, 0.00530937
_11925_, 178.74, 342.72, 0.00530937
_13955_, 178.74, 342.72, 0.00530937
_14586_, 178.74, 342.72, 0.00530937
_08395_, 178.74, 337.28, 0.00528684
_08621_, 178.74, 337.28, 0.00528684
_14627_, 178.74, 337.28, 0.00528684
ANTENNA__11838__A1, 178.74, 337.28, 0.00528684
ANTENNA__11856__S, 178.74, 337.28, 0.00528684
FILLER_0_121_387, 178.74, 337.28, 0.00528684
_11757_, 178.74, 331.84, 0.0051776
_11856_, 178.74, 331.84, 0.0051776
_11924_, 178.74, 331.84, 0.0051776
ANTENNA__07958__B1, 178.74, 331.84, 0.0051776
ANTENNA__08922__A0, 178.74, 331.84, 0.0051776
ANTENNA__08922__S, 178.74, 331.84, 0.0051776
ANTENNA__10835__A1, 178.74, 331.84, 0.0051776
ANTENNA__11924__S, 178.74, 331.84, 0.0051776
ANTENNA__13070__RESET_B, 178.74, 331.84, 0.0051776
FILLER_0_117_369, 178.74, 331.84, 0.0051776
FILLER_0_118_378, 178.74, 331.84, 0.0051776
FILLER_0_118_384, 178.74, 331.84, 0.0051776
_07958_, 178.74, 326.4, 0.00514314
_08922_, 178.74, 326.4, 0.00514314
_10835_, 178.74, 326.4, 0.00514314
_13070_, 178.74, 326.4, 0.00514314
ANTENNA__07959__A2, 178.74, 326.4, 0.00514314
ANTENNA__10835__S, 178.74, 326.4, 0.00514314
ANTENNA__07959__A1, 178.74, 326.4, 0.00514314
FILLER_0_116_374, 178.74, 326.4, 0.00514314
_07959_, 178.74, 320.96, 0.00504357
_08924_, 178.74, 320.96, 0.00504357
_10838_, 178.74, 320.96, 0.00504357
_14146_, 178.74, 320.96, 0.00504357
ANTENNA__08646__A0, 178.74, 320.96, 0.00504357
ANTENNA__10837__S, 178.74, 320.96, 0.00504357
ANTENNA__12382__A1, 178.74, 320.96, 0.00504357
FILLER_0_114_381, 178.74, 320.96, 0.00504357
FILLER_0_115_382, 178.74, 320.96, 0.00504357
_06646_, 178.74, 315.52, 0.00494276
_08386_, 178.74, 315.52, 0.00494276
_10837_, 178.74, 315.52, 0.00494276
_13283_, 178.74, 315.52, 0.00494276
ANTENNA__08419__A1, 178.74, 315.52, 0.00494276
FILLER_0_112_390, 178.74, 315.52, 0.00494276
FILLER_0_113_386, 178.74, 315.52, 0.00494276
_08417_, 178.74, 310.08, 0.0048569
_09509_, 178.74, 310.08, 0.0048569
_10633_, 178.74, 310.08, 0.0048569
ANTENNA__08386__A2, 178.74, 310.08, 0.0048569
ANTENNA__08386__B1, 178.74, 310.08, 0.0048569
ANTENNA__08417__A, 178.74, 310.08, 0.0048569
ANTENNA__10633__A1, 178.74, 310.08, 0.0048569
ANTENNA__10633__S, 178.74, 310.08, 0.0048569
ANTENNA__13079__RESET_B, 178.74, 310.08, 0.0048569
ANTENNA_clkbuf_leaf_55_wclk_A, 178.74, 310.08, 0.0048569
FILLER_0_110_365, 178.74, 310.08, 0.0048569
FILLER_0_110_383, 178.74, 310.08, 0.0048569
_09508_, 178.74, 304.64, 0.00475227
_13539_, 178.74, 304.64, 0.00475227
_14051_, 178.74, 304.64, 0.00475227
ANTENNA__12538__S, 178.74, 304.64, 0.00475227
ANTENNA__09508__S, 178.74, 304.64, 0.00475227
FILLER_0_109_381, 178.74, 304.64, 0.00475227
_08387_, 178.74, 299.2, 0.004616
ANTENNA__08387__A2, 178.74, 299.2, 0.004616
ANTENNA__08387__B1, 178.74, 299.2, 0.004616
ANTENNA__09508__A0, 178.74, 299.2, 0.004616
ANTENNA__09506__S, 178.74, 299.2, 0.004616
ANTENNA__10631__A1, 178.74, 299.2, 0.004616
ANTENNA__11992__A1, 178.74, 299.2, 0.004616
ANTENNA__12198__S, 178.74, 299.2, 0.004616
FILLER_0_105_365, 178.74, 299.2, 0.004616
FILLER_0_106_377, 178.74, 299.2, 0.004616
_08340_, 178.74, 293.76, 0.00451282
_10058_, 178.74, 293.76, 0.00451282
_11992_, 178.74, 293.76, 0.00451282
_11993_, 178.74, 293.76, 0.00451282
_12199_, 178.74, 293.76, 0.00451282
_13795_, 178.74, 293.76, 0.00451282
_14756_, 178.74, 293.76, 0.00451282
ANTENNA__08340__A2, 178.74, 293.76, 0.00451282
ANTENNA__08340__B1, 178.74, 293.76, 0.00451282
ANTENNA__10057__A0, 178.74, 293.76, 0.00451282
ANTENNA__10631__S, 178.74, 293.76, 0.00451282
ANTENNA__11992__S, 178.74, 293.76, 0.00451282
FILLER_0_104_365, 178.74, 293.76, 0.00451282
FILLER_0_105_380, 178.74, 293.76, 0.00451282
_08384_, 178.74, 288.32, 0.00441737
_10631_, 178.74, 288.32, 0.00441737
_14659_, 178.74, 288.32, 0.00441737
clkbuf_leaf_19_wclk, 178.74, 288.32, 0.00441737
ANTENNA__07990__B1, 178.74, 288.32, 0.00441737
ANTENNA__10055__A0, 178.74, 288.32, 0.00441737
FILLER_0_101_365, 178.74, 288.32, 0.00441737
_08341_, 178.74, 282.88, 0.00426414
_08388_, 178.74, 282.88, 0.00426414
_10055_, 178.74, 282.88, 0.00426414
_11990_, 178.74, 282.88, 0.00426414
_13794_, 178.74, 282.88, 0.00426414
ANTENNA__11990__S, 178.74, 282.88, 0.00426414
_08337_, 178.74, 277.44, 0.00416812
_10056_, 178.74, 277.44, 0.00416812
_14658_, 178.74, 277.44, 0.00416812
_11195_, 178.74, 272, 0.00402624
_11467_, 178.74, 272, 0.00402624
_12876_, 178.74, 272, 0.00402624
_14426_, 178.74, 272, 0.00402624
ANTENNA__12874__S, 178.74, 272, 0.00402624
ANTENNA__08338__A2, 178.74, 272, 0.00402624
ANTENNA__12876__A1, 178.74, 272, 0.00402624
FILLER_0_96_381, 178.74, 272, 0.00402624
_08385_, 178.74, 266.56, 0.00387575
_15075_, 178.74, 266.56, 0.00387575
ANTENNA__12876__S, 178.74, 266.56, 0.00387575
FILLER_0_95_384, 178.74, 266.56, 0.00387575
_11212_, 178.74, 261.12, 0.00378553
_11215_, 178.74, 261.12, 0.00378553
_12877_, 178.74, 261.12, 0.00378553
ANTENNA__11486__A1, 178.74, 261.12, 0.00378553
FILLER_0_93_381, 178.74, 261.12, 0.00378553
_11398_, 178.74, 255.68, 0.00359407
_11399_, 178.74, 255.68, 0.00359407
_14394_, 178.74, 255.68, 0.00359407
_14726_, 178.74, 255.68, 0.00359407
FILLER_0_89_364, 178.74, 255.68, 0.00359407
_11047_, 178.74, 250.24, 0.00347335
_12137_, 178.74, 250.24, 0.00347335
_14330_, 178.74, 250.24, 0.00347335
ANTENNA__11398__A1, 178.74, 250.24, 0.00347335
ANTENNA__11047__S, 178.74, 250.24, 0.00347335
ANTENNA__11398__S, 178.74, 250.24, 0.00347335
FILLER_0_89_388, 178.74, 250.24, 0.00347335
_11263_, 178.74, 244.8, 0.0033222
_11397_, 178.74, 244.8, 0.0033222
_14404_, 178.74, 244.8, 0.0033222
clkbuf_leaf_16_wclk, 178.74, 244.8, 0.0033222
ANTENNA__08392__B1, 178.74, 244.8, 0.0033222
ANTENNA__11047__A1, 178.74, 244.8, 0.0033222
ANTENNA__11418__A1, 178.74, 244.8, 0.0033222
FILLER_0_86_385, 178.74, 244.8, 0.0033222
FILLER_0_87_382, 178.74, 244.8, 0.0033222
FILLER_0_87_389, 178.74, 244.8, 0.0033222
_11046_, 178.74, 239.36, 0.00313472
_11350_, 178.74, 239.36, 0.00313472
_11418_, 178.74, 239.36, 0.00313472
_11419_, 178.74, 239.36, 0.00313472
ANTENNA__08009__A, 178.74, 239.36, 0.00313472
ANTENNA__08010__A, 178.74, 239.36, 0.00313472
ANTENNA__08425__B1, 178.74, 239.36, 0.00313472
ANTENNA__08438__B1, 178.74, 239.36, 0.00313472
ANTENNA__11418__S, 178.74, 239.36, 0.00313472
FILLER_0_84_365, 178.74, 239.36, 0.00313472
_08438_, 178.74, 233.92, 0.00298789
_11078_, 178.74, 233.92, 0.00298789
_14244_, 178.74, 233.92, 0.00298789
_14340_, 178.74, 233.92, 0.00298789
_14372_, 178.74, 233.92, 0.00298789
_11077_, 178.74, 228.48, 0.00281101
_11329_, 178.74, 228.48, 0.00281101
_11355_, 178.74, 228.48, 0.00281101
_12587_, 178.74, 228.48, 0.00281101
ANTENNA__08438__A2, 178.74, 228.48, 0.00281101
ANTENNA__11077__A1, 178.74, 228.48, 0.00281101
ANTENNA__11350__S, 178.74, 228.48, 0.00281101
ANTENNA__11329__A, 178.74, 228.48, 0.00281101
ANTENNA__11355__A, 178.74, 228.48, 0.00281101
FILLER_0_79_366, 178.74, 228.48, 0.00281101
FILLER_0_80_372, 178.74, 228.48, 0.00281101
FILLER_0_81_389, 178.74, 228.48, 0.00281101
_07975_, 178.74, 223.04, 0.00260633
_12266_, 178.74, 223.04, 0.00260633
_12477_, 178.74, 223.04, 0.00260633
_12585_, 178.74, 223.04, 0.00260633
ANTENNA__12476__S, 178.74, 223.04, 0.00260633
ANTENNA__07974__A, 178.74, 223.04, 0.00260633
ANTENNA__07975__A, 178.74, 223.04, 0.00260633
ANTENNA__11077__S, 178.74, 223.04, 0.00260633
ANTENNA__11282__A1, 178.74, 223.04, 0.00260633
ANTENNA__11282__S, 178.74, 223.04, 0.00260633
ANTENNA__12476__A1, 178.74, 223.04, 0.00260633
ANTENNA__12266__A1, 178.74, 223.04, 0.00260633
FILLER_0_78_365, 178.74, 223.04, 0.00260633
_08424_, 178.74, 217.6, 0.00244186
_12543_, 178.74, 217.6, 0.00244186
_12607_, 178.74, 217.6, 0.00244186
_14948_, 178.74, 217.6, 0.00244186
clkbuf_leaf_12_wclk, 178.74, 217.6, 0.00244186
ANTENNA__12543__A, 178.74, 217.6, 0.00244186
ANTENNA__08424__A2, 178.74, 217.6, 0.00244186
ANTENNA_clkbuf_leaf_12_wclk_A, 178.74, 217.6, 0.00244186
_12203_, 178.74, 212.16, 0.00223543
_12267_, 178.74, 212.16, 0.00223543
_12545_, 178.74, 212.16, 0.00223543
_12606_, 178.74, 212.16, 0.00223543
_14788_, 178.74, 212.16, 0.00223543
ANTENNA__11076__A, 178.74, 212.16, 0.00223543
_11076_, 178.74, 206.72, 0.00203204
_11622_, 178.74, 206.72, 0.00203204
_12063_, 178.74, 206.72, 0.00203204
_14692_, 178.74, 206.72, 0.00203204
ANTENNA__12606__S, 178.74, 206.72, 0.00203204
ANTENNA__11622__A1, 178.74, 206.72, 0.00203204
ANTENNA__12203__A, 178.74, 206.72, 0.00203204
ANTENNA__06677__A, 178.74, 206.72, 0.00203204
FILLER_0_73_382, 178.74, 206.72, 0.00203204
_08458_, 178.74, 201.28, 0.00184357
_11147_, 178.74, 201.28, 0.00184357
_11690_, 178.74, 201.28, 0.00184357
_11788_, 178.74, 201.28, 0.00184357
_14532_, 178.74, 201.28, 0.00184357
ANTENNA__11690__A1, 178.74, 201.28, 0.00184357
ANTENNA__11690__S, 178.74, 201.28, 0.00184357
_08459_, 178.74, 195.84, 0.00162637
_08461_, 178.74, 195.84, 0.00162637
_11554_, 178.74, 195.84, 0.00162637
_11555_, 178.74, 195.84, 0.00162637
_14468_, 178.74, 195.84, 0.00162637
ANTENNA__08458__B1, 178.74, 195.84, 0.00162637
ANTENNA__11622__S, 178.74, 195.84, 0.00162637
FILLER_0_68_387, 178.74, 195.84, 0.00162637
FILLER_0_69_378, 178.74, 195.84, 0.00162637
_07947_, 178.74, 190.4, 0.00137776
_12675_, 178.74, 190.4, 0.00137776
_12742_, 178.74, 190.4, 0.00137776
_12743_, 178.74, 190.4, 0.00137776
_15012_, 178.74, 190.4, 0.00137776
ANTENNA__08459__A2, 178.74, 190.4, 0.00137776
ANTENNA__07952__A, 178.74, 190.4, 0.00137776
ANTENNA__12742__A1, 178.74, 190.4, 0.00137776
FILLER_0_65_376, 178.74, 190.4, 0.00137776
_07946_, 178.74, 184.96, 0.00115804
_11999_, 178.74, 184.96, 0.00115804
_12001_, 178.74, 184.96, 0.00115804
_12205_, 178.74, 184.96, 0.00115804
_12611_, 178.74, 184.96, 0.00115804
_14758_, 178.74, 184.96, 0.00115804
ANTENNA__11554__A1, 178.74, 184.96, 0.00115804
ANTENNA__11554__S, 178.74, 184.96, 0.00115804
ANTENNA__12204__A1, 178.74, 184.96, 0.00115804
ANTENNA__12204__S, 178.74, 184.96, 0.00115804
FILLER_0_64_379, 178.74, 184.96, 0.00115804
_07944_, 178.74, 179.52, 0.00122418
_12612_, 178.74, 179.52, 0.00122418
_12613_, 178.74, 179.52, 0.00122418
_14662_, 178.74, 179.52, 0.00122418
_14950_, 178.74, 179.52, 0.00122418
ANTENNA__07947__A, 178.74, 179.52, 0.00122418
FILLER_0_62_365, 178.74, 179.52, 0.00122418
FILLER_0_63_378, 178.74, 179.52, 0.00122418
_07943_, 178.74, 174.08, 0.0013626
_11601_, 178.74, 174.08, 0.0013626
_11669_, 178.74, 174.08, 0.0013626
_11670_, 178.74, 174.08, 0.0013626
ANTENNA__12680__S, 178.74, 174.08, 0.0013626
ANTENNA__12612__A1, 178.74, 174.08, 0.0013626
FILLER_0_60_386, 178.74, 174.08, 0.0013626
FILLER_0_61_387, 178.74, 174.08, 0.0013626
_14895_, 178.74, 168.64, 0.00151978
ANTENNA__07944__A, 178.74, 168.64, 0.00151978
ANTENNA__06841__B1, 178.74, 168.64, 0.00151978
ANTENNA__07945__B1, 178.74, 168.64, 0.00151978
ANTENNA__11601__A, 178.74, 168.64, 0.00151978
ANTENNA__11669__A, 178.74, 168.64, 0.00151978
ANTENNA__11670__S, 178.74, 168.64, 0.00151978
ANTENNA__12000__S, 178.74, 168.64, 0.00151978
FILLER_0_58_365, 178.74, 168.64, 0.00151978
FILLER_0_58_372, 178.74, 168.64, 0.00151978
FILLER_0_58_382, 178.74, 168.64, 0.00151978
FILLER_0_58_388, 178.74, 168.64, 0.00151978
FILLER_0_59_381, 178.74, 168.64, 0.00151978
_09879_, 178.74, 163.2, 0.00157159
_12222_, 178.74, 163.2, 0.00157159
_12494_, 178.74, 163.2, 0.00157159
_12495_, 178.74, 163.2, 0.00157159
_12562_, 178.74, 163.2, 0.00157159
_13711_, 178.74, 163.2, 0.00157159
ANTENNA__12494__A1, 178.74, 163.2, 0.00157159
_07285_, 178.74, 157.76, 0.00169455
_07288_, 178.74, 157.76, 0.00169455
_09605_, 178.74, 157.76, 0.00169455
_12563_, 178.74, 157.76, 0.00169455
_14927_, 178.74, 157.76, 0.00169455
FILLER_0_53_374, 178.74, 157.76, 0.00169455
ANTENNA__12562__S, 178.74, 152.32, 0.00178404
ANTENNA__12562__A0, 178.74, 152.32, 0.00178404
ANTENNA__07285__A2, 178.74, 152.32, 0.00178404
ANTENNA__07284__B1, 178.74, 152.32, 0.00178404
ANTENNA__07184__A2, 178.74, 152.32, 0.00178404
ANTENNA__07184__B1, 178.74, 152.32, 0.00178404
ANTENNA__07288__A2, 178.74, 152.32, 0.00178404
ANTENNA__07288__B1, 178.74, 152.32, 0.00178404
ANTENNA__09016__S, 178.74, 152.32, 0.00178404
ANTENNA__09604__S, 178.74, 152.32, 0.00178404
FILLER_0_51_372, 178.74, 152.32, 0.00178404
FILLER_0_52_365, 178.74, 152.32, 0.00178404
FILLER_0_52_383, 178.74, 152.32, 0.00178404
FILLER_0_53_381, 178.74, 152.32, 0.00178404
_09016_, 178.74, 146.88, 0.00188007
_10079_, 178.74, 146.88, 0.00188007
_11375_, 178.74, 146.88, 0.00188007
_13805_, 178.74, 146.88, 0.00188007
ANTENNA__09016__A0, 178.74, 146.88, 0.00188007
ANTENNA__10079__S, 178.74, 146.88, 0.00188007
FILLER_0_51_382, 178.74, 146.88, 0.00188007
_07185_, 178.74, 141.44, 0.00195943
_07190_, 178.74, 141.44, 0.00195943
_10080_, 178.74, 141.44, 0.00195943
_13197_, 178.74, 141.44, 0.00195943
ANTENNA__08740__S, 178.74, 141.44, 0.00195943
ANTENNA__09874__A0, 178.74, 141.44, 0.00195943
ANTENNA__09874__S, 178.74, 141.44, 0.00195943
FILLER_0_49_389, 178.74, 141.44, 0.00195943
_09601_, 178.74, 136, 0.00202261
ANTENNA__07185__A2, 178.74, 136, 0.00202261
ANTENNA__07187__A2, 178.74, 136, 0.00202261
ANTENNA__09600__A0, 178.74, 136, 0.00202261
FILLER_0_46_368, 178.74, 136, 0.00202261
FILLER_0_46_378, 178.74, 136, 0.00202261
FILLER_0_46_387, 178.74, 136, 0.00202261
FILLER_0_47_386, 178.74, 136, 0.00202261
_06943_, 178.74, 130.56, 0.00213152
_07187_, 178.74, 130.56, 0.00213152
_09600_, 178.74, 130.56, 0.00213152
_11371_, 178.74, 130.56, 0.00213152
_14381_, 178.74, 130.56, 0.00213152
ANTENNA__07187__B1, 178.74, 130.56, 0.00213152
FILLER_0_43_375, 178.74, 130.56, 0.00213152
_09299_, 178.74, 125.12, 0.00218851
_12084_, 178.74, 125.12, 0.00218851
_12085_, 178.74, 125.12, 0.00218851
_14702_, 178.74, 125.12, 0.00218851
ANTENNA__12084__A0, 178.74, 125.12, 0.00218851
ANTENNA__06943__A2, 178.74, 125.12, 0.00218851
ANTENNA__06943__B1, 178.74, 125.12, 0.00218851
ANTENNA__09006__S, 178.74, 125.12, 0.00218851
ANTENNA__09600__S, 178.74, 125.12, 0.00218851
ANTENNA_clkbuf_leaf_150_wclk_A, 178.74, 125.12, 0.00218851
FILLER_0_42_365, 178.74, 125.12, 0.00218851
_06944_, 178.74, 119.68, 0.00221921
_10069_, 178.74, 119.68, 0.00221921
ANTENNA__10069__A1, 178.74, 119.68, 0.00221921
ANTENNA__06944__B1, 178.74, 119.68, 0.00221921
ANTENNA__09006__A0, 178.74, 119.68, 0.00221921
ANTENNA__10069__S, 178.74, 119.68, 0.00221921
FILLER_0_39_373, 178.74, 119.68, 0.00221921
FILLER_0_40_386, 178.74, 119.68, 0.00221921
FILLER_0_41_383, 178.74, 119.68, 0.00221921
_08730_, 178.74, 114.24, 0.00232925
_08743_, 178.74, 114.24, 0.00232925
_13806_, 178.74, 114.24, 0.00232925
ANTENNA__07330__B1, 178.74, 114.24, 0.00232925
ANTENNA__06944__A2, 178.74, 114.24, 0.00232925
ANTENNA__08730__A0, 178.74, 114.24, 0.00232925
ANTENNA__08730__S, 178.74, 114.24, 0.00232925
ANTENNA__09864__A0, 178.74, 114.24, 0.00232925
ANTENNA__12630__A1, 178.74, 114.24, 0.00232925
FILLER_0_37_370, 178.74, 114.24, 0.00232925
FILLER_0_38_382, 178.74, 114.24, 0.00232925
FILLER_0_39_378, 178.74, 114.24, 0.00232925
FILLER_0_39_384, 178.74, 114.24, 0.00232925
_06609_, 178.74, 108.8, 0.00235797
_06949_, 178.74, 108.8, 0.00235797
_09864_, 178.74, 108.8, 0.00235797
_09865_, 178.74, 108.8, 0.00235797
_13704_, 178.74, 108.8, 0.00235797
_14888_, 178.74, 108.8, 0.00235797
FILLER_0_36_365, 178.74, 108.8, 0.00235797
_06942_, 178.74, 103.36, 0.0024219
_12480_, 178.74, 103.36, 0.0024219
ANTENNA__12344__S, 178.74, 103.36, 0.0024219
ANTENNA__12480__S, 178.74, 103.36, 0.0024219
ANTENNA__06942__A2, 178.74, 103.36, 0.0024219
ANTENNA__06941__B1, 178.74, 103.36, 0.0024219
ANTENNA__12480__A1, 178.74, 103.36, 0.0024219
ANTENNA__12344__A1, 178.74, 103.36, 0.0024219
ANTENNA__06609__A, 178.74, 103.36, 0.0024219
_12015_, 178.74, 97.92, 0.00249011
_12153_, 178.74, 97.92, 0.00249011
_14734_, 178.74, 97.92, 0.00249011
ANTENNA__12152__A0, 178.74, 97.92, 0.00249011
ANTENNA__07232__A2, 178.74, 97.92, 0.00249011
ANTENNA__12014__S, 178.74, 97.92, 0.00249011
ANTENNA__12152__S, 178.74, 97.92, 0.00249011
FILLER_0_31_364, 178.74, 97.92, 0.00249011
FILLER_0_32_368, 178.74, 97.92, 0.00249011
FILLER_0_32_374, 178.74, 97.92, 0.00249011
FILLER_0_32_380, 178.74, 97.92, 0.00249011
FILLER_0_33_381, 178.74, 97.92, 0.00249011
FILLER_0_33_389, 178.74, 97.92, 0.00249011
_07232_, 178.74, 92.48, 0.00253519
_12152_, 178.74, 92.48, 0.00253519
_13710_, 178.74, 92.48, 0.00253519
_14830_, 178.74, 92.48, 0.00253519
ANTENNA__07232__B1, 178.74, 92.48, 0.00253519
FILLER_0_30_365, 178.74, 92.48, 0.00253519
_07233_, 178.74, 87.04, 0.00254796
_09877_, 178.74, 87.04, 0.00254796
_12356_, 178.74, 87.04, 0.00254796
_12357_, 178.74, 87.04, 0.00254796
_12492_, 178.74, 87.04, 0.00254796
_14894_, 178.74, 87.04, 0.00254796
ANTENNA__12356__S, 178.74, 87.04, 0.00254796
ANTENNA__07034__B, 178.74, 87.04, 0.00254796
FILLER_0_28_365, 178.74, 87.04, 0.00254796
FILLER_0_28_371, 178.74, 87.04, 0.00254796
_07226_, 178.74, 81.6, 0.00259229
_12493_, 178.74, 81.6, 0.00259229
ANTENNA__12492__S, 178.74, 81.6, 0.00259229
ANTENNA__07226__A2, 178.74, 81.6, 0.00259229
ANTENNA__07226__B1, 178.74, 81.6, 0.00259229
ANTENNA__07233__A2, 178.74, 81.6, 0.00259229
ANTENNA__12356__A1, 178.74, 81.6, 0.00259229
FILLER_0_26_365, 178.74, 81.6, 0.00259229
FILLER_0_26_382, 178.74, 81.6, 0.00259229
FILLER_0_27_387, 178.74, 81.6, 0.00259229
_12626_, 178.74, 76.16, 0.00261869
_14989_, 178.74, 76.16, 0.00261869
clkbuf_leaf_162_wclk, 178.74, 76.16, 0.00261869
ANTENNA__07132__B, 178.74, 76.16, 0.00261869
ANTENNA__11430__A1, 178.74, 76.16, 0.00261869
ANTENNA__12626__A1, 178.74, 76.16, 0.00261869
ANTENNA_clkbuf_leaf_162_wclk_A, 178.74, 76.16, 0.00261869
FILLER_0_25_382, 178.74, 76.16, 0.00261869
FILLER_0_25_387, 178.74, 76.16, 0.00261869
_11360_, 178.74, 70.72, 0.00268319
_11361_, 178.74, 70.72, 0.00268319
_11363_, 178.74, 70.72, 0.00268319
_11507_, 178.74, 70.72, 0.00268319
_12695_, 178.74, 70.72, 0.00268319
_14376_, 178.74, 70.72, 0.00268319
ANTENNA__12626__S, 178.74, 70.72, 0.00268319
ANTENNA__06938__B, 178.74, 70.72, 0.00268319
ANTENNA__11360__A1, 178.74, 70.72, 0.00268319
ANTENNA__11362__A1, 178.74, 70.72, 0.00268319
FILLER_0_22_369, 178.74, 70.72, 0.00268319
FILLER_0_23_378, 178.74, 70.72, 0.00268319
_09590_, 178.74, 65.28, 0.00266102
_09591_, 178.74, 65.28, 0.00266102
_13576_, 178.74, 65.28, 0.00266102
ANTENNA__07278__B1, 178.74, 65.28, 0.00266102
ANTENNA__11506__A1, 178.74, 65.28, 0.00266102
ANTENNA__11362__S, 178.74, 65.28, 0.00266102
FILLER_0_19_368, 178.74, 65.28, 0.00266102
_07278_, 178.74, 59.84, 0.00268047
_09603_, 178.74, 59.84, 0.00268047
_12017_, 178.74, 59.84, 0.00268047
_14670_, 178.74, 59.84, 0.00268047
ANTENNA__07278__A2, 178.74, 59.84, 0.00268047
ANTENNA__09590__A0, 178.74, 59.84, 0.00268047
ANTENNA__11364__S, 178.74, 59.84, 0.00268047
ANTENNA__12016__S, 178.74, 59.84, 0.00268047
FILLER_0_18_372, 178.74, 59.84, 0.00268047
FILLER_0_18_390, 178.74, 59.84, 0.00268047
FILLER_0_19_378, 178.74, 59.84, 0.00268047
_12016_, 178.74, 54.4, 0.00273552
_12560_, 178.74, 54.4, 0.00273552
_12561_, 178.74, 54.4, 0.00273552
_12629_, 178.74, 54.4, 0.00273552
_14926_, 178.74, 54.4, 0.00273552
_14958_, 178.74, 54.4, 0.00273552
FILLER_0_15_367, 178.74, 54.4, 0.00273552
FILLER_0_16_382, 178.74, 54.4, 0.00273552
_12628_, 178.74, 48.96, 0.00272463
_14766_, 178.74, 48.96, 0.00272463
ANTENNA__12548__S, 178.74, 48.96, 0.00272463
ANTENNA__12628__S, 178.74, 48.96, 0.00272463
ANTENNA__11366__S, 178.74, 48.96, 0.00272463
FILLER_0_13_364, 178.74, 48.96, 0.00272463
FILLER_0_14_365, 178.74, 48.96, 0.00272463
_06945_, 178.74, 43.52, 0.00272852
_12208_, 178.74, 43.52, 0.00272852
_12221_, 178.74, 43.52, 0.00272852
_12548_, 178.74, 43.52, 0.00272852
ANTENNA__12560__S, 178.74, 43.52, 0.00272852
ANTENNA__06945__A2, 178.74, 43.52, 0.00272852
ANTENNA__06945__B1, 178.74, 43.52, 0.00272852
ANTENNA__12628__A1, 178.74, 43.52, 0.00272852
_11502_, 178.74, 38.08, 0.0027618
_14442_, 178.74, 38.08, 0.0027618
_14760_, 178.74, 38.08, 0.0027618
ANTENNA__11502__A1, 178.74, 38.08, 0.0027618
ANTENNA__11502__S, 178.74, 38.08, 0.0027618
ANTENNA__12208__A1, 178.74, 38.08, 0.0027618
ANTENNA__12208__S, 178.74, 38.08, 0.0027618
FILLER_0_9_370, 178.74, 38.08, 0.0027618
FILLER_0_10_381, 178.74, 38.08, 0.0027618
_11501_, 178.74, 32.64, 0.00275099
_12622_, 178.74, 32.64, 0.00275099
_12689_, 178.74, 32.64, 0.00275099
_14444_, 178.74, 32.64, 0.00275099
clkbuf_leaf_159_wclk, 178.74, 32.64, 0.00275099
ANTENNA__12622__S, 178.74, 32.64, 0.00275099
ANTENNA__12688__S, 178.74, 32.64, 0.00275099
ANTENNA__07176__A2, 178.74, 32.64, 0.00275099
ANTENNA_clkbuf_leaf_159_wclk_A, 178.74, 32.64, 0.00275099
FILLER_0_8_369, 178.74, 32.64, 0.00275099
_07129_, 178.74, 27.2, 0.0027439
_07176_, 178.74, 27.2, 0.0027439
_11505_, 178.74, 27.2, 0.0027439
ANTENNA__12692__S, 178.74, 27.2, 0.0027439
ANTENNA__12622__A1, 178.74, 27.2, 0.0027439
ANTENNA__12692__A1, 178.74, 27.2, 0.0027439
ANTENNA__12624__A1, 178.74, 27.2, 0.0027439
FILLER_0_5_371, 178.74, 27.2, 0.0027439
FILLER_0_6_372, 178.74, 27.2, 0.0027439
FILLER_0_6_385, 178.74, 27.2, 0.0027439
_06983_, 178.74, 21.76, 0.00277214
_12004_, 178.74, 21.76, 0.00277214
_12005_, 178.74, 21.76, 0.00277214
_12624_, 178.74, 21.76, 0.00277214
ANTENNA__12624__S, 178.74, 21.76, 0.00277214
ANTENNA__07174__B1, 178.74, 21.76, 0.00277214
ANTENNA__06983__A2, 178.74, 21.76, 0.00277214
ANTENNA__11568__A1, 178.74, 21.76, 0.00277214
FILLER_0_4_384, 178.74, 21.76, 0.00277214
FILLER_0_5_386, 178.74, 21.76, 0.00277214
_12616_, 178.74, 16.32, 0.00278136
_14475_, 178.74, 16.32, 0.00278136
_14664_, 178.74, 16.32, 0.00278136
_14952_, 178.74, 16.32, 0.00278136
ANTENNA__07078__A2, 178.74, 16.32, 0.00278136
ANTENNA__12616__A1, 178.74, 16.32, 0.00278136
FILLER_0_2_381, 178.74, 16.32, 0.00278136
FILLER_0_3_386, 178.74, 16.32, 0.00278136
ANTENNA__12616__S, 178.74, 10.88, 0.00273114
ANTENNA__12004__A0, 178.74, 10.88, 0.00273114
ANTENNA__12004__S, 178.74, 10.88, 0.00273114
FILLER_0_0_369, 178.74, 10.88, 0.00273114
FILLER_0_0_389, 178.74, 10.88, 0.00273114
FILLER_0_1_384, 178.74, 10.88, 0.00273114
FILLER_0_178_45, 25.14, 495.04, 0.00566294
FILLER_0_178_53, 25.14, 495.04, 0.00566294
FILLER_0_177_51, 25.14, 489.6, 0.00565831
FILLER_0_175_51, 25.14, 484.16, 0.00565307
FILLER_0_173_51, 25.14, 478.72, 0.00564747
FILLER_0_171_51, 25.14, 473.28, 0.00564149
FILLER_0_169_51, 25.14, 467.84, 0.0056351
FILLER_0_167_51, 25.14, 462.4, 0.00562826
FILLER_0_165_51, 25.14, 456.96, 0.00562095
FILLER_0_163_51, 25.14, 451.52, 0.00561331
FILLER_0_161_51, 25.14, 446.08, 0.00560589
FILLER_0_159_51, 25.14, 440.64, 0.0055974
FILLER_0_157_48, 25.14, 435.2, 0.00558943
FILLER_0_155_51, 25.14, 429.76, 0.00557788
FILLER_0_153_51, 25.14, 424.32, 0.00556784
FILLER_0_151_51, 25.14, 418.88, 0.00555831
FILLER_0_149_51, 25.14, 413.44, 0.00553833
FILLER_0_147_51, 25.14, 408, 0.00553029
FILLER_0_145_51, 25.14, 402.56, 0.00552132
FILLER_0_143_51, 25.14, 397.12, 0.00549104
FILLER_0_140_53, 25.14, 391.68, 0.00550011
FILLER_0_141_51, 25.14, 391.68, 0.00550011
FILLER_0_138_53, 25.14, 386.24, 0.0054742
FILLER_0_139_51, 25.14, 386.24, 0.0054742
FILLER_0_137_51, 25.14, 380.8, 0.00543534
_14721_, 25.14, 375.36, 0.00543512
FILLER_0_134_41, 25.14, 375.36, 0.00543512
FILLER_0_135_51, 25.14, 375.36, 0.00543512
_12125_, 25.14, 369.92, 0.00536677
ANTENNA__09358__A, 25.14, 369.92, 0.00536677
FILLER_0_132_53, 25.14, 369.92, 0.00536677
_14719_, 25.14, 364.48, 0.00533884
ANTENNA__12128__A0, 25.14, 364.48, 0.00533884
FILLER_0_129_39, 25.14, 364.48, 0.00533884
FILLER_0_131_51, 25.14, 364.48, 0.00533884
_12128_, 25.14, 359.04, 0.00529496
_12129_, 25.14, 359.04, 0.00529496
_13347_, 25.14, 359.04, 0.00529496
ANTENNA__12128__S, 25.14, 359.04, 0.00529496
FILLER_0_126_53, 25.14, 353.6, 0.00525258
FILLER_0_127_51, 25.14, 353.6, 0.00525258
_06665_, 25.14, 348.16, 0.00520497
ANTENNA__06665__A, 25.14, 348.16, 0.00520497
ANTENNA__11779__A, 25.14, 348.16, 0.00520497
FILLER_0_125_45, 25.14, 348.16, 0.00520497
FILLER_0_122_53, 25.14, 342.72, 0.00513914
FILLER_0_123_51, 25.14, 342.72, 0.00513914
_13729_, 25.14, 337.28, 0.00510214
_14909_, 25.14, 337.28, 0.00510214
_14913_, 25.14, 337.28, 0.00510214
ANTENNA__12532__S, 25.14, 337.28, 0.00510214
_09917_, 25.14, 331.84, 0.00503086
_12532_, 25.14, 331.84, 0.00503086
_12533_, 25.14, 331.84, 0.00503086
ANTENNA__12524__S, 25.14, 331.84, 0.00503086
ANTENNA__09916__A0, 25.14, 331.84, 0.00503086
ANTENNA__12524__A1, 25.14, 331.84, 0.00503086
ANTENNA__12388__A1, 25.14, 331.84, 0.00503086
ANTENNA__12532__A1, 25.14, 331.84, 0.00503086
ANTENNA__09367__A, 25.14, 331.84, 0.00503086
FILLER_0_118_41, 25.14, 331.84, 0.00503086
FILLER_0_119_48, 25.14, 331.84, 0.00503086
_12396_, 25.14, 326.4, 0.00496278
_12397_, 25.14, 326.4, 0.00496278
_12524_, 25.14, 326.4, 0.00496278
_14849_, 25.14, 326.4, 0.00496278
ANTENNA__12396__S, 25.14, 326.4, 0.00496278
FILLER_0_117_53, 25.14, 326.4, 0.00496278
_12184_, 25.14, 320.96, 0.0049207
_12185_, 25.14, 320.96, 0.0049207
_12388_, 25.14, 320.96, 0.0049207
_12389_, 25.14, 320.96, 0.0049207
_14749_, 25.14, 320.96, 0.0049207
_14845_, 25.14, 320.96, 0.0049207
clkbuf_leaf_30_wclk, 25.14, 315.52, 0.00482455
ANTENNA__12536__S, 25.14, 315.52, 0.00482455
ANTENNA__12536__A1, 25.14, 315.52, 0.00482455
FILLER_0_111_35, 25.14, 315.52, 0.00482455
FILLER_0_113_53, 25.14, 315.52, 0.00482455
_12536_, 25.14, 310.08, 0.00473266
_12537_, 25.14, 310.08, 0.00473266
_13731_, 25.14, 310.08, 0.00473266
_14915_, 25.14, 310.08, 0.00473266
FILLER_0_110_41, 25.14, 310.08, 0.00473266
FILLER_0_111_53, 25.14, 310.08, 0.00473266
_09915_, 25.14, 304.64, 0.00464083
_09921_, 25.14, 304.64, 0.00464083
_12530_, 25.14, 304.64, 0.00464083
_12531_, 25.14, 304.64, 0.00464083
_14912_, 25.14, 304.64, 0.00464083
FILLER_0_107_35, 25.14, 304.64, 0.00464083
FILLER_0_107_41, 25.14, 304.64, 0.00464083
_12191_, 25.14, 299.2, 0.00455852
_12394_, 25.14, 299.2, 0.00455852
_12395_, 25.14, 299.2, 0.00455852
_14848_, 25.14, 299.2, 0.00455852
ANTENNA__12394__S, 25.14, 299.2, 0.00455852
ANTENNA__12530__S, 25.14, 299.2, 0.00455852
FILLER_0_106_54, 25.14, 299.2, 0.00455852
_12190_, 25.14, 293.76, 0.00448564
_14752_, 25.14, 293.76, 0.00448564
ANTENNA__12196__A0, 25.14, 293.76, 0.00448564
ANTENNA__12190__S, 25.14, 293.76, 0.00448564
FILLER_0_103_39, 25.14, 293.76, 0.00448564
_12196_, 25.14, 288.32, 0.00436254
_12197_, 25.14, 288.32, 0.00436254
_14851_, 25.14, 288.32, 0.00436254
FILLER_0_101_39, 25.14, 288.32, 0.00436254
_12401_, 25.14, 282.88, 0.00425518
FILLER_0_101_50, 25.14, 282.88, 0.00425518
FILLER_0_99_51, 25.14, 277.44, 0.00418904
FILLER_0_96_53, 25.14, 272, 0.00406739
FILLER_0_97_51, 25.14, 272, 0.00406739
FILLER_0_95_51, 25.14, 266.56, 0.00395519
FILLER_0_92_53, 25.14, 261.12, 0.00388054
FILLER_0_93_51, 25.14, 261.12, 0.00388054
_09635_, 25.14, 255.68, 0.00374189
_13601_, 25.14, 255.68, 0.00374189
FILLER_0_90_41, 25.14, 255.68, 0.00374189
_09643_, 25.14, 250.24, 0.0036559
FILLER_0_88_53, 25.14, 250.24, 0.0036559
_09647_, 25.14, 244.8, 0.00355083
_13603_, 25.14, 244.8, 0.00355083
FILLER_0_86_41, 25.14, 244.8, 0.00355083
FILLER_0_87_51, 25.14, 244.8, 0.00355083
FILLER_0_85_51, 25.14, 239.36, 0.00340488
_14785_, 25.14, 233.92, 0.00329588
ANTENNA__12260__A1, 25.14, 233.92, 0.00329588
FILLER_0_81_38, 25.14, 233.92, 0.00329588
FILLER_0_82_41, 25.14, 233.92, 0.00329588
FILLER_0_83_51, 25.14, 233.92, 0.00329588
_12260_, 25.14, 228.48, 0.00319014
_12261_, 25.14, 228.48, 0.00319014
_14781_, 25.14, 228.48, 0.00319014
FILLER_0_79_39, 25.14, 228.48, 0.00319014
_12252_, 25.14, 223.04, 0.00306596
_12253_, 25.14, 223.04, 0.00306596
ANTENNA__12252__A1, 25.14, 223.04, 0.00306596
ANTENNA__12252__S, 25.14, 223.04, 0.00306596
FILLER_0_78_41, 25.14, 223.04, 0.00306596
FILLER_0_79_47, 25.14, 223.04, 0.00306596
FILLER_0_79_53, 25.14, 223.04, 0.00306596
_12264_, 25.14, 217.6, 0.00294353
_14947_, 25.14, 217.6, 0.00294353
ANTENNA__12604__A0, 25.14, 217.6, 0.00294353
ANTENNA__12264__A1, 25.14, 217.6, 0.00294353
FILLER_0_76_41, 25.14, 217.6, 0.00294353
FILLER_0_77_51, 25.14, 217.6, 0.00294353
ANTENNA__12264__S, 25.14, 212.16, 0.00283443
FILLER_0_75_51, 25.14, 212.16, 0.00283443
FILLER_0_73_51, 25.14, 206.72, 0.0026998
ANTENNA__11776__A, 25.14, 201.28, 0.00257821
FILLER_0_70_53, 25.14, 201.28, 0.00257821
FILLER_0_71_46, 25.14, 201.28, 0.00257821
FILLER_0_69_51, 25.14, 195.84, 0.00247314
ANTENNA__11785__A, 25.14, 190.4, 0.00233062
FILLER_0_67_51, 25.14, 190.4, 0.00233062
FILLER_0_65_51, 25.14, 184.96, 0.00222616
FILLER_0_63_51, 25.14, 179.52, 0.00220409
FILLER_0_61_51, 25.14, 174.08, 0.00222699
FILLER_0_59_51, 25.14, 168.64, 0.00226701
FILLER_0_57_51, 25.14, 163.2, 0.00225533
FILLER_0_55_51, 25.14, 157.76, 0.00227474
FILLER_0_53_51, 25.14, 152.32, 0.00228488
FILLER_0_51_51, 25.14, 146.88, 0.00229726
FILLER_0_49_51, 25.14, 141.44, 0.0023123
FILLER_0_47_51, 25.14, 136, 0.00232865
FILLER_0_45_51, 25.14, 130.56, 0.00235376
FILLER_0_43_51, 25.14, 125.12, 0.00237831
FILLER_0_41_51, 25.14, 119.68, 0.00238837
FILLER_0_39_50, 25.14, 114.24, 0.00242056
FILLER_0_37_51, 25.14, 108.8, 0.00242971
FILLER_0_35_51, 25.14, 103.36, 0.00245184
FILLER_0_33_51, 25.14, 97.92, 0.00247271
FILLER_0_31_51, 25.14, 92.48, 0.00249488
FILLER_0_29_51, 25.14, 87.04, 0.00250865
FILLER_0_27_50, 25.14, 81.6, 0.00252438
FILLER_0_25_51, 25.14, 76.16, 0.00253929
FILLER_0_23_51, 25.14, 70.72, 0.00255608
FILLER_0_21_51, 25.14, 65.28, 0.0025616
FILLER_0_19_51, 25.14, 59.84, 0.00257315
FILLER_0_17_50, 25.14, 54.4, 0.00259277
FILLER_0_15_51, 25.14, 48.96, 0.00259579
FILLER_0_13_51, 25.14, 43.52, 0.0026039
FILLER_0_11_51, 25.14, 38.08, 0.00261371
FILLER_0_9_51, 25.14, 32.64, 0.00261801
FILLER_0_7_51, 25.14, 27.2, 0.00262233
FILLER_0_5_51, 25.14, 21.76, 0.00262589
FILLER_0_3_51, 25.14, 16.32, 0.00262651
output54, 25.14, 10.88, 0.00262522
ANTENNA_output54_A, 25.14, 10.88, 0.00262522
FILLER_0_0_41, 25.14, 10.88, 0.00262522
FILLER_0_0_52, 25.14, 10.88, 0.00262522
FILLER_0_1_51, 25.14, 10.88, 0.00262522
PHY_354, 5.52, 495.04, 0.00566431
PHY_356, 5.52, 495.04, 0.00566431
output55, 5.52, 495.04, 0.00566431
ANTENNA_output55_A, 5.52, 495.04, 0.00566431
PHY_355, 494.04, 495.04, 0.00576252
PHY_357, 494.04, 495.04, 0.00576252
output37, 494.04, 495.04, 0.00576252
ANTENNA_output37_A, 494.04, 495.04, 0.00576252
output46, 15.33, 495.04, 0.00566387
ANTENNA_output46_A, 15.33, 495.04, 0.00566387
FILLER_0_178_81, 37.94, 495.04, 0.0056736
input1, 50.74, 495.04, 0.00568425
FILLER_0_178_108, 50.74, 495.04, 0.00568425
FILLER_0_178_137, 63.54, 495.04, 0.00569307
output69, 76.34, 495.04, 0.00570188
ANTENNA_output69_A, 76.34, 495.04, 0.00570188
FILLER_0_178_162, 76.34, 495.04, 0.00570188
FILLER_0_178_193, 89.14, 495.04, 0.00571021
input28, 101.94, 495.04, 0.00571853
FILLER_0_178_197, 101.94, 495.04, 0.00571853
FILLER_0_178_218, 101.94, 495.04, 0.00571853
FILLER_0_178_249, 114.74, 495.04, 0.00572461
FILLER_0_178_277, 127.54, 495.04, 0.00573069
FILLER_0_178_305, 140.34, 495.04, 0.00573677
input16, 153.14, 495.04, 0.00574284
FILLER_0_178_321, 153.14, 495.04, 0.00574284
FILLER_0_178_331, 153.14, 495.04, 0.00574284
FILLER_0_178_361, 165.94, 495.04, 0.00574776
FILLER_0_178_417, 191.54, 495.04, 0.00575896
FILLER_0_178_445, 204.34, 495.04, 0.00576524
input6, 217.14, 495.04, 0.00577153
FILLER_0_178_472, 217.14, 495.04, 0.00577153
FILLER_0_178_501, 229.94, 495.04, 0.00577606
output39, 242.74, 495.04, 0.00578059
ANTENNA_output39_A, 242.74, 495.04, 0.00578059
FILLER_0_178_526, 242.74, 495.04, 0.00578059
FILLER_0_178_557, 255.54, 495.04, 0.00578448
output36, 268.34, 495.04, 0.00578838
ANTENNA_output36_A, 268.34, 495.04, 0.00578838
FILLER_0_178_582, 268.34, 495.04, 0.00578838
FILLER_0_178_613, 281.14, 495.04, 0.00579164
output49, 293.94, 495.04, 0.0057949
ANTENNA_output49_A, 293.94, 495.04, 0.0057949
FILLER_0_178_617, 293.94, 495.04, 0.0057949
FILLER_0_178_641, 306.74, 495.04, 0.00579752
output44, 319.54, 495.04, 0.00580014
ANTENNA_output44_A, 319.54, 495.04, 0.00580014
FILLER_0_178_669, 319.54, 495.04, 0.00580014
FILLER_0_178_673, 319.54, 495.04, 0.00580014
FILLER_0_178_689, 319.54, 495.04, 0.00580014
output45, 345.14, 495.04, 0.00580144
ANTENNA_output45_A, 345.14, 495.04, 0.00580144
FILLER_0_178_725, 345.14, 495.04, 0.00580144
FILLER_0_178_741, 345.14, 495.04, 0.00580144
FILLER_0_178_752, 345.14, 495.04, 0.00580144
FILLER_0_178_781, 370.74, 495.04, 0.00579879
input27, 383.54, 495.04, 0.00579747
FILLER_0_178_809, 383.54, 495.04, 0.00579747
ANTENNA_output50_A, 396.34, 495.04, 0.00579383
FILLER_0_178_837, 396.34, 495.04, 0.00579383
FILLER_0_178_853, 396.34, 495.04, 0.00579383
output50, 409.14, 495.04, 0.0057902
FILLER_0_178_893, 421.94, 495.04, 0.00578593
output68, 434.74, 495.04, 0.00578165
ANTENNA_output68_A, 434.74, 495.04, 0.00578165
FILLER_0_178_921, 434.74, 495.04, 0.00578165
FILLER_0_178_946, 434.74, 495.04, 0.00578165
output56, 460.34, 495.04, 0.00577255
ANTENNA_output56_A, 460.34, 495.04, 0.00577255
FILLER_0_178_977, 460.34, 495.04, 0.00577255
FILLER_0_178_981, 460.34, 495.04, 0.00577255
FILLER_0_178_1005, 473.14, 495.04, 0.00576736
PHY_350, 5.52, 489.6, 0.00565831
PHY_352, 5.52, 489.6, 0.00565831
PHY_351, 494.04, 489.6, 0.00575857
PHY_353, 494.04, 489.6, 0.00575857
FILLER_0_176_77, 37.94, 489.6, 0.00566585
FILLER_0_177_105, 50.74, 489.6, 0.00567338
FILLER_0_176_133, 63.54, 489.6, 0.00568091
FILLER_0_177_161, 76.34, 489.6, 0.00568844
FILLER_0_176_189, 89.14, 489.6, 0.00569597
FILLER_0_177_217, 101.94, 489.6, 0.0057035
FILLER_0_176_245, 114.74, 489.6, 0.00571104
FILLER_0_177_273, 127.54, 489.6, 0.00571857
FILLER_0_176_301, 140.34, 489.6, 0.0057261
FILLER_0_177_329, 153.14, 489.6, 0.00573363
FILLER_0_176_357, 165.94, 489.6, 0.00574116
FILLER_0_176_413, 191.54, 489.6, 0.00575289
FILLER_0_177_441, 204.34, 489.6, 0.00575709
FILLER_0_176_469, 217.14, 489.6, 0.00576129
FILLER_0_177_497, 229.94, 489.6, 0.00576549
FILLER_0_176_525, 242.74, 489.6, 0.00576969
FILLER_0_177_553, 255.54, 489.6, 0.00577389
FILLER_0_176_581, 268.34, 489.6, 0.00577809
FILLER_0_177_609, 281.14, 489.6, 0.00578229
FILLER_0_176_637, 293.94, 489.6, 0.00578648
FILLER_0_177_665, 306.74, 489.6, 0.00579068
FILLER_0_176_693, 319.54, 489.6, 0.00579488
FILLER_0_176_749, 345.14, 489.6, 0.0057957
FILLER_0_177_777, 357.94, 489.6, 0.00579233
FILLER_0_176_805, 370.74, 489.6, 0.00578895
FILLER_0_177_833, 383.54, 489.6, 0.00578558
FILLER_0_176_861, 396.34, 489.6, 0.0057822
FILLER_0_177_889, 409.14, 489.6, 0.00577882
FILLER_0_176_917, 421.94, 489.6, 0.00577545
FILLER_0_177_945, 434.74, 489.6, 0.00577207
FILLER_0_176_973, 447.54, 489.6, 0.00576869
FILLER_0_177_1001, 460.34, 489.6, 0.00576532
FILLER_0_176_1029, 473.14, 489.6, 0.00576194
PHY_346, 5.52, 484.16, 0.00565307
PHY_348, 5.52, 484.16, 0.00565307
PHY_347, 494.04, 484.16, 0.00575658
PHY_349, 494.04, 484.16, 0.00575658
FILLER_0_174_77, 37.94, 484.16, 0.00566119
FILLER_0_175_105, 50.74, 484.16, 0.00566931
FILLER_0_174_133, 63.54, 484.16, 0.00567743
FILLER_0_175_161, 76.34, 484.16, 0.00568555
FILLER_0_174_189, 89.14, 484.16, 0.00569367
FILLER_0_175_217, 101.94, 484.16, 0.00570179
FILLER_0_174_245, 114.74, 484.16, 0.00570991
FILLER_0_175_273, 127.54, 484.16, 0.00571802
FILLER_0_174_301, 140.34, 484.16, 0.00572614
FILLER_0_175_329, 153.14, 484.16, 0.00573426
FILLER_0_174_357, 165.94, 484.16, 0.00574238
FILLER_0_174_413, 191.54, 484.16, 0.00575493
FILLER_0_175_441, 204.34, 484.16, 0.00575935
FILLER_0_174_469, 217.14, 484.16, 0.00576378
FILLER_0_175_497, 229.94, 484.16, 0.00576821
FILLER_0_174_525, 242.74, 484.16, 0.00577263
FILLER_0_175_553, 255.54, 484.16, 0.00577706
FILLER_0_174_581, 268.34, 484.16, 0.00578148
FILLER_0_175_609, 281.14, 484.16, 0.00578591
FILLER_0_174_637, 293.94, 484.16, 0.00579034
FILLER_0_175_665, 306.74, 484.16, 0.00579476
FILLER_0_174_693, 319.54, 484.16, 0.00579919
FILLER_0_174_749, 345.14, 484.16, 0.0057997
FILLER_0_175_777, 357.94, 484.16, 0.00579578
FILLER_0_174_805, 370.74, 484.16, 0.00579186
FILLER_0_175_833, 383.54, 484.16, 0.00578794
FILLER_0_174_861, 396.34, 484.16, 0.00578402
FILLER_0_175_889, 409.14, 484.16, 0.0057801
FILLER_0_174_917, 421.94, 484.16, 0.00577618
FILLER_0_175_945, 434.74, 484.16, 0.00577226
FILLER_0_174_973, 447.54, 484.16, 0.00576834
FILLER_0_175_1001, 460.34, 484.16, 0.00576442
FILLER_0_174_1029, 473.14, 484.16, 0.0057605
PHY_342, 5.52, 478.72, 0.00564747
PHY_344, 5.52, 478.72, 0.00564747
PHY_343, 494.04, 478.72, 0.00575445
PHY_345, 494.04, 478.72, 0.00575445
FILLER_0_172_77, 37.94, 478.72, 0.00565622
FILLER_0_173_105, 50.74, 478.72, 0.00566497
FILLER_0_172_133, 63.54, 478.72, 0.00567372
FILLER_0_173_161, 76.34, 478.72, 0.00568247
FILLER_0_172_189, 89.14, 478.72, 0.00569122
FILLER_0_173_217, 101.94, 478.72, 0.00569997
FILLER_0_172_245, 114.74, 478.72, 0.00570872
FILLER_0_173_273, 127.54, 478.72, 0.00571747
FILLER_0_172_301, 140.34, 478.72, 0.00572622
FILLER_0_173_329, 153.14, 478.72, 0.00573496
FILLER_0_172_357, 165.94, 478.72, 0.00574371
FILLER_0_172_413, 191.54, 478.72, 0.00575713
FILLER_0_173_441, 204.34, 478.72, 0.0057618
FILLER_0_172_469, 217.14, 478.72, 0.00576647
FILLER_0_173_497, 229.94, 478.72, 0.00577114
FILLER_0_172_525, 242.74, 478.72, 0.00577581
FILLER_0_173_553, 255.54, 478.72, 0.00578048
FILLER_0_172_581, 268.34, 478.72, 0.00578515
FILLER_0_173_609, 281.14, 478.72, 0.00578983
FILLER_0_172_637, 293.94, 478.72, 0.0057945
FILLER_0_173_665, 306.74, 478.72, 0.00579917
FILLER_0_172_693, 319.54, 478.72, 0.00580384
FILLER_0_172_749, 345.14, 478.72, 0.005804
FILLER_0_173_777, 357.94, 478.72, 0.0057995
FILLER_0_172_805, 370.74, 478.72, 0.00579499
FILLER_0_173_833, 383.54, 478.72, 0.00579049
FILLER_0_172_861, 396.34, 478.72, 0.00578598
FILLER_0_173_889, 409.14, 478.72, 0.00578148
FILLER_0_172_917, 421.94, 478.72, 0.00577697
FILLER_0_173_945, 434.74, 478.72, 0.00577247
FILLER_0_172_973, 447.54, 478.72, 0.00576796
FILLER_0_173_1001, 460.34, 478.72, 0.00576346
FILLER_0_172_1029, 473.14, 478.72, 0.00575895
PHY_338, 5.52, 473.28, 0.00564149
PHY_340, 5.52, 473.28, 0.00564149
PHY_339, 494.04, 473.28, 0.00575213
PHY_341, 494.04, 473.28, 0.00575213
FILLER_0_170_77, 37.94, 473.28, 0.00565092
FILLER_0_171_105, 50.74, 473.28, 0.00566034
FILLER_0_170_133, 63.54, 473.28, 0.00566977
FILLER_0_171_161, 76.34, 473.28, 0.00567919
FILLER_0_170_189, 89.14, 473.28, 0.00568862
FILLER_0_171_217, 101.94, 473.28, 0.00569805
FILLER_0_170_245, 114.74, 473.28, 0.00570747
FILLER_0_171_273, 127.54, 473.28, 0.0057169
FILLER_0_170_301, 140.34, 473.28, 0.00572632
FILLER_0_171_329, 153.14, 473.28, 0.00573575
FILLER_0_170_357, 165.94, 473.28, 0.00574517
FILLER_0_170_413, 191.54, 473.28, 0.00575953
FILLER_0_171_441, 204.34, 473.28, 0.00576446
FILLER_0_170_469, 217.14, 473.28, 0.00576939
FILLER_0_171_497, 229.94, 473.28, 0.00577433
FILLER_0_170_525, 242.74, 473.28, 0.00577926
FILLER_0_171_553, 255.54, 473.28, 0.00578419
FILLER_0_170_581, 268.34, 473.28, 0.00578912
FILLER_0_171_609, 281.14, 473.28, 0.00579406
FILLER_0_170_637, 293.94, 473.28, 0.00579899
FILLER_0_171_665, 306.74, 473.28, 0.00580392
FILLER_0_170_693, 319.54, 473.28, 0.00580885
FILLER_0_170_749, 345.14, 473.28, 0.00580865
FILLER_0_171_777, 357.94, 473.28, 0.00580351
FILLER_0_170_805, 370.74, 473.28, 0.00579837
FILLER_0_171_833, 383.54, 473.28, 0.00579323
FILLER_0_170_861, 396.34, 473.28, 0.0057881
FILLER_0_171_889, 409.14, 473.28, 0.00578296
FILLER_0_170_917, 421.94, 473.28, 0.00577782
FILLER_0_171_945, 434.74, 473.28, 0.00577268
FILLER_0_170_973, 447.54, 473.28, 0.00576755
FILLER_0_171_1001, 460.34, 473.28, 0.00576241
FILLER_0_170_1029, 473.14, 473.28, 0.00575727
PHY_334, 5.52, 467.84, 0.0056351
PHY_336, 5.52, 467.84, 0.0056351
PHY_335, 494.04, 467.84, 0.00575036
PHY_337, 494.04, 467.84, 0.00575036
output51, 494.04, 467.84, 0.00575036
ANTENNA_output51_A, 494.04, 467.84, 0.00575036
FILLER_0_168_77, 37.94, 467.84, 0.00564525
FILLER_0_169_105, 50.74, 467.84, 0.0056554
FILLER_0_168_133, 63.54, 467.84, 0.00566556
FILLER_0_169_161, 76.34, 467.84, 0.00567571
FILLER_0_168_189, 89.14, 467.84, 0.00568586
FILLER_0_169_217, 101.94, 467.84, 0.00569601
FILLER_0_168_245, 114.74, 467.84, 0.00570616
FILLER_0_169_273, 127.54, 467.84, 0.00571632
FILLER_0_168_301, 140.34, 467.84, 0.00572647
FILLER_0_169_329, 153.14, 467.84, 0.00573662
FILLER_0_168_357, 165.94, 467.84, 0.00574677
FILLER_0_168_413, 191.54, 467.84, 0.00576214
FILLER_0_169_441, 204.34, 467.84, 0.00576736
FILLER_0_168_469, 217.14, 467.84, 0.00577257
FILLER_0_169_497, 229.94, 467.84, 0.00577779
FILLER_0_168_525, 242.74, 467.84, 0.005783
FILLER_0_169_553, 255.54, 467.84, 0.00578822
FILLER_0_168_581, 268.34, 467.84, 0.00579344
FILLER_0_169_609, 281.14, 467.84, 0.00579865
FILLER_0_168_637, 293.94, 467.84, 0.00580387
FILLER_0_169_665, 306.74, 467.84, 0.00580908
FILLER_0_168_693, 319.54, 467.84, 0.0058143
FILLER_0_168_749, 345.14, 467.84, 0.00581372
FILLER_0_169_777, 357.94, 467.84, 0.00580793
FILLER_0_168_805, 370.74, 467.84, 0.00580214
FILLER_0_169_833, 383.54, 467.84, 0.00579635
FILLER_0_168_861, 396.34, 467.84, 0.00579056
FILLER_0_169_889, 409.14, 467.84, 0.00578477
FILLER_0_168_917, 421.94, 467.84, 0.00577897
FILLER_0_169_945, 434.74, 467.84, 0.00577318
FILLER_0_168_973, 447.54, 467.84, 0.00576739
FILLER_0_169_1001, 460.34, 467.84, 0.0057616
FILLER_0_168_1029, 473.14, 467.84, 0.00575581
PHY_330, 5.52, 462.4, 0.00562826
PHY_332, 5.52, 462.4, 0.00562826
PHY_331, 494.04, 462.4, 0.00574683
PHY_333, 494.04, 462.4, 0.00574683
FILLER_0_166_77, 37.94, 462.4, 0.0056392
FILLER_0_167_105, 50.74, 462.4, 0.00565013
FILLER_0_166_133, 63.54, 462.4, 0.00566106
FILLER_0_167_161, 76.34, 462.4, 0.005672
FILLER_0_166_189, 89.14, 462.4, 0.00568293
FILLER_0_167_217, 101.94, 462.4, 0.00569386
FILLER_0_166_245, 114.74, 462.4, 0.00570479
FILLER_0_167_273, 127.54, 462.4, 0.00571573
FILLER_0_166_301, 140.34, 462.4, 0.00572666
FILLER_0_167_329, 153.14, 462.4, 0.00573759
FILLER_0_166_357, 165.94, 462.4, 0.00574853
FILLER_0_166_413, 191.54, 462.4, 0.00576498
FILLER_0_167_441, 204.34, 462.4, 0.00577049
FILLER_0_166_469, 217.14, 462.4, 0.00577601
FILLER_0_167_497, 229.94, 462.4, 0.00578153
FILLER_0_166_525, 242.74, 462.4, 0.00578704
FILLER_0_167_553, 255.54, 462.4, 0.00579256
FILLER_0_166_581, 268.34, 462.4, 0.00579808
FILLER_0_167_609, 281.14, 462.4, 0.00580359
FILLER_0_166_637, 293.94, 462.4, 0.00580911
FILLER_0_167_665, 306.74, 462.4, 0.00581463
FILLER_0_166_693, 319.54, 462.4, 0.00582014
FILLER_0_166_749, 345.14, 462.4, 0.00581909
FILLER_0_167_777, 357.94, 462.4, 0.00581252
FILLER_0_166_805, 370.74, 462.4, 0.00580595
FILLER_0_167_833, 383.54, 462.4, 0.00579939
FILLER_0_166_861, 396.34, 462.4, 0.00579282
FILLER_0_167_889, 409.14, 462.4, 0.00578625
FILLER_0_166_917, 421.94, 462.4, 0.00577968
FILLER_0_167_945, 434.74, 462.4, 0.00577311
FILLER_0_166_973, 447.54, 462.4, 0.00576654
FILLER_0_167_1001, 460.34, 462.4, 0.00575997
FILLER_0_166_1029, 473.14, 462.4, 0.0057534
PHY_326, 5.52, 456.96, 0.00562095
PHY_328, 5.52, 456.96, 0.00562095
PHY_327, 494.04, 456.96, 0.00574379
PHY_329, 494.04, 456.96, 0.00574379
FILLER_0_164_77, 37.94, 456.96, 0.00563272
FILLER_0_165_105, 50.74, 456.96, 0.00564449
FILLER_0_164_133, 63.54, 456.96, 0.00565627
FILLER_0_165_161, 76.34, 456.96, 0.00566804
FILLER_0_164_189, 89.14, 456.96, 0.00567981
FILLER_0_165_217, 101.94, 456.96, 0.00569159
FILLER_0_164_245, 114.74, 456.96, 0.00570336
FILLER_0_165_273, 127.54, 456.96, 0.00571514
FILLER_0_164_301, 140.34, 456.96, 0.00572691
FILLER_0_165_329, 153.14, 456.96, 0.00573868
FILLER_0_164_357, 165.94, 456.96, 0.00575046
FILLER_0_164_413, 191.54, 456.96, 0.00576807
FILLER_0_165_441, 204.34, 456.96, 0.00577391
FILLER_0_164_469, 217.14, 456.96, 0.00577976
FILLER_0_165_497, 229.94, 456.96, 0.0057856
FILLER_0_164_525, 242.74, 456.96, 0.00579144
FILLER_0_165_553, 255.54, 456.96, 0.00579729
FILLER_0_164_581, 268.34, 456.96, 0.00580313
FILLER_0_165_609, 281.14, 456.96, 0.00580897
FILLER_0_164_637, 293.94, 456.96, 0.00581481
FILLER_0_165_665, 306.74, 456.96, 0.00582066
FILLER_0_164_693, 319.54, 456.96, 0.0058265
FILLER_0_164_749, 345.14, 456.96, 0.00582496
FILLER_0_165_777, 357.94, 456.96, 0.00581758
FILLER_0_164_805, 370.74, 456.96, 0.0058102
FILLER_0_165_833, 383.54, 456.96, 0.00580283
FILLER_0_164_861, 396.34, 456.96, 0.00579545
FILLER_0_165_889, 409.14, 456.96, 0.00578807
FILLER_0_164_917, 421.94, 456.96, 0.00578069
FILLER_0_165_945, 434.74, 456.96, 0.00577331
FILLER_0_164_973, 447.54, 456.96, 0.00576593
FILLER_0_165_1001, 460.34, 456.96, 0.00575855
FILLER_0_164_1029, 473.14, 456.96, 0.00575117
PHY_322, 5.52, 451.52, 0.00561331
PHY_324, 5.52, 451.52, 0.00561331
PHY_323, 494.04, 451.52, 0.0057406
PHY_325, 494.04, 451.52, 0.0057406
FILLER_0_162_77, 37.94, 451.52, 0.00562623
FILLER_0_163_105, 50.74, 451.52, 0.00563915
FILLER_0_162_133, 63.54, 451.52, 0.00565208
FILLER_0_163_161, 76.34, 451.52, 0.005665
FILLER_0_162_189, 89.14, 451.52, 0.00567792
FILLER_0_163_217, 101.94, 451.52, 0.00569084
FILLER_0_162_245, 114.74, 451.52, 0.00570376
FILLER_0_163_273, 127.54, 451.52, 0.00571669
FILLER_0_162_301, 140.34, 451.52, 0.00572961
FILLER_0_163_329, 153.14, 451.52, 0.00574253
FILLER_0_162_357, 165.94, 451.52, 0.00575545
FILLER_0_162_413, 191.54, 451.52, 0.00577881
FILLER_0_163_441, 204.34, 451.52, 0.00578925
_09342_, 217.14, 451.52, 0.00579968
ANTENNA__09344__A0, 229.94, 451.52, 0.00580936
FILLER_0_163_497, 229.94, 451.52, 0.00580936
_09771_, 242.74, 451.52, 0.00581903
_13468_, 242.74, 451.52, 0.00581903
FILLER_0_161_505, 242.74, 451.52, 0.00581903
FILLER_0_162_525, 242.74, 451.52, 0.00581903
FILLER_0_163_553, 255.54, 451.52, 0.00582302
_09838_, 268.34, 451.52, 0.005827
ANTENNA__09838__A0, 268.34, 451.52, 0.005827
FILLER_0_161_561, 268.34, 451.52, 0.005827
FILLER_0_162_581, 268.34, 451.52, 0.005827
FILLER_0_163_609, 281.14, 451.52, 0.00582999
FILLER_0_162_637, 293.94, 451.52, 0.00583298
FILLER_0_163_665, 306.74, 451.52, 0.00583597
FILLER_0_162_693, 319.54, 451.52, 0.00583895
FILLER_0_162_749, 345.14, 451.52, 0.0058335
ANTENNA__09825__A0, 357.94, 451.52, 0.00582505
FILLER_0_163_777, 357.94, 451.52, 0.00582505
FILLER_0_162_805, 370.74, 451.52, 0.00581661
FILLER_0_163_833, 383.54, 451.52, 0.00580816
ANTENNA__09328__S, 396.34, 451.52, 0.00579971
FILLER_0_161_836, 396.34, 451.52, 0.00579971
FILLER_0_162_861, 396.34, 451.52, 0.00579971
FILLER_0_163_889, 409.14, 451.52, 0.00579127
FILLER_0_161_893, 421.94, 451.52, 0.00578282
FILLER_0_162_917, 421.94, 451.52, 0.00578282
FILLER_0_163_945, 434.74, 451.52, 0.00577438
FILLER_0_162_973, 447.54, 451.52, 0.00576593
FILLER_0_163_1001, 460.34, 451.52, 0.00575749
FILLER_0_162_1029, 473.14, 451.52, 0.00574904
PHY_318, 5.52, 446.08, 0.00560589
PHY_320, 5.52, 446.08, 0.00560589
PHY_319, 494.04, 446.08, 0.00574493
PHY_321, 494.04, 446.08, 0.00574493
FILLER_0_160_77, 37.94, 446.08, 0.00562104
FILLER_0_161_105, 50.74, 446.08, 0.00563619
FILLER_0_160_133, 63.54, 446.08, 0.00565133
FILLER_0_161_161, 76.34, 446.08, 0.00566648
FILLER_0_160_189, 89.14, 446.08, 0.00568163
FILLER_0_161_217, 101.94, 446.08, 0.00569677
FILLER_0_160_245, 114.74, 446.08, 0.00571192
FILLER_0_161_273, 127.54, 446.08, 0.00572707
FILLER_0_160_301, 140.34, 446.08, 0.00574222
FILLER_0_161_329, 153.14, 446.08, 0.00575736
FILLER_0_160_357, 165.94, 446.08, 0.00577251
FILLER_0_160_413, 191.54, 446.08, 0.00582042
FILLER_0_161_441, 204.34, 446.08, 0.00585318
_09341_, 217.14, 446.08, 0.00588594
_13466_, 217.14, 446.08, 0.00588594
_13658_, 217.14, 446.08, 0.00588594
ANTENNA__09341__A0, 217.14, 446.08, 0.00588594
ANTENNA__09768__A0, 217.14, 446.08, 0.00588594
FILLER_0_160_457, 217.14, 446.08, 0.00588594
FILLER_0_161_461, 217.14, 446.08, 0.00588594
_09344_, 229.94, 446.08, 0.00590806
_13467_, 229.94, 446.08, 0.00590806
ANTENNA__09341__S, 229.94, 446.08, 0.00590806
FILLER_0_160_497, 229.94, 446.08, 0.00590806
FILLER_0_161_500, 229.94, 446.08, 0.00590806
_09348_, 242.74, 446.08, 0.00592422
_09770_, 242.74, 446.08, 0.00592422
_13660_, 242.74, 446.08, 0.00592422
ANTENNA__09770__A0, 242.74, 446.08, 0.00592422
ANTENNA__09347__A0, 242.74, 446.08, 0.00592422
FILLER_0_160_505, 242.74, 446.08, 0.00592422
FILLER_0_160_527, 242.74, 446.08, 0.00592422
_09837_, 255.54, 446.08, 0.00593374
_14010_, 255.54, 446.08, 0.00593374
ANTENNA__10547__A1, 255.54, 446.08, 0.00593374
FILLER_0_159_531, 255.54, 446.08, 0.00593374
FILLER_0_161_554, 255.54, 446.08, 0.00593374
_09839_, 268.34, 446.08, 0.00593713
_13691_, 268.34, 446.08, 0.00593713
_13692_, 268.34, 446.08, 0.00593713
ANTENNA__09836__A0, 268.34, 446.08, 0.00593713
ANTENNA__09838__S, 268.34, 446.08, 0.00593713
FILLER_0_159_561, 268.34, 446.08, 0.00593713
FILLER_0_160_583, 268.34, 446.08, 0.00593713
_09835_, 281.14, 446.08, 0.0059303
_13690_, 281.14, 446.08, 0.0059303
ANTENNA__09836__S, 281.14, 446.08, 0.0059303
FILLER_0_160_637, 293.94, 446.08, 0.00591808
FILLER_0_161_665, 306.74, 446.08, 0.00590586
FILLER_0_160_693, 319.54, 446.08, 0.00589364
_09826_, 345.14, 446.08, 0.0058971
_09828_, 345.14, 446.08, 0.0058971
_14007_, 345.14, 446.08, 0.0058971
ANTENNA__07764__C, 345.14, 446.08, 0.0058971
ANTENNA__09827__S, 345.14, 446.08, 0.0058971
FILLER_0_160_737, 345.14, 446.08, 0.0058971
_13685_, 357.94, 446.08, 0.0059066
_14005_, 357.94, 446.08, 0.0059066
ANTENNA__09827__A0, 357.94, 446.08, 0.0059066
ANTENNA__09825__S, 357.94, 446.08, 0.0059066
ANTENNA__10538__S, 357.94, 446.08, 0.0059066
ANTENNA__10536__S, 357.94, 446.08, 0.0059066
ANTENNA_clkbuf_leaf_74_wclk_A, 357.94, 446.08, 0.0059066
FILLER_0_161_768, 357.94, 446.08, 0.0059066
FILLER_0_161_774, 357.94, 446.08, 0.0059066
_09760_, 370.74, 446.08, 0.00590665
_10537_, 370.74, 446.08, 0.00590665
_13655_, 370.74, 446.08, 0.00590665
ANTENNA__07715__B, 370.74, 446.08, 0.00590665
ANTENNA__07667__B, 370.74, 446.08, 0.00590665
ANTENNA__09759__S, 370.74, 446.08, 0.00590665
ANTENNA__10538__A1, 370.74, 446.08, 0.00590665
FILLER_0_160_800, 370.74, 446.08, 0.00590665
_09756_, 383.54, 446.08, 0.00590041
_09757_, 383.54, 446.08, 0.00590041
_13461_, 383.54, 446.08, 0.00590041
_13654_, 383.54, 446.08, 0.00590041
ANTENNA__09755__A0, 383.54, 446.08, 0.00590041
ANTENNA__09757__A0, 383.54, 446.08, 0.00590041
ANTENNA__09757__S, 383.54, 446.08, 0.00590041
ANTENNA__09755__S, 383.54, 446.08, 0.00590041
FILLER_0_161_824, 383.54, 446.08, 0.00590041
_09326_, 396.34, 446.08, 0.00588255
_09328_, 396.34, 446.08, 0.00588255
ANTENNA__09325__S, 396.34, 446.08, 0.00588255
ANTENNA__09325__A0, 396.34, 446.08, 0.00588255
ANTENNA__09328__A0, 396.34, 446.08, 0.00588255
FILLER_0_160_855, 396.34, 446.08, 0.00588255
FILLER_0_160_861, 396.34, 446.08, 0.00588255
ANTENNA__07712__A2, 409.14, 446.08, 0.00586289
ANTENNA__07664__A2, 409.14, 446.08, 0.00586289
ANTENNA__07664__B1, 409.14, 446.08, 0.00586289
ANTENNA__10740__A1, 409.14, 446.08, 0.00586289
ANTENNA__10474__S, 409.14, 446.08, 0.00586289
ANTENNA__10468__S, 409.14, 446.08, 0.00586289
ANTENNA__10740__S, 409.14, 446.08, 0.00586289
ANTENNA_clkbuf_leaf_81_wclk_A, 409.14, 446.08, 0.00586289
FILLER_0_160_873, 409.14, 446.08, 0.00586289
ANTENNA__10744__S, 421.94, 446.08, 0.00584323
ANTENNA__10742__S, 421.94, 446.08, 0.00584323
FILLER_0_161_945, 434.74, 446.08, 0.00582357
FILLER_0_160_973, 447.54, 446.08, 0.00580391
FILLER_0_161_1001, 460.34, 446.08, 0.00578425
FILLER_0_160_1029, 473.14, 446.08, 0.00576459
PHY_314, 5.52, 440.64, 0.0055974
PHY_316, 5.52, 440.64, 0.0055974
PHY_315, 494.04, 440.64, 0.00576196
PHY_317, 494.04, 440.64, 0.00576196
FILLER_0_158_77, 37.94, 440.64, 0.00561433
FILLER_0_159_105, 50.74, 440.64, 0.00563125
FILLER_0_158_133, 63.54, 440.64, 0.00564818
FILLER_0_159_161, 76.34, 440.64, 0.00566511
FILLER_0_158_189, 89.14, 440.64, 0.00568204
FILLER_0_159_217, 101.94, 440.64, 0.00569896
FILLER_0_158_245, 114.74, 440.64, 0.00571589
FILLER_0_159_273, 127.54, 440.64, 0.00573282
FILLER_0_158_301, 140.34, 440.64, 0.00574975
FILLER_0_159_329, 153.14, 440.64, 0.00576667
FILLER_0_158_357, 165.94, 440.64, 0.0057836
_10484_, 191.54, 440.64, 0.00584805
ANTENNA__10755__A1, 191.54, 440.64, 0.00584805
ANTENNA__10483__A1, 191.54, 440.64, 0.00584805
FILLER_0_158_413, 191.54, 440.64, 0.00584805
_09767_, 204.34, 440.64, 0.00589477
_10480_, 204.34, 440.64, 0.00589477
ANTENNA__09766__A0, 204.34, 440.64, 0.00589477
FILLER_0_158_433, 204.34, 440.64, 0.00589477
FILLER_0_159_441, 204.34, 440.64, 0.00589477
_09766_, 217.14, 440.64, 0.00593993
_09769_, 217.14, 440.64, 0.00593993
_13659_, 217.14, 440.64, 0.00593993
_13661_, 217.14, 440.64, 0.00593993
ANTENNA__08126__B, 217.14, 440.64, 0.00593993
ANTENNA__07940__B, 217.14, 440.64, 0.00593993
ANTENNA__09766__S, 217.14, 440.64, 0.00593993
FILLER_0_158_458, 217.14, 440.64, 0.00593993
_08031_, 229.94, 440.64, 0.00597413
_09345_, 229.94, 440.64, 0.00597413
_09768_, 229.94, 440.64, 0.00597413
_10891_, 229.94, 440.64, 0.00597413
ANTENNA__08031__C, 229.94, 440.64, 0.00597413
ANTENNA__07940__C, 229.94, 440.64, 0.00597413
ANTENNA__09344__S, 229.94, 440.64, 0.00597413
ANTENNA__09768__S, 229.94, 440.64, 0.00597413
ANTENNA_clkbuf_leaf_48_wclk_A, 229.94, 440.64, 0.00597413
FILLER_0_158_490, 229.94, 440.64, 0.00597413
FILLER_0_158_499, 229.94, 440.64, 0.00597413
FILLER_0_159_498, 229.94, 440.64, 0.00597413
_08029_, 242.74, 440.64, 0.00600557
_09347_, 242.74, 440.64, 0.00600557
clkbuf_leaf_48_wclk, 242.74, 440.64, 0.00600557
ANTENNA__08029__B, 242.74, 440.64, 0.00600557
ANTENNA__08029__C, 242.74, 440.64, 0.00600557
ANTENNA__09347__S, 242.74, 440.64, 0.00600557
ANTENNA__09770__S, 242.74, 440.64, 0.00600557
FILLER_0_158_514, 242.74, 440.64, 0.00600557
FILLER_0_158_520, 242.74, 440.64, 0.00600557
_10547_, 255.54, 440.64, 0.00601338
_10548_, 255.54, 440.64, 0.00601338
_10552_, 255.54, 440.64, 0.00601338
_14011_, 255.54, 440.64, 0.00601338
ANTENNA__08079__B, 255.54, 440.64, 0.00601338
FILLER_0_158_533, 255.54, 440.64, 0.00601338
FILLER_0_159_552, 255.54, 440.64, 0.00601338
_09424_, 268.34, 440.64, 0.00601368
_09836_, 268.34, 440.64, 0.00601368
_13499_, 268.34, 440.64, 0.00601368
_13500_, 268.34, 440.64, 0.00601368
ANTENNA__09423__A0, 268.34, 440.64, 0.00601368
FILLER_0_158_583, 268.34, 440.64, 0.00601368
_09834_, 281.14, 440.64, 0.00600253
_13693_, 281.14, 440.64, 0.00600253
ANTENNA__08075__C, 281.14, 440.64, 0.00600253
ANTENNA__08027__B, 281.14, 440.64, 0.00600253
ANTENNA__09834__A0, 281.14, 440.64, 0.00600253
ANTENNA__09840__S, 281.14, 440.64, 0.00600253
ANTENNA__09834__S, 281.14, 440.64, 0.00600253
FILLER_0_158_597, 281.14, 440.64, 0.00600253
FILLER_0_159_613, 281.14, 440.64, 0.00600253
ANTENNA__07934__C, 293.94, 440.64, 0.00598568
ANTENNA__07934__B, 293.94, 440.64, 0.00598568
FILLER_0_158_637, 293.94, 440.64, 0.00598568
_10749_, 306.74, 440.64, 0.00596883
ANTENNA__10544__S, 306.74, 440.64, 0.00596883
FILLER_0_157_649, 306.74, 440.64, 0.00596883
FILLER_0_158_657, 306.74, 440.64, 0.00596883
FILLER_0_158_662, 306.74, 440.64, 0.00596883
FILLER_0_159_665, 306.74, 440.64, 0.00596883
_07865_, 319.54, 440.64, 0.00595118
ANTENNA__07865__A2, 319.54, 440.64, 0.00595118
ANTENNA__07865__B1, 319.54, 440.64, 0.00595118
ANTENNA__10476__A1, 319.54, 440.64, 0.00595118
FILLER_0_158_673, 319.54, 440.64, 0.00595118
FILLER_0_158_694, 319.54, 440.64, 0.00595118
_09824_, 345.14, 440.64, 0.00599298
_09827_, 345.14, 440.64, 0.00599298
_10540_, 345.14, 440.64, 0.00599298
_13686_, 345.14, 440.64, 0.00599298
_13687_, 345.14, 440.64, 0.00599298
ANTENNA__10540__S, 345.14, 440.64, 0.00599298
_09825_, 357.94, 440.64, 0.00604032
_10539_, 357.94, 440.64, 0.00604032
_14006_, 357.94, 440.64, 0.00604032
clkbuf_leaf_74_wclk, 357.94, 440.64, 0.00604032
_09332_, 370.74, 440.64, 0.00605943
_09758_, 370.74, 440.64, 0.00605943
_09759_, 370.74, 440.64, 0.00605943
_10538_, 370.74, 440.64, 0.00605943
_13463_, 370.74, 440.64, 0.00605943
ANTENNA__07717__C, 370.74, 440.64, 0.00605943
_09329_, 383.54, 440.64, 0.00607013
_09755_, 383.54, 440.64, 0.00607013
_13462_, 383.54, 440.64, 0.00607013
_13653_, 383.54, 440.64, 0.00607013
ANTENNA__07771__A2, 383.54, 440.64, 0.00607013
ANTENNA__07715__C, 383.54, 440.64, 0.00607013
ANTENNA__10536__A1, 383.54, 440.64, 0.00607013
FILLER_0_158_809, 383.54, 440.64, 0.00607013
_09325_, 396.34, 440.64, 0.00606947
_10469_, 396.34, 440.64, 0.00606947
_10741_, 396.34, 440.64, 0.00606947
_13973_, 396.34, 440.64, 0.00606947
clkbuf_leaf_81_wclk, 396.34, 440.64, 0.00606947
ANTENNA__10881__S, 396.34, 440.64, 0.00606947
FILLER_0_157_837, 396.34, 440.64, 0.00606947
FILLER_0_157_841, 396.34, 440.64, 0.00606947
_10740_, 409.14, 440.64, 0.00604114
_10743_, 409.14, 440.64, 0.00604114
_14101_, 409.14, 440.64, 0.00604114
_14102_, 409.14, 440.64, 0.00604114
_14103_, 409.14, 440.64, 0.00604114
_10742_, 421.94, 440.64, 0.00599651
_10744_, 421.94, 440.64, 0.00599651
ANTENNA__10742__A1, 421.94, 440.64, 0.00599651
ANTENNA__10744__A1, 421.94, 440.64, 0.00599651
ANTENNA__10472__A1, 421.94, 440.64, 0.00599651
ANTENNA__10474__A1, 421.94, 440.64, 0.00599651
ANTENNA__10472__S, 421.94, 440.64, 0.00599651
FILLER_0_158_919, 421.94, 440.64, 0.00599651
ANTENNA__10470__A1, 434.74, 440.64, 0.0059496
FILLER_0_159_945, 434.74, 440.64, 0.0059496
FILLER_0_157_947, 447.54, 440.64, 0.00590269
FILLER_0_158_973, 447.54, 440.64, 0.00590269
FILLER_0_159_1001, 460.34, 440.64, 0.00585578
FILLER_0_158_1029, 473.14, 440.64, 0.00580887
PHY_310, 5.52, 435.2, 0.00559242
PHY_312, 5.52, 435.2, 0.00559242
input3, 5.52, 435.2, 0.00559242
PHY_311, 494.04, 435.2, 0.00574108
PHY_313, 494.04, 435.2, 0.00574108
output58, 494.04, 435.2, 0.00574108
ANTENNA_output58_A, 494.04, 435.2, 0.00574108
FILLER_0_156_77, 37.94, 435.2, 0.00560789
FILLER_0_157_105, 50.74, 435.2, 0.00562636
FILLER_0_156_133, 63.54, 435.2, 0.00564482
FILLER_0_157_161, 76.34, 435.2, 0.00566328
FILLER_0_156_189, 89.14, 435.2, 0.00568175
FILLER_0_157_217, 101.94, 435.2, 0.00570021
FILLER_0_156_245, 114.74, 435.2, 0.00571868
FILLER_0_157_273, 127.54, 435.2, 0.00573714
FILLER_0_156_301, 140.34, 435.2, 0.0057556
FILLER_0_157_329, 153.14, 435.2, 0.00577407
FILLER_0_156_357, 165.94, 435.2, 0.00579253
_10483_, 191.54, 435.2, 0.005866
_10752_, 191.54, 435.2, 0.005866
_10756_, 191.54, 435.2, 0.005866
_13980_, 191.54, 435.2, 0.005866
FILLER_0_156_410, 191.54, 435.2, 0.005866
FILLER_0_157_416, 191.54, 435.2, 0.005866
_07942_, 204.34, 435.2, 0.00591356
_09773_, 204.34, 435.2, 0.00591356
_13978_, 204.34, 435.2, 0.00591356
_14106_, 204.34, 435.2, 0.00591356
FILLER_0_156_445, 204.34, 435.2, 0.00591356
FILLER_0_157_441, 204.34, 435.2, 0.00591356
_07940_, 217.14, 435.2, 0.00594762
_07941_, 217.14, 435.2, 0.00594762
_08126_, 217.14, 435.2, 0.00594762
_09772_, 217.14, 435.2, 0.00594762
ANTENNA__08126__C, 217.14, 435.2, 0.00594762
ANTENNA__09350__A0, 217.14, 435.2, 0.00594762
ANTENNA__09772__S, 217.14, 435.2, 0.00594762
ANTENNA__10479__A1, 217.14, 435.2, 0.00594762
FILLER_0_155_453, 217.14, 435.2, 0.00594762
FILLER_0_155_459, 217.14, 435.2, 0.00594762
FILLER_0_156_457, 217.14, 435.2, 0.00594762
FILLER_0_157_470, 217.14, 435.2, 0.00594762
_08032_, 229.94, 435.2, 0.00597952
_09350_, 229.94, 435.2, 0.00597952
_14170_, 229.94, 435.2, 0.00597952
_14171_, 229.94, 435.2, 0.00597952
ANTENNA__08031__B, 229.94, 435.2, 0.00597952
ANTENNA__09350__S, 229.94, 435.2, 0.00597952
_08077_, 242.74, 435.2, 0.00599931
_08079_, 242.74, 435.2, 0.00599931
_10890_, 242.74, 435.2, 0.00599931
_10894_, 242.74, 435.2, 0.00599931
_14172_, 242.74, 435.2, 0.00599931
ANTENNA__10894__A1, 242.74, 435.2, 0.00599931
_09426_, 255.54, 435.2, 0.00601234
_10549_, 255.54, 435.2, 0.00601234
_10550_, 255.54, 435.2, 0.00601234
_10551_, 255.54, 435.2, 0.00601234
_14012_, 255.54, 435.2, 0.00601234
ANTENNA__08079__C, 255.54, 435.2, 0.00601234
ANTENNA__09425__A0, 255.54, 435.2, 0.00601234
FILLER_0_156_554, 255.54, 435.2, 0.00601234
FILLER_0_157_554, 255.54, 435.2, 0.00601234
_08024_, 268.34, 435.2, 0.00601659
_08027_, 268.34, 435.2, 0.00601659
_08028_, 268.34, 435.2, 0.00601659
_08073_, 268.34, 435.2, 0.00601659
_08075_, 268.34, 435.2, 0.00601659
_09423_, 268.34, 435.2, 0.00601659
_09425_, 268.34, 435.2, 0.00601659
ANTENNA__08073__C, 268.34, 435.2, 0.00601659
FILLER_0_156_573, 268.34, 435.2, 0.00601659
_07934_, 281.14, 435.2, 0.00601693
_08122_, 281.14, 435.2, 0.00601693
_09421_, 281.14, 435.2, 0.00601693
_09422_, 281.14, 435.2, 0.00601693
_09840_, 281.14, 435.2, 0.00601693
_09841_, 281.14, 435.2, 0.00601693
ANTENNA__08072__C, 281.14, 435.2, 0.00601693
ANTENNA__08075__B, 281.14, 435.2, 0.00601693
ANTENNA__09840__A0, 281.14, 435.2, 0.00601693
_07932_, 293.94, 435.2, 0.00601358
_07935_, 293.94, 435.2, 0.00601358
clkbuf_leaf_72_wclk, 293.94, 435.2, 0.00601358
ANTENNA__07932__B, 293.94, 435.2, 0.00601358
ANTENNA__07932__C, 293.94, 435.2, 0.00601358
ANTENNA__08122__B, 293.94, 435.2, 0.00601358
ANTENNA__09421__A0, 293.94, 435.2, 0.00601358
FILLER_0_156_634, 293.94, 435.2, 0.00601358
_10477_, 306.74, 435.2, 0.00598921
_10544_, 306.74, 435.2, 0.00598921
_13977_, 306.74, 435.2, 0.00598921
_14105_, 306.74, 435.2, 0.00598921
ANTENNA__10544__A1, 306.74, 435.2, 0.00598921
ANTENNA_clkbuf_leaf_72_wclk_A, 306.74, 435.2, 0.00598921
FILLER_0_156_645, 306.74, 435.2, 0.00598921
_10476_, 319.54, 435.2, 0.00595348
_13656_, 319.54, 435.2, 0.00595348
ANTENNA__07822__B, 319.54, 435.2, 0.00595348
ANTENNA__07822__C, 319.54, 435.2, 0.00595348
ANTENNA__09761__S, 319.54, 435.2, 0.00595348
ANTENNA__10748__A1, 319.54, 435.2, 0.00595348
ANTENNA__10476__S, 319.54, 435.2, 0.00595348
ANTENNA__10748__S, 319.54, 435.2, 0.00595348
FILLER_0_155_669, 319.54, 435.2, 0.00595348
FILLER_0_157_688, 319.54, 435.2, 0.00595348
FILLER_0_157_696, 319.54, 435.2, 0.00595348
_07762_, 345.14, 435.2, 0.00592266
_07764_, 345.14, 435.2, 0.00592266
_13495_, 345.14, 435.2, 0.00592266
ANTENNA__07761__B, 345.14, 435.2, 0.00592266
ANTENNA__07762__B, 345.14, 435.2, 0.00592266
ANTENNA__07762__C, 345.14, 435.2, 0.00592266
ANTENNA__09414__A0, 345.14, 435.2, 0.00592266
ANTENNA__09416__A0, 345.14, 435.2, 0.00592266
ANTENNA__10540__A1, 345.14, 435.2, 0.00592266
ANTENNA__10542__S, 345.14, 435.2, 0.00592266
FILLER_0_156_733, 345.14, 435.2, 0.00592266
FILLER_0_156_738, 345.14, 435.2, 0.00592266
_07667_, 357.94, 435.2, 0.00592861
_07670_, 357.94, 435.2, 0.00592861
_07714_, 357.94, 435.2, 0.00592861
_07717_, 357.94, 435.2, 0.00592861
_09410_, 357.94, 435.2, 0.00592861
_09823_, 357.94, 435.2, 0.00592861
_10536_, 357.94, 435.2, 0.00592861
ANTENNA__07764__B, 357.94, 435.2, 0.00592861
_07671_, 370.74, 435.2, 0.00593071
_07715_, 370.74, 435.2, 0.00593071
_07770_, 370.74, 435.2, 0.00593071
_07771_, 370.74, 435.2, 0.00593071
_09331_, 370.74, 435.2, 0.00593071
ANTENNA__07717__B, 370.74, 435.2, 0.00593071
ANTENNA__09410__A0, 370.74, 435.2, 0.00593071
ANTENNA__09823__S, 370.74, 435.2, 0.00593071
_07721_, 383.54, 435.2, 0.00592901
_10882_, 383.54, 435.2, 0.00592901
_14166_, 383.54, 435.2, 0.00592901
ANTENNA__07770__B, 383.54, 435.2, 0.00592901
ANTENNA__07770__C, 383.54, 435.2, 0.00592901
ANTENNA__07769__C, 383.54, 435.2, 0.00592901
ANTENNA__07667__C, 383.54, 435.2, 0.00592901
ANTENNA__07670__C, 383.54, 435.2, 0.00592901
ANTENNA__09331__S, 383.54, 435.2, 0.00592901
ANTENNA__09759__A0, 383.54, 435.2, 0.00592901
ANTENNA__09331__A0, 383.54, 435.2, 0.00592901
FILLER_0_155_819, 383.54, 435.2, 0.00592901
_07722_, 396.34, 435.2, 0.00592188
_10881_, 396.34, 435.2, 0.00592188
ANTENNA__07719__C, 396.34, 435.2, 0.00592188
ANTENNA__07721__B, 396.34, 435.2, 0.00592188
ANTENNA__07721__C, 396.34, 435.2, 0.00592188
_07664_, 409.14, 435.2, 0.00591234
_07676_, 409.14, 435.2, 0.00591234
_07712_, 409.14, 435.2, 0.00591234
_10468_, 409.14, 435.2, 0.00591234
_10473_, 409.14, 435.2, 0.00591234
_10474_, 409.14, 435.2, 0.00591234
_10745_, 409.14, 435.2, 0.00591234
_13975_, 409.14, 435.2, 0.00591234
ANTENNA__07719__B, 409.14, 435.2, 0.00591234
ANTENNA__07722__A2, 409.14, 435.2, 0.00591234
ANTENNA__10881__A1, 409.14, 435.2, 0.00591234
_10470_, 421.94, 435.2, 0.00589064
_10472_, 421.94, 435.2, 0.00589064
_13974_, 421.94, 435.2, 0.00589064
ANTENNA__07712__B1, 421.94, 435.2, 0.00589064
ANTENNA__10468__A1, 421.94, 435.2, 0.00589064
_07760_, 434.74, 435.2, 0.00586142
ANTENNA__07760__A2, 434.74, 435.2, 0.00586142
ANTENNA__07760__B1, 434.74, 435.2, 0.00586142
ANTENNA__10470__S, 434.74, 435.2, 0.00586142
FILLER_0_155_921, 434.74, 435.2, 0.00586142
FILLER_0_156_925, 434.74, 435.2, 0.00586142
_10247_, 447.54, 435.2, 0.00583213
ANTENNA__10247__A, 447.54, 435.2, 0.00583213
FILLER_0_156_956, 447.54, 435.2, 0.00583213
FILLER_0_156_970, 447.54, 435.2, 0.00583213
FILLER_0_157_1001, 460.34, 435.2, 0.00580167
FILLER_0_156_1029, 473.14, 435.2, 0.0057712
PHY_306, 5.52, 429.76, 0.00557788
PHY_308, 5.52, 429.76, 0.00557788
PHY_307, 494.04, 429.76, 0.00574783
PHY_309, 494.04, 429.76, 0.00574783
FILLER_0_154_77, 37.94, 429.76, 0.00559844
FILLER_0_155_105, 50.74, 429.76, 0.005619
FILLER_0_154_133, 63.54, 429.76, 0.00563957
FILLER_0_155_161, 76.34, 429.76, 0.00566013
FILLER_0_154_189, 89.14, 429.76, 0.00568069
FILLER_0_155_217, 101.94, 429.76, 0.00570126
FILLER_0_154_245, 114.74, 429.76, 0.00572182
FILLER_0_155_273, 127.54, 429.76, 0.00574238
FILLER_0_154_301, 140.34, 429.76, 0.00576295
FILLER_0_155_329, 153.14, 429.76, 0.00578351
_10687_, 165.94, 429.76, 0.00580408
_14076_, 165.94, 429.76, 0.00580408
ANTENNA__10687__A1, 165.94, 429.76, 0.00580408
ANTENNA__10689__A1, 165.94, 429.76, 0.00580408
FILLER_0_153_337, 165.94, 429.76, 0.00580408
FILLER_0_154_359, 165.94, 429.76, 0.00580408
FILLER_0_155_361, 165.94, 429.76, 0.00580408
_08033_, 191.54, 429.76, 0.00587472
_08070_, 191.54, 429.76, 0.00587472
_08081_, 191.54, 429.76, 0.00587472
_10481_, 191.54, 429.76, 0.00587472
_10486_, 191.54, 429.76, 0.00587472
_10758_, 191.54, 429.76, 0.00587472
_13981_, 191.54, 429.76, 0.00587472
ANTENNA__10481__A1, 191.54, 429.76, 0.00587472
FILLER_0_154_416, 191.54, 429.76, 0.00587472
FILLER_0_155_414, 191.54, 429.76, 0.00587472
_07926_, 204.34, 429.76, 0.00591403
_08128_, 204.34, 429.76, 0.00591403
_10479_, 204.34, 429.76, 0.00591403
_10751_, 204.34, 429.76, 0.00591403
_13435_, 204.34, 429.76, 0.00591403
ANTENNA__09772__A0, 204.34, 429.76, 0.00591403
FILLER_0_153_427, 204.34, 429.76, 0.00591403
FILLER_0_154_421, 204.34, 429.76, 0.00591403
_07939_, 217.14, 429.76, 0.00594121
_08030_, 217.14, 429.76, 0.00594121
_08125_, 217.14, 429.76, 0.00594121
_09252_, 217.14, 429.76, 0.00594121
_09253_, 217.14, 429.76, 0.00594121
ANTENNA__08125__B, 217.14, 429.76, 0.00594121
ANTENNA__08030__B, 217.14, 429.76, 0.00594121
ANTENNA__07939__B, 217.14, 429.76, 0.00594121
FILLER_0_154_457, 217.14, 429.76, 0.00594121
_07937_, 229.94, 429.76, 0.00596575
_08127_, 229.94, 429.76, 0.00596575
_09351_, 229.94, 429.76, 0.00596575
_10893_, 229.94, 429.76, 0.00596575
_13469_, 229.94, 429.76, 0.00596575
ANTENNA__07937__B, 229.94, 429.76, 0.00596575
ANTENNA__10890__A1, 229.94, 429.76, 0.00596575
FILLER_0_154_496, 229.94, 429.76, 0.00596575
FILLER_0_155_488, 229.94, 429.76, 0.00596575
_08080_, 242.74, 429.76, 0.00598246
_10892_, 242.74, 429.76, 0.00598246
_10895_, 242.74, 429.76, 0.00598246
_10896_, 242.74, 429.76, 0.00598246
ANTENNA__07937__C, 242.74, 429.76, 0.00598246
ANTENNA__10892__A1, 242.74, 429.76, 0.00598246
FILLER_0_153_514, 242.74, 429.76, 0.00598246
FILLER_0_154_522, 242.74, 429.76, 0.00598246
_14013_, 255.54, 429.76, 0.00599431
ANTENNA__08077__B, 255.54, 429.76, 0.00599431
ANTENNA__08077__C, 255.54, 429.76, 0.00599431
ANTENNA__08839__A0, 255.54, 429.76, 0.00599431
ANTENNA__10549__A1, 255.54, 429.76, 0.00599431
ANTENNA__10551__A1, 255.54, 429.76, 0.00599431
FILLER_0_154_541, 255.54, 429.76, 0.00599431
_08022_, 268.34, 429.76, 0.00600129
_08072_, 268.34, 429.76, 0.00600129
_08074_, 268.34, 429.76, 0.00600129
_08076_, 268.34, 429.76, 0.00600129
_08120_, 268.34, 429.76, 0.00600129
ANTENNA__08022__C, 268.34, 429.76, 0.00600129
ANTENNA__08024__C, 268.34, 429.76, 0.00600129
FILLER_0_153_566, 268.34, 429.76, 0.00600129
FILLER_0_154_562, 268.34, 429.76, 0.00600129
FILLER_0_154_568, 268.34, 429.76, 0.00600129
FILLER_0_154_582, 268.34, 429.76, 0.00600129
_07931_, 281.14, 429.76, 0.00600612
_08838_, 281.14, 429.76, 0.00600612
_09427_, 281.14, 429.76, 0.00600612
_09428_, 281.14, 429.76, 0.00600612
_13498_, 281.14, 429.76, 0.00600612
_13501_, 281.14, 429.76, 0.00600612
ANTENNA__08122__C, 281.14, 429.76, 0.00600612
ANTENNA__08027__C, 281.14, 429.76, 0.00600612
_07933_, 293.94, 429.76, 0.00599853
_09419_, 293.94, 429.76, 0.00599853
_13689_, 293.94, 429.76, 0.00599853
ANTENNA__08119__C, 293.94, 429.76, 0.00599853
ANTENNA__07933__B, 293.94, 429.76, 0.00599853
ANTENNA__07931__C, 293.94, 429.76, 0.00599853
FILLER_0_154_637, 293.94, 429.76, 0.00599853
_10545_, 306.74, 429.76, 0.00598528
_10748_, 306.74, 429.76, 0.00598528
_13497_, 306.74, 429.76, 0.00598528
_14009_, 306.74, 429.76, 0.00598528
ANTENNA__07871__B, 306.74, 429.76, 0.00598528
ANTENNA__09418__A0, 306.74, 429.76, 0.00598528
_07822_, 319.54, 429.76, 0.00596069
_09761_, 319.54, 429.76, 0.00596069
_09762_, 319.54, 429.76, 0.00596069
_09763_, 319.54, 429.76, 0.00596069
_09764_, 319.54, 429.76, 0.00596069
_13464_, 319.54, 429.76, 0.00596069
ANTENNA__07867__C, 319.54, 429.76, 0.00596069
ANTENNA__07871__C, 319.54, 429.76, 0.00596069
_07761_, 345.14, 429.76, 0.00595854
_07765_, 345.14, 429.76, 0.00595854
_09414_, 345.14, 429.76, 0.00595854
_09415_, 345.14, 429.76, 0.00595854
_09417_, 345.14, 429.76, 0.00595854
_10542_, 345.14, 429.76, 0.00595854
ANTENNA__07761__C, 345.14, 429.76, 0.00595854
ANTENNA__09414__S, 345.14, 429.76, 0.00595854
_07666_, 357.94, 429.76, 0.00598384
_07668_, 357.94, 429.76, 0.00598384
_07718_, 357.94, 429.76, 0.00598384
_09411_, 357.94, 429.76, 0.00598384
_09412_, 357.94, 429.76, 0.00598384
_13493_, 357.94, 429.76, 0.00598384
ANTENNA__09410__S, 357.94, 429.76, 0.00598384
FILLER_0_155_773, 357.94, 429.76, 0.00598384
_07769_, 370.74, 429.76, 0.00600109
_09245_, 370.74, 429.76, 0.00600109
_13237_, 370.74, 429.76, 0.00600109
ANTENNA__07716__C, 370.74, 429.76, 0.00600109
ANTENNA__07668__C, 370.74, 429.76, 0.00600109
ANTENNA__07666__B, 370.74, 429.76, 0.00600109
ANTENNA__07668__B, 370.74, 429.76, 0.00600109
ANTENNA__07666__C, 370.74, 429.76, 0.00600109
ANTENNA__07670__B, 370.74, 429.76, 0.00600109
ANTENNA__09823__A0, 370.74, 429.76, 0.00600109
_07673_, 383.54, 429.76, 0.00601245
_07674_, 383.54, 429.76, 0.00601245
_07675_, 383.54, 429.76, 0.00601245
_10880_, 383.54, 429.76, 0.00601245
_13430_, 383.54, 429.76, 0.00601245
_14165_, 383.54, 429.76, 0.00601245
ANTENNA__07769__B, 383.54, 429.76, 0.00601245
ANTENNA__07673__B, 383.54, 429.76, 0.00601245
ANTENNA__08828__A0, 383.54, 429.76, 0.00601245
FILLER_0_154_821, 383.54, 429.76, 0.00601245
_07672_, 396.34, 429.76, 0.00601219
_07719_, 396.34, 429.76, 0.00601219
_10747_, 396.34, 429.76, 0.00601219
_10879_, 396.34, 429.76, 0.00601219
ANTENNA__07674__B, 396.34, 429.76, 0.00601219
ANTENNA__07674__C, 396.34, 429.76, 0.00601219
ANTENNA__07675__A2, 396.34, 429.76, 0.00601219
_07759_, 409.14, 429.76, 0.00600989
_07772_, 409.14, 429.76, 0.00600989
_10471_, 409.14, 429.76, 0.00600989
_10475_, 409.14, 429.76, 0.00600989
_10746_, 409.14, 429.76, 0.00600989
_13976_, 409.14, 429.76, 0.00600989
ANTENNA__07672__B, 409.14, 429.76, 0.00600989
ANTENNA__07672__C, 409.14, 429.76, 0.00600989
ANTENNA__10746__S, 409.14, 429.76, 0.00600989
_07665_, 421.94, 429.76, 0.00599599
_07723_, 421.94, 429.76, 0.00599599
_10673_, 421.94, 429.76, 0.00599599
_14069_, 421.94, 429.76, 0.00599599
clkbuf_leaf_82_wclk, 421.94, 429.76, 0.00599599
ANTENNA__07759__A2, 421.94, 429.76, 0.00599599
ANTENNA__07665__A2, 421.94, 429.76, 0.00599599
FILLER_0_153_893, 421.94, 429.76, 0.00599599
_10675_, 434.74, 429.76, 0.00595522
_10677_, 434.74, 429.76, 0.00595522
_14070_, 434.74, 429.76, 0.00595522
_14071_, 434.74, 429.76, 0.00595522
ANTENNA__10674__A1, 447.54, 429.76, 0.00590337
ANTENNA__10674__S, 447.54, 429.76, 0.00590337
FILLER_0_154_974, 447.54, 429.76, 0.00590337
FILLER_0_155_1001, 460.34, 429.76, 0.00585152
FILLER_0_153_1005, 473.14, 429.76, 0.00579968
FILLER_0_154_1029, 473.14, 429.76, 0.00579968
PHY_302, 5.52, 424.32, 0.00556784
PHY_304, 5.52, 424.32, 0.00556784
PHY_303, 494.04, 424.32, 0.00572276
PHY_305, 494.04, 424.32, 0.00572276
FILLER_0_152_77, 37.94, 424.32, 0.00559175
FILLER_0_153_105, 50.74, 424.32, 0.00561567
FILLER_0_152_133, 63.54, 424.32, 0.00563958
FILLER_0_153_161, 76.34, 424.32, 0.0056635
FILLER_0_152_189, 89.14, 424.32, 0.00568741
FILLER_0_153_217, 101.94, 424.32, 0.00571133
FILLER_0_152_245, 114.74, 424.32, 0.00573524
FILLER_0_153_273, 127.54, 424.32, 0.00575916
_09978_, 140.34, 424.32, 0.00578307
FILLER_0_151_281, 140.34, 424.32, 0.00578307
FILLER_0_152_301, 140.34, 424.32, 0.00578307
_10688_, 153.14, 424.32, 0.00580616
FILLER_0_153_329, 153.14, 424.32, 0.00580616
_10685_, 165.94, 424.32, 0.00582843
_10686_, 165.94, 424.32, 0.00582843
_10689_, 165.94, 424.32, 0.00582843
_14075_, 165.94, 424.32, 0.00582843
_14077_, 165.94, 424.32, 0.00582843
FILLER_0_151_337, 165.94, 424.32, 0.00582843
_10485_, 191.54, 424.32, 0.00591193
_14109_, 191.54, 424.32, 0.00591193
ANTENNA_clkbuf_leaf_46_wclk_A, 191.54, 424.32, 0.00591193
FILLER_0_151_393, 191.54, 424.32, 0.00591193
_08117_, 204.34, 424.32, 0.00597948
_09254_, 204.34, 424.32, 0.00597948
_09258_, 204.34, 424.32, 0.00597948
_10757_, 204.34, 424.32, 0.00597948
_14074_, 204.34, 424.32, 0.00597948
clkbuf_leaf_47_wclk, 204.34, 424.32, 0.00597948
ANTENNA__09253__A0, 204.34, 424.32, 0.00597948
ANTENNA__10751__A1, 204.34, 424.32, 0.00597948
FILLER_0_153_435, 204.34, 424.32, 0.00597948
_09251_, 217.14, 424.32, 0.00602004
_13434_, 217.14, 424.32, 0.00602004
_13437_, 217.14, 424.32, 0.00602004
ANTENNA__09251__A0, 217.14, 424.32, 0.00602004
FILLER_0_152_459, 217.14, 424.32, 0.00602004
_09774_, 229.94, 424.32, 0.00604999
_10897_, 229.94, 424.32, 0.00604999
_14173_, 229.94, 424.32, 0.00604999
ANTENNA__09774__S, 229.94, 424.32, 0.00604999
ANTENNA__10896__A1, 229.94, 424.32, 0.00604999
_08078_, 242.74, 424.32, 0.00607356
_08124_, 242.74, 424.32, 0.00607356
_09255_, 242.74, 424.32, 0.00607356
_10553_, 242.74, 424.32, 0.00607356
_10554_, 242.74, 424.32, 0.00607356
_13436_, 242.74, 424.32, 0.00607356
ANTENNA__08078__B, 242.74, 424.32, 0.00607356
_08026_, 255.54, 424.32, 0.00608918
_08839_, 255.54, 424.32, 0.00608918
_08842_, 255.54, 424.32, 0.00608918
_13243_, 255.54, 424.32, 0.00608918
_13244_, 255.54, 424.32, 0.00608918
FILLER_0_151_531, 255.54, 424.32, 0.00608918
FILLER_0_152_533, 255.54, 424.32, 0.00608918
FILLER_0_153_555, 255.54, 424.32, 0.00608918
_08121_, 268.34, 424.32, 0.00609331
_08123_, 268.34, 424.32, 0.00609331
_13245_, 268.34, 424.32, 0.00609331
clkbuf_leaf_71_wclk, 268.34, 424.32, 0.00609331
ANTENNA__08120__C, 268.34, 424.32, 0.00609331
FILLER_0_153_578, 268.34, 424.32, 0.00609331
_08119_, 281.14, 424.32, 0.0060707
_08837_, 281.14, 424.32, 0.0060707
_13242_, 281.14, 424.32, 0.0060707
ANTENNA__08837__A0, 281.14, 424.32, 0.0060707
ANTENNA__09427__A0, 281.14, 424.32, 0.0060707
ANTENNA_clkbuf_leaf_71_wclk_A, 281.14, 424.32, 0.0060707
FILLER_0_151_588, 281.14, 424.32, 0.0060707
_09831_, 293.94, 424.32, 0.00604189
_09832_, 293.94, 424.32, 0.00604189
ANTENNA__09831__A0, 293.94, 424.32, 0.00604189
FILLER_0_152_618, 293.94, 424.32, 0.00604189
FILLER_0_152_626, 293.94, 424.32, 0.00604189
_07867_, 306.74, 424.32, 0.00601134
_07868_, 306.74, 424.32, 0.00601134
_07871_, 306.74, 424.32, 0.00601134
_07872_, 306.74, 424.32, 0.00601134
_09418_, 306.74, 424.32, 0.00601134
_13657_, 306.74, 424.32, 0.00601134
ANTENNA__07870__B, 306.74, 424.32, 0.00601134
ANTENNA__08834__S, 306.74, 424.32, 0.00601134
FILLER_0_152_660, 306.74, 424.32, 0.00601134
_07875_, 319.54, 424.32, 0.00597397
_07876_, 319.54, 424.32, 0.00597397
_13433_, 319.54, 424.32, 0.00597397
_14168_, 319.54, 424.32, 0.00597397
ANTENNA__07867__B, 319.54, 424.32, 0.00597397
ANTENNA__09248__S, 319.54, 424.32, 0.00597397
ANTENNA__09763__A0, 319.54, 424.32, 0.00597397
ANTENNA__09418__S, 319.54, 424.32, 0.00597397
FILLER_0_152_679, 319.54, 424.32, 0.00597397
_07813_, 345.14, 424.32, 0.00594535
_07814_, 345.14, 424.32, 0.00594535
_07817_, 345.14, 424.32, 0.00594535
_09413_, 345.14, 424.32, 0.00594535
_13494_, 345.14, 424.32, 0.00594535
ANTENNA__07813__B, 345.14, 424.32, 0.00594535
ANTENNA__07814__B, 345.14, 424.32, 0.00594535
ANTENNA__07813__C, 345.14, 424.32, 0.00594535
ANTENNA__07814__C, 345.14, 424.32, 0.00594535
FILLER_0_152_725, 345.14, 424.32, 0.00594535
FILLER_0_153_741, 345.14, 424.32, 0.00594535
_07716_, 357.94, 424.32, 0.00595814
_07763_, 357.94, 424.32, 0.00595814
_08831_, 357.94, 424.32, 0.00595814
_13238_, 357.94, 424.32, 0.00595814
_13239_, 357.94, 424.32, 0.00595814
ANTENNA__07763__C, 357.94, 424.32, 0.00595814
ANTENNA__07714__B, 357.94, 424.32, 0.00595814
ANTENNA__07763__B, 357.94, 424.32, 0.00595814
ANTENNA__07716__B, 357.94, 424.32, 0.00595814
ANTENNA__07714__C, 357.94, 424.32, 0.00595814
ANTENNA__09412__A0, 357.94, 424.32, 0.00595814
ANTENNA__09412__S, 357.94, 424.32, 0.00595814
FILLER_0_151_757, 357.94, 424.32, 0.00595814
FILLER_0_152_777, 357.94, 424.32, 0.00595814
_08826_, 370.74, 424.32, 0.00596043
_08828_, 370.74, 424.32, 0.00596043
_08829_, 370.74, 424.32, 0.00596043
_09243_, 370.74, 424.32, 0.00596043
_13431_, 370.74, 424.32, 0.00596043
_07720_, 383.54, 424.32, 0.0059542
_09240_, 383.54, 424.32, 0.0059542
_09241_, 383.54, 424.32, 0.0059542
_09242_, 383.54, 424.32, 0.0059542
_13429_, 383.54, 424.32, 0.0059542
ANTENNA__08826__A0, 383.54, 424.32, 0.0059542
_07811_, 396.34, 424.32, 0.00594004
_10679_, 396.34, 424.32, 0.00594004
_14104_, 396.34, 424.32, 0.00594004
ANTENNA__07623__B, 396.34, 424.32, 0.00594004
ANTENNA__07623__C, 396.34, 424.32, 0.00594004
ANTENNA__07720__C, 396.34, 424.32, 0.00594004
ANTENNA__07673__C, 396.34, 424.32, 0.00594004
ANTENNA__07720__B, 396.34, 424.32, 0.00594004
ANTENNA__09240__A0, 396.34, 424.32, 0.00594004
ANTENNA__09242__A0, 396.34, 424.32, 0.00594004
ANTENNA__09240__S, 396.34, 424.32, 0.00594004
ANTENNA__10879__S, 396.34, 424.32, 0.00594004
FILLER_0_153_854, 396.34, 424.32, 0.00594004
_07812_, 409.14, 424.32, 0.00592002
_10678_, 409.14, 424.32, 0.00592002
_14072_, 409.14, 424.32, 0.00592002
ANTENNA__07759__B1, 409.14, 424.32, 0.00592002
ANTENNA__10746__A1, 409.14, 424.32, 0.00592002
FILLER_0_151_865, 409.14, 424.32, 0.00592002
FILLER_0_152_889, 409.14, 424.32, 0.00592002
_09961_, 421.94, 424.32, 0.00589415
_10672_, 421.94, 424.32, 0.00589415
_13749_, 421.94, 424.32, 0.00589415
ANTENNA__07614__A2, 421.94, 424.32, 0.00589415
ANTENNA__07665__B1, 421.94, 424.32, 0.00589415
ANTENNA__10738__A1, 421.94, 424.32, 0.00589415
ANTENNA__10466__S, 421.94, 424.32, 0.00589415
FILLER_0_152_894, 421.94, 424.32, 0.00589415
_07713_, 434.74, 424.32, 0.00586155
_10674_, 434.74, 424.32, 0.00586155
_10676_, 434.74, 424.32, 0.00586155
ANTENNA__09964__S, 434.74, 424.32, 0.00586155
ANTENNA__10672__A1, 434.74, 424.32, 0.00586155
ANTENNA__10676__S, 434.74, 424.32, 0.00586155
ANTENNA_clkbuf_leaf_82_wclk_A, 434.74, 424.32, 0.00586155
FILLER_0_151_924, 434.74, 424.32, 0.00586155
FILLER_0_152_929, 434.74, 424.32, 0.00586155
ANTENNA__09962__A1, 447.54, 424.32, 0.00582685
ANTENNA__07713__A2, 447.54, 424.32, 0.00582685
ANTENNA__07713__B1, 447.54, 424.32, 0.00582685
ANTENNA__09962__S, 447.54, 424.32, 0.00582685
ANTENNA__10676__A1, 447.54, 424.32, 0.00582685
FILLER_0_152_972, 447.54, 424.32, 0.00582685
FILLER_0_151_1005, 473.14, 424.32, 0.00575746
FILLER_0_152_1029, 473.14, 424.32, 0.00575746
PHY_298, 5.52, 418.88, 0.00555831
PHY_300, 5.52, 418.88, 0.00555831
PHY_299, 494.04, 418.88, 0.00570646
PHY_301, 494.04, 418.88, 0.00570646
FILLER_0_150_77, 37.94, 418.88, 0.00558771
FILLER_0_151_105, 50.74, 418.88, 0.0056171
FILLER_0_150_133, 63.54, 418.88, 0.00564649
FILLER_0_151_161, 76.34, 418.88, 0.00567589
FILLER_0_150_189, 89.14, 418.88, 0.00570528
FILLER_0_151_217, 101.94, 418.88, 0.00573467
FILLER_0_150_245, 114.74, 418.88, 0.00576407
_08627_, 127.54, 418.88, 0.00579346
_10272_, 127.54, 418.88, 0.00579346
ANTENNA__10272__A, 127.54, 418.88, 0.00579346
ANTENNA__08627__A, 127.54, 418.88, 0.00579346
FILLER_0_150_263, 127.54, 418.88, 0.00579346
FILLER_0_150_278, 127.54, 418.88, 0.00579346
FILLER_0_151_273, 127.54, 418.88, 0.00579346
_09976_, 140.34, 418.88, 0.00582029
_13756_, 140.34, 418.88, 0.00582029
_13757_, 140.34, 418.88, 0.00582029
FILLER_0_149_281, 140.34, 418.88, 0.00582029
FILLER_0_150_305, 140.34, 418.88, 0.00582029
_09980_, 153.14, 418.88, 0.00583563
_13755_, 153.14, 418.88, 0.00583563
clkbuf_leaf_45_wclk, 153.14, 418.88, 0.00583563
FILLER_0_150_309, 153.14, 418.88, 0.00583563
FILLER_0_151_329, 153.14, 418.88, 0.00583563
_08021_, 165.94, 418.88, 0.00582778
_08071_, 165.94, 418.88, 0.00582778
_09973_, 165.94, 418.88, 0.00582778
_10690_, 165.94, 418.88, 0.00582778
_10692_, 165.94, 418.88, 0.00582778
_14078_, 165.94, 418.88, 0.00582778
ANTENNA__09973__S, 165.94, 418.88, 0.00582778
ANTENNA_clkbuf_leaf_45_wclk_A, 165.94, 418.88, 0.00582778
FILLER_0_150_340, 165.94, 418.88, 0.00582778
FILLER_0_150_348, 165.94, 418.88, 0.00582778
FILLER_0_150_361, 165.94, 418.88, 0.00582778
_08164_, 191.54, 418.88, 0.00584766
_08175_, 191.54, 418.88, 0.00584766
_10684_, 191.54, 418.88, 0.00584766
ANTENNA__10485__A1, 191.54, 418.88, 0.00584766
ANTENNA__10487__A1, 191.54, 418.88, 0.00584766
FILLER_0_150_402, 191.54, 418.88, 0.00584766
FILLER_0_150_409, 191.54, 418.88, 0.00584766
FILLER_0_150_417, 191.54, 418.88, 0.00584766
_07929_, 204.34, 418.88, 0.0058785
_10683_, 204.34, 418.88, 0.0058785
ANTENNA__10683__A1, 204.34, 418.88, 0.0058785
ANTENNA__10757__A1, 204.34, 418.88, 0.0058785
ANTENNA_clkbuf_leaf_47_wclk_A, 204.34, 418.88, 0.0058785
FILLER_0_150_439, 204.34, 418.88, 0.0058785
_09257_, 217.14, 418.88, 0.00590823
_09775_, 217.14, 418.88, 0.00590823
ANTENNA__09257__A0, 217.14, 418.88, 0.00590823
ANTENNA__09774__A0, 217.14, 418.88, 0.00590823
ANTENNA__09776__S, 217.14, 418.88, 0.00590823
FILLER_0_149_449, 217.14, 418.88, 0.00590823
FILLER_0_151_465, 217.14, 418.88, 0.00590823
_09256_, 229.94, 418.88, 0.00593598
_13470_, 229.94, 418.88, 0.00593598
_13662_, 229.94, 418.88, 0.00593598
ANTENNA__09255__A0, 229.94, 418.88, 0.00593598
ANTENNA__10898__A1, 229.94, 418.88, 0.00593598
FILLER_0_150_493, 229.94, 418.88, 0.00593598
FILLER_0_151_488, 229.94, 418.88, 0.00593598
FILLER_0_151_496, 229.94, 418.88, 0.00593598
_08171_, 242.74, 418.88, 0.00595326
_10898_, 242.74, 418.88, 0.00595326
_14174_, 242.74, 418.88, 0.00595326
ANTENNA__08124__B, 242.74, 418.88, 0.00595326
ANTENNA__08124__C, 242.74, 418.88, 0.00595326
ANTENNA__10553__A1, 242.74, 418.88, 0.00595326
_08840_, 255.54, 418.88, 0.005965
_08841_, 255.54, 418.88, 0.005965
_14014_, 255.54, 418.88, 0.005965
ANTENNA__08841__A0, 255.54, 418.88, 0.005965
FILLER_0_151_555, 255.54, 418.88, 0.005965
_08843_, 268.34, 418.88, 0.0059699
_08844_, 268.34, 418.88, 0.0059699
_08846_, 268.34, 418.88, 0.0059699
_09430_, 268.34, 418.88, 0.0059699
_13246_, 268.34, 418.88, 0.0059699
ANTENNA__08843__A0, 268.34, 418.88, 0.0059699
ANTENNA__09429__A0, 268.34, 418.88, 0.0059699
FILLER_0_150_573, 268.34, 418.88, 0.0059699
FILLER_0_151_580, 268.34, 418.88, 0.0059699
_09429_, 281.14, 418.88, 0.00596655
ANTENNA__08166__C, 281.14, 418.88, 0.00596655
FILLER_0_150_598, 281.14, 418.88, 0.00596655
FILLER_0_151_605, 281.14, 418.88, 0.00596655
FILLER_0_151_613, 281.14, 418.88, 0.00596655
_07870_, 293.94, 418.88, 0.00596218
_13241_, 293.94, 418.88, 0.00596218
ANTENNA__07620__A, 293.94, 418.88, 0.00596218
ANTENNA__08213__C, 293.94, 418.88, 0.00596218
FILLER_0_149_617, 293.94, 418.88, 0.00596218
FILLER_0_149_624, 293.94, 418.88, 0.00596218
FILLER_0_150_619, 293.94, 418.88, 0.00596218
FILLER_0_151_629, 293.94, 418.88, 0.00596218
_09968_, 306.74, 418.88, 0.00595311
_10681_, 306.74, 418.88, 0.00595311
ANTENNA__09968__A1, 306.74, 418.88, 0.00595311
ANTENNA__07617__A, 306.74, 418.88, 0.00595311
ANTENNA__06917__A, 306.74, 418.88, 0.00595311
ANTENNA__07866__A2, 306.74, 418.88, 0.00595311
ANTENNA__07866__B1, 306.74, 418.88, 0.00595311
ANTENNA__07868__B, 306.74, 418.88, 0.00595311
ANTENNA__07868__C, 306.74, 418.88, 0.00595311
ANTENNA__07873__C, 306.74, 418.88, 0.00595311
ANTENNA__08834__A0, 306.74, 418.88, 0.00595311
ANTENNA__09831__S, 306.74, 418.88, 0.00595311
ANTENNA__09968__S, 306.74, 418.88, 0.00595311
_07873_, 319.54, 418.88, 0.00594212
_07877_, 319.54, 418.88, 0.00594212
_09249_, 319.54, 418.88, 0.00594212
_09338_, 319.54, 418.88, 0.00594212
_13465_, 319.54, 418.88, 0.00594212
clkbuf_leaf_73_wclk, 319.54, 418.88, 0.00594212
_07815_, 345.14, 418.88, 0.00590293
_07816_, 345.14, 418.88, 0.00590293
_07824_, 345.14, 418.88, 0.00590293
_09409_, 345.14, 418.88, 0.00590293
ANTENNA__07815__C, 345.14, 418.88, 0.00590293
ANTENNA__07815__B, 345.14, 418.88, 0.00590293
ANTENNA__07816__C, 345.14, 418.88, 0.00590293
ANTENNA__07816__B, 345.14, 418.88, 0.00590293
ANTENNA__09246__A0, 345.14, 418.88, 0.00590293
ANTENNA__09408__S, 345.14, 418.88, 0.00590293
ANTENNA__10542__A1, 345.14, 418.88, 0.00590293
FILLER_0_150_740, 345.14, 418.88, 0.00590293
FILLER_0_151_743, 345.14, 418.88, 0.00590293
_08827_, 357.94, 418.88, 0.00590174
_08830_, 357.94, 418.88, 0.00590174
ANTENNA__07621__C, 357.94, 418.88, 0.00590174
ANTENNA__08830__S, 357.94, 418.88, 0.00590174
ANTENNA__09821__A0, 357.94, 418.88, 0.00590174
ANTENNA__09408__A0, 357.94, 418.88, 0.00590174
ANTENNA__09821__S, 357.94, 418.88, 0.00590174
_09244_, 370.74, 418.88, 0.00589854
_10534_, 370.74, 418.88, 0.00589854
ANTENNA__07619__C, 370.74, 418.88, 0.00589854
ANTENNA__07619__B, 370.74, 418.88, 0.00589854
ANTENNA__07618__C, 370.74, 418.88, 0.00589854
ANTENNA__08830__A0, 370.74, 418.88, 0.00589854
ANTENNA__08826__S, 370.74, 418.88, 0.00589854
ANTENNA__09238__S, 370.74, 418.88, 0.00589854
ANTENNA__10534__A1, 370.74, 418.88, 0.00589854
ANTENNA__10534__S, 370.74, 418.88, 0.00589854
FILLER_0_150_796, 370.74, 418.88, 0.00589854
FILLER_0_151_799, 370.74, 418.88, 0.00589854
_10878_, 383.54, 418.88, 0.00589315
_13428_, 383.54, 418.88, 0.00589315
ANTENNA__07626__B, 383.54, 418.88, 0.00589315
ANTENNA__07626__C, 383.54, 418.88, 0.00589315
ANTENNA__09238__A0, 383.54, 418.88, 0.00589315
ANTENNA__09244__A0, 383.54, 418.88, 0.00589315
ANTENNA__08828__S, 383.54, 418.88, 0.00589315
ANTENNA__09244__S, 383.54, 418.88, 0.00589315
ANTENNA__09242__S, 383.54, 418.88, 0.00589315
FILLER_0_150_809, 383.54, 418.88, 0.00589315
FILLER_0_150_829, 383.54, 418.88, 0.00589315
_10877_, 396.34, 418.88, 0.00588208
_14164_, 396.34, 418.88, 0.00588208
ANTENNA__07811__A2, 396.34, 418.88, 0.00588208
ANTENNA__07811__B1, 396.34, 418.88, 0.00588208
ANTENNA__10877__A1, 396.34, 418.88, 0.00588208
ANTENNA__10879__A1, 396.34, 418.88, 0.00588208
ANTENNA__10877__S, 396.34, 418.88, 0.00588208
ANTENNA_clkbuf_leaf_80_wclk_A, 396.34, 418.88, 0.00588208
_10738_, 409.14, 418.88, 0.00586539
ANTENNA__07614__B1, 409.14, 418.88, 0.00586539
ANTENNA__07812__A2, 409.14, 418.88, 0.00586539
ANTENNA__07812__B1, 409.14, 418.88, 0.00586539
ANTENNA__10678__A1, 409.14, 418.88, 0.00586539
ANTENNA__10678__S, 409.14, 418.88, 0.00586539
ANTENNA__10738__S, 409.14, 418.88, 0.00586539
FILLER_0_149_875, 409.14, 418.88, 0.00586539
FILLER_0_150_869, 409.14, 418.88, 0.00586539
_07614_, 421.94, 418.88, 0.00584767
_09960_, 421.94, 418.88, 0.00584767
_10466_, 421.94, 418.88, 0.00584767
_10467_, 421.94, 418.88, 0.00584767
ANTENNA__09960__A1, 421.94, 418.88, 0.00584767
ANTENNA__09960__S, 421.94, 418.88, 0.00584767
ANTENNA__10672__S, 421.94, 418.88, 0.00584767
ANTENNA__10670__S, 421.94, 418.88, 0.00584767
FILLER_0_150_902, 421.94, 418.88, 0.00584767
FILLER_0_151_910, 421.94, 418.88, 0.00584767
_09962_, 434.74, 418.88, 0.00582668
_09963_, 434.74, 418.88, 0.00582668
_09964_, 434.74, 418.88, 0.00582668
_09965_, 434.74, 418.88, 0.00582668
_13751_, 434.74, 418.88, 0.00582668
ANTENNA__07615__A2, 434.74, 418.88, 0.00582668
ANTENNA__07615__B1, 434.74, 418.88, 0.00582668
ANTENNA__10670__A1, 434.74, 418.88, 0.00582668
ANTENNA__10466__A1, 434.74, 418.88, 0.00582668
ANTENNA__09964__A1, 447.54, 418.88, 0.0057969
FILLER_0_150_977, 460.34, 418.88, 0.00576712
FILLER_0_151_997, 460.34, 418.88, 0.00576712
_08602_, 473.14, 418.88, 0.00573734
ANTENNA__08602__A, 473.14, 418.88, 0.00573734
FILLER_0_150_1005, 473.14, 418.88, 0.00573734
FILLER_0_150_1013, 473.14, 418.88, 0.00573734
FILLER_0_150_1026, 473.14, 418.88, 0.00573734
PHY_294, 5.52, 413.44, 0.00553833
PHY_296, 5.52, 413.44, 0.00553833
PHY_295, 494.04, 413.44, 0.00571617
PHY_297, 494.04, 413.44, 0.00571617
FILLER_0_148_77, 37.94, 413.44, 0.00556163
FILLER_0_149_105, 50.74, 413.44, 0.00558492
FILLER_0_148_133, 63.54, 413.44, 0.00560822
FILLER_0_149_161, 76.34, 413.44, 0.00563151
FILLER_0_148_189, 89.14, 413.44, 0.0056548
FILLER_0_149_217, 101.94, 413.44, 0.0056781
FILLER_0_147_237, 114.74, 413.44, 0.00570139
FILLER_0_148_245, 114.74, 413.44, 0.00570139
ANTENNA__08137__A2, 127.54, 413.44, 0.00572469
ANTENNA__06656__A, 127.54, 413.44, 0.00572469
ANTENNA__13073__RESET_B, 127.54, 413.44, 0.00572469
FILLER_0_147_254, 127.54, 413.44, 0.00572469
FILLER_0_147_259, 127.54, 413.44, 0.00572469
FILLER_0_149_273, 127.54, 413.44, 0.00572469
_09975_, 140.34, 413.44, 0.00574798
ANTENNA__09975__A1, 140.34, 413.44, 0.00574798
ANTENNA__09977__A1, 140.34, 413.44, 0.00574798
ANTENNA__09981__S, 140.34, 413.44, 0.00574798
ANTENNA__09975__S, 140.34, 413.44, 0.00574798
FILLER_0_147_281, 140.34, 413.44, 0.00574798
FILLER_0_147_289, 140.34, 413.44, 0.00574798
FILLER_0_148_281, 140.34, 413.44, 0.00574798
FILLER_0_149_305, 140.34, 413.44, 0.00574798
_09977_, 153.14, 413.44, 0.00577019
_13758_, 153.14, 413.44, 0.00577019
ANTENNA__09973__A1, 153.14, 413.44, 0.00577019
ANTENNA__13074__RESET_B, 153.14, 413.44, 0.00577019
ANTENNA__08184__A1, 153.14, 413.44, 0.00577019
ANTENNA__13074__CLK, 153.14, 413.44, 0.00577019
FILLER_0_149_330, 153.14, 413.44, 0.00577019
_09979_, 165.94, 413.44, 0.00578635
_10691_, 165.94, 413.44, 0.00578635
_10694_, 165.94, 413.44, 0.00578635
ANTENNA__09979__S, 165.94, 413.44, 0.00578635
ANTENNA__10695__A1, 165.94, 413.44, 0.00578635
FILLER_0_147_337, 165.94, 413.44, 0.00578635
_09972_, 191.54, 413.44, 0.00586164
_13754_, 191.54, 413.44, 0.00586164
ANTENNA__10759__A1, 191.54, 413.44, 0.00586164
FILLER_0_148_412, 191.54, 413.44, 0.00586164
_09260_, 204.34, 413.44, 0.00591827
_09971_, 204.34, 413.44, 0.00591827
_13438_, 204.34, 413.44, 0.00591827
_13663_, 204.34, 413.44, 0.00591827
ANTENNA__09971__A1, 204.34, 413.44, 0.00591827
ANTENNA__09971__S, 204.34, 413.44, 0.00591827
FILLER_0_147_421, 204.34, 413.44, 0.00591827
FILLER_0_147_429, 204.34, 413.44, 0.00591827
FILLER_0_148_434, 204.34, 413.44, 0.00591827
FILLER_0_149_440, 204.34, 413.44, 0.00591827
_08173_, 217.14, 413.44, 0.00596381
_09259_, 217.14, 413.44, 0.00596381
_09776_, 217.14, 413.44, 0.00596381
ANTENNA__08173__B, 217.14, 413.44, 0.00596381
ANTENNA__08173__C, 217.14, 413.44, 0.00596381
ANTENNA__09259__A0, 217.14, 413.44, 0.00596381
ANTENNA__09353__A0, 217.14, 413.44, 0.00596381
FILLER_0_147_458, 217.14, 413.44, 0.00596381
FILLER_0_148_467, 217.14, 413.44, 0.00596381
_08172_, 229.94, 413.44, 0.00600722
_08174_, 229.94, 413.44, 0.00600722
_09353_, 229.94, 413.44, 0.00600722
_09354_, 229.94, 413.44, 0.00600722
ANTENNA__08172__B, 229.94, 413.44, 0.00600722
ANTENNA__08220__C, 229.94, 413.44, 0.00600722
ANTENNA__09263__A0, 229.94, 413.44, 0.00600722
ANTENNA__09353__S, 229.94, 413.44, 0.00600722
ANTENNA__09356__A0, 229.94, 413.44, 0.00600722
ANTENNA__10902__A1, 229.94, 413.44, 0.00600722
FILLER_0_148_495, 229.94, 413.44, 0.00600722
_10556_, 242.74, 413.44, 0.00604683
_10899_, 242.74, 413.44, 0.00604683
_10902_, 242.74, 413.44, 0.00604683
clkbuf_leaf_49_wclk, 242.74, 413.44, 0.00604683
ANTENNA__08171__B, 242.74, 413.44, 0.00604683
ANTENNA__08218__C, 242.74, 413.44, 0.00604683
ANTENNA__08171__C, 242.74, 413.44, 0.00604683
ANTENNA_clkbuf_leaf_49_wclk_A, 242.74, 413.44, 0.00604683
_10555_, 255.54, 413.44, 0.0060652
_10557_, 255.54, 413.44, 0.0060652
_10558_, 255.54, 413.44, 0.0060652
ANTENNA__08845__A0, 255.54, 413.44, 0.0060652
ANTENNA__10555__A1, 255.54, 413.44, 0.0060652
ANTENNA__10557__A1, 255.54, 413.44, 0.0060652
_08167_, 268.34, 413.44, 0.00608059
_08168_, 268.34, 413.44, 0.00608059
_08169_, 268.34, 413.44, 0.00608059
_08170_, 268.34, 413.44, 0.00608059
_08845_, 268.34, 413.44, 0.00608059
_09843_, 268.34, 413.44, 0.00608059
_13502_, 268.34, 413.44, 0.00608059
_08023_, 281.14, 413.44, 0.00608794
_08166_, 281.14, 413.44, 0.00608794
_08214_, 281.14, 413.44, 0.00608794
_09432_, 281.14, 413.44, 0.00608794
_13503_, 281.14, 413.44, 0.00608794
_13694_, 281.14, 413.44, 0.00608794
FILLER_0_149_613, 281.14, 413.44, 0.00608794
_07617_, 293.94, 413.44, 0.00608227
_07620_, 293.94, 413.44, 0.00608227
_07624_, 293.94, 413.44, 0.00608227
_07669_, 293.94, 413.44, 0.00608227
_08213_, 293.94, 413.44, 0.00608227
_08834_, 293.94, 413.44, 0.00608227
_08835_, 293.94, 413.44, 0.00608227
ANTENNA__07624__A, 293.94, 413.44, 0.00608227
FILLER_0_147_622, 293.94, 413.44, 0.00608227
_07568_, 306.74, 413.44, 0.00604966
_07866_, 306.74, 413.44, 0.00604966
_09969_, 306.74, 413.44, 0.00604966
_10680_, 306.74, 413.44, 0.00604966
_13753_, 306.74, 413.44, 0.00604966
_14073_, 306.74, 413.44, 0.00604966
FILLER_0_149_666, 306.74, 413.44, 0.00604966
_07874_, 319.54, 413.44, 0.0059986
_09248_, 319.54, 413.44, 0.0059986
_10887_, 319.54, 413.44, 0.0059986
_10888_, 319.54, 413.44, 0.0059986
_14169_, 319.54, 413.44, 0.0059986
ANTENNA__10680__A1, 319.54, 413.44, 0.0059986
_08832_, 345.14, 413.44, 0.00598413
_09408_, 345.14, 413.44, 0.00598413
_09822_, 345.14, 413.44, 0.00598413
_13240_, 345.14, 413.44, 0.00598413
_13492_, 345.14, 413.44, 0.00598413
ANTENNA__08832__A0, 345.14, 413.44, 0.00598413
FILLER_0_147_725, 345.14, 413.44, 0.00598413
FILLER_0_147_738, 345.14, 413.44, 0.00598413
_07616_, 357.94, 413.44, 0.00601625
_07618_, 357.94, 413.44, 0.00601625
_07619_, 357.94, 413.44, 0.00601625
_07621_, 357.94, 413.44, 0.00601625
_09821_, 357.94, 413.44, 0.00601625
_14004_, 357.94, 413.44, 0.00601625
ANTENNA__07621__B, 357.94, 413.44, 0.00601625
ANTENNA__07616__B, 357.94, 413.44, 0.00601625
ANTENNA__07616__C, 357.94, 413.44, 0.00601625
FILLER_0_147_760, 357.94, 413.44, 0.00601625
_08825_, 370.74, 413.44, 0.00604201
_09238_, 370.74, 413.44, 0.00604201
_09239_, 370.74, 413.44, 0.00604201
_09753_, 370.74, 413.44, 0.00604201
_10535_, 370.74, 413.44, 0.00604201
_13236_, 370.74, 413.44, 0.00604201
ANTENNA__07618__B, 370.74, 413.44, 0.00604201
ANTENNA_16, 370.74, 413.44, 0.00604201
FILLER_0_149_801, 370.74, 413.44, 0.00604201
_07623_, 383.54, 413.44, 0.00605814
_07626_, 383.54, 413.44, 0.00605814
_09754_, 383.54, 413.44, 0.00605814
clkbuf_leaf_80_wclk, 383.54, 413.44, 0.00605814
ANTENNA__07625__B, 383.54, 413.44, 0.00605814
ANTENNA__09753__A0, 383.54, 413.44, 0.00605814
_09322_, 396.34, 413.44, 0.0060513
_09323_, 396.34, 413.44, 0.0060513
_13460_, 396.34, 413.44, 0.0060513
_13752_, 396.34, 413.44, 0.0060513
_09966_, 409.14, 413.44, 0.00603264
_10739_, 409.14, 413.44, 0.00603264
_13972_, 409.14, 413.44, 0.00603264
_14100_, 409.14, 413.44, 0.00603264
ANTENNA__09966__A1, 409.14, 413.44, 0.00603264
ANTENNA__09966__S, 409.14, 413.44, 0.00603264
ANTENNA__10736__S, 409.14, 413.44, 0.00603264
FILLER_0_147_869, 409.14, 413.44, 0.00603264
FILLER_0_147_874, 409.14, 413.44, 0.00603264
_07628_, 421.94, 413.44, 0.00600279
_09959_, 421.94, 413.44, 0.00600279
_10670_, 421.94, 413.44, 0.00600279
_13748_, 421.94, 413.44, 0.00600279
ANTENNA__09958__S, 421.94, 413.44, 0.00600279
ANTENNA__08599__A, 421.94, 413.44, 0.00600279
FILLER_0_149_910, 421.94, 413.44, 0.00600279
_07615_, 434.74, 413.44, 0.00596366
_10669_, 434.74, 413.44, 0.00596366
_10671_, 434.74, 413.44, 0.00596366
_13750_, 434.74, 413.44, 0.00596366
clkbuf_leaf_83_wclk, 434.74, 413.44, 0.00596366
ANTENNA__09958__A1, 434.74, 413.44, 0.00596366
ANTENNA__07567__A2, 434.74, 413.44, 0.00596366
ANTENNA__07520__B1, 434.74, 413.44, 0.00596366
ANTENNA__10668__S, 434.74, 413.44, 0.00596366
ANTENNA_clkbuf_leaf_83_wclk_A, 434.74, 413.44, 0.00596366
ANTENNA__10668__A1, 447.54, 413.44, 0.00590218
FILLER_0_147_957, 447.54, 413.44, 0.00590218
FILLER_0_148_972, 447.54, 413.44, 0.00590218
_12102_, 460.34, 413.44, 0.0058407
ANTENNA__07590__A2, 460.34, 413.44, 0.0058407
FILLER_0_147_981, 460.34, 413.44, 0.0058407
FILLER_0_149_1001, 460.34, 413.44, 0.0058407
ANTENNA__12101__A0, 473.14, 413.44, 0.00577844
ANTENNA__12103__S, 473.14, 413.44, 0.00577844
ANTENNA__12099__S, 473.14, 413.44, 0.00577844
FILLER_0_147_1013, 473.14, 413.44, 0.00577844
PHY_290, 5.52, 408, 0.00553317
PHY_292, 5.52, 408, 0.00553317
input4, 5.52, 408, 0.00553317
PHY_291, 494.04, 408, 0.00569379
PHY_293, 494.04, 408, 0.00569379
FILLER_0_146_24, 15.33, 408, 0.00553173
FILLER_0_146_77, 37.94, 408, 0.0055623
FILLER_0_147_105, 50.74, 408, 0.00559431
FILLER_0_146_133, 63.54, 408, 0.00562632
FILLER_0_147_161, 76.34, 408, 0.00565834
FILLER_0_146_189, 89.14, 408, 0.00569035
FILLER_0_147_217, 101.94, 408, 0.00572236
_06656_, 114.74, 408, 0.00575437
_08136_, 114.74, 408, 0.00575437
ANTENNA__08136__B1, 114.74, 408, 0.00575437
ANTENNA__08136__A2, 114.74, 408, 0.00575437
ANTENNA__08625__S, 114.74, 408, 0.00575437
ANTENNA__08625__A0, 114.74, 408, 0.00575437
ANTENNA_clkbuf_leaf_40_wclk_A, 114.74, 408, 0.00575437
FILLER_0_145_225, 114.74, 408, 0.00575437
FILLER_0_146_233, 114.74, 408, 0.00575437
FILLER_0_147_245, 114.74, 408, 0.00575437
_08137_, 127.54, 408, 0.00578426
_13759_, 127.54, 408, 0.00578426
ANTENNA__08089__A2, 127.54, 408, 0.00578426
ANTENNA__08137__A1, 127.54, 408, 0.00578426
FILLER_0_146_253, 127.54, 408, 0.00578426
FILLER_0_146_271, 127.54, 408, 0.00578426
FILLER_0_147_277, 127.54, 408, 0.00578426
_08631_, 140.34, 408, 0.00580587
_09981_, 140.34, 408, 0.00580587
_09984_, 140.34, 408, 0.00580587
_13150_, 140.34, 408, 0.00580587
ANTENNA__08631__S, 140.34, 408, 0.00580587
ANTENNA__08631__A0, 140.34, 408, 0.00580587
FILLER_0_147_294, 140.34, 408, 0.00580587
_08184_, 153.14, 408, 0.00581972
_09974_, 153.14, 408, 0.00581972
_13074_, 153.14, 408, 0.00581972
_13147_, 153.14, 408, 0.00581972
ANTENNA__09979__A1, 153.14, 408, 0.00581972
ANTENNA__08184__A2, 153.14, 408, 0.00581972
ANTENNA__08622__A0, 153.14, 408, 0.00581972
ANTENNA__09977__S, 153.14, 408, 0.00581972
FILLER_0_146_333, 153.14, 408, 0.00581972
FILLER_0_147_326, 153.14, 408, 0.00581972
_10693_, 165.94, 408, 0.0058188
_10695_, 165.94, 408, 0.0058188
_10696_, 165.94, 408, 0.0058188
_14079_, 165.94, 408, 0.0058188
_14080_, 165.94, 408, 0.0058188
ANTENNA__08622__S, 165.94, 408, 0.0058188
ANTENNA__10693__A1, 165.94, 408, 0.0058188
_08269_, 191.54, 408, 0.00586045
_10490_, 191.54, 408, 0.00586045
_10491_, 191.54, 408, 0.00586045
ANTENNA__10761__A1, 191.54, 408, 0.00586045
FILLER_0_146_415, 191.54, 408, 0.00586045
_09777_, 204.34, 408, 0.00590834
_10761_, 204.34, 408, 0.00590834
_14111_, 204.34, 408, 0.00590834
ANTENNA__09776__A0, 204.34, 408, 0.00590834
FILLER_0_146_430, 204.34, 408, 0.00590834
FILLER_0_146_444, 204.34, 408, 0.00590834
_08220_, 217.14, 408, 0.00594938
_09261_, 217.14, 408, 0.00594938
_09357_, 217.14, 408, 0.00594938
_13439_, 217.14, 408, 0.00594938
_13471_, 217.14, 408, 0.00594938
ANTENNA__08220__B, 217.14, 408, 0.00594938
ANTENNA__09261__A0, 217.14, 408, 0.00594938
FILLER_0_147_471, 217.14, 408, 0.00594938
_08218_, 229.94, 408, 0.0059791
_08219_, 229.94, 408, 0.0059791
_09263_, 229.94, 408, 0.0059791
_09356_, 229.94, 408, 0.0059791
_10901_, 229.94, 408, 0.0059791
ANTENNA__08266__B, 229.94, 408, 0.0059791
ANTENNA__08219__B, 229.94, 408, 0.0059791
ANTENNA__08218__B, 229.94, 408, 0.0059791
ANTENNA__09356__S, 229.94, 408, 0.0059791
FILLER_0_146_490, 229.94, 408, 0.0059791
FILLER_0_147_492, 229.94, 408, 0.0059791
FILLER_0_147_499, 229.94, 408, 0.0059791
_10559_, 242.74, 408, 0.00600536
_10903_, 242.74, 408, 0.00600536
_14175_, 242.74, 408, 0.00600536
_14176_, 242.74, 408, 0.00600536
_08261_, 255.54, 408, 0.0060201
_13248_, 255.54, 408, 0.0060201
_14015_, 255.54, 408, 0.0060201
_14016_, 255.54, 408, 0.0060201
FILLER_0_146_549, 255.54, 408, 0.0060201
_08264_, 268.34, 408, 0.0060205
_09433_, 268.34, 408, 0.0060205
_09842_, 268.34, 408, 0.0060205
_09847_, 268.34, 408, 0.0060205
ANTENNA__08169__C, 268.34, 408, 0.0060205
ANTENNA__08261__C, 268.34, 408, 0.0060205
ANTENNA__08167__C, 268.34, 408, 0.0060205
ANTENNA__09842__A0, 268.34, 408, 0.0060205
ANTENNA__09433__A0, 268.34, 408, 0.0060205
FILLER_0_146_563, 268.34, 408, 0.0060205
FILLER_0_147_575, 268.34, 408, 0.0060205
_08216_, 281.14, 408, 0.00601677
_08217_, 281.14, 408, 0.00601677
_08848_, 281.14, 408, 0.00601677
_09431_, 281.14, 408, 0.00601677
_09845_, 281.14, 408, 0.00601677
ANTENNA__08263__C, 281.14, 408, 0.00601677
ANTENNA__08214__C, 281.14, 408, 0.00601677
ANTENNA__08169__B, 281.14, 408, 0.00601677
ANTENNA__09844__A0, 281.14, 408, 0.00601677
ANTENNA__09844__S, 281.14, 408, 0.00601677
ANTENNA__09842__S, 281.14, 408, 0.00601677
FILLER_0_145_593, 281.14, 408, 0.00601677
FILLER_0_146_589, 281.14, 408, 0.00601677
_06688_, 293.94, 408, 0.00600853
_06806_, 293.94, 408, 0.00600853
_06917_, 293.94, 408, 0.00600853
_07472_, 293.94, 408, 0.00600853
ANTENNA__06688__A, 293.94, 408, 0.00600853
ANTENNA__08216__C, 293.94, 408, 0.00600853
ANTENNA__06806__A, 293.94, 408, 0.00600853
ANTENNA__09431__A0, 293.94, 408, 0.00600853
ANTENNA__10662__S, 293.94, 408, 0.00600853
FILLER_0_145_621, 293.94, 408, 0.00600853
FILLER_0_146_625, 293.94, 408, 0.00600853
FILLER_0_147_633, 293.94, 408, 0.00600853
_07118_, 306.74, 408, 0.00597253
ANTENNA__09950__A1, 306.74, 408, 0.00597253
ANTENNA__07767__A, 306.74, 408, 0.00597253
ANTENNA__07568__A, 306.74, 408, 0.00597253
ANTENNA__07378__B1, 306.74, 408, 0.00597253
ANTENNA__09813__A0, 306.74, 408, 0.00597253
ANTENNA__09813__S, 306.74, 408, 0.00597253
ANTENNA__10730__A1, 306.74, 408, 0.00597253
ANTENNA__10680__S, 306.74, 408, 0.00597253
ANTENNA_clkbuf_leaf_70_wclk_A, 306.74, 408, 0.00597253
FILLER_0_146_657, 306.74, 408, 0.00597253
_09337_, 319.54, 408, 0.0059306
ANTENNA__07073__A, 319.54, 408, 0.0059306
ANTENNA__07066__A, 319.54, 408, 0.0059306
ANTENNA__07388__B, 319.54, 408, 0.0059306
ANTENNA__07375__A2, 319.54, 408, 0.0059306
ANTENNA__07375__B1, 319.54, 408, 0.0059306
ANTENNA__09337__S, 319.54, 408, 0.0059306
ANTENNA__09745__S, 319.54, 408, 0.0059306
ANTENNA__10457__A, 319.54, 408, 0.0059306
ANTENNA__10730__S, 319.54, 408, 0.0059306
FILLER_0_146_677, 319.54, 408, 0.0059306
FILLER_0_146_686, 319.54, 408, 0.0059306
_13491_, 345.14, 408, 0.00590328
_13684_, 345.14, 408, 0.00590328
ANTENNA__07524__C, 345.14, 408, 0.00590328
ANTENNA__07522__B, 345.14, 408, 0.00590328
ANTENNA__08832__S, 345.14, 408, 0.00590328
ANTENNA__08820__S, 345.14, 408, 0.00590328
ANTENNA__09829__A0, 345.14, 408, 0.00590328
ANTENNA__10530__A1, 345.14, 408, 0.00590328
ANTENNA__10530__S, 345.14, 408, 0.00590328
ANTENNA_clkbuf_leaf_75_wclk_A, 345.14, 408, 0.00590328
FILLER_0_146_731, 345.14, 408, 0.00590328
_07569_, 357.94, 408, 0.00590983
_07622_, 357.94, 408, 0.00590983
_09407_, 357.94, 408, 0.00590983
ANTENNA__07569__B, 357.94, 408, 0.00590983
ANTENNA__07569__C, 357.94, 408, 0.00590983
ANTENNA__09406__A0, 357.94, 408, 0.00590983
ANTENNA__09406__S, 357.94, 408, 0.00590983
ANTENNA__10532__S, 357.94, 408, 0.00590983
FILLER_0_146_760, 357.94, 408, 0.00590983
FILLER_0_146_780, 357.94, 408, 0.00590983
_08824_, 370.74, 408, 0.00591396
_13652_, 370.74, 408, 0.00591396
ANTENNA__07570__B, 370.74, 408, 0.00591396
ANTENNA__07571__B, 370.74, 408, 0.00591396
ANTENNA__08824__A0, 370.74, 408, 0.00591396
ANTENNA__08824__S, 370.74, 408, 0.00591396
ANTENNA__09753__S, 370.74, 408, 0.00591396
ANTENNA__10532__A1, 370.74, 408, 0.00591396
_07625_, 383.54, 408, 0.00591198
_07627_, 383.54, 408, 0.00591198
ANTENNA__07574__B, 383.54, 408, 0.00591198
ANTENNA__07574__C, 383.54, 408, 0.00591198
ANTENNA__07576__B, 383.54, 408, 0.00591198
ANTENNA__07576__C, 383.54, 408, 0.00591198
ANTENNA__07625__C, 383.54, 408, 0.00591198
ANTENNA__10875__S, 383.54, 408, 0.00591198
FILLER_0_146_813, 383.54, 408, 0.00591198
FILLER_0_146_823, 383.54, 408, 0.00591198
FILLER_0_146_832, 383.54, 408, 0.00591198
_09319_, 396.34, 408, 0.00590839
_09967_, 396.34, 408, 0.00590839
ANTENNA__07627__A2, 396.34, 408, 0.00590839
ANTENNA__07577__A2, 396.34, 408, 0.00590839
ANTENNA__09322__S, 396.34, 408, 0.00590839
ANTENNA__09319__S, 396.34, 408, 0.00590839
ANTENNA__09322__A0, 396.34, 408, 0.00590839
ANTENNA__10875__A1, 396.34, 408, 0.00590839
FILLER_0_146_863, 396.34, 408, 0.00590839
FILLER_0_147_859, 396.34, 408, 0.00590839
_07566_, 409.14, 408, 0.00590282
_10736_, 409.14, 408, 0.00590282
_10737_, 409.14, 408, 0.00590282
_14099_, 409.14, 408, 0.00590282
ANTENNA__07566__A2, 409.14, 408, 0.00590282
ANTENNA__07566__B1, 409.14, 408, 0.00590282
ANTENNA__10462__A1, 409.14, 408, 0.00590282
ANTENNA__10464__S, 409.14, 408, 0.00590282
FILLER_0_146_890, 409.14, 408, 0.00590282
_08599_, 421.94, 408, 0.00589074
_09958_, 421.94, 408, 0.00589074
_10244_, 421.94, 408, 0.00589074
_10465_, 421.94, 408, 0.00589074
_14068_, 421.94, 408, 0.00589074
ANTENNA__07469__A2, 421.94, 408, 0.00589074
ANTENNA__10666__A1, 421.94, 408, 0.00589074
ANTENNA__10736__A1, 421.94, 408, 0.00589074
FILLER_0_146_907, 421.94, 408, 0.00589074
_09957_, 434.74, 408, 0.00586956
_10668_, 434.74, 408, 0.00586956
_13747_, 434.74, 408, 0.00586956
_14067_, 434.74, 408, 0.00586956
_12097_, 447.54, 408, 0.00583704
_14706_, 447.54, 408, 0.00583704
ANTENNA__09956__A1, 447.54, 408, 0.00583704
ANTENNA__12097__A0, 447.54, 408, 0.00583704
ANTENNA__07567__B1, 447.54, 408, 0.00583704
ANTENNA__12097__S, 447.54, 408, 0.00583704
FILLER_0_145_949, 447.54, 408, 0.00583704
FILLER_0_146_968, 447.54, 408, 0.00583704
FILLER_0_147_973, 447.54, 408, 0.00583704
_07590_, 460.34, 408, 0.00579854
_14708_, 460.34, 408, 0.00579854
_14710_, 460.34, 408, 0.00579854
ANTENNA__07590__B1, 460.34, 408, 0.00579854
ANTENNA__09037__S, 460.34, 408, 0.00579854
ANTENNA__12101__S, 460.34, 408, 0.00579854
FILLER_0_147_989, 460.34, 408, 0.00579854
_09038_, 473.14, 408, 0.0057502
_12099_, 473.14, 408, 0.0057502
_12103_, 473.14, 408, 0.0057502
_14711_, 473.14, 408, 0.0057502
ANTENNA__12099__A0, 473.14, 408, 0.0057502
ANTENNA__12103__A0, 473.14, 408, 0.0057502
PHY_286, 5.52, 402.56, 0.00552132
PHY_288, 5.52, 402.56, 0.00552132
PHY_287, 494.04, 402.56, 0.00569528
PHY_289, 494.04, 402.56, 0.00569528
FILLER_0_144_77, 37.94, 402.56, 0.00556671
FILLER_0_145_105, 50.74, 402.56, 0.00561211
FILLER_0_144_133, 63.54, 402.56, 0.0056575
FILLER_0_145_161, 76.34, 402.56, 0.0057029
FILLER_0_144_189, 89.14, 402.56, 0.0057483
FILLER_0_144_221, 101.94, 402.56, 0.00579369
FILLER_0_145_217, 101.94, 402.56, 0.00579369
_08625_, 114.74, 402.56, 0.00583909
_08626_, 114.74, 402.56, 0.00583909
_08629_, 114.74, 402.56, 0.00583909
_13148_, 114.74, 402.56, 0.00583909
_13149_, 114.74, 402.56, 0.00583909
clkbuf_leaf_40_wclk, 114.74, 402.56, 0.00583909
ANTENNA__13077__CLK, 114.74, 402.56, 0.00583909
FILLER_0_143_225, 114.74, 402.56, 0.00583909
_08089_, 127.54, 402.56, 0.00585903
_09982_, 127.54, 402.56, 0.00585903
_13072_, 127.54, 402.56, 0.00585903
_13073_, 127.54, 402.56, 0.00585903
ANTENNA__09981__A1, 127.54, 402.56, 0.00585903
ANTENNA__08089__B1, 127.54, 402.56, 0.00585903
_08632_, 140.34, 402.56, 0.00585625
_09983_, 140.34, 402.56, 0.00585625
_13760_, 140.34, 402.56, 0.00585625
ANTENNA__09983__A1, 140.34, 402.56, 0.00585625
ANTENNA__13072__CLK, 140.34, 402.56, 0.00585625
ANTENNA__13073__CLK, 140.34, 402.56, 0.00585625
_08041_, 153.14, 402.56, 0.0058462
_08183_, 153.14, 402.56, 0.0058462
_08622_, 153.14, 402.56, 0.0058462
_08623_, 153.14, 402.56, 0.0058462
_13071_, 153.14, 402.56, 0.0058462
ANTENNA__08041__B1, 153.14, 402.56, 0.0058462
ANTENNA__08041__A2, 153.14, 402.56, 0.0058462
ANTENNA__13071__CLK, 153.14, 402.56, 0.0058462
_08212_, 165.94, 402.56, 0.00582439
_08259_, 165.94, 402.56, 0.00582439
ANTENNA__08042__A2, 165.94, 402.56, 0.00582439
ANTENNA__13071__RESET_B, 165.94, 402.56, 0.00582439
ANTENNA__08042__A1, 165.94, 402.56, 0.00582439
FILLER_0_143_345, 165.94, 402.56, 0.00582439
FILLER_0_144_361, 165.94, 402.56, 0.00582439
_08211_, 191.54, 402.56, 0.00585559
_08258_, 191.54, 402.56, 0.00585559
_10762_, 191.54, 402.56, 0.00585559
_13983_, 191.54, 402.56, 0.00585559
ANTENNA__10491__A1, 191.54, 402.56, 0.00585559
ANTENNA__10493__A1, 191.54, 402.56, 0.00585559
ANTENNA_clkbuf_leaf_44_wclk_A, 191.54, 402.56, 0.00585559
FILLER_0_144_400, 191.54, 402.56, 0.00585559
_08222_, 204.34, 402.56, 0.0059028
_09262_, 204.34, 402.56, 0.0059028
_10489_, 204.34, 402.56, 0.0059028
_13664_, 204.34, 402.56, 0.0059028
ANTENNA__08222__C, 204.34, 402.56, 0.0059028
ANTENNA__10489__A1, 204.34, 402.56, 0.0059028
FILLER_0_144_434, 204.34, 402.56, 0.0059028
FILLER_0_145_441, 204.34, 402.56, 0.0059028
_08221_, 217.14, 402.56, 0.00593858
_08267_, 217.14, 402.56, 0.00593858
_09360_, 217.14, 402.56, 0.00593858
_09778_, 217.14, 402.56, 0.00593858
ANTENNA__07925__A, 217.14, 402.56, 0.00593858
ANTENNA__09778__A0, 217.14, 402.56, 0.00593858
ANTENNA__10750__A, 217.14, 402.56, 0.00593858
FILLER_0_144_464, 217.14, 402.56, 0.00593858
_08265_, 229.94, 402.56, 0.00597104
_08266_, 229.94, 402.56, 0.00597104
_09264_, 229.94, 402.56, 0.00597104
_09359_, 229.94, 402.56, 0.00597104
_13440_, 229.94, 402.56, 0.00597104
_13472_, 229.94, 402.56, 0.00597104
_10560_, 242.74, 402.56, 0.00599161
_10900_, 242.74, 402.56, 0.00599161
ANTENNA__08265__B, 242.74, 402.56, 0.00599161
ANTENNA__08265__C, 242.74, 402.56, 0.00599161
ANTENNA__09359__S, 242.74, 402.56, 0.00599161
ANTENNA__10900__A1, 242.74, 402.56, 0.00599161
ANTENNA__10559__A1, 242.74, 402.56, 0.00599161
FILLER_0_143_513, 242.74, 402.56, 0.00599161
FILLER_0_144_503, 242.74, 402.56, 0.00599161
FILLER_0_144_523, 242.74, 402.56, 0.00599161
FILLER_0_145_529, 242.74, 402.56, 0.00599161
_08262_, 255.54, 402.56, 0.00601015
_08849_, 255.54, 402.56, 0.00601015
_08850_, 255.54, 402.56, 0.00601015
_09846_, 255.54, 402.56, 0.00601015
ANTENNA__08849__A0, 255.54, 402.56, 0.00601015
ANTENNA__09846__A0, 255.54, 402.56, 0.00601015
FILLER_0_144_533, 255.54, 402.56, 0.00601015
FILLER_0_144_547, 255.54, 402.56, 0.00601015
_08260_, 268.34, 402.56, 0.0060254
_08263_, 268.34, 402.56, 0.0060254
_13504_, 268.34, 402.56, 0.0060254
_13696_, 268.34, 402.56, 0.0060254
ANTENNA__08260__C, 268.34, 402.56, 0.0060254
_08215_, 281.14, 402.56, 0.00603093
_08847_, 281.14, 402.56, 0.00603093
_09844_, 281.14, 402.56, 0.00603093
_13247_, 281.14, 402.56, 0.00603093
_13695_, 281.14, 402.56, 0.00603093
ANTENNA__08263__B, 281.14, 402.56, 0.00603093
ANTENNA__08847__A0, 281.14, 402.56, 0.00603093
_07766_, 293.94, 402.56, 0.00602469
_09951_, 293.94, 402.56, 0.00602469
_10663_, 293.94, 402.56, 0.00602469
_13744_, 293.94, 402.56, 0.00602469
_14064_, 293.94, 402.56, 0.00602469
ANTENNA__07766__A, 293.94, 402.56, 0.00602469
ANTENNA__09950__S, 293.94, 402.56, 0.00602469
_07378_, 306.74, 402.56, 0.00599576
_07767_, 306.74, 402.56, 0.00599576
_10459_, 306.74, 402.56, 0.00599576
_10731_, 306.74, 402.56, 0.00599576
_13968_, 306.74, 402.56, 0.00599576
_14096_, 306.74, 402.56, 0.00599576
ANTENNA__07069__A, 306.74, 402.56, 0.00599576
ANTENNA__07379__A, 306.74, 402.56, 0.00599576
ANTENNA__07378__A2, 306.74, 402.56, 0.00599576
FILLER_0_144_649, 306.74, 402.56, 0.00599576
_07375_, 319.54, 402.56, 0.0059542
_09311_, 319.54, 402.56, 0.0059542
_10870_, 319.54, 402.56, 0.0059542
_13648_, 319.54, 402.56, 0.0059542
_14160_, 319.54, 402.56, 0.0059542
ANTENNA__10662__A1, 319.54, 402.56, 0.0059542
FILLER_0_143_680, 319.54, 402.56, 0.0059542
FILLER_0_145_686, 319.54, 402.56, 0.0059542
_07523_, 345.14, 402.56, 0.00594173
_08820_, 345.14, 402.56, 0.00594173
_10530_, 345.14, 402.56, 0.00594173
clkbuf_leaf_75_wclk, 345.14, 402.56, 0.00594173
ANTENNA__07522__C, 345.14, 402.56, 0.00594173
ANTENNA__07523__B, 345.14, 402.56, 0.00594173
ANTENNA__08593__A, 345.14, 402.56, 0.00594173
_07570_, 357.94, 402.56, 0.00596212
_09406_, 357.94, 402.56, 0.00596212
_10528_, 357.94, 402.56, 0.00596212
_10533_, 357.94, 402.56, 0.00596212
ANTENNA__07523__C, 357.94, 402.56, 0.00596212
ANTENNA__08820__A0, 357.94, 402.56, 0.00596212
ANTENNA__09819__A0, 357.94, 402.56, 0.00596212
ANTENNA__09819__S, 357.94, 402.56, 0.00596212
ANTENNA__10528__S, 357.94, 402.56, 0.00596212
FILLER_0_143_764, 357.94, 402.56, 0.00596212
_06622_, 370.74, 402.56, 0.00597952
_08822_, 370.74, 402.56, 0.00597952
_09752_, 370.74, 402.56, 0.00597952
_13235_, 370.74, 402.56, 0.00597952
ANTENNA__07570__C, 370.74, 402.56, 0.00597952
ANTENNA__08822__A0, 370.74, 402.56, 0.00597952
ANTENNA__08822__S, 370.74, 402.56, 0.00597952
ANTENNA__10528__A1, 370.74, 402.56, 0.00597952
ANTENNA__06622__A, 370.74, 402.56, 0.00597952
FILLER_0_145_797, 370.74, 402.56, 0.00597952
FILLER_0_145_806, 370.74, 402.56, 0.00597952
_07574_, 383.54, 402.56, 0.00598862
_09751_, 383.54, 402.56, 0.00598862
_10876_, 383.54, 402.56, 0.00598862
_13651_, 383.54, 402.56, 0.00598862
_14163_, 383.54, 402.56, 0.00598862
ANTENNA__07575__C, 383.54, 402.56, 0.00598862
ANTENNA__09751__A0, 383.54, 402.56, 0.00598862
ANTENNA__09751__S, 383.54, 402.56, 0.00598862
_07577_, 396.34, 402.56, 0.00598643
_09320_, 396.34, 402.56, 0.00598643
_10463_, 396.34, 402.56, 0.00598643
_13459_, 396.34, 402.56, 0.00598643
ANTENNA__09319__A0, 396.34, 402.56, 0.00598643
FILLER_0_145_854, 396.34, 402.56, 0.00598643
FILLER_0_145_862, 396.34, 402.56, 0.00598643
_07578_, 409.14, 402.56, 0.00597636
_10462_, 409.14, 402.56, 0.00597636
_10464_, 409.14, 402.56, 0.00597636
_13971_, 409.14, 402.56, 0.00597636
ANTENNA__10462__S, 409.14, 402.56, 0.00597636
FILLER_0_144_869, 409.14, 402.56, 0.00597636
_07520_, 421.94, 402.56, 0.00595652
_09955_, 421.94, 402.56, 0.00595652
_10666_, 421.94, 402.56, 0.00595652
_10667_, 421.94, 402.56, 0.00595652
_14066_, 421.94, 402.56, 0.00595652
ANTENNA__07469__B1, 421.94, 402.56, 0.00595652
ANTENNA__10464__A1, 421.94, 402.56, 0.00595652
ANTENNA__10666__S, 421.94, 402.56, 0.00595652
ANTENNA__10244__A, 421.94, 402.56, 0.00595652
FILLER_0_143_893, 421.94, 402.56, 0.00595652
FILLER_0_144_898, 421.94, 402.56, 0.00595652
FILLER_0_145_919, 421.94, 402.56, 0.00595652
_07567_, 434.74, 402.56, 0.00592913
_09028_, 434.74, 402.56, 0.00592913
_09956_, 434.74, 402.56, 0.00592913
_12094_, 434.74, 402.56, 0.00592913
_13330_, 434.74, 402.56, 0.00592913
ANTENNA__09954__A1, 434.74, 402.56, 0.00592913
ANTENNA__09954__S, 434.74, 402.56, 0.00592913
ANTENNA__10664__A1, 434.74, 402.56, 0.00592913
FILLER_0_144_936, 434.74, 402.56, 0.00592913
_09027_, 447.54, 402.56, 0.00589408
_09031_, 447.54, 402.56, 0.00589408
_09032_, 447.54, 402.56, 0.00589408
_12093_, 447.54, 402.56, 0.00589408
_12098_, 447.54, 402.56, 0.00589408
_13332_, 447.54, 402.56, 0.00589408
FILLER_0_145_961, 447.54, 402.56, 0.00589408
_09036_, 460.34, 402.56, 0.00584929
_09037_, 460.34, 402.56, 0.00584929
_12101_, 460.34, 402.56, 0.00584929
_13334_, 460.34, 402.56, 0.00584929
clkbuf_leaf_84_wclk, 460.34, 402.56, 0.00584929
ANTENNA__09031__A0, 460.34, 402.56, 0.00584929
FILLER_0_143_978, 460.34, 402.56, 0.00584929
FILLER_0_143_984, 460.34, 402.56, 0.00584929
_07735_, 473.14, 402.56, 0.00577798
_12100_, 473.14, 402.56, 0.00577798
_12104_, 473.14, 402.56, 0.00577798
_13333_, 473.14, 402.56, 0.00577798
_14709_, 473.14, 402.56, 0.00577798
PHY_282, 5.52, 397.12, 0.00549104
PHY_284, 5.52, 397.12, 0.00549104
PHY_283, 494.04, 397.12, 0.00565063
PHY_285, 494.04, 397.12, 0.00565063
FILLER_0_141_69, 37.94, 397.12, 0.00552345
FILLER_0_142_77, 37.94, 397.12, 0.00552345
_12117_, 50.74, 397.12, 0.00555585
ANTENNA__09056__S, 50.74, 397.12, 0.00555585
ANTENNA__12116__S, 50.74, 397.12, 0.00555585
FILLER_0_143_105, 50.74, 397.12, 0.00555585
ANTENNA__12118__A0, 63.54, 397.12, 0.00558749
FILLER_0_141_113, 63.54, 397.12, 0.00558749
FILLER_0_142_133, 63.54, 397.12, 0.00558749
ANTENNA__12114__A0, 76.34, 397.12, 0.00561912
FILLER_0_141_148, 76.34, 397.12, 0.00561912
FILLER_0_143_161, 76.34, 397.12, 0.00561912
FILLER_0_142_189, 89.14, 397.12, 0.00565075
_13077_, 101.94, 397.12, 0.00568239
ANTENNA__13077__RESET_B, 101.94, 397.12, 0.00568239
FILLER_0_142_209, 101.94, 397.12, 0.00568239
FILLER_0_143_217, 101.94, 397.12, 0.00568239
_08628_, 114.74, 397.12, 0.00570563
_13153_, 114.74, 397.12, 0.00570563
ANTENNA__08325__A2, 114.74, 397.12, 0.00570563
ANTENNA__08640__S, 114.74, 397.12, 0.00570563
FILLER_0_142_244, 114.74, 397.12, 0.00570563
_08090_, 127.54, 397.12, 0.00572306
ANTENNA__08324__B1, 127.54, 397.12, 0.00572306
ANTENNA__08090__A2, 127.54, 397.12, 0.00572306
ANTENNA__08628__S, 127.54, 397.12, 0.00572306
ANTENNA__08628__A0, 127.54, 397.12, 0.00572306
ANTENNA__08713__A0, 127.54, 397.12, 0.00572306
ANTENNA__08090__A1, 127.54, 397.12, 0.00572306
FILLER_0_141_256, 127.54, 397.12, 0.00572306
FILLER_0_142_272, 127.54, 397.12, 0.00572306
_13917_, 140.34, 397.12, 0.00573768
ANTENNA__08183__B1, 140.34, 397.12, 0.00573768
ANTENNA__09983__S, 140.34, 397.12, 0.00573768
ANTENNA__10349__S, 140.34, 397.12, 0.00573768
FILLER_0_143_302, 140.34, 397.12, 0.00573768
_08042_, 153.14, 397.12, 0.00574724
ANTENNA__08371__B1, 153.14, 397.12, 0.00574724
ANTENNA__08183__A2, 153.14, 397.12, 0.00574724
ANTENNA__09985__S, 153.14, 397.12, 0.00574724
ANTENNA__08372__A1, 153.14, 397.12, 0.00574724
ANTENNA__13078__CLK, 153.14, 397.12, 0.00574724
FILLER_0_142_309, 153.14, 397.12, 0.00574724
FILLER_0_142_326, 153.14, 397.12, 0.00574724
FILLER_0_143_333, 153.14, 397.12, 0.00574724
_10697_, 165.94, 397.12, 0.0057539
_14081_, 165.94, 397.12, 0.0057539
ANTENNA__08372__A2, 165.94, 397.12, 0.0057539
ANTENNA__10697__A1, 165.94, 397.12, 0.0057539
ANTENNA__10351__S, 165.94, 397.12, 0.0057539
FILLER_0_141_341, 165.94, 397.12, 0.0057539
FILLER_0_142_337, 165.94, 397.12, 0.0057539
FILLER_0_143_360, 165.94, 397.12, 0.0057539
_08305_, 191.54, 397.12, 0.00580722
_10493_, 191.54, 397.12, 0.00580722
_10768_, 191.54, 397.12, 0.00580722
_14114_, 191.54, 397.12, 0.00580722
FILLER_0_142_400, 191.54, 397.12, 0.00580722
FILLER_0_142_409, 191.54, 397.12, 0.00580722
FILLER_0_142_417, 191.54, 397.12, 0.00580722
FILLER_0_143_413, 191.54, 397.12, 0.00580722
_07925_, 204.34, 397.12, 0.00585279
_09779_, 204.34, 397.12, 0.00585279
_10769_, 204.34, 397.12, 0.00585279
_10770_, 204.34, 397.12, 0.00585279
_14115_, 204.34, 397.12, 0.00585279
ANTENNA__10769__A1, 204.34, 397.12, 0.00585279
FILLER_0_142_421, 204.34, 397.12, 0.00585279
FILLER_0_142_437, 204.34, 397.12, 0.00585279
_09780_, 217.14, 397.12, 0.00589066
_09781_, 217.14, 397.12, 0.00589066
_10750_, 217.14, 397.12, 0.00589066
ANTENNA__08314__B, 217.14, 397.12, 0.00589066
ANTENNA__08267__B, 217.14, 397.12, 0.00589066
ANTENNA__08267__C, 217.14, 397.12, 0.00589066
ANTENNA__09780__A0, 217.14, 397.12, 0.00589066
ANTENNA__09780__S, 217.14, 397.12, 0.00589066
ANTENNA__09778__S, 217.14, 397.12, 0.00589066
FILLER_0_142_463, 217.14, 397.12, 0.00589066
FILLER_0_143_461, 217.14, 397.12, 0.00589066
_08268_, 229.94, 397.12, 0.00592637
_09362_, 229.94, 397.12, 0.00592637
ANTENNA__08314__C, 229.94, 397.12, 0.00592637
ANTENNA__09359__A0, 229.94, 397.12, 0.00592637
ANTENNA_clkbuf_leaf_50_wclk_A, 229.94, 397.12, 0.00592637
FILLER_0_143_497, 229.94, 397.12, 0.00592637
_10561_, 242.74, 397.12, 0.00595945
_10562_, 242.74, 397.12, 0.00595945
_10904_, 242.74, 397.12, 0.00595945
_14177_, 242.74, 397.12, 0.00595945
ANTENNA__10904__A1, 242.74, 397.12, 0.00595945
ANTENNA__10561__A1, 242.74, 397.12, 0.00595945
ANTENNA__10906__A1, 242.74, 397.12, 0.00595945
FILLER_0_142_515, 242.74, 397.12, 0.00595945
_08852_, 255.54, 397.12, 0.00598497
_13249_, 255.54, 397.12, 0.00598497
_14017_, 255.54, 397.12, 0.00598497
ANTENNA__08308__C, 255.54, 397.12, 0.00598497
FILLER_0_142_549, 255.54, 397.12, 0.00598497
FILLER_0_142_557, 255.54, 397.12, 0.00598497
_09434_, 268.34, 397.12, 0.00600029
_09435_, 268.34, 397.12, 0.00600029
ANTENNA__08307__C, 268.34, 397.12, 0.00600029
ANTENNA__09435__A0, 268.34, 397.12, 0.00600029
ANTENNA__09846__S, 268.34, 397.12, 0.00600029
ANTENNA__10565__A1, 268.34, 397.12, 0.00600029
FILLER_0_142_563, 268.34, 397.12, 0.00600029
FILLER_0_142_571, 268.34, 397.12, 0.00600029
FILLER_0_142_583, 268.34, 397.12, 0.00600029
FILLER_0_143_579, 268.34, 397.12, 0.00600029
_06760_, 281.14, 397.12, 0.00601348
_14019_, 281.14, 397.12, 0.00601348
ANTENNA__07820__A, 281.14, 397.12, 0.00601348
ANTENNA__08216__B, 281.14, 397.12, 0.00601348
ANTENNA__07821__A, 281.14, 397.12, 0.00601348
ANTENNA__08402__C, 281.14, 397.12, 0.00601348
ANTENNA__10661__A, 281.14, 397.12, 0.00601348
FILLER_0_143_605, 281.14, 397.12, 0.00601348
FILLER_0_143_613, 281.14, 397.12, 0.00601348
_09814_, 293.94, 397.12, 0.00601831
_09950_, 293.94, 397.12, 0.00601831
_10662_, 293.94, 397.12, 0.00601831
_13680_, 293.94, 397.12, 0.00601831
clkbuf_leaf_70_wclk, 293.94, 397.12, 0.00601831
ANTENNA__08404__B, 293.94, 397.12, 0.00601831
FILLER_0_141_621, 293.94, 397.12, 0.00601831
_07069_, 306.74, 397.12, 0.00599314
_09813_, 306.74, 397.12, 0.00599314
_10458_, 306.74, 397.12, 0.00599314
_10730_, 306.74, 397.12, 0.00599314
ANTENNA__07474__A, 306.74, 397.12, 0.00599314
ANTENNA__06725__A, 306.74, 397.12, 0.00599314
ANTENNA__07377__A, 306.74, 397.12, 0.00599314
_07066_, 319.54, 397.12, 0.0059629
_07073_, 319.54, 397.12, 0.0059629
_07216_, 319.54, 397.12, 0.0059629
_07391_, 319.54, 397.12, 0.0059629
_09745_, 319.54, 397.12, 0.0059629
_09746_, 319.54, 397.12, 0.0059629
_10457_, 319.54, 397.12, 0.0059629
_13456_, 319.54, 397.12, 0.0059629
ANTENNA__07376__A, 319.54, 397.12, 0.0059629
_07522_, 345.14, 397.12, 0.00591725
_07524_, 345.14, 397.12, 0.00591725
_07525_, 345.14, 397.12, 0.00591725
_08593_, 345.14, 397.12, 0.00591725
_09819_, 345.14, 397.12, 0.00591725
_09820_, 345.14, 397.12, 0.00591725
_10529_, 345.14, 397.12, 0.00591725
ANTENNA__07524__B, 345.14, 397.12, 0.00591725
FILLER_0_141_725, 345.14, 397.12, 0.00591725
FILLER_0_141_729, 345.14, 397.12, 0.00591725
_10532_, 357.94, 397.12, 0.00594148
_14001_, 357.94, 397.12, 0.00594148
_14003_, 357.94, 397.12, 0.00594148
FILLER_0_142_773, 357.94, 397.12, 0.00594148
_07573_, 370.74, 397.12, 0.00595526
_09237_, 370.74, 397.12, 0.00595526
_10238_, 370.74, 397.12, 0.00595526
_10874_, 370.74, 397.12, 0.00595526
_14162_, 370.74, 397.12, 0.00595526
ANTENNA__07473__C, 370.74, 397.12, 0.00595526
ANTENNA__07572__B, 370.74, 397.12, 0.00595526
ANTENNA__07571__C, 370.74, 397.12, 0.00595526
ANTENNA__10238__A, 370.74, 397.12, 0.00595526
_07575_, 383.54, 397.12, 0.00596065
_07576_, 383.54, 397.12, 0.00596065
_09236_, 383.54, 397.12, 0.00596065
_10875_, 383.54, 397.12, 0.00596065
_13427_, 383.54, 397.12, 0.00596065
FILLER_0_141_808, 383.54, 397.12, 0.00596065
FILLER_0_141_820, 383.54, 397.12, 0.00596065
_10235_, 396.34, 397.12, 0.00595903
_10735_, 396.34, 397.12, 0.00595903
_13970_, 396.34, 397.12, 0.00595903
_14098_, 396.34, 397.12, 0.00595903
ANTENNA__07480__B, 396.34, 397.12, 0.00595903
ANTENNA__07481__A2, 396.34, 397.12, 0.00595903
ANTENNA__07479__C, 396.34, 397.12, 0.00595903
FILLER_0_141_837, 396.34, 397.12, 0.00595903
FILLER_0_142_842, 396.34, 397.12, 0.00595903
_07469_, 409.14, 397.12, 0.00594594
_10732_, 409.14, 397.12, 0.00594594
_10733_, 409.14, 397.12, 0.00594594
_14097_, 409.14, 397.12, 0.00594594
clkbuf_leaf_79_wclk, 409.14, 397.12, 0.00594594
ANTENNA__07575__B, 409.14, 397.12, 0.00594594
ANTENNA__07478__C, 409.14, 397.12, 0.00594594
ANTENNA__10734__S, 409.14, 397.12, 0.00594594
ANTENNA__10732__S, 409.14, 397.12, 0.00594594
FILLER_0_142_882, 409.14, 397.12, 0.00594594
_09954_, 421.94, 397.12, 0.00590783
_10461_, 421.94, 397.12, 0.00590783
_13746_, 421.94, 397.12, 0.00590783
ANTENNA__10460__S, 421.94, 397.12, 0.00590783
ANTENNA_clkbuf_leaf_79_wclk_A, 421.94, 397.12, 0.00590783
FILLER_0_141_901, 421.94, 397.12, 0.00590783
_07494_, 434.74, 397.12, 0.00586293
_10664_, 434.74, 397.12, 0.00586293
_13745_, 434.74, 397.12, 0.00586293
ANTENNA__07494__B1, 434.74, 397.12, 0.00586293
ANTENNA__08751__A0, 434.74, 397.12, 0.00586293
ANTENNA__08751__S, 434.74, 397.12, 0.00586293
ANTENNA__09956__S, 434.74, 397.12, 0.00586293
ANTENNA__10664__S, 434.74, 397.12, 0.00586293
FILLER_0_142_921, 434.74, 397.12, 0.00586293
FILLER_0_143_937, 434.74, 397.12, 0.00586293
ANTENNA__12091__A0, 447.54, 397.12, 0.00581214
ANTENNA__12093__A0, 447.54, 397.12, 0.00581214
ANTENNA__07470__A2, 447.54, 397.12, 0.00581214
ANTENNA__07495__A2, 447.54, 397.12, 0.00581214
ANTENNA__07495__B1, 447.54, 397.12, 0.00581214
ANTENNA__07494__A2, 447.54, 397.12, 0.00581214
ANTENNA__09027__A0, 447.54, 397.12, 0.00581214
ANTENNA__09031__S, 447.54, 397.12, 0.00581214
ANTENNA__09027__S, 447.54, 397.12, 0.00581214
ANTENNA__12093__S, 447.54, 397.12, 0.00581214
ANTENNA__12091__S, 447.54, 397.12, 0.00581214
_07688_, 460.34, 397.12, 0.00576134
_09035_, 460.34, 397.12, 0.00576134
ANTENNA__09035__A0, 460.34, 397.12, 0.00576134
ANTENNA__09035__S, 460.34, 397.12, 0.00576134
ANTENNA_clkbuf_leaf_84_wclk_A, 460.34, 397.12, 0.00576134
FILLER_0_142_981, 460.34, 397.12, 0.00576134
_07640_, 473.14, 397.12, 0.00570945
_09033_, 473.14, 397.12, 0.00570945
_09034_, 473.14, 397.12, 0.00570945
_13335_, 473.14, 397.12, 0.00570945
ANTENNA__09033__S, 473.14, 397.12, 0.00570945
FILLER_0_141_1009, 473.14, 397.12, 0.00570945
PHY_278, 5.52, 391.68, 0.00550011
PHY_280, 5.52, 391.68, 0.00550011
PHY_279, 494.04, 391.68, 0.00562131
PHY_281, 494.04, 391.68, 0.00562131
_09056_, 37.94, 391.68, 0.00557187
_09057_, 37.94, 391.68, 0.00557187
_12122_, 37.94, 391.68, 0.00557187
_12123_, 37.94, 391.68, 0.00557187
_13344_, 37.94, 391.68, 0.00557187
ANTENNA__12122__A0, 37.94, 391.68, 0.00557187
ANTENNA__08234__A2, 37.94, 391.68, 0.00557187
ANTENNA__09056__A0, 37.94, 391.68, 0.00557187
ANTENNA__12122__S, 37.94, 391.68, 0.00557187
FILLER_0_141_74, 37.94, 391.68, 0.00557187
FILLER_0_141_84, 37.94, 391.68, 0.00557187
_09051_, 50.74, 391.68, 0.00563535
_12116_, 50.74, 391.68, 0.00563535
_13341_, 50.74, 391.68, 0.00563535
_14717_, 50.74, 391.68, 0.00563535
FILLER_0_140_104, 50.74, 391.68, 0.00563535
_09053_, 63.54, 391.68, 0.00568741
_12118_, 63.54, 391.68, 0.00568741
_12119_, 63.54, 391.68, 0.00568741
clkbuf_leaf_39_wclk, 63.54, 391.68, 0.00568741
ANTENNA__09050__S, 63.54, 391.68, 0.00568741
ANTENNA__12118__S, 63.54, 391.68, 0.00568741
ANTENNA_clkbuf_leaf_39_wclk_A, 63.54, 391.68, 0.00568741
FILLER_0_140_133, 63.54, 391.68, 0.00568741
_12114_, 76.34, 391.68, 0.00572431
ANTENNA__09048__A0, 76.34, 391.68, 0.00572431
ANTENNA__12114__S, 76.34, 391.68, 0.00572431
FILLER_0_140_141, 76.34, 391.68, 0.00572431
FILLER_0_140_153, 76.34, 391.68, 0.00572431
_09046_, 89.14, 391.68, 0.00576011
_14722_, 89.14, 391.68, 0.00576011
ANTENNA__09046__A0, 89.14, 391.68, 0.00576011
ANTENNA__09046__S, 89.14, 391.68, 0.00576011
ANTENNA__12112__S, 89.14, 391.68, 0.00576011
FILLER_0_140_175, 89.14, 391.68, 0.00576011
FILLER_0_140_188, 89.14, 391.68, 0.00576011
_09061_, 101.94, 391.68, 0.00579012
_13346_, 101.94, 391.68, 0.00579012
ANTENNA__12112__A0, 101.94, 391.68, 0.00579012
ANTENNA__09060__S, 101.94, 391.68, 0.00579012
ANTENNA__08325__A1, 101.94, 391.68, 0.00579012
FILLER_0_140_204, 101.94, 391.68, 0.00579012
FILLER_0_140_216, 101.94, 391.68, 0.00579012
FILLER_0_141_217, 101.94, 391.68, 0.00579012
_08324_, 114.74, 391.68, 0.00581467
_08325_, 114.74, 391.68, 0.00581467
_08640_, 114.74, 391.68, 0.00581467
_08641_, 114.74, 391.68, 0.00581467
_08711_, 114.74, 391.68, 0.00581467
ANTENNA__08324__A2, 114.74, 391.68, 0.00581467
ANTENNA__08705__A0, 114.74, 391.68, 0.00581467
ANTENNA__08640__A0, 114.74, 391.68, 0.00581467
FILLER_0_139_225, 114.74, 391.68, 0.00581467
FILLER_0_140_246, 114.74, 391.68, 0.00581467
_08710_, 127.54, 391.68, 0.0058321
_08713_, 127.54, 391.68, 0.0058321
_08714_, 127.54, 391.68, 0.0058321
_10349_, 127.54, 391.68, 0.0058321
_10350_, 127.54, 391.68, 0.0058321
_13185_, 127.54, 391.68, 0.0058321
ANTENNA__10349__A0, 127.54, 391.68, 0.0058321
ANTENNA__08713__S, 127.54, 391.68, 0.0058321
ANTENNA__08705__S, 127.54, 391.68, 0.0058321
ANTENNA__13072__RESET_B, 127.54, 391.68, 0.0058321
FILLER_0_140_270, 127.54, 391.68, 0.0058321
_09986_, 140.34, 391.68, 0.0058401
_10348_, 140.34, 391.68, 0.0058401
_13761_, 140.34, 391.68, 0.0058401
_13916_, 140.34, 391.68, 0.0058401
_13920_, 140.34, 391.68, 0.0058401
ANTENNA__13078__RESET_B, 140.34, 391.68, 0.0058401
FILLER_0_140_301, 140.34, 391.68, 0.0058401
FILLER_0_141_297, 140.34, 391.68, 0.0058401
_08371_, 153.14, 391.68, 0.0058314
_08372_, 153.14, 391.68, 0.0058314
_09985_, 153.14, 391.68, 0.0058314
_13078_, 153.14, 391.68, 0.0058314
ANTENNA__08371__A2, 153.14, 391.68, 0.0058314
FILLER_0_141_333, 153.14, 391.68, 0.0058314
_08306_, 165.94, 391.68, 0.00580726
_09988_, 165.94, 391.68, 0.00580726
_10698_, 165.94, 391.68, 0.00580726
_10699_, 165.94, 391.68, 0.00580726
_13762_, 165.94, 391.68, 0.00580726
_14082_, 165.94, 391.68, 0.00580726
FILLER_0_139_337, 165.94, 391.68, 0.00580726
_08316_, 191.54, 391.68, 0.00584146
_08400_, 191.54, 391.68, 0.00584146
_10496_, 191.54, 391.68, 0.00584146
_13986_, 191.54, 391.68, 0.00584146
FILLER_0_139_400, 191.54, 391.68, 0.00584146
FILLER_0_140_398, 191.54, 391.68, 0.00584146
_07928_, 204.34, 391.68, 0.00590191
_08352_, 204.34, 391.68, 0.00590191
_08399_, 204.34, 391.68, 0.00590191
_10498_, 204.34, 391.68, 0.00590191
_13987_, 204.34, 391.68, 0.00590191
ANTENNA__10497__A1, 204.34, 391.68, 0.00590191
FILLER_0_139_419, 204.34, 391.68, 0.00590191
FILLER_0_141_445, 204.34, 391.68, 0.00590191
_08314_, 217.14, 391.68, 0.00595626
_08315_, 217.14, 391.68, 0.00595626
_09266_, 217.14, 391.68, 0.00595626
_09363_, 217.14, 391.68, 0.00595626
_13441_, 217.14, 391.68, 0.00595626
_13665_, 217.14, 391.68, 0.00595626
ANTENNA__09362__A0, 217.14, 391.68, 0.00595626
FILLER_0_141_461, 217.14, 391.68, 0.00595626
_08313_, 229.94, 391.68, 0.00599812
_10905_, 229.94, 391.68, 0.00599812
_14178_, 229.94, 391.68, 0.00599812
clkbuf_leaf_50_wclk, 229.94, 391.68, 0.00599812
ANTENNA__09362__S, 229.94, 391.68, 0.00599812
FILLER_0_141_490, 229.94, 391.68, 0.00599812
FILLER_0_141_498, 229.94, 391.68, 0.00599812
_08312_, 242.74, 391.68, 0.00601277
_10906_, 242.74, 391.68, 0.00601277
_14179_, 242.74, 391.68, 0.00601277
ANTENNA__08359__B, 242.74, 391.68, 0.00601277
ANTENNA__08359__C, 242.74, 391.68, 0.00601277
ANTENNA__08312__C, 242.74, 391.68, 0.00601277
FILLER_0_141_525, 242.74, 391.68, 0.00601277
_08308_, 255.54, 391.68, 0.0060216
_08309_, 255.54, 391.68, 0.0060216
_08311_, 255.54, 391.68, 0.0060216
_08851_, 255.54, 391.68, 0.0060216
_08853_, 255.54, 391.68, 0.0060216
ANTENNA__08312__B, 255.54, 391.68, 0.0060216
ANTENNA__08851__A0, 255.54, 391.68, 0.0060216
ANTENNA__08853__A0, 255.54, 391.68, 0.0060216
FILLER_0_139_531, 255.54, 391.68, 0.0060216
FILLER_0_140_533, 255.54, 391.68, 0.0060216
FILLER_0_140_551, 255.54, 391.68, 0.0060216
_08307_, 268.34, 391.68, 0.00602653
_08310_, 268.34, 391.68, 0.00602653
_09436_, 268.34, 391.68, 0.00602653
_10565_, 268.34, 391.68, 0.00602653
_13505_, 268.34, 391.68, 0.00602653
_13697_, 268.34, 391.68, 0.00602653
FILLER_0_140_585, 268.34, 391.68, 0.00602653
_07820_, 281.14, 391.68, 0.00601942
_07821_, 281.14, 391.68, 0.00601942
_08402_, 281.14, 391.68, 0.00601942
_08403_, 281.14, 391.68, 0.00601942
_09949_, 281.14, 391.68, 0.00601942
_10566_, 281.14, 391.68, 0.00601942
ANTENNA__08404__C, 281.14, 391.68, 0.00601942
ANTENNA__08403__C, 281.14, 391.68, 0.00601942
ANTENNA__08310__B, 281.14, 391.68, 0.00601942
ANTENNA__09949__A, 281.14, 391.68, 0.00601942
ANTENNA__10546__A, 281.14, 391.68, 0.00601942
FILLER_0_139_588, 281.14, 391.68, 0.00601942
FILLER_0_140_592, 281.14, 391.68, 0.00601942
FILLER_0_140_604, 281.14, 391.68, 0.00601942
FILLER_0_141_613, 281.14, 391.68, 0.00601942
_06725_, 293.94, 391.68, 0.00600458
_07376_, 293.94, 391.68, 0.00600458
_07377_, 293.94, 391.68, 0.00600458
_07930_, 293.94, 391.68, 0.00600458
_08817_, 293.94, 391.68, 0.00600458
_10661_, 293.94, 391.68, 0.00600458
ANTENNA__08401__C, 293.94, 391.68, 0.00600458
_07374_, 306.74, 391.68, 0.00596244
_07379_, 306.74, 391.68, 0.00596244
_07382_, 306.74, 391.68, 0.00596244
_07383_, 306.74, 391.68, 0.00596244
_07384_, 306.74, 391.68, 0.00596244
_10729_, 306.74, 391.68, 0.00596244
ANTENNA__07930__A, 306.74, 391.68, 0.00596244
ANTENNA__06703__A, 306.74, 391.68, 0.00596244
ANTENNA__06773__A, 306.74, 391.68, 0.00596244
_07373_, 319.54, 391.68, 0.00590852
_07388_, 319.54, 391.68, 0.00590852
_09231_, 319.54, 391.68, 0.00590852
_10868_, 319.54, 391.68, 0.00590852
_13424_, 319.54, 391.68, 0.00590852
ANTENNA__06748__A, 319.54, 391.68, 0.00590852
ANTENNA__07869__A, 319.54, 391.68, 0.00590852
ANTENNA__07017__A, 319.54, 391.68, 0.00590852
ANTENNA__09400__S, 319.54, 391.68, 0.00590852
FILLER_0_140_679, 319.54, 391.68, 0.00590852
_07521_, 345.14, 391.68, 0.00587134
_09817_, 345.14, 391.68, 0.00587134
_13683_, 345.14, 391.68, 0.00587134
clkbuf_leaf_76_wclk, 345.14, 391.68, 0.00587134
ANTENNA__07521__B, 345.14, 391.68, 0.00587134
ANTENNA__07388__C, 345.14, 391.68, 0.00587134
ANTENNA__07837__A2, 345.14, 391.68, 0.00587134
ANTENNA__09041__S, 345.14, 391.68, 0.00587134
FILLER_0_141_748, 345.14, 391.68, 0.00587134
_07471_, 357.94, 391.68, 0.00586976
_07473_, 357.94, 391.68, 0.00586976
_07477_, 357.94, 391.68, 0.00586976
_07571_, 357.94, 391.68, 0.00586976
_07572_, 357.94, 391.68, 0.00586976
ANTENNA__07521__C, 357.94, 391.68, 0.00586976
ANTENNA__07475__C, 357.94, 391.68, 0.00586976
ANTENNA__07471__B, 357.94, 391.68, 0.00586976
ANTENNA__09402__A0, 357.94, 391.68, 0.00586976
ANTENNA__09817__A0, 357.94, 391.68, 0.00586976
ANTENNA__09817__S, 357.94, 391.68, 0.00586976
ANTENNA_clkbuf_leaf_76_wclk_A, 357.94, 391.68, 0.00586976
FILLER_0_139_756, 357.94, 391.68, 0.00586976
_07526_, 370.74, 391.68, 0.00586677
_07527_, 370.74, 391.68, 0.00586677
_07530_, 370.74, 391.68, 0.00586677
_08823_, 370.74, 391.68, 0.00586677
_10873_, 370.74, 391.68, 0.00586677
ANTENNA__07473__B, 370.74, 391.68, 0.00586677
ANTENNA__07475__B, 370.74, 391.68, 0.00586677
ANTENNA__08818__A0, 370.74, 391.68, 0.00586677
ANTENNA_3, 370.74, 391.68, 0.00586677
FILLER_0_139_785, 370.74, 391.68, 0.00586677
FILLER_0_140_781, 370.74, 391.68, 0.00586677
_10872_, 383.54, 391.68, 0.00585941
_14161_, 383.54, 391.68, 0.00585941
ANTENNA__07572__C, 383.54, 391.68, 0.00585941
ANTENNA__07526__B, 383.54, 391.68, 0.00585941
ANTENNA__07526__C, 383.54, 391.68, 0.00585941
ANTENNA__07529__A2, 383.54, 391.68, 0.00585941
ANTENNA__07527__C, 383.54, 391.68, 0.00585941
ANTENNA__09234__A0, 383.54, 391.68, 0.00585941
ANTENNA__09236__S, 383.54, 391.68, 0.00585941
ANTENNA__09749__A0, 383.54, 391.68, 0.00585941
ANTENNA__10873__A1, 383.54, 391.68, 0.00585941
ANTENNA__10873__S, 383.54, 391.68, 0.00585941
_07519_, 396.34, 391.68, 0.00584662
_10734_, 396.34, 391.68, 0.00584662
_10871_, 396.34, 391.68, 0.00584662
ANTENNA__07479__B, 396.34, 391.68, 0.00584662
ANTENNA__10871__S, 396.34, 391.68, 0.00584662
FILLER_0_141_851, 396.34, 391.68, 0.00584662
_10460_, 409.14, 391.68, 0.00583138
_13969_, 409.14, 391.68, 0.00583138
ANTENNA__07519__A2, 409.14, 391.68, 0.00583138
ANTENNA__09236__A0, 409.14, 391.68, 0.00583138
ANTENNA__10732__A1, 409.14, 391.68, 0.00583138
ANTENNA__10460__A1, 409.14, 391.68, 0.00583138
ANTENNA__10734__A1, 409.14, 391.68, 0.00583138
ANTENNA__10235__A, 409.14, 391.68, 0.00583138
_09171_, 421.94, 391.68, 0.00581035
_09953_, 421.94, 391.68, 0.00581035
_10665_, 421.94, 391.68, 0.00581035
ANTENNA__07520__A2, 421.94, 391.68, 0.00581035
ANTENNA__09169__A0, 421.94, 391.68, 0.00581035
ANTENNA__09171__A0, 421.94, 391.68, 0.00581035
ANTENNA__09173__S, 421.94, 391.68, 0.00581035
ANTENNA__09171__S, 421.94, 391.68, 0.00581035
ANTENNA__09169__S, 421.94, 391.68, 0.00581035
FILLER_0_140_897, 421.94, 391.68, 0.00581035
FILLER_0_141_907, 421.94, 391.68, 0.00581035
_07470_, 434.74, 391.68, 0.00578655
_08751_, 434.74, 391.68, 0.00578655
_09952_, 434.74, 391.68, 0.00578655
_14065_, 434.74, 391.68, 0.00578655
ANTENNA__07470__B1, 434.74, 391.68, 0.00578655
ANTENNA__09952__S, 434.74, 391.68, 0.00578655
_07495_, 447.54, 391.68, 0.00575574
_08752_, 447.54, 391.68, 0.00575574
_12091_, 447.54, 391.68, 0.00575574
_12092_, 447.54, 391.68, 0.00575574
_14705_, 447.54, 391.68, 0.00575574
FILLER_0_140_954, 447.54, 391.68, 0.00575574
FILLER_0_141_961, 447.54, 391.68, 0.00575574
_08756_, 460.34, 391.68, 0.00571712
_13204_, 460.34, 391.68, 0.00571712
ANTENNA__07688__A2, 460.34, 391.68, 0.00571712
ANTENNA__07419__A2, 460.34, 391.68, 0.00571712
ANTENNA__07688__B1, 460.34, 391.68, 0.00571712
_08761_, 473.14, 391.68, 0.00567292
_08762_, 473.14, 391.68, 0.00567292
_10101_, 473.14, 391.68, 0.00567292
_13207_, 473.14, 391.68, 0.00567292
ANTENNA__07591__A2, 473.14, 391.68, 0.00567292
ANTENNA__07640__A2, 473.14, 391.68, 0.00567292
ANTENNA__07640__B1, 473.14, 391.68, 0.00567292
ANTENNA__08761__A0, 473.14, 391.68, 0.00567292
ANTENNA__08761__S, 473.14, 391.68, 0.00567292
FILLER_0_139_1005, 473.14, 391.68, 0.00567292
FILLER_0_139_1009, 473.14, 391.68, 0.00567292
FILLER_0_140_1025, 473.14, 391.68, 0.00567292
PHY_274, 5.52, 386.24, 0.0054742
PHY_276, 5.52, 386.24, 0.0054742
PHY_275, 494.04, 386.24, 0.00559849
PHY_277, 494.04, 386.24, 0.00559849
FILLER_0_138_1054, 494.04, 386.24, 0.00559849
_08234_, 37.94, 386.24, 0.00554495
_14720_, 37.94, 386.24, 0.00554495
ANTENNA__12116__A0, 37.94, 386.24, 0.00554495
FILLER_0_137_69, 37.94, 386.24, 0.00554495
FILLER_0_139_80, 37.94, 386.24, 0.00554495
_09050_, 50.74, 386.24, 0.00561087
_14718_, 50.74, 386.24, 0.00561087
ANTENNA__08234__B1, 50.74, 386.24, 0.00561087
ANTENNA__09050__A0, 50.74, 386.24, 0.00561087
ANTENNA__08780__A0, 50.74, 386.24, 0.00561087
ANTENNA__09058__A0, 50.74, 386.24, 0.00561087
ANTENNA__08780__S, 50.74, 386.24, 0.00561087
ANTENNA_clkbuf_leaf_38_wclk_A, 50.74, 386.24, 0.00561087
_13342_, 63.54, 386.24, 0.00567078
_14716_, 63.54, 386.24, 0.00567078
ANTENNA__08093__A2, 63.54, 386.24, 0.00567078
ANTENNA__09052__A0, 63.54, 386.24, 0.00567078
ANTENNA__09052__S, 63.54, 386.24, 0.00567078
FILLER_0_137_117, 63.54, 386.24, 0.00567078
_08045_, 76.34, 386.24, 0.00572113
_09048_, 76.34, 386.24, 0.00572113
_09049_, 76.34, 386.24, 0.00572113
_12113_, 76.34, 386.24, 0.00572113
_12115_, 76.34, 386.24, 0.00572113
_13339_, 76.34, 386.24, 0.00572113
_13340_, 76.34, 386.24, 0.00572113
ANTENNA__08045__A2, 76.34, 386.24, 0.00572113
ANTENNA__09048__S, 76.34, 386.24, 0.00572113
FILLER_0_139_158, 76.34, 386.24, 0.00572113
_12112_, 89.14, 386.24, 0.0057584
_12127_, 89.14, 386.24, 0.0057584
_14715_, 89.14, 386.24, 0.0057584
FILLER_0_138_190, 89.14, 386.24, 0.0057584
_08328_, 101.94, 386.24, 0.00578889
_09060_, 101.94, 386.24, 0.00578889
ANTENNA__08328__A2, 101.94, 386.24, 0.00578889
ANTENNA__08328__B1, 101.94, 386.24, 0.00578889
ANTENNA__08711__A0, 101.94, 386.24, 0.00578889
ANTENNA__09060__A0, 101.94, 386.24, 0.00578889
ANTENNA__08711__S, 101.94, 386.24, 0.00578889
ANTENNA_clkbuf_leaf_41_wclk_A, 101.94, 386.24, 0.00578889
FILLER_0_138_197, 101.94, 386.24, 0.00578889
FILLER_0_139_213, 101.94, 386.24, 0.00578889
_08704_, 114.74, 386.24, 0.00581828
_08705_, 114.74, 386.24, 0.00581828
_08706_, 114.74, 386.24, 0.00581828
_13184_, 114.74, 386.24, 0.00581828
clkbuf_leaf_41_wclk, 114.74, 386.24, 0.00581828
ANTENNA__08703__S, 114.74, 386.24, 0.00581828
_08709_, 127.54, 386.24, 0.00582093
_10356_, 127.54, 386.24, 0.00582093
_13183_, 127.54, 386.24, 0.00582093
ANTENNA__10347__A0, 127.54, 386.24, 0.00582093
ANTENNA__08115__B, 127.54, 386.24, 0.00582093
ANTENNA__08709__S, 127.54, 386.24, 0.00582093
FILLER_0_138_273, 127.54, 386.24, 0.00582093
_08644_, 140.34, 386.24, 0.00581685
_10347_, 140.34, 386.24, 0.00581685
_10355_, 140.34, 386.24, 0.00581685
_13154_, 140.34, 386.24, 0.00581685
ANTENNA__10355__A0, 140.34, 386.24, 0.00581685
ANTENNA__09985__A1, 140.34, 386.24, 0.00581685
ANTENNA__08643__S, 140.34, 386.24, 0.00581685
ANTENNA__10347__S, 140.34, 386.24, 0.00581685
FILLER_0_137_281, 140.34, 386.24, 0.00581685
FILLER_0_138_284, 140.34, 386.24, 0.00581685
FILLER_0_138_300, 140.34, 386.24, 0.00581685
FILLER_0_139_297, 140.34, 386.24, 0.00581685
_08643_, 153.14, 386.24, 0.00580499
_10351_, 153.14, 386.24, 0.00580499
_10352_, 153.14, 386.24, 0.00580499
_13918_, 153.14, 386.24, 0.00580499
clkbuf_leaf_43_wclk, 153.14, 386.24, 0.00580499
ANTENNA__10351__A0, 153.14, 386.24, 0.00580499
ANTENNA__08066__A2, 153.14, 386.24, 0.00580499
ANTENNA__08066__B1, 153.14, 386.24, 0.00580499
ANTENNA__08643__A0, 153.14, 386.24, 0.00580499
FILLER_0_139_321, 153.14, 386.24, 0.00580499
_08353_, 165.94, 386.24, 0.00576643
_09987_, 165.94, 386.24, 0.00576643
ANTENNA__08162__C, 165.94, 386.24, 0.00576643
ANTENNA__09987__S, 165.94, 386.24, 0.00576643
ANTENNA_clkbuf_leaf_43_wclk_A, 165.94, 386.24, 0.00576643
FILLER_0_138_361, 165.94, 386.24, 0.00576643
_10495_, 191.54, 386.24, 0.00577668
_10767_, 191.54, 386.24, 0.00577668
ANTENNA__09989__A1, 191.54, 386.24, 0.00577668
ANTENNA__08699__A0, 191.54, 386.24, 0.00577668
ANTENNA__08717__S, 191.54, 386.24, 0.00577668
ANTENNA__10767__A1, 191.54, 386.24, 0.00577668
ANTENNA__10495__A1, 191.54, 386.24, 0.00577668
FILLER_0_137_397, 191.54, 386.24, 0.00577668
_07924_, 204.34, 386.24, 0.00582444
_07927_, 204.34, 386.24, 0.00582444
_08410_, 204.34, 386.24, 0.00582444
_10478_, 204.34, 386.24, 0.00582444
_10497_, 204.34, 386.24, 0.00582444
ANTENNA__12110__A0, 204.34, 386.24, 0.00582444
ANTENNA__07928__A, 204.34, 386.24, 0.00582444
ANTENNA__07922__B, 204.34, 386.24, 0.00582444
ANTENNA__07922__C, 204.34, 386.24, 0.00582444
FILLER_0_137_430, 204.34, 386.24, 0.00582444
FILLER_0_138_425, 204.34, 386.24, 0.00582444
_09265_, 217.14, 386.24, 0.00586654
_13473_, 217.14, 386.24, 0.00586654
ANTENNA__07924__A, 217.14, 386.24, 0.00586654
ANTENNA__09265__A0, 217.14, 386.24, 0.00586654
ANTENNA__10478__A, 217.14, 386.24, 0.00586654
ANTENNA__10682__A, 217.14, 386.24, 0.00586654
FILLER_0_137_457, 217.14, 386.24, 0.00586654
FILLER_0_138_455, 217.14, 386.24, 0.00586654
FILLER_0_138_470, 217.14, 386.24, 0.00586654
_08360_, 229.94, 386.24, 0.0059028
_09970_, 229.94, 386.24, 0.0059028
_10907_, 229.94, 386.24, 0.0059028
_10908_, 229.94, 386.24, 0.0059028
_10909_, 229.94, 386.24, 0.0059028
ANTENNA__08406__B, 229.94, 386.24, 0.0059028
ANTENNA__08407__B, 229.94, 386.24, 0.0059028
ANTENNA__08360__B, 229.94, 386.24, 0.0059028
ANTENNA__08313__B, 229.94, 386.24, 0.0059028
ANTENNA__08406__C, 229.94, 386.24, 0.0059028
ANTENNA__09365__A0, 229.94, 386.24, 0.0059028
ANTENNA__09970__A, 229.94, 386.24, 0.0059028
ANTENNA__10908__A1, 229.94, 386.24, 0.0059028
FILLER_0_138_483, 229.94, 386.24, 0.0059028
FILLER_0_139_497, 229.94, 386.24, 0.0059028
_08359_, 242.74, 386.24, 0.00593519
_08406_, 242.74, 386.24, 0.00593519
_10563_, 242.74, 386.24, 0.00593519
_10564_, 242.74, 386.24, 0.00593519
_10889_, 242.74, 386.24, 0.00593519
ANTENNA__09368__S, 242.74, 386.24, 0.00593519
ANTENNA__10563__A1, 242.74, 386.24, 0.00593519
ANTENNA__10889__A, 242.74, 386.24, 0.00593519
FILLER_0_137_505, 242.74, 386.24, 0.00593519
_08356_, 255.54, 386.24, 0.00596543
_09849_, 255.54, 386.24, 0.00596543
_13250_, 255.54, 386.24, 0.00596543
ANTENNA__07936__A, 255.54, 386.24, 0.00596543
ANTENNA__09848__A0, 255.54, 386.24, 0.00596543
FILLER_0_138_549, 255.54, 386.24, 0.00596543
FILLER_0_139_546, 255.54, 386.24, 0.00596543
FILLER_0_139_554, 255.54, 386.24, 0.00596543
_08358_, 268.34, 386.24, 0.00599015
_08856_, 268.34, 386.24, 0.00599015
_09848_, 268.34, 386.24, 0.00599015
ANTENNA__08310__C, 268.34, 386.24, 0.00599015
ANTENNA__08357__B, 268.34, 386.24, 0.00599015
ANTENNA__09848__S, 268.34, 386.24, 0.00599015
FILLER_0_139_577, 268.34, 386.24, 0.00599015
_08401_, 281.14, 386.24, 0.00601188
_08404_, 281.14, 386.24, 0.00601188
_08405_, 281.14, 386.24, 0.00601188
_10546_, 281.14, 386.24, 0.00601188
_13507_, 281.14, 386.24, 0.00601188
_13699_, 281.14, 386.24, 0.00601188
FILLER_0_139_613, 281.14, 386.24, 0.00601188
_06703_, 293.94, 386.24, 0.00602157
_06741_, 293.94, 386.24, 0.00602157
_06773_, 293.94, 386.24, 0.00602157
_07474_, 293.94, 386.24, 0.00602157
_07869_, 293.94, 386.24, 0.00602157
_09440_, 293.94, 386.24, 0.00602157
_13232_, 293.94, 386.24, 0.00602157
FILLER_0_138_618, 293.94, 386.24, 0.00602157
_06921_, 306.74, 386.24, 0.005995
_07380_, 306.74, 386.24, 0.005995
_09400_, 306.74, 386.24, 0.005995
_10527_, 306.74, 386.24, 0.005995
_13488_, 306.74, 386.24, 0.005995
_14000_, 306.74, 386.24, 0.005995
FILLER_0_139_655, 306.74, 386.24, 0.005995
_06748_, 319.54, 386.24, 0.00593939
_07017_, 319.54, 386.24, 0.00593939
_07387_, 319.54, 386.24, 0.00593939
_09230_, 319.54, 386.24, 0.00593939
_09401_, 319.54, 386.24, 0.00593939
_12108_, 319.54, 386.24, 0.00593939
ANTENNA__06921__A, 319.54, 386.24, 0.00593939
ANTENNA__07382__C, 319.54, 386.24, 0.00593939
_09403_, 345.14, 386.24, 0.00586241
_09404_, 345.14, 386.24, 0.00586241
ANTENNA__07838__A2, 345.14, 386.24, 0.00586241
ANTENNA__09404__S, 345.14, 386.24, 0.00586241
ANTENNA__12107__S, 345.14, 386.24, 0.00586241
FILLER_0_138_743, 345.14, 386.24, 0.00586241
_07475_, 357.94, 386.24, 0.00588007
_08818_, 357.94, 386.24, 0.00588007
_09402_, 357.94, 386.24, 0.00588007
_13233_, 357.94, 386.24, 0.00588007
ANTENNA__07471__C, 357.94, 386.24, 0.00588007
ANTENNA__09402__S, 357.94, 386.24, 0.00588007
FILLER_0_138_753, 357.94, 386.24, 0.00588007
FILLER_0_138_780, 357.94, 386.24, 0.00588007
_07529_, 370.74, 386.24, 0.0058908
_09234_, 370.74, 386.24, 0.0058908
_09315_, 370.74, 386.24, 0.0058908
_09317_, 370.74, 386.24, 0.0058908
_09749_, 370.74, 386.24, 0.0058908
_13458_, 370.74, 386.24, 0.0058908
FILLER_0_137_781, 370.74, 386.24, 0.0058908
_07478_, 383.54, 386.24, 0.00589156
_07479_, 383.54, 386.24, 0.00589156
_07480_, 383.54, 386.24, 0.00589156
_07481_, 383.54, 386.24, 0.00589156
_09747_, 383.54, 386.24, 0.00589156
_13425_, 383.54, 386.24, 0.00589156
ANTENNA__07527__B, 383.54, 386.24, 0.00589156
ANTENNA__09315__A, 383.54, 386.24, 0.00589156
_07482_, 396.34, 386.24, 0.00588505
_09313_, 396.34, 386.24, 0.00588505
_09314_, 396.34, 386.24, 0.00588505
_13457_, 396.34, 386.24, 0.00588505
ANTENNA__07478__B, 396.34, 386.24, 0.00588505
ANTENNA__07480__C, 396.34, 386.24, 0.00588505
ANTENNA__09747__S, 396.34, 386.24, 0.00588505
ANTENNA__10871__A1, 396.34, 386.24, 0.00588505
FILLER_0_138_860, 396.34, 386.24, 0.00588505
_08688_, 409.14, 386.24, 0.00586976
_13397_, 409.14, 386.24, 0.00586976
ANTENNA__07519__B1, 409.14, 386.24, 0.00586976
ANTENNA__08688__A0, 409.14, 386.24, 0.00586976
ANTENNA__08690__S, 409.14, 386.24, 0.00586976
ANTENNA__08688__S, 409.14, 386.24, 0.00586976
FILLER_0_138_869, 409.14, 386.24, 0.00586976
FILLER_0_138_877, 409.14, 386.24, 0.00586976
_09169_, 421.94, 386.24, 0.00584853
_09170_, 421.94, 386.24, 0.00584853
_09174_, 421.94, 386.24, 0.00584853
_13396_, 421.94, 386.24, 0.00584853
_13398_, 421.94, 386.24, 0.00584853
ANTENNA__09952__A1, 421.94, 386.24, 0.00584853
_13202_, 434.74, 386.24, 0.00581464
_13810_, 434.74, 386.24, 0.00581464
ANTENNA__07709__A2, 434.74, 386.24, 0.00581464
ANTENNA__07709__A3, 434.74, 386.24, 0.00581464
ANTENNA__07661__A3, 434.74, 386.24, 0.00581464
ANTENNA__07709__B1, 434.74, 386.24, 0.00581464
ANTENNA__07661__B1, 434.74, 386.24, 0.00581464
FILLER_0_138_920, 434.74, 386.24, 0.00581464
FILLER_0_138_925, 434.74, 386.24, 0.00581464
_07419_, 447.54, 386.24, 0.00577144
_09025_, 447.54, 386.24, 0.00577144
_09026_, 447.54, 386.24, 0.00577144
_10090_, 447.54, 386.24, 0.00577144
_13329_, 447.54, 386.24, 0.00577144
FILLER_0_137_949, 447.54, 386.24, 0.00577144
_07591_, 460.34, 386.24, 0.00572068
_08755_, 460.34, 386.24, 0.00572068
_10095_, 460.34, 386.24, 0.00572068
_13812_, 460.34, 386.24, 0.00572068
ANTENNA__07591__B1, 460.34, 386.24, 0.00572068
ANTENNA__09025__A0, 460.34, 386.24, 0.00572068
FILLER_0_137_978, 460.34, 386.24, 0.00572068
_07736_, 473.14, 386.24, 0.00566302
_09039_, 473.14, 386.24, 0.00566302
_09040_, 473.14, 386.24, 0.00566302
_13336_, 473.14, 386.24, 0.00566302
ANTENNA__07785__B1, 473.14, 386.24, 0.00566302
ANTENNA__09039__S, 473.14, 386.24, 0.00566302
FILLER_0_138_1006, 473.14, 386.24, 0.00566302
PHY_270, 5.52, 380.8, 0.00543772
PHY_272, 5.52, 380.8, 0.00543772
input19, 5.52, 380.8, 0.00543772
PHY_271, 494.04, 380.8, 0.00555067
PHY_273, 494.04, 380.8, 0.00555067
FILLER_0_135_1055, 494.04, 380.8, 0.00555067
FILLER_0_136_1056, 494.04, 380.8, 0.00555067
_08781_, 37.94, 380.8, 0.00549132
_10120_, 37.94, 380.8, 0.00549132
_12124_, 37.94, 380.8, 0.00549132
_13216_, 37.94, 380.8, 0.00549132
ANTENNA__10119__A1, 37.94, 380.8, 0.00549132
ANTENNA__12124__A0, 37.94, 380.8, 0.00549132
ANTENNA__09058__S, 37.94, 380.8, 0.00549132
ANTENNA__12124__S, 37.94, 380.8, 0.00549132
FILLER_0_135_57, 37.94, 380.8, 0.00549132
_08093_, 50.74, 380.8, 0.00553967
_08774_, 50.74, 380.8, 0.00553967
_08780_, 50.74, 380.8, 0.00553967
_13213_, 50.74, 380.8, 0.00553967
ANTENNA__08093__B1, 50.74, 380.8, 0.00553967
ANTENNA__08782__A0, 50.74, 380.8, 0.00553967
ANTENNA__08774__S, 50.74, 380.8, 0.00553967
ANTENNA__10119__S, 50.74, 380.8, 0.00553967
_08094_, 63.54, 380.8, 0.00558114
_08140_, 63.54, 380.8, 0.00558114
_08777_, 63.54, 380.8, 0.00558114
_09052_, 63.54, 380.8, 0.00558114
_10116_, 63.54, 380.8, 0.00558114
ANTENNA__10115__A1, 63.54, 380.8, 0.00558114
ANTENNA__08094__B1, 63.54, 380.8, 0.00558114
ANTENNA__08140__A2, 63.54, 380.8, 0.00558114
ANTENNA__08140__B1, 63.54, 380.8, 0.00558114
ANTENNA__08774__A0, 63.54, 380.8, 0.00558114
ANTENNA__10115__S, 63.54, 380.8, 0.00558114
FILLER_0_137_139, 63.54, 380.8, 0.00558114
_08771_, 76.34, 380.8, 0.00561942
_09047_, 76.34, 380.8, 0.00561942
_10115_, 76.34, 380.8, 0.00561942
_13822_, 76.34, 380.8, 0.00561942
ANTENNA__07970__A2, 76.34, 380.8, 0.00561942
ANTENNA__08045__B1, 76.34, 380.8, 0.00561942
ANTENNA__07970__B1, 76.34, 380.8, 0.00561942
ANTENNA__08636__A, 76.34, 380.8, 0.00561942
ANTENNA_clkbuf_leaf_36_wclk_A, 76.34, 380.8, 0.00561942
FILLER_0_136_150, 76.34, 380.8, 0.00561942
_07970_, 89.14, 380.8, 0.00565002
_07971_, 89.14, 380.8, 0.00565002
_08785_, 89.14, 380.8, 0.00565002
_10109_, 89.14, 380.8, 0.00565002
_12126_, 89.14, 380.8, 0.00565002
ANTENNA__12126__A0, 89.14, 380.8, 0.00565002
ANTENNA__07971__A2, 89.14, 380.8, 0.00565002
ANTENNA__07971__B1, 89.14, 380.8, 0.00565002
ANTENNA__10109__S, 89.14, 380.8, 0.00565002
ANTENNA__12126__S, 89.14, 380.8, 0.00565002
FILLER_0_136_168, 89.14, 380.8, 0.00565002
FILLER_0_136_180, 89.14, 380.8, 0.00565002
FILLER_0_137_185, 89.14, 380.8, 0.00565002
_08712_, 101.94, 380.8, 0.00567749
_08784_, 101.94, 380.8, 0.00567749
_13180_, 101.94, 380.8, 0.00567749
_13218_, 101.94, 380.8, 0.00567749
ANTENNA__08256__C, 101.94, 380.8, 0.00567749
ANTENNA__08784__A0, 101.94, 380.8, 0.00567749
ANTENNA__08784__S, 101.94, 380.8, 0.00567749
FILLER_0_137_211, 101.94, 380.8, 0.00567749
FILLER_0_137_218, 101.94, 380.8, 0.00567749
_08703_, 114.74, 380.8, 0.00569367
_13181_, 114.74, 380.8, 0.00569367
ANTENNA__08115__C, 114.74, 380.8, 0.00569367
ANTENNA__09186__A0, 114.74, 380.8, 0.00569367
ANTENNA__09188__A0, 114.74, 380.8, 0.00569367
ANTENNA__08709__A0, 114.74, 380.8, 0.00569367
FILLER_0_136_237, 114.74, 380.8, 0.00569367
_08115_, 127.54, 380.8, 0.00570399
_09189_, 127.54, 380.8, 0.00570399
_13405_, 127.54, 380.8, 0.00570399
ANTENNA__08114__A2, 127.54, 380.8, 0.00570399
ANTENNA__08116__A2, 127.54, 380.8, 0.00570399
ANTENNA__08257__A3, 127.54, 380.8, 0.00570399
ANTENNA__08116__A3, 127.54, 380.8, 0.00570399
ANTENNA__08069__A3, 127.54, 380.8, 0.00570399
ANTENNA__08114__B1, 127.54, 380.8, 0.00570399
ANTENNA__09188__S, 127.54, 380.8, 0.00570399
_15133_, 140.34, 380.8, 0.00570878
_15136_, 140.34, 380.8, 0.00570878
ANTENNA__13000__S, 140.34, 380.8, 0.00570878
ANTENNA__12998__S, 140.34, 380.8, 0.00570878
ANTENNA__10355__S, 140.34, 380.8, 0.00570878
ANTENNA__13000__A1, 140.34, 380.8, 0.00570878
FILLER_0_136_298, 140.34, 380.8, 0.00570878
FILLER_0_136_305, 140.34, 380.8, 0.00570878
FILLER_0_137_301, 140.34, 380.8, 0.00570878
_08707_, 153.14, 380.8, 0.00570393
_08708_, 153.14, 380.8, 0.00570393
_09191_, 153.14, 380.8, 0.00570393
_13182_, 153.14, 380.8, 0.00570393
ANTENNA__08162__B, 153.14, 380.8, 0.00570393
ANTENNA__08707__A0, 153.14, 380.8, 0.00570393
ANTENNA__08707__S, 153.14, 380.8, 0.00570393
FILLER_0_135_307, 153.14, 380.8, 0.00570393
FILLER_0_136_330, 153.14, 380.8, 0.00570393
_08161_, 165.94, 380.8, 0.00569197
_13186_, 165.94, 380.8, 0.00569197
ANTENNA__09987__A1, 165.94, 380.8, 0.00569197
ANTENNA__08161__A2, 165.94, 380.8, 0.00569197
ANTENNA__08163__A3, 165.94, 380.8, 0.00569197
ANTENNA__08161__B1, 165.94, 380.8, 0.00569197
FILLER_0_135_345, 165.94, 380.8, 0.00569197
FILLER_0_137_353, 165.94, 380.8, 0.00569197
FILLER_0_137_359, 165.94, 380.8, 0.00569197
_08363_, 191.54, 380.8, 0.005724
_08700_, 191.54, 380.8, 0.005724
_13178_, 191.54, 380.8, 0.005724
ANTENNA__08398__A3, 191.54, 380.8, 0.005724
ANTENNA__09200__A0, 191.54, 380.8, 0.005724
ANTENNA__08699__S, 191.54, 380.8, 0.005724
ANTENNA__09200__S, 191.54, 380.8, 0.005724
ANTENNA__12110__S, 191.54, 380.8, 0.005724
FILLER_0_135_393, 191.54, 380.8, 0.005724
FILLER_0_136_395, 191.54, 380.8, 0.005724
FILLER_0_137_409, 191.54, 380.8, 0.005724
_10682_, 204.34, 380.8, 0.00576503
_12111_, 204.34, 380.8, 0.00576503
_14714_, 204.34, 380.8, 0.00576503
ANTENNA__07969__A, 204.34, 380.8, 0.00576503
ANTENNA__07927__A, 204.34, 380.8, 0.00576503
ANTENNA__07923__A3, 204.34, 380.8, 0.00576503
ANTENNA__08422__A2, 204.34, 380.8, 0.00576503
ANTENNA__09182__A0, 204.34, 380.8, 0.00576503
ANTENNA__08768__A0, 204.34, 380.8, 0.00576503
ANTENNA__08698__A, 204.34, 380.8, 0.00576503
ANTENNA__09182__S, 204.34, 380.8, 0.00576503
FILLER_0_136_425, 204.34, 380.8, 0.00576503
FILLER_0_137_435, 204.34, 380.8, 0.00576503
_09267_, 217.14, 380.8, 0.00580015
_13442_, 217.14, 380.8, 0.00580015
ANTENNA__10107__A1, 217.14, 380.8, 0.00580015
ANTENNA__07891__A2, 217.14, 380.8, 0.00580015
ANTENNA__09267__A0, 217.14, 380.8, 0.00580015
ANTENNA__08768__S, 217.14, 380.8, 0.00580015
ANTENNA__09044__S, 217.14, 380.8, 0.00580015
FILLER_0_136_452, 217.14, 380.8, 0.00580015
_08407_, 229.94, 380.8, 0.0058296
_08409_, 229.94, 380.8, 0.0058296
_09269_, 229.94, 380.8, 0.0058296
_09365_, 229.94, 380.8, 0.0058296
_13475_, 229.94, 380.8, 0.0058296
ANTENNA__09365__S, 229.94, 380.8, 0.0058296
FILLER_0_137_489, 229.94, 380.8, 0.0058296
_07938_, 242.74, 380.8, 0.00585053
_08362_, 242.74, 380.8, 0.00585053
_08854_, 242.74, 380.8, 0.00585053
_09250_, 242.74, 380.8, 0.00585053
_09368_, 242.74, 380.8, 0.00585053
_14018_, 242.74, 380.8, 0.00585053
ANTENNA__07938__A, 242.74, 380.8, 0.00585053
ANTENNA__09250__A, 242.74, 380.8, 0.00585053
ANTENNA__09782__A0, 242.74, 380.8, 0.00585053
FILLER_0_135_514, 242.74, 380.8, 0.00585053
_07936_, 255.54, 380.8, 0.00585946
_08355_, 255.54, 380.8, 0.00585946
_08357_, 255.54, 380.8, 0.00585946
_09340_, 255.54, 380.8, 0.00585946
_09765_, 255.54, 380.8, 0.00585946
ANTENNA__08357__C, 255.54, 380.8, 0.00585946
ANTENNA__09340__A, 255.54, 380.8, 0.00585946
ANTENNA__09850__A0, 255.54, 380.8, 0.00585946
ANTENNA__09765__A, 255.54, 380.8, 0.00585946
FILLER_0_136_539, 255.54, 380.8, 0.00585946
FILLER_0_136_548, 255.54, 380.8, 0.00585946
FILLER_0_137_544, 255.54, 380.8, 0.00585946
FILLER_0_137_557, 255.54, 380.8, 0.00585946
_08354_, 268.34, 380.8, 0.00586191
_08855_, 268.34, 380.8, 0.00586191
_09437_, 268.34, 380.8, 0.00586191
_13251_, 268.34, 380.8, 0.00586191
_13506_, 268.34, 380.8, 0.00586191
ANTENNA__08355__C, 268.34, 380.8, 0.00586191
ANTENNA__09437__A0, 268.34, 380.8, 0.00586191
FILLER_0_137_575, 268.34, 380.8, 0.00586191
_08836_, 281.14, 380.8, 0.0058522
_09420_, 281.14, 380.8, 0.0058522
_09439_, 281.14, 380.8, 0.0058522
_09833_, 281.14, 380.8, 0.0058522
_09852_, 281.14, 380.8, 0.0058522
_09853_, 281.14, 380.8, 0.0058522
ANTENNA__09852__S, 281.14, 380.8, 0.0058522
_08816_, 293.94, 380.8, 0.00583774
_09812_, 293.94, 380.8, 0.00583774
ANTENNA__07862__A, 293.94, 380.8, 0.00583774
ANTENNA__08696__S, 293.94, 380.8, 0.00583774
ANTENNA__08836__A, 293.94, 380.8, 0.00583774
ANTENNA__09420__A, 293.94, 380.8, 0.00583774
ANTENNA__09812__A, 293.94, 380.8, 0.00583774
FILLER_0_135_625, 293.94, 380.8, 0.00583774
FILLER_0_136_627, 293.94, 380.8, 0.00583774
_06919_, 306.74, 380.8, 0.00582173
_07381_, 306.74, 380.8, 0.00582173
_09399_, 306.74, 380.8, 0.00582173
_10525_, 306.74, 380.8, 0.00582173
_10526_, 306.74, 380.8, 0.00582173
ANTENNA__06773__B, 306.74, 380.8, 0.00582173
ANTENNA__07863__B, 306.74, 380.8, 0.00582173
ANTENNA__10340__S, 306.74, 380.8, 0.00582173
FILLER_0_136_651, 306.74, 380.8, 0.00582173
_07385_, 319.54, 380.8, 0.00579558
_09229_, 319.54, 380.8, 0.00579558
_09309_, 319.54, 380.8, 0.00579558
_09744_, 319.54, 380.8, 0.00579558
_14713_, 319.54, 380.8, 0.00579558
ANTENNA__07381__B, 319.54, 380.8, 0.00579558
ANTENNA__07371__B, 319.54, 380.8, 0.00579558
ANTENNA__08816__S, 319.54, 380.8, 0.00579558
ANTENNA__09161__S, 319.54, 380.8, 0.00579558
ANTENNA__10526__A1, 319.54, 380.8, 0.00579558
ANTENNA__10526__S, 319.54, 380.8, 0.00579558
FILLER_0_135_669, 319.54, 380.8, 0.00579558
FILLER_0_137_683, 319.54, 380.8, 0.00579558
_13489_, 345.14, 380.8, 0.00577129
_13681_, 345.14, 380.8, 0.00577129
ANTENNA__12107__A0, 345.14, 380.8, 0.00577129
ANTENNA__07809__C, 345.14, 380.8, 0.00577129
ANTENNA__07838__B1, 345.14, 380.8, 0.00577129
ANTENNA__07837__B1, 345.14, 380.8, 0.00577129
ANTENNA__09309__A, 345.14, 380.8, 0.00577129
ANTENNA__10104__S, 345.14, 380.8, 0.00577129
_07476_, 357.94, 380.8, 0.00577828
_08819_, 357.94, 380.8, 0.00577828
_09235_, 357.94, 380.8, 0.00577828
_09815_, 357.94, 380.8, 0.00577828
_13426_, 357.94, 380.8, 0.00577828
ANTENNA__07476__C, 357.94, 380.8, 0.00577828
ANTENNA__07476__B, 357.94, 380.8, 0.00577828
ANTENNA__08818__S, 357.94, 380.8, 0.00577828
ANTENNA__09815__S, 357.94, 380.8, 0.00577828
FILLER_0_135_766, 357.94, 380.8, 0.00577828
_07528_, 370.74, 380.8, 0.00577778
_09316_, 370.74, 380.8, 0.00577778
_09750_, 370.74, 380.8, 0.00577778
_13650_, 370.74, 380.8, 0.00577778
ANTENNA__07528__B, 370.74, 380.8, 0.00577778
ANTENNA__07528__C, 370.74, 380.8, 0.00577778
ANTENNA__09234__S, 370.74, 380.8, 0.00577778
ANTENNA__09749__S, 370.74, 380.8, 0.00577778
FILLER_0_137_799, 370.74, 380.8, 0.00577778
_09232_, 383.54, 380.8, 0.00577061
_09233_, 383.54, 380.8, 0.00577061
_09748_, 383.54, 380.8, 0.00577061
_13649_, 383.54, 380.8, 0.00577061
ANTENNA__09232__A0, 383.54, 380.8, 0.00577061
ANTENNA__09232__S, 383.54, 380.8, 0.00577061
ANTENNA__09316__S, 383.54, 380.8, 0.00577061
ANTENNA__09316__A0, 383.54, 380.8, 0.00577061
ANTENNA__09313__S, 396.34, 380.8, 0.00575593
ANTENNA__09313__A0, 396.34, 380.8, 0.00575593
FILLER_0_136_857, 396.34, 380.8, 0.00575593
_08689_, 409.14, 380.8, 0.00574124
_08690_, 409.14, 380.8, 0.00574124
_09172_, 409.14, 380.8, 0.00574124
_13173_, 409.14, 380.8, 0.00574124
ANTENNA__07663__A2, 409.14, 380.8, 0.00574124
ANTENNA__07663__A3, 409.14, 380.8, 0.00574124
ANTENNA__08686__S, 409.14, 380.8, 0.00574124
FILLER_0_137_879, 409.14, 380.8, 0.00574124
FILLER_0_137_886, 409.14, 380.8, 0.00574124
_09173_, 421.94, 380.8, 0.00571912
_10331_, 421.94, 380.8, 0.00571912
ANTENNA__07613__A2, 421.94, 380.8, 0.00571912
ANTENNA__07611__A3, 421.94, 380.8, 0.00571912
ANTENNA__07710__B, 421.94, 380.8, 0.00571912
ANTENNA__07662__B, 421.94, 380.8, 0.00571912
ANTENNA__08686__A0, 421.94, 380.8, 0.00571912
ANTENNA__09173__A0, 421.94, 380.8, 0.00571912
FILLER_0_137_917, 421.94, 380.8, 0.00571912
_07661_, 434.74, 380.8, 0.00569528
_10091_, 434.74, 380.8, 0.00569528
_10330_, 434.74, 380.8, 0.00569528
_10333_, 434.74, 380.8, 0.00569528
_13909_, 434.74, 380.8, 0.00569528
ANTENNA__12983__S, 434.74, 380.8, 0.00569528
ANTENNA__10330__A0, 434.74, 380.8, 0.00569528
ANTENNA__10330__S, 434.74, 380.8, 0.00569528
_08750_, 447.54, 380.8, 0.0056639
_12984_, 447.54, 380.8, 0.0056639
ANTENNA__10090__A1, 447.54, 380.8, 0.0056639
ANTENNA__10332__A0, 447.54, 380.8, 0.0056639
ANTENNA__07661__A2, 447.54, 380.8, 0.0056639
ANTENNA__07419__B1, 447.54, 380.8, 0.0056639
ANTENNA__09025__S, 447.54, 380.8, 0.0056639
ANTENNA__10090__S, 447.54, 380.8, 0.0056639
ANTENNA__10332__S, 447.54, 380.8, 0.0056639
ANTENNA__12983__A1, 447.54, 380.8, 0.0056639
ANTENNA__12985__A1, 447.54, 380.8, 0.0056639
ANTENNA_clkbuf_leaf_87_wclk_A, 447.54, 380.8, 0.0056639
FILLER_0_136_973, 447.54, 380.8, 0.0056639
_07420_, 460.34, 380.8, 0.00563079
_10094_, 460.34, 380.8, 0.00563079
_14712_, 460.34, 380.8, 0.00563079
ANTENNA__10094__A1, 460.34, 380.8, 0.00563079
ANTENNA__07420__B1, 460.34, 380.8, 0.00563079
ANTENNA__08755__A0, 460.34, 380.8, 0.00563079
ANTENNA__08755__S, 460.34, 380.8, 0.00563079
ANTENNA__10094__S, 460.34, 380.8, 0.00563079
ANTENNA__10088__S, 460.34, 380.8, 0.00563079
ANTENNA__12105__S, 460.34, 380.8, 0.00563079
_07785_, 473.14, 380.8, 0.00559164
_12105_, 473.14, 380.8, 0.00559164
_12106_, 473.14, 380.8, 0.00559164
ANTENNA__12105__A0, 473.14, 380.8, 0.00559164
ANTENNA__08763__A0, 473.14, 380.8, 0.00559164
ANTENNA__08763__S, 473.14, 380.8, 0.00559164
PHY_266, 5.52, 375.36, 0.00543512
PHY_268, 5.52, 375.36, 0.00543512
PHY_267, 494.04, 375.36, 0.00554781
PHY_269, 494.04, 375.36, 0.00554781
FILLER_0_133_1054, 494.04, 375.36, 0.00554781
_13345_, 37.94, 375.36, 0.00552755
_13824_, 37.94, 375.36, 0.00552755
clkbuf_leaf_38_wclk, 37.94, 375.36, 0.00552755
FILLER_0_134_65, 37.94, 375.36, 0.00552755
_08775_, 50.74, 375.36, 0.00558977
_08782_, 50.74, 375.36, 0.00558977
_10119_, 50.74, 375.36, 0.00558977
_13821_, 50.74, 375.36, 0.00558977
FILLER_0_134_96, 50.74, 375.36, 0.00558977
_08141_, 63.54, 375.36, 0.00564433
_10113_, 63.54, 375.36, 0.00564433
_13214_, 63.54, 375.36, 0.00564433
ANTENNA__08094__A2, 63.54, 375.36, 0.00564433
ANTENNA__08141__B1, 63.54, 375.36, 0.00564433
ANTENNA__10113__S, 63.54, 375.36, 0.00564433
FILLER_0_134_123, 63.54, 375.36, 0.00564433
_08636_, 76.34, 375.36, 0.00569287
_08776_, 76.34, 375.36, 0.00569287
_13819_, 76.34, 375.36, 0.00569287
clkbuf_leaf_36_wclk, 76.34, 375.36, 0.00569287
ANTENNA__10111__A1, 76.34, 375.36, 0.00569287
ANTENNA__08776__A0, 76.34, 375.36, 0.00569287
_08770_, 89.14, 375.36, 0.00571386
_10124_, 89.14, 375.36, 0.00571386
_13211_, 89.14, 375.36, 0.00571386
_13826_, 89.14, 375.36, 0.00571386
ANTENNA__10123__A1, 89.14, 375.36, 0.00571386
FILLER_0_134_190, 89.14, 375.36, 0.00571386
_08329_, 101.94, 375.36, 0.00572344
_09195_, 101.94, 375.36, 0.00572344
_10123_, 101.94, 375.36, 0.00572344
ANTENNA__08068__C, 101.94, 375.36, 0.00572344
ANTENNA__08256__B, 101.94, 375.36, 0.00572344
ANTENNA__08770__A0, 101.94, 375.36, 0.00572344
ANTENNA__09194__S, 101.94, 375.36, 0.00572344
ANTENNA__10123__S, 101.94, 375.36, 0.00572344
ANTENNA__10417__A1, 101.94, 375.36, 0.00572344
FILLER_0_133_198, 101.94, 375.36, 0.00572344
FILLER_0_134_214, 101.94, 375.36, 0.00572344
_08068_, 114.74, 375.36, 0.00573094
_08256_, 114.74, 375.36, 0.00573094
_09194_, 114.74, 375.36, 0.00573094
_13404_, 114.74, 375.36, 0.00573094
_13408_, 114.74, 375.36, 0.00573094
ANTENNA__08257__A2, 114.74, 375.36, 0.00573094
ANTENNA__08068__B, 114.74, 375.36, 0.00573094
FILLER_0_134_249, 114.74, 375.36, 0.00573094
_08114_, 127.54, 375.36, 0.00572769
_08116_, 127.54, 375.36, 0.00572769
_08257_, 127.54, 375.36, 0.00572769
_09188_, 127.54, 375.36, 0.00572769
_13001_, 127.54, 375.36, 0.00572769
_13007_, 127.54, 375.36, 0.00572769
ANTENNA__08209__C, 127.54, 375.36, 0.00572769
_08066_, 140.34, 375.36, 0.00571988
_12999_, 140.34, 375.36, 0.00571988
_13000_, 140.34, 375.36, 0.00571988
_13006_, 140.34, 375.36, 0.00571988
_15132_, 140.34, 375.36, 0.00571988
FILLER_0_134_305, 140.34, 375.36, 0.00571988
_08162_, 153.14, 375.36, 0.00570408
_09190_, 153.14, 375.36, 0.00570408
_13406_, 153.14, 375.36, 0.00570408
_15134_, 153.14, 375.36, 0.00570408
ANTENNA__13002__S, 153.14, 375.36, 0.00570408
ANTENNA__08163__A2, 153.14, 375.36, 0.00570408
ANTENNA__09190__A0, 153.14, 375.36, 0.00570408
ANTENNA__09190__S, 153.14, 375.36, 0.00570408
ANTENNA__12998__A1, 153.14, 375.36, 0.00570408
FILLER_0_134_329, 153.14, 375.36, 0.00570408
FILLER_0_135_333, 153.14, 375.36, 0.00570408
_06671_, 165.94, 375.36, 0.00567778
_08716_, 165.94, 375.36, 0.00567778
_09199_, 165.94, 375.36, 0.00567778
_13002_, 165.94, 375.36, 0.00567778
ANTENNA__08701__A0, 165.94, 375.36, 0.00567778
ANTENNA__13002__A1, 165.94, 375.36, 0.00567778
ANTENNA__09364__A, 165.94, 375.36, 0.00567778
ANTENNA__06671__A, 165.94, 375.36, 0.00567778
FILLER_0_134_350, 165.94, 375.36, 0.00567778
FILLER_0_135_360, 165.94, 375.36, 0.00567778
_07922_, 191.54, 375.36, 0.00569603
_08699_, 191.54, 375.36, 0.00569603
_08717_, 191.54, 375.36, 0.00569603
_09183_, 191.54, 375.36, 0.00569603
ANTENNA__08397__C, 191.54, 375.36, 0.00569603
ANTENNA__08396__A2, 191.54, 375.36, 0.00569603
ANTENNA__07923__A2, 191.54, 375.36, 0.00569603
FILLER_0_133_402, 191.54, 375.36, 0.00569603
FILLER_0_134_404, 191.54, 375.36, 0.00569603
FILLER_0_135_417, 191.54, 375.36, 0.00569603
_09045_, 204.34, 375.36, 0.0057414
_09182_, 204.34, 375.36, 0.0057414
_12110_, 204.34, 375.36, 0.0057414
_13338_, 204.34, 375.36, 0.0057414
ANTENNA__07919__A, 204.34, 375.36, 0.0057414
ANTENNA__08422__B1, 204.34, 375.36, 0.0057414
FILLER_0_134_434, 204.34, 375.36, 0.0057414
FILLER_0_135_439, 204.34, 375.36, 0.0057414
_07891_, 217.14, 375.36, 0.00577899
_09268_, 217.14, 375.36, 0.00577899
_13210_, 217.14, 375.36, 0.00577899
_13443_, 217.14, 375.36, 0.00577899
ANTENNA__07418__A, 217.14, 375.36, 0.00577899
ANTENNA__07892__B1, 217.14, 375.36, 0.00577899
ANTENNA__07891__B1, 217.14, 375.36, 0.00577899
ANTENNA__10107__S, 217.14, 375.36, 0.00577899
_09270_, 229.94, 375.36, 0.00580628
_09369_, 229.94, 375.36, 0.00580628
_13474_, 229.94, 375.36, 0.00580628
ANTENNA__07892__A2, 229.94, 375.36, 0.00580628
ANTENNA__09269__A0, 229.94, 375.36, 0.00580628
ANTENNA__10275__A, 229.94, 375.36, 0.00580628
FILLER_0_133_481, 229.94, 375.36, 0.00580628
_09782_, 242.74, 375.36, 0.00582718
_09783_, 242.74, 375.36, 0.00582718
_09785_, 242.74, 375.36, 0.00582718
_13666_, 242.74, 375.36, 0.00582718
_13667_, 242.74, 375.36, 0.00582718
ANTENNA__09368__A0, 242.74, 375.36, 0.00582718
ANTENNA__09782__S, 242.74, 375.36, 0.00582718
FILLER_0_133_505, 242.74, 375.36, 0.00582718
_08361_, 255.54, 375.36, 0.0058361
_08408_, 255.54, 375.36, 0.0058361
_09784_, 255.54, 375.36, 0.0058361
_09850_, 255.54, 375.36, 0.0058361
_09851_, 255.54, 375.36, 0.0058361
_13698_, 255.54, 375.36, 0.0058361
ANTENNA__08408__B, 255.54, 375.36, 0.0058361
ANTENNA__08361__B, 255.54, 375.36, 0.0058361
ANTENNA__08361__C, 255.54, 375.36, 0.0058361
_09438_, 268.34, 375.36, 0.00583735
_10568_, 268.34, 375.36, 0.00583735
_14020_, 268.34, 375.36, 0.00583735
ANTENNA__08354__C, 268.34, 375.36, 0.00583735
ANTENNA__08855__A0, 268.34, 375.36, 0.00583735
ANTENNA__09022__A, 268.34, 375.36, 0.00583735
ANTENNA__09023__S, 268.34, 375.36, 0.00583735
ANTENNA__09850__S, 268.34, 375.36, 0.00583735
ANTENNA__09023__A1, 268.34, 375.36, 0.00583735
ANTENNA_clkbuf_leaf_69_wclk_A, 268.34, 375.36, 0.00583735
FILLER_0_134_577, 268.34, 375.36, 0.00583735
FILLER_0_135_585, 268.34, 375.36, 0.00583735
_08025_, 281.14, 375.36, 0.00583233
ANTENNA__08451__C, 281.14, 375.36, 0.00583233
ANTENNA__08025__A, 281.14, 375.36, 0.00583233
ANTENNA__08451__B, 281.14, 375.36, 0.00583233
ANTENNA__08449__C, 281.14, 375.36, 0.00583233
ANTENNA__09852__A0, 281.14, 375.36, 0.00583233
ANTENNA__09439__A0, 281.14, 375.36, 0.00583233
ANTENNA__09833__A, 281.14, 375.36, 0.00583233
FILLER_0_133_598, 281.14, 375.36, 0.00583233
FILLER_0_134_605, 281.14, 375.36, 0.00583233
FILLER_0_135_610, 281.14, 375.36, 0.00583233
_06746_, 293.94, 375.36, 0.00582062
_08696_, 293.94, 375.36, 0.00582062
_08815_, 293.94, 375.36, 0.00582062
_13177_, 293.94, 375.36, 0.00582062
ANTENNA__07864__A3, 293.94, 375.36, 0.00582062
ANTENNA__07864__A2, 293.94, 375.36, 0.00582062
ANTENNA__08677__A, 293.94, 375.36, 0.00582062
ANTENNA__08815__A, 293.94, 375.36, 0.00582062
ANTENNA__09179__S, 293.94, 375.36, 0.00582062
FILLER_0_134_632, 293.94, 375.36, 0.00582062
_08679_, 306.74, 375.36, 0.00579526
_09162_, 306.74, 375.36, 0.00579526
_10340_, 306.74, 375.36, 0.00579526
_10341_, 306.74, 375.36, 0.00579526
ANTENNA__10340__A0, 306.74, 375.36, 0.00579526
ANTENNA__07371__C, 306.74, 375.36, 0.00579526
ANTENNA__07863__C, 306.74, 375.36, 0.00579526
ANTENNA__08816__A0, 306.74, 375.36, 0.00579526
ANTENNA__08696__A0, 306.74, 375.36, 0.00579526
ANTENNA__09399__A, 306.74, 375.36, 0.00579526
ANTENNA__12991__A1, 306.74, 375.36, 0.00579526
FILLER_0_134_657, 306.74, 375.36, 0.00579526
FILLER_0_135_664, 306.74, 375.36, 0.00579526
_08766_, 319.54, 375.36, 0.00576648
_09161_, 319.54, 375.36, 0.00576648
_10323_, 319.54, 375.36, 0.00576648
_13392_, 319.54, 375.36, 0.00576648
ANTENNA__09161__A0, 319.54, 375.36, 0.00576648
ANTENNA__08678__A0, 319.54, 375.36, 0.00576648
ANTENNA__10322__S, 319.54, 375.36, 0.00576648
ANTENNA_clkbuf_leaf_67_wclk_A, 319.54, 375.36, 0.00576648
FILLER_0_134_678, 319.54, 375.36, 0.00576648
FILLER_0_135_691, 319.54, 375.36, 0.00576648
_08694_, 345.14, 375.36, 0.00576905
_09816_, 345.14, 375.36, 0.00576905
_13912_, 345.14, 375.36, 0.00576905
ANTENNA__12989__S, 345.14, 375.36, 0.00576905
ANTENNA__10104__A1, 345.14, 375.36, 0.00576905
ANTENNA__07809__B, 345.14, 375.36, 0.00576905
ANTENNA__09177__A0, 345.14, 375.36, 0.00576905
ANTENNA__08694__A0, 345.14, 375.36, 0.00576905
ANTENNA__08765__A0, 345.14, 375.36, 0.00576905
ANTENNA__08765__S, 345.14, 375.36, 0.00576905
ANTENNA__09404__A0, 345.14, 375.36, 0.00576905
FILLER_0_135_741, 345.14, 375.36, 0.00576905
FILLER_0_135_751, 345.14, 375.36, 0.00576905
_08590_, 357.94, 375.36, 0.00580125
ANTENNA__10338__A0, 357.94, 375.36, 0.00580125
ANTENNA__08682__A0, 357.94, 375.36, 0.00580125
ANTENNA__08694__S, 357.94, 375.36, 0.00580125
ANTENNA__09815__A0, 357.94, 375.36, 0.00580125
ANTENNA__08590__A, 357.94, 375.36, 0.00580125
FILLER_0_133_762, 357.94, 375.36, 0.00580125
FILLER_0_134_753, 357.94, 375.36, 0.00580125
FILLER_0_134_757, 357.94, 375.36, 0.00580125
FILLER_0_134_768, 357.94, 375.36, 0.00580125
FILLER_0_134_775, 357.94, 375.36, 0.00580125
FILLER_0_135_778, 357.94, 375.36, 0.00580125
_07517_, 370.74, 375.36, 0.00583244
_07518_, 370.74, 375.36, 0.00583244
ANTENNA__07518__A2, 370.74, 375.36, 0.00583244
ANTENNA__07517__C, 370.74, 375.36, 0.00583244
ANTENNA__07518__A3, 370.74, 375.36, 0.00583244
ANTENNA__07515__A3, 370.74, 375.36, 0.00583244
ANTENNA__07517__B, 370.74, 375.36, 0.00583244
ANTENNA__10326__S, 370.74, 375.36, 0.00583244
ANTENNA__12977__A1, 370.74, 375.36, 0.00583244
ANTENNA_clkbuf_leaf_77_wclk_A, 370.74, 375.36, 0.00583244
FILLER_0_135_801, 370.74, 375.36, 0.00583244
_12977_, 383.54, 375.36, 0.00586278
_13905_, 383.54, 375.36, 0.00586278
ANTENNA__12977__S, 383.54, 375.36, 0.00586278
ANTENNA__12975__S, 383.54, 375.36, 0.00586278
ANTENNA__10326__A0, 383.54, 375.36, 0.00586278
ANTENNA__09747__A0, 383.54, 375.36, 0.00586278
ANTENNA__12975__A1, 383.54, 375.36, 0.00586278
FILLER_0_134_809, 383.54, 375.36, 0.00586278
FILLER_0_134_817, 383.54, 375.36, 0.00586278
FILLER_0_135_824, 383.54, 375.36, 0.00586278
FILLER_0_135_833, 383.54, 375.36, 0.00586278
_08687_, 396.34, 375.36, 0.00588706
_13174_, 396.34, 375.36, 0.00588706
_15121_, 396.34, 375.36, 0.00588706
clkbuf_leaf_78_wclk, 396.34, 375.36, 0.00588706
ANTENNA_clkbuf_leaf_78_wclk_A, 396.34, 375.36, 0.00588706
FILLER_0_135_853, 396.34, 375.36, 0.00588706
_07662_, 409.14, 375.36, 0.00587924
_07710_, 409.14, 375.36, 0.00587924
_08686_, 409.14, 375.36, 0.00587924
_08691_, 409.14, 375.36, 0.00587924
_13172_, 409.14, 375.36, 0.00587924
ANTENNA__07612__B, 409.14, 375.36, 0.00587924
ANTENNA__08692__S, 409.14, 375.36, 0.00587924
FILLER_0_133_869, 409.14, 375.36, 0.00587924
_07613_, 421.94, 375.36, 0.00586464
_13908_, 421.94, 375.36, 0.00586464
_15124_, 421.94, 375.36, 0.00586464
ANTENNA__07711__A2, 421.94, 375.36, 0.00586464
ANTENNA__07710__C, 421.94, 375.36, 0.00586464
ANTENNA__07662__C, 421.94, 375.36, 0.00586464
ANTENNA__07711__A3, 421.94, 375.36, 0.00586464
ANTENNA__07613__A3, 421.94, 375.36, 0.00586464
ANTENNA__08690__A0, 421.94, 375.36, 0.00586464
_07709_, 434.74, 375.36, 0.00583962
_10332_, 434.74, 375.36, 0.00583962
_10335_, 434.74, 375.36, 0.00583962
_13910_, 434.74, 375.36, 0.00583962
clkbuf_leaf_87_wclk, 434.74, 375.36, 0.00583962
ANTENNA__07611__A2, 434.74, 375.36, 0.00583962
ANTENNA__07611__B1, 434.74, 375.36, 0.00583962
FILLER_0_134_925, 434.74, 375.36, 0.00583962
_10089_, 447.54, 375.36, 0.00578373
_13201_, 447.54, 375.36, 0.00578373
_13809_, 447.54, 375.36, 0.00578373
_15126_, 447.54, 375.36, 0.00578373
_07689_, 460.34, 375.36, 0.00571261
_08759_, 460.34, 375.36, 0.00571261
_08760_, 460.34, 375.36, 0.00571261
_10088_, 460.34, 375.36, 0.00571261
_13206_, 460.34, 375.36, 0.00571261
ANTENNA__07420__A2, 460.34, 375.36, 0.00571261
ANTENNA__07689__B1, 460.34, 375.36, 0.00571261
ANTENNA__08759__S, 460.34, 375.36, 0.00571261
FILLER_0_135_1001, 460.34, 375.36, 0.00571261
_08763_, 473.14, 375.36, 0.00563349
_08764_, 473.14, 375.36, 0.00563349
_13208_, 473.14, 375.36, 0.00563349
ANTENNA__12095__A0, 473.14, 375.36, 0.00563349
ANTENNA__10098__A1, 473.14, 375.36, 0.00563349
ANTENNA__07689__A2, 473.14, 375.36, 0.00563349
ANTENNA__08759__A0, 473.14, 375.36, 0.00563349
ANTENNA__09029__S, 473.14, 375.36, 0.00563349
FILLER_0_134_1015, 473.14, 375.36, 0.00563349
PHY_262, 5.52, 369.92, 0.00536677
PHY_264, 5.52, 369.92, 0.00536677
PHY_263, 494.04, 369.92, 0.00550287
PHY_265, 494.04, 369.92, 0.00550287
_08281_, 37.94, 369.92, 0.0054218
_08783_, 37.94, 369.92, 0.0054218
_09058_, 37.94, 369.92, 0.0054218
_09059_, 37.94, 369.92, 0.0054218
_09358_, 37.94, 369.92, 0.0054218
_12121_, 37.94, 369.92, 0.0054218
ANTENNA__12120__A0, 37.94, 369.92, 0.0054218
ANTENNA__08281__A2, 37.94, 369.92, 0.0054218
ANTENNA__08281__B1, 37.94, 369.92, 0.0054218
ANTENNA__12120__S, 37.94, 369.92, 0.0054218
FILLER_0_131_57, 37.94, 369.92, 0.0054218
FILLER_0_131_63, 37.94, 369.92, 0.0054218
FILLER_0_132_63, 37.94, 369.92, 0.0054218
_08235_, 50.74, 369.92, 0.0054716
_08282_, 50.74, 369.92, 0.0054716
_10114_, 50.74, 369.92, 0.0054716
_13217_, 50.74, 369.92, 0.0054716
ANTENNA__08282__A2, 50.74, 369.92, 0.0054716
ANTENNA__08235__B1, 50.74, 369.92, 0.0054716
FILLER_0_132_109, 50.74, 369.92, 0.0054716
_10112_, 63.54, 369.92, 0.00551537
_13343_, 63.54, 369.92, 0.00551537
ANTENNA__10113__A1, 63.54, 369.92, 0.00551537
ANTENNA__08235__A2, 63.54, 369.92, 0.00551537
ANTENNA__08141__A2, 63.54, 369.92, 0.00551537
ANTENNA__09054__A0, 63.54, 369.92, 0.00551537
ANTENNA__08782__S, 63.54, 369.92, 0.00551537
ANTENNA__08776__S, 63.54, 369.92, 0.00551537
ANTENNA__09054__S, 63.54, 369.92, 0.00551537
FILLER_0_132_122, 63.54, 369.92, 0.00551537
FILLER_0_132_131, 63.54, 369.92, 0.00551537
FILLER_0_133_130, 63.54, 369.92, 0.00551537
_08772_, 76.34, 369.92, 0.00555346
_08773_, 76.34, 369.92, 0.00555346
_10110_, 76.34, 369.92, 0.00555346
_10111_, 76.34, 369.92, 0.00555346
_10281_, 76.34, 369.92, 0.00555346
_13212_, 76.34, 369.92, 0.00555346
_13820_, 76.34, 369.92, 0.00555346
ANTENNA__10281__A, 76.34, 369.92, 0.00555346
_08046_, 89.14, 369.92, 0.00557696
_10416_, 89.14, 369.92, 0.00557696
_10426_, 89.14, 369.92, 0.00557696
ANTENNA__10109__A1, 89.14, 369.92, 0.00557696
ANTENNA__08046__A2, 89.14, 369.92, 0.00557696
ANTENNA__08046__B1, 89.14, 369.92, 0.00557696
ANTENNA__08772__A0, 89.14, 369.92, 0.00557696
ANTENNA__08772__S, 89.14, 369.92, 0.00557696
ANTENNA__08770__S, 89.14, 369.92, 0.00557696
FILLER_0_131_169, 89.14, 369.92, 0.00557696
FILLER_0_131_178, 89.14, 369.92, 0.00557696
FILLER_0_133_189, 89.14, 369.92, 0.00557696
_10417_, 101.94, 369.92, 0.00559842
_13948_, 101.94, 369.92, 0.00559842
ANTENNA__08064__A2, 101.94, 369.92, 0.00559842
ANTENNA__08329__A2, 101.94, 369.92, 0.00559842
ANTENNA__08329__B1, 101.94, 369.92, 0.00559842
ANTENNA__09194__A0, 101.94, 369.92, 0.00559842
ANTENNA__09186__S, 101.94, 369.92, 0.00559842
ANTENNA__10417__S, 101.94, 369.92, 0.00559842
FILLER_0_132_206, 101.94, 369.92, 0.00559842
FILLER_0_132_216, 101.94, 369.92, 0.00559842
_08069_, 114.74, 369.92, 0.00561385
_09186_, 114.74, 369.92, 0.00561385
_09187_, 114.74, 369.92, 0.00561385
_13409_, 114.74, 369.92, 0.00561385
ANTENNA__12930__S, 114.74, 369.92, 0.00561385
ANTENNA__08304__A2, 114.74, 369.92, 0.00561385
ANTENNA__08069__A2, 114.74, 369.92, 0.00561385
ANTENNA__08303__C, 114.74, 369.92, 0.00561385
ANTENNA__08303__B, 114.74, 369.92, 0.00561385
ANTENNA__08703__A0, 114.74, 369.92, 0.00561385
ANTENNA__09196__A0, 114.74, 369.92, 0.00561385
FILLER_0_131_225, 114.74, 369.92, 0.00561385
FILLER_0_132_224, 114.74, 369.92, 0.00561385
_08209_, 127.54, 369.92, 0.00562187
_08303_, 127.54, 369.92, 0.00562187
_08304_, 127.54, 369.92, 0.00562187
_13407_, 127.54, 369.92, 0.00562187
ANTENNA__13006__S, 127.54, 369.92, 0.00562187
ANTENNA__08209__B, 127.54, 369.92, 0.00562187
ANTENNA__09192__S, 127.54, 369.92, 0.00562187
ANTENNA__13006__A1, 127.54, 369.92, 0.00562187
FILLER_0_132_266, 127.54, 369.92, 0.00562187
FILLER_0_132_272, 127.54, 369.92, 0.00562187
FILLER_0_133_275, 127.54, 369.92, 0.00562187
_08208_, 140.34, 369.92, 0.00562416
_08255_, 140.34, 369.92, 0.00562416
_10353_, 140.34, 369.92, 0.00562416
_12998_, 140.34, 369.92, 0.00562416
ANTENNA__08255__A2, 140.34, 369.92, 0.00562416
ANTENNA__08208__A2, 140.34, 369.92, 0.00562416
ANTENNA__08208__B1, 140.34, 369.92, 0.00562416
ANTENNA__10353__S, 140.34, 369.92, 0.00562416
FILLER_0_132_305, 140.34, 369.92, 0.00562416
FILLER_0_133_303, 140.34, 369.92, 0.00562416
_08163_, 153.14, 369.92, 0.00562379
_09184_, 153.14, 369.92, 0.00562379
_09185_, 153.14, 369.92, 0.00562379
_13403_, 153.14, 369.92, 0.00562379
ANTENNA__08302__A2, 153.14, 369.92, 0.00562379
ANTENNA__08302__B1, 153.14, 369.92, 0.00562379
ANTENNA__08255__B1, 153.14, 369.92, 0.00562379
ANTENNA__09184__A0, 153.14, 369.92, 0.00562379
ANTENNA__09184__S, 153.14, 369.92, 0.00562379
ANTENNA_clkbuf_leaf_42_wclk_A, 153.14, 369.92, 0.00562379
_08019_, 165.94, 369.92, 0.00561615
_09352_, 165.94, 369.92, 0.00561615
_10360_, 165.94, 369.92, 0.00561615
_13003_, 165.94, 369.92, 0.00561615
_13410_, 165.94, 369.92, 0.00561615
ANTENNA__08398__A2, 165.94, 369.92, 0.00561615
ANTENNA__08349__A2, 165.94, 369.92, 0.00561615
ANTENNA__08018__B, 165.94, 369.92, 0.00561615
ANTENNA__08351__A2, 165.94, 369.92, 0.00561615
ANTENNA__08351__A3, 165.94, 369.92, 0.00561615
ANTENNA__08019__A3, 165.94, 369.92, 0.00561615
_08397_, 191.54, 369.92, 0.00565963
_08398_, 191.54, 369.92, 0.00565963
_09200_, 191.54, 369.92, 0.00565963
_10344_, 191.54, 369.92, 0.00565963
_13402_, 191.54, 369.92, 0.00565963
_13914_, 191.54, 369.92, 0.00565963
ANTENNA__07921__B1, 191.54, 369.92, 0.00565963
_07923_, 204.34, 369.92, 0.0057074
_08698_, 204.34, 369.92, 0.0057074
_08768_, 204.34, 369.92, 0.0057074
_08769_, 204.34, 369.92, 0.0057074
_09044_, 204.34, 369.92, 0.0057074
ANTENNA__07968__A, 204.34, 369.92, 0.0057074
ANTENNA__07918__A, 204.34, 369.92, 0.0057074
ANTENNA__09064__A0, 204.34, 369.92, 0.0057074
ANTENNA__09064__S, 204.34, 369.92, 0.0057074
FILLER_0_132_429, 204.34, 369.92, 0.0057074
_07892_, 217.14, 369.92, 0.00575113
_10107_, 217.14, 369.92, 0.00575113
_10108_, 217.14, 369.92, 0.00575113
_13818_, 217.14, 369.92, 0.00575113
ANTENNA__07417__A, 217.14, 369.92, 0.00575113
FILLER_0_132_469, 217.14, 369.92, 0.00575113
_09366_, 229.94, 369.92, 0.00578776
ANTENNA__09991__A1, 229.94, 369.92, 0.00578776
ANTENNA__07415__A, 229.94, 369.92, 0.00578776
ANTENNA__07920__A, 229.94, 369.92, 0.00578776
ANTENNA__09044__A0, 229.94, 369.92, 0.00578776
ANTENNA__09991__S, 229.94, 369.92, 0.00578776
ANTENNA__10342__A, 229.94, 369.92, 0.00578776
ANTENNA__08630__A, 229.94, 369.92, 0.00578776
FILLER_0_131_482, 229.94, 369.92, 0.00578776
FILLER_0_133_489, 229.94, 369.92, 0.00578776
FILLER_0_133_495, 229.94, 369.92, 0.00578776
ANTENNA__08446__A2, 242.74, 369.92, 0.00582363
ANTENNA__09784__S, 242.74, 369.92, 0.00582363
ANTENNA__10499__A1, 242.74, 369.92, 0.00582363
ANTENNA__10771__S, 242.74, 369.92, 0.00582363
ANTENNA_clkbuf_leaf_51_wclk_A, 242.74, 369.92, 0.00582363
FILLER_0_132_513, 242.74, 369.92, 0.00582363
FILLER_0_132_521, 242.74, 369.92, 0.00582363
_07311_, 255.54, 369.92, 0.00585949
_09023_, 255.54, 369.92, 0.00585949
_09024_, 255.54, 369.92, 0.00585949
_13328_, 255.54, 369.92, 0.00585949
ANTENNA__07311__A, 255.54, 369.92, 0.00585949
ANTENNA__08408__C, 255.54, 369.92, 0.00585949
ANTENNA__09784__A0, 255.54, 369.92, 0.00585949
FILLER_0_133_544, 255.54, 369.92, 0.00585949
FILLER_0_133_554, 255.54, 369.92, 0.00585949
_08449_, 268.34, 369.92, 0.00588432
_08858_, 268.34, 369.92, 0.00588432
_09022_, 268.34, 369.92, 0.00588432
_09855_, 268.34, 369.92, 0.00588432
_13700_, 268.34, 369.92, 0.00588432
clkbuf_leaf_69_wclk, 268.34, 369.92, 0.00588432
ANTENNA__12089__A0, 268.34, 369.92, 0.00588432
ANTENNA__09023__A0, 268.34, 369.92, 0.00588432
FILLER_0_133_582, 268.34, 369.92, 0.00588432
_06925_, 281.14, 369.92, 0.00588169
_07862_, 281.14, 369.92, 0.00588169
_08450_, 281.14, 369.92, 0.00588169
_08697_, 281.14, 369.92, 0.00588169
_09180_, 281.14, 369.92, 0.00588169
_13252_, 281.14, 369.92, 0.00588169
_13508_, 281.14, 369.92, 0.00588169
ANTENNA__08450__C, 281.14, 369.92, 0.00588169
ANTENNA__06925__A, 281.14, 369.92, 0.00588169
_07863_, 293.94, 369.92, 0.00586423
_07864_, 293.94, 369.92, 0.00586423
_08677_, 293.94, 369.92, 0.00586423
_09179_, 293.94, 369.92, 0.00586423
_13401_, 293.94, 369.92, 0.00586423
ANTENNA__09179__A0, 293.94, 369.92, 0.00586423
ANTENNA__09441__A0, 293.94, 369.92, 0.00586423
_13168_, 306.74, 369.92, 0.00583969
_13913_, 306.74, 369.92, 0.00583969
_15129_, 306.74, 369.92, 0.00583969
clkbuf_leaf_67_wclk, 306.74, 369.92, 0.00583969
_08678_, 319.54, 369.92, 0.00577938
_10322_, 319.54, 369.92, 0.00577938
_15120_, 319.54, 369.92, 0.00577938
_07809_, 345.14, 369.92, 0.00575641
_10338_, 345.14, 369.92, 0.00575641
_13400_, 345.14, 369.92, 0.00575641
_15128_, 345.14, 369.92, 0.00575641
_08683_, 357.94, 369.92, 0.00579009
_09166_, 357.94, 369.92, 0.00579009
_10339_, 357.94, 369.92, 0.00579009
_13169_, 357.94, 369.92, 0.00579009
_13170_, 357.94, 369.92, 0.00579009
ANTENNA__07467__B, 357.94, 369.92, 0.00579009
ANTENNA__08682__S, 357.94, 369.92, 0.00579009
ANTENNA__08680__S, 357.94, 369.92, 0.00579009
ANTENNA__10338__S, 357.94, 369.92, 0.00579009
FILLER_0_131_755, 357.94, 369.92, 0.00579009
_10326_, 370.74, 369.92, 0.005812
_10327_, 370.74, 369.92, 0.005812
_13394_, 370.74, 369.92, 0.005812
clkbuf_leaf_77_wclk, 370.74, 369.92, 0.005812
ANTENNA__07515__B1, 370.74, 369.92, 0.005812
_07515_, 383.54, 369.92, 0.00580534
_10325_, 383.54, 369.92, 0.00580534
_12975_, 383.54, 369.92, 0.00580534
_12976_, 383.54, 369.92, 0.00580534
_12978_, 383.54, 369.92, 0.00580534
_13393_, 383.54, 369.92, 0.00580534
_15122_, 383.54, 369.92, 0.00580534
FILLER_0_131_821, 383.54, 369.92, 0.00580534
FILLER_0_133_822, 383.54, 369.92, 0.00580534
_07466_, 396.34, 369.92, 0.00578555
_07468_, 396.34, 369.92, 0.00578555
_10324_, 396.34, 369.92, 0.00578555
ANTENNA__07612__C, 396.34, 369.92, 0.00578555
ANTENNA__07466__A3, 396.34, 369.92, 0.00578555
ANTENNA__09163__A0, 396.34, 369.92, 0.00578555
_07612_, 409.14, 369.92, 0.0057637
_07663_, 409.14, 369.92, 0.0057637
_08684_, 409.14, 369.92, 0.0057637
_08685_, 409.14, 369.92, 0.0057637
_08692_, 409.14, 369.92, 0.0057637
ANTENNA__07564__B, 409.14, 369.92, 0.0057637
ANTENNA__08684__A0, 409.14, 369.92, 0.0057637
ANTENNA__08692__A0, 409.14, 369.92, 0.0057637
ANTENNA__08684__S, 409.14, 369.92, 0.0057637
_07611_, 421.94, 369.92, 0.00573801
_07711_, 421.94, 369.92, 0.00573801
_07758_, 421.94, 369.92, 0.00573801
_12981_, 421.94, 369.92, 0.00573801
_12982_, 421.94, 369.92, 0.00573801
ANTENNA__07758__A2, 421.94, 369.92, 0.00573801
ANTENNA__12981__A1, 421.94, 369.92, 0.00573801
FILLER_0_131_893, 421.94, 369.92, 0.00573801
_07756_, 434.74, 369.92, 0.00570873
_10328_, 434.74, 369.92, 0.00570873
_10334_, 434.74, 369.92, 0.00570873
_10337_, 434.74, 369.92, 0.00570873
_12983_, 434.74, 369.92, 0.00570873
_12985_, 434.74, 369.92, 0.00570873
_15125_, 434.74, 369.92, 0.00570873
ANTENNA__12981__S, 434.74, 369.92, 0.00570873
_08749_, 447.54, 369.92, 0.0056691
_12986_, 447.54, 369.92, 0.0056691
ANTENNA__12985__S, 447.54, 369.92, 0.0056691
ANTENNA__10334__A0, 447.54, 369.92, 0.0056691
ANTENNA__07756__A3, 447.54, 369.92, 0.0056691
ANTENNA__07756__B1, 447.54, 369.92, 0.0056691
ANTENNA__10334__S, 447.54, 369.92, 0.0056691
_10098_, 460.34, 369.92, 0.00562742
_10099_, 460.34, 369.92, 0.00562742
_13814_, 460.34, 369.92, 0.00562742
ANTENNA__10088__A1, 460.34, 369.92, 0.00562742
ANTENNA__08749__A0, 460.34, 369.92, 0.00562742
FILLER_0_131_981, 460.34, 369.92, 0.00562742
_07542_, 473.14, 369.92, 0.00557933
_09029_, 473.14, 369.92, 0.00557933
_12095_, 473.14, 369.92, 0.00557933
_12096_, 473.14, 369.92, 0.00557933
_14707_, 473.14, 369.92, 0.00557933
clkbuf_leaf_85_wclk, 473.14, 369.92, 0.00557933
ANTENNA__09029__A0, 473.14, 369.92, 0.00557933
ANTENNA__10098__S, 473.14, 369.92, 0.00557933
ANTENNA__12095__S, 473.14, 369.92, 0.00557933
PHY_258, 5.52, 364.48, 0.00533884
PHY_260, 5.52, 364.48, 0.00533884
PHY_259, 494.04, 364.48, 0.0054427
PHY_261, 494.04, 364.48, 0.0054427
ANTENNA__10092__A1, 494.04, 364.48, 0.0054427
ANTENNA__07543__A2, 494.04, 364.48, 0.0054427
_10122_, 37.94, 364.48, 0.00540335
_12120_, 37.94, 364.48, 0.00540335
_13825_, 37.94, 364.48, 0.00540335
_14723_, 37.94, 364.48, 0.00540335
ANTENNA__10121__A1, 37.94, 364.48, 0.00540335
ANTENNA__08375__A2, 37.94, 364.48, 0.00540335
_08187_, 50.74, 364.48, 0.00545643
_09055_, 50.74, 364.48, 0.00545643
_10121_, 50.74, 364.48, 0.00545643
_10125_, 50.74, 364.48, 0.00545643
ANTENNA__10125__A1, 50.74, 364.48, 0.00545643
ANTENNA__08282__B1, 50.74, 364.48, 0.00545643
ANTENNA__08187__B1, 50.74, 364.48, 0.00545643
ANTENNA__09062__S, 50.74, 364.48, 0.00545643
ANTENNA__10121__S, 50.74, 364.48, 0.00545643
FILLER_0_129_86, 50.74, 364.48, 0.00545643
FILLER_0_130_102, 50.74, 364.48, 0.00545643
_09054_, 63.54, 364.48, 0.00550659
_10118_, 63.54, 364.48, 0.00550659
_13215_, 63.54, 364.48, 0.00550659
_13823_, 63.54, 364.48, 0.00550659
FILLER_0_131_129, 63.54, 364.48, 0.00550659
FILLER_0_131_135, 63.54, 364.48, 0.00550659
_10117_, 76.34, 364.48, 0.00554559
ANTENNA__10117__A1, 76.34, 364.48, 0.00554559
ANTENNA__08188__A2, 76.34, 364.48, 0.00554559
ANTENNA__10117__S, 76.34, 364.48, 0.00554559
ANTENNA__10111__S, 76.34, 364.48, 0.00554559
FILLER_0_131_162, 76.34, 364.48, 0.00554559
_10415_, 89.14, 364.48, 0.00558358
_10418_, 89.14, 364.48, 0.00558358
_13953_, 89.14, 364.48, 0.00558358
ANTENNA__10415__A1, 89.14, 364.48, 0.00558358
ANTENNA__10415__S, 89.14, 364.48, 0.00558358
FILLER_0_129_181, 89.14, 364.48, 0.00558358
FILLER_0_130_170, 89.14, 364.48, 0.00558358
FILLER_0_130_178, 89.14, 364.48, 0.00558358
_08064_, 101.94, 364.48, 0.00561472
_13949_, 101.94, 364.48, 0.00561472
_15100_, 101.94, 364.48, 0.00561472
FILLER_0_130_213, 101.94, 364.48, 0.00561472
FILLER_0_131_219, 101.94, 364.48, 0.00561472
_09193_, 114.74, 364.48, 0.00563595
_09196_, 114.74, 364.48, 0.00563595
_09197_, 114.74, 364.48, 0.00563595
_12930_, 114.74, 364.48, 0.00563595
ANTENNA__08304__A3, 114.74, 364.48, 0.00563595
ANTENNA__08322__C, 114.74, 364.48, 0.00563595
ANTENNA__09196__S, 114.74, 364.48, 0.00563595
FILLER_0_129_234, 114.74, 364.48, 0.00563595
_09192_, 127.54, 364.48, 0.00565375
_10354_, 127.54, 364.48, 0.00565375
_13919_, 127.54, 364.48, 0.00565375
ANTENNA__10353__A0, 127.54, 364.48, 0.00565375
ANTENNA__08210__A2, 127.54, 364.48, 0.00565375
ANTENNA__08065__A2, 127.54, 364.48, 0.00565375
ANTENNA__08210__A3, 127.54, 364.48, 0.00565375
ANTENNA__09192__A0, 127.54, 364.48, 0.00565375
ANTENNA__12930__A1, 127.54, 364.48, 0.00565375
FILLER_0_129_259, 127.54, 364.48, 0.00565375
FILLER_0_130_253, 127.54, 364.48, 0.00565375
FILLER_0_131_270, 127.54, 364.48, 0.00565375
_08302_, 140.34, 364.48, 0.00566485
_15137_, 140.34, 364.48, 0.00566485
clkbuf_leaf_42_wclk, 140.34, 364.48, 0.00566485
_08017_, 153.14, 364.48, 0.00564614
_10346_, 153.14, 364.48, 0.00564614
_13915_, 153.14, 364.48, 0.00564614
ANTENNA__10345__A0, 153.14, 364.48, 0.00564614
ANTENNA__08017__A2, 153.14, 364.48, 0.00564614
ANTENNA__10357__S, 153.14, 364.48, 0.00564614
ANTENNA__10345__S, 153.14, 364.48, 0.00564614
FILLER_0_129_310, 153.14, 364.48, 0.00564614
_10359_, 165.94, 364.48, 0.00562171
_13011_, 165.94, 364.48, 0.00562171
_13922_, 165.94, 364.48, 0.00562171
ANTENNA__13010__S, 165.94, 364.48, 0.00562171
ANTENNA__10359__A0, 165.94, 364.48, 0.00562171
ANTENNA__09352__A, 165.94, 364.48, 0.00562171
ANTENNA__13010__A1, 165.94, 364.48, 0.00562171
FILLER_0_129_337, 165.94, 364.48, 0.00562171
FILLER_0_130_340, 165.94, 364.48, 0.00562171
_07921_, 191.54, 364.48, 0.00567796
_08396_, 191.54, 364.48, 0.00567796
_10343_, 191.54, 364.48, 0.00567796
_15130_, 191.54, 364.48, 0.00567796
clkbuf_leaf_53_wclk, 191.54, 364.48, 0.00567796
ANTENNA__09043__A, 191.54, 364.48, 0.00567796
FILLER_0_130_415, 191.54, 364.48, 0.00567796
_07919_, 204.34, 364.48, 0.00573889
_07968_, 204.34, 364.48, 0.00573889
_07969_, 204.34, 364.48, 0.00573889
_08422_, 204.34, 364.48, 0.00573889
_09181_, 204.34, 364.48, 0.00573889
_12109_, 204.34, 364.48, 0.00573889
_13348_, 204.34, 364.48, 0.00573889
ANTENNA__07966__A, 204.34, 364.48, 0.00573889
ANTENNA__10106__A, 204.34, 364.48, 0.00573889
ANTENNA_clkbuf_leaf_52_wclk_A, 204.34, 364.48, 0.00573889
FILLER_0_130_421, 204.34, 364.48, 0.00573889
_07417_, 217.14, 364.48, 0.00578812
_07418_, 217.14, 364.48, 0.00578812
_07918_, 217.14, 364.48, 0.00578812
_08630_, 217.14, 364.48, 0.00578812
_09043_, 217.14, 364.48, 0.00578812
_10106_, 217.14, 364.48, 0.00578812
_10275_, 217.14, 364.48, 0.00578812
_10342_, 217.14, 364.48, 0.00578812
_10500_, 229.94, 364.48, 0.00582503
_10772_, 229.94, 364.48, 0.00582503
_13988_, 229.94, 364.48, 0.00582503
_14084_, 229.94, 364.48, 0.00582503
_14116_, 229.94, 364.48, 0.00582503
ANTENNA__10771__A1, 229.94, 364.48, 0.00582503
FILLER_0_131_488, 229.94, 364.48, 0.00582503
FILLER_0_131_501, 229.94, 364.48, 0.00582503
_08446_, 242.74, 364.48, 0.00584629
_10287_, 242.74, 364.48, 0.00584629
_10499_, 242.74, 364.48, 0.00584629
clkbuf_leaf_51_wclk, 242.74, 364.48, 0.00584629
ANTENNA__08446__B1, 242.74, 364.48, 0.00584629
ANTENNA__10287__A, 242.74, 364.48, 0.00584629
_10910_, 255.54, 364.48, 0.00584515
_12090_, 255.54, 364.48, 0.00584515
_14704_, 255.54, 364.48, 0.00584515
ANTENNA__10910__A1, 255.54, 364.48, 0.00584515
ANTENNA__10910__S, 255.54, 364.48, 0.00584515
FILLER_0_129_541, 255.54, 364.48, 0.00584515
FILLER_0_130_533, 255.54, 364.48, 0.00584515
FILLER_0_131_557, 255.54, 364.48, 0.00584515
_08451_, 268.34, 364.48, 0.0058353
_10086_, 268.34, 364.48, 0.0058353
_10567_, 268.34, 364.48, 0.0058353
_12088_, 268.34, 364.48, 0.0058353
_12089_, 268.34, 364.48, 0.0058353
ANTENNA__12089__A1, 268.34, 364.48, 0.0058353
_08448_, 281.14, 364.48, 0.00582165
_08452_, 281.14, 364.48, 0.00582165
_08857_, 281.14, 364.48, 0.00582165
_09441_, 281.14, 364.48, 0.00582165
_09442_, 281.14, 364.48, 0.00582165
ANTENNA__08857__A0, 281.14, 364.48, 0.00582165
ANTENNA__10567__A1, 281.14, 364.48, 0.00582165
ANTENNA__12089__S, 281.14, 364.48, 0.00582165
_06726_, 293.94, 364.48, 0.00580346
_07367_, 293.94, 364.48, 0.00580346
_07860_, 293.94, 364.48, 0.00580346
_09160_, 293.94, 364.48, 0.00580346
_12992_, 293.94, 364.48, 0.00580346
ANTENNA__06726__A, 293.94, 364.48, 0.00580346
ANTENNA__08448__B, 293.94, 364.48, 0.00580346
ANTENNA__08448__C, 293.94, 364.48, 0.00580346
ANTENNA__09441__S, 293.94, 364.48, 0.00580346
FILLER_0_129_617, 293.94, 364.48, 0.00580346
_07368_, 306.74, 364.48, 0.00575971
_07371_, 306.74, 364.48, 0.00575971
_07861_, 306.74, 364.48, 0.00575971
_12991_, 306.74, 364.48, 0.00575971
ANTENNA__12991__S, 306.74, 364.48, 0.00575971
ANTENNA__07368__A, 306.74, 364.48, 0.00575971
ANTENNA__07860__A, 306.74, 364.48, 0.00575971
ANTENNA__07369__A, 306.74, 364.48, 0.00575971
ANTENNA__07861__A3, 306.74, 364.48, 0.00575971
ANTENNA__07861__B1, 306.74, 364.48, 0.00575971
ANTENNA__07861__A2, 306.74, 364.48, 0.00575971
_07372_, 319.54, 364.48, 0.00570698
_08586_, 319.54, 364.48, 0.00570698
_12973_, 319.54, 364.48, 0.00570698
_12974_, 319.54, 364.48, 0.00570698
_13904_, 319.54, 364.48, 0.00570698
ANTENNA__12905__S, 319.54, 364.48, 0.00570698
ANTENNA__10408__S, 319.54, 364.48, 0.00570698
FILLER_0_129_669, 319.54, 364.48, 0.00570698
FILLER_0_130_670, 319.54, 364.48, 0.00570698
_07810_, 345.14, 364.48, 0.0056589
_09177_, 345.14, 364.48, 0.0056589
_12989_, 345.14, 364.48, 0.0056589
_12990_, 345.14, 364.48, 0.0056589
ANTENNA__06965__A, 345.14, 364.48, 0.0056589
ANTENNA__10231__A, 345.14, 364.48, 0.0056589
FILLER_0_130_739, 345.14, 364.48, 0.0056589
_07467_, 357.94, 364.48, 0.0056681
_08680_, 357.94, 364.48, 0.0056681
_08681_, 357.94, 364.48, 0.0056681
_08682_, 357.94, 364.48, 0.0056681
ANTENNA__07516__A, 357.94, 364.48, 0.0056681
ANTENNA__07810__A2, 357.94, 364.48, 0.0056681
ANTENNA__07810__A3, 357.94, 364.48, 0.0056681
ANTENNA__09177__S, 357.94, 364.48, 0.0056681
ANTENNA__12989__A1, 357.94, 364.48, 0.0056681
ANTENNA__09336__A, 357.94, 364.48, 0.0056681
_09165_, 370.74, 364.48, 0.0056745
_10393_, 370.74, 364.48, 0.0056745
_13906_, 370.74, 364.48, 0.0056745
ANTENNA__08680__A0, 370.74, 364.48, 0.0056745
ANTENNA__10394__S, 370.74, 364.48, 0.0056745
FILLER_0_130_782, 370.74, 364.48, 0.0056745
_09163_, 383.54, 364.48, 0.00567412
_09164_, 383.54, 364.48, 0.00567412
ANTENNA__12907__S, 383.54, 364.48, 0.00567412
ANTENNA__07515__A2, 383.54, 364.48, 0.00567412
ANTENNA__07465__A2, 383.54, 364.48, 0.00567412
ANTENNA__09165__A0, 383.54, 364.48, 0.00567412
ANTENNA__09165__S, 383.54, 364.48, 0.00567412
ANTENNA__09163__S, 383.54, 364.48, 0.00567412
ANTENNA__11819__A1, 383.54, 364.48, 0.00567412
FILLER_0_130_833, 383.54, 364.48, 0.00567412
_08693_, 396.34, 364.48, 0.00567196
_10400_, 396.34, 364.48, 0.00567196
_10401_, 396.34, 364.48, 0.00567196
_13175_, 396.34, 364.48, 0.00567196
ANTENNA__10324__A0, 396.34, 364.48, 0.00567196
ANTENNA__07466__A2, 396.34, 364.48, 0.00567196
ANTENNA__07468__A2, 396.34, 364.48, 0.00567196
ANTENNA__07468__A3, 396.34, 364.48, 0.00567196
ANTENNA__07466__B1, 396.34, 364.48, 0.00567196
ANTENNA__10400__A1, 396.34, 364.48, 0.00567196
ANTENNA__10324__S, 396.34, 364.48, 0.00567196
FILLER_0_130_847, 396.34, 364.48, 0.00567196
FILLER_0_130_856, 396.34, 364.48, 0.00567196
FILLER_0_131_857, 396.34, 364.48, 0.00567196
_07564_, 409.14, 364.48, 0.00566262
_13171_, 409.14, 364.48, 0.00566262
ANTENNA__07757__C, 409.14, 364.48, 0.00566262
ANTENNA__07564__C, 409.14, 364.48, 0.00566262
ANTENNA__07660__A2, 409.14, 364.48, 0.00566262
ANTENNA__07757__B, 409.14, 364.48, 0.00566262
ANTENNA__09175__S, 409.14, 364.48, 0.00566262
FILLER_0_129_872, 409.14, 364.48, 0.00566262
FILLER_0_130_890, 409.14, 364.48, 0.00566262
_07565_, 421.94, 364.48, 0.00564864
_09167_, 421.94, 364.48, 0.00564864
_09176_, 421.94, 364.48, 0.00564864
_10336_, 421.94, 364.48, 0.00564864
_13395_, 421.94, 364.48, 0.00564864
ANTENNA__07758__A3, 421.94, 364.48, 0.00564864
ANTENNA__07565__A3, 421.94, 364.48, 0.00564864
ANTENNA__09167__S, 421.94, 364.48, 0.00564864
FILLER_0_131_918, 421.94, 364.48, 0.00564864
_13907_, 434.74, 364.48, 0.00562587
_13911_, 434.74, 364.48, 0.00562587
_15127_, 434.74, 364.48, 0.00562587
ANTENNA__10328__S, 434.74, 364.48, 0.00562587
_12987_, 447.54, 364.48, 0.00558849
ANTENNA__10328__A0, 447.54, 364.48, 0.00558849
ANTENNA__07756__A2, 447.54, 364.48, 0.00558849
ANTENNA__07563__A3, 447.54, 364.48, 0.00558849
ANTENNA__08749__S, 447.54, 364.48, 0.00558849
ANTENNA__12987__A1, 447.54, 364.48, 0.00558849
ANTENNA__10253__A, 447.54, 364.48, 0.00558849
FILLER_0_130_967, 447.54, 364.48, 0.00558849
FILLER_0_130_973, 447.54, 364.48, 0.00558849
_08605_, 460.34, 364.48, 0.00555012
_09030_, 460.34, 364.48, 0.00555012
_09327_, 460.34, 364.48, 0.00555012
_10250_, 460.34, 364.48, 0.00555012
_14200_, 460.34, 364.48, 0.00555012
ANTENNA__10250__A, 460.34, 364.48, 0.00555012
ANTENNA__09327__A, 460.34, 364.48, 0.00555012
ANTENNA__08605__A, 460.34, 364.48, 0.00555012
ANTENNA__10256__A, 460.34, 364.48, 0.00555012
FILLER_0_131_995, 460.34, 364.48, 0.00555012
_08611_, 473.14, 364.48, 0.00550222
_08753_, 473.14, 364.48, 0.00550222
_13203_, 473.14, 364.48, 0.00550222
_13331_, 473.14, 364.48, 0.00550222
ANTENNA__06634__A, 473.14, 364.48, 0.00550222
FILLER_0_129_1005, 473.14, 364.48, 0.00550222
FILLER_0_129_1009, 473.14, 364.48, 0.00550222
FILLER_0_130_1004, 473.14, 364.48, 0.00550222
PHY_254, 5.52, 359.04, 0.00529496
PHY_256, 5.52, 359.04, 0.00529496
PHY_255, 494.04, 359.04, 0.00540535
PHY_257, 494.04, 359.04, 0.00540535
FILLER_0_127_1056, 494.04, 359.04, 0.00540535
FILLER_0_128_1056, 494.04, 359.04, 0.00540535
_08375_, 37.94, 359.04, 0.00535538
_08787_, 37.94, 359.04, 0.00535538
_09062_, 37.94, 359.04, 0.00535538
_09063_, 37.94, 359.04, 0.00535538
_10126_, 37.94, 359.04, 0.00535538
ANTENNA__08375__B1, 37.94, 359.04, 0.00535538
ANTENNA__08645__A, 37.94, 359.04, 0.00535538
FILLER_0_127_57, 37.94, 359.04, 0.00535538
_08779_, 50.74, 359.04, 0.00541226
_08786_, 50.74, 359.04, 0.00541226
_13827_, 50.74, 359.04, 0.00541226
ANTENNA__09062__A0, 50.74, 359.04, 0.00541226
ANTENNA__08786__S, 50.74, 359.04, 0.00541226
ANTENNA__10125__S, 50.74, 359.04, 0.00541226
_08188_, 63.54, 359.04, 0.00546231
_08778_, 63.54, 359.04, 0.00546231
_10973_, 63.54, 359.04, 0.00546231
ANTENNA__08188__B1, 63.54, 359.04, 0.00546231
ANTENNA__08187__A2, 63.54, 359.04, 0.00546231
ANTENNA__08989__A0, 63.54, 359.04, 0.00546231
ANTENNA__08778__S, 63.54, 359.04, 0.00546231
ANTENNA__10972__A1, 63.54, 359.04, 0.00546231
ANTENNA__10972__S, 63.54, 359.04, 0.00546231
ANTENNA__10284__A, 63.54, 359.04, 0.00546231
FILLER_0_127_116, 63.54, 359.04, 0.00546231
FILLER_0_127_121, 63.54, 359.04, 0.00546231
FILLER_0_128_129, 63.54, 359.04, 0.00546231
_10963_, 76.34, 359.04, 0.00551019
_10967_, 76.34, 359.04, 0.00551019
_14206_, 76.34, 359.04, 0.00551019
ANTENNA__08778__A0, 76.34, 359.04, 0.00551019
FILLER_0_128_165, 76.34, 359.04, 0.00551019
FILLER_0_129_158, 76.34, 359.04, 0.00551019
_10425_, 89.14, 359.04, 0.00555177
_11843_, 89.14, 359.04, 0.00555177
_14588_, 89.14, 359.04, 0.00555177
_14593_, 89.14, 359.04, 0.00555177
ANTENNA__08112__A2, 89.14, 359.04, 0.00555177
ANTENNA__08112__B1, 89.14, 359.04, 0.00555177
ANTENNA__08064__B1, 89.14, 359.04, 0.00555177
ANTENNA__10966__A1, 89.14, 359.04, 0.00555177
ANTENNA__10425__A1, 89.14, 359.04, 0.00555177
ANTENNA__10425__S, 89.14, 359.04, 0.00555177
ANTENNA_clkbuf_leaf_35_wclk_A, 89.14, 359.04, 0.00555177
_08112_, 101.94, 359.04, 0.00558223
_08300_, 101.94, 359.04, 0.00558223
_12931_, 101.94, 359.04, 0.00558223
_12941_, 101.94, 359.04, 0.00558223
_15105_, 101.94, 359.04, 0.00558223
clkbuf_leaf_35_wclk, 101.94, 359.04, 0.00558223
ANTENNA__08301__B1, 101.94, 359.04, 0.00558223
ANTENNA__12940__A1, 101.94, 359.04, 0.00558223
FILLER_0_129_210, 101.94, 359.04, 0.00558223
FILLER_0_129_218, 101.94, 359.04, 0.00558223
_08065_, 114.74, 359.04, 0.00558276
_12933_, 114.74, 359.04, 0.00558276
_12940_, 114.74, 359.04, 0.00558276
ANTENNA__12940__S, 114.74, 359.04, 0.00558276
ANTENNA__08065__B1, 114.74, 359.04, 0.00558276
ANTENNA__08087__C, 114.74, 359.04, 0.00558276
ANTENNA__08087__D, 114.74, 359.04, 0.00558276
FILLER_0_127_235, 114.74, 359.04, 0.00558276
_06653_, 127.54, 359.04, 0.00558081
_08210_, 127.54, 359.04, 0.00558081
_10358_, 127.54, 359.04, 0.00558081
_12932_, 127.54, 359.04, 0.00558081
_13009_, 127.54, 359.04, 0.00558081
ANTENNA__12932__S, 127.54, 359.04, 0.00558081
ANTENNA__08113__B1, 127.54, 359.04, 0.00558081
ANTENNA__12932__A1, 127.54, 359.04, 0.00558081
_10357_, 140.34, 359.04, 0.00557428
_13005_, 140.34, 359.04, 0.00557428
_13008_, 140.34, 359.04, 0.00557428
_13921_, 140.34, 359.04, 0.00557428
ANTENNA__10357__A0, 140.34, 359.04, 0.00557428
ANTENNA__13008__A1, 140.34, 359.04, 0.00557428
FILLER_0_128_301, 140.34, 359.04, 0.00557428
_10345_, 153.14, 359.04, 0.00555994
_13004_, 153.14, 359.04, 0.00555994
_15131_, 153.14, 359.04, 0.00555994
ANTENNA__08017__B1, 153.14, 359.04, 0.00555994
ANTENNA__13004__A1, 153.14, 359.04, 0.00555994
FILLER_0_129_330, 153.14, 359.04, 0.00555994
_10428_, 165.94, 359.04, 0.00553888
_15138_, 165.94, 359.04, 0.00553888
ANTENNA__12942__S, 165.94, 359.04, 0.00553888
ANTENNA__12996__S, 165.94, 359.04, 0.00553888
ANTENNA__10361__A0, 165.94, 359.04, 0.00553888
ANTENNA__08019__A2, 165.94, 359.04, 0.00553888
ANTENNA__08369__D, 165.94, 359.04, 0.00553888
ANTENNA__10361__S, 165.94, 359.04, 0.00553888
ANTENNA__10359__S, 165.94, 359.04, 0.00553888
ANTENNA__12996__A1, 165.94, 359.04, 0.00553888
ANTENNA__09355__A, 165.94, 359.04, 0.00553888
ANTENNA__12942__A1, 165.94, 359.04, 0.00553888
FILLER_0_127_337, 165.94, 359.04, 0.00553888
_12131_, 191.54, 359.04, 0.00556965
_12994_, 191.54, 359.04, 0.00556965
_12995_, 191.54, 359.04, 0.00556965
ANTENNA__12926__S, 191.54, 359.04, 0.00556965
ANTENNA__12130__A0, 191.54, 359.04, 0.00556965
ANTENNA__07916__A2, 191.54, 359.04, 0.00556965
ANTENNA__12130__S, 191.54, 359.04, 0.00556965
ANTENNA__10262__A, 191.54, 359.04, 0.00556965
ANTENNA__08617__A, 191.54, 359.04, 0.00556965
FILLER_0_127_393, 191.54, 359.04, 0.00556965
FILLER_0_129_417, 191.54, 359.04, 0.00556965
_09064_, 204.34, 359.04, 0.00562456
_12130_, 204.34, 359.04, 0.00562456
_14724_, 204.34, 359.04, 0.00562456
FILLER_0_127_432, 204.34, 359.04, 0.00562456
_07415_, 217.14, 359.04, 0.00567264
_07920_, 217.14, 359.04, 0.00567264
_07966_, 217.14, 359.04, 0.00567264
_08423_, 217.14, 359.04, 0.00567264
_09992_, 217.14, 359.04, 0.00567264
clkbuf_leaf_52_wclk, 217.14, 359.04, 0.00567264
_08447_, 229.94, 359.04, 0.00569746
_09991_, 229.94, 359.04, 0.00569746
_10364_, 229.94, 359.04, 0.00569746
_10703_, 229.94, 359.04, 0.00569746
_10704_, 229.94, 359.04, 0.00569746
_10771_, 229.94, 359.04, 0.00569746
FILLER_0_127_486, 229.94, 359.04, 0.00569746
_08453_, 242.74, 359.04, 0.00571728
_08457_, 242.74, 359.04, 0.00571728
_10911_, 242.74, 359.04, 0.00571728
_14180_, 242.74, 359.04, 0.00571728
ANTENNA__08453__B, 242.74, 359.04, 0.00571728
ANTENNA__08453__C, 242.74, 359.04, 0.00571728
ANTENNA__08447__B1, 242.74, 359.04, 0.00571728
ANTENNA__09271__A0, 242.74, 359.04, 0.00571728
ANTENNA__09271__S, 242.74, 359.04, 0.00571728
ANTENNA__10499__S, 242.74, 359.04, 0.00571728
FILLER_0_127_505, 242.74, 359.04, 0.00571728
FILLER_0_128_509, 242.74, 359.04, 0.00571728
_08454_, 255.54, 359.04, 0.00572976
_10087_, 255.54, 359.04, 0.00572976
_13808_, 255.54, 359.04, 0.00572976
ANTENNA__08454__B, 255.54, 359.04, 0.00572976
ANTENNA__08454__C, 255.54, 359.04, 0.00572976
ANTENNA__09371__S, 255.54, 359.04, 0.00572976
ANTENNA__09371__A0, 255.54, 359.04, 0.00572976
FILLER_0_127_539, 255.54, 359.04, 0.00572976
FILLER_0_128_537, 255.54, 359.04, 0.00572976
FILLER_0_128_547, 255.54, 359.04, 0.00572976
FILLER_0_128_553, 255.54, 359.04, 0.00572976
_09854_, 268.34, 359.04, 0.00573391
_10085_, 268.34, 359.04, 0.00573391
_13118_, 268.34, 359.04, 0.00573391
ANTENNA__10086__A1, 268.34, 359.04, 0.00573391
ANTENNA__10085__A, 268.34, 359.04, 0.00573391
ANTENNA__10086__S, 268.34, 359.04, 0.00573391
ANTENNA__10086__A0, 268.34, 359.04, 0.00573391
ANTENNA__08747__A1, 268.34, 359.04, 0.00573391
ANTENNA__13118__RESET_B, 268.34, 359.04, 0.00573391
ANTENNA__13117__RESET_B, 268.34, 359.04, 0.00573391
FILLER_0_128_585, 268.34, 359.04, 0.00573391
FILLER_0_129_576, 268.34, 359.04, 0.00573391
_06828_, 281.14, 359.04, 0.00573161
_10321_, 281.14, 359.04, 0.00573161
ANTENNA__08519__A, 281.14, 359.04, 0.00573161
ANTENNA__06828__B, 281.14, 359.04, 0.00573161
ANTENNA__08857__S, 281.14, 359.04, 0.00573161
ANTENNA__09854__A0, 281.14, 359.04, 0.00573161
ANTENNA__09854__S, 281.14, 359.04, 0.00573161
ANTENNA__10321__A, 281.14, 359.04, 0.00573161
ANTENNA__10567__S, 281.14, 359.04, 0.00573161
ANTENNA__12088__A, 281.14, 359.04, 0.00573161
FILLER_0_127_590, 281.14, 359.04, 0.00573161
FILLER_0_127_597, 281.14, 359.04, 0.00573161
_06704_, 293.94, 359.04, 0.00572818
_07369_, 293.94, 359.04, 0.00572818
_10391_, 293.94, 359.04, 0.00572818
_12972_, 293.94, 359.04, 0.00572818
ANTENNA__12972__A, 293.94, 359.04, 0.00572818
ANTENNA__06704__A, 293.94, 359.04, 0.00572818
ANTENNA__07367__A, 293.94, 359.04, 0.00572818
ANTENNA__06828__A, 293.94, 359.04, 0.00572818
ANTENNA__09160__A, 293.94, 359.04, 0.00572818
FILLER_0_127_625, 293.94, 359.04, 0.00572818
FILLER_0_128_639, 293.94, 359.04, 0.00572818
_10390_, 306.74, 359.04, 0.0057022
_11886_, 306.74, 359.04, 0.0057022
_12906_, 306.74, 359.04, 0.0057022
_13936_, 306.74, 359.04, 0.0057022
_15088_, 306.74, 359.04, 0.0057022
ANTENNA__07366__B1, 306.74, 359.04, 0.0057022
ANTENNA__10390__A1, 306.74, 359.04, 0.0057022
ANTENNA__10390__S, 306.74, 359.04, 0.0057022
_06615_, 319.54, 359.04, 0.0056641
_07404_, 319.54, 359.04, 0.0056641
_09308_, 319.54, 359.04, 0.0056641
_10231_, 319.54, 359.04, 0.0056641
_10408_, 319.54, 359.04, 0.0056641
_13945_, 319.54, 359.04, 0.0056641
_07805_, 345.14, 359.04, 0.00564673
_07808_, 345.14, 359.04, 0.00564673
_10406_, 345.14, 359.04, 0.00564673
_12922_, 345.14, 359.04, 0.00564673
_15096_, 345.14, 359.04, 0.00564673
ANTENNA__07859__B1, 345.14, 359.04, 0.00564673
ANTENNA__07805__A2, 345.14, 359.04, 0.00564673
ANTENNA__07805__B1, 345.14, 359.04, 0.00564673
ANTENNA__07883__D, 345.14, 359.04, 0.00564673
ANTENNA_clkbuf_leaf_66_wclk_A, 345.14, 359.04, 0.00564673
_07831_, 357.94, 359.04, 0.00567357
_10395_, 357.94, 359.04, 0.00567357
_13938_, 357.94, 359.04, 0.00567357
_15090_, 357.94, 359.04, 0.00567357
ANTENNA__12909__S, 357.94, 359.04, 0.00567357
ANTENNA__07467__C, 357.94, 359.04, 0.00567357
ANTENNA__07808__A3, 357.94, 359.04, 0.00567357
ANTENNA__07808__B1, 357.94, 359.04, 0.00567357
ANTENNA__07808__A2, 357.94, 359.04, 0.00567357
ANTENNA__07831__D, 357.94, 359.04, 0.00567357
ANTENNA__10406__A1, 357.94, 359.04, 0.00567357
FILLER_0_128_753, 357.94, 359.04, 0.00567357
_10392_, 370.74, 359.04, 0.00568657
_10394_, 370.74, 359.04, 0.00568657
_11820_, 370.74, 359.04, 0.00568657
_12910_, 370.74, 359.04, 0.00568657
_13937_, 370.74, 359.04, 0.00568657
ANTENNA__07513__A2, 370.74, 359.04, 0.00568657
ANTENNA__07513__B1, 370.74, 359.04, 0.00568657
ANTENNA__10394__A1, 370.74, 359.04, 0.00568657
ANTENNA__12909__A1, 370.74, 359.04, 0.00568657
_07464_, 383.54, 359.04, 0.005691
_07465_, 383.54, 359.04, 0.005691
_12907_, 383.54, 359.04, 0.005691
_13941_, 383.54, 359.04, 0.005691
ANTENNA__07465__B1, 383.54, 359.04, 0.005691
ANTENNA__07464__A2, 383.54, 359.04, 0.005691
ANTENNA__07464__B1, 383.54, 359.04, 0.005691
ANTENNA__10392__A1, 383.54, 359.04, 0.005691
ANTENNA__10400__S, 383.54, 359.04, 0.005691
ANTENNA__10392__S, 383.54, 359.04, 0.005691
FILLER_0_129_829, 383.54, 359.04, 0.005691
_10402_, 396.34, 359.04, 0.0056887
ANTENNA__07659__A2, 396.34, 359.04, 0.0056887
ANTENNA__07659__B1, 396.34, 359.04, 0.0056887
ANTENNA__10402__A1, 396.34, 359.04, 0.0056887
ANTENNA__11827__A1, 396.34, 359.04, 0.0056887
ANTENNA__11827__S, 396.34, 359.04, 0.0056887
FILLER_0_127_837, 396.34, 359.04, 0.0056887
FILLER_0_128_861, 396.34, 359.04, 0.0056887
FILLER_0_129_858, 396.34, 359.04, 0.0056887
_07660_, 409.14, 359.04, 0.00568541
_07757_, 409.14, 359.04, 0.00568541
_09175_, 409.14, 359.04, 0.00568541
_12916_, 409.14, 359.04, 0.00568541
_15094_, 409.14, 359.04, 0.00568541
clkbuf_leaf_88_wclk, 409.14, 359.04, 0.00568541
ANTENNA__12917__S, 409.14, 359.04, 0.00568541
ANTENNA__07660__B1, 409.14, 359.04, 0.00568541
FILLER_0_128_869, 409.14, 359.04, 0.00568541
FILLER_0_128_880, 409.14, 359.04, 0.00568541
FILLER_0_128_885, 409.14, 359.04, 0.00568541
_09168_, 421.94, 359.04, 0.00565565
_13399_, 421.94, 359.04, 0.00565565
ANTENNA__07565__A2, 421.94, 359.04, 0.00565565
ANTENNA__09167__A0, 421.94, 359.04, 0.00565565
ANTENNA__09175__A0, 421.94, 359.04, 0.00565565
ANTENNA__12915__A1, 421.94, 359.04, 0.00565565
ANTENNA_clkbuf_leaf_88_wclk_A, 421.94, 359.04, 0.00565565
_07563_, 434.74, 359.04, 0.00561992
_10329_, 434.74, 359.04, 0.00561992
_12980_, 434.74, 359.04, 0.00561992
_12988_, 434.74, 359.04, 0.00561992
_15123_, 434.74, 359.04, 0.00561992
ANTENNA__10336__A0, 434.74, 359.04, 0.00561992
ANTENNA__07563__B1, 434.74, 359.04, 0.00561992
ANTENNA__10336__S, 434.74, 359.04, 0.00561992
_10241_, 447.54, 359.04, 0.00557676
_10253_, 447.54, 359.04, 0.00557676
_10256_, 447.54, 359.04, 0.00557676
_10943_, 447.54, 359.04, 0.00557676
_10944_, 447.54, 359.04, 0.00557676
ANTENNA__12987__S, 447.54, 359.04, 0.00557676
ANTENNA__10943__A1, 447.54, 359.04, 0.00557676
ANTENNA__10943__S, 447.54, 359.04, 0.00557676
ANTENNA__12979__A1, 447.54, 359.04, 0.00557676
ANTENNA__10241__A, 447.54, 359.04, 0.00557676
FILLER_0_127_949, 447.54, 359.04, 0.00557676
FILLER_0_129_962, 447.54, 359.04, 0.00557676
_06634_, 460.34, 359.04, 0.005528
_10953_, 460.34, 359.04, 0.005528
_10954_, 460.34, 359.04, 0.005528
_14195_, 460.34, 359.04, 0.005528
FILLER_0_128_1000, 460.34, 359.04, 0.005528
_07641_, 473.14, 359.04, 0.00547113
_08596_, 473.14, 359.04, 0.00547113
_08608_, 473.14, 359.04, 0.00547113
_08754_, 473.14, 359.04, 0.00547113
_08758_, 473.14, 359.04, 0.00547113
_13205_, 473.14, 359.04, 0.00547113
ANTENNA__08970__A0, 473.14, 359.04, 0.00547113
ANTENNA__08753__S, 473.14, 359.04, 0.00547113
ANTENNA__08608__A, 473.14, 359.04, 0.00547113
ANTENNA__08611__A, 473.14, 359.04, 0.00547113
ANTENNA_clkbuf_leaf_86_wclk_A, 473.14, 359.04, 0.00547113
PHY_250, 5.52, 353.6, 0.00525258
PHY_252, 5.52, 353.6, 0.00525258
PHY_251, 494.04, 353.6, 0.00535522
PHY_253, 494.04, 353.6, 0.00535522
FILLER_0_125_1055, 494.04, 353.6, 0.00535522
_06668_, 37.94, 353.6, 0.00532311
_08645_, 37.94, 353.6, 0.00532311
_09361_, 37.94, 353.6, 0.00532311
_11779_, 37.94, 353.6, 0.00532311
_13219_, 37.94, 353.6, 0.00532311
ANTENNA__09127__A0, 37.94, 353.6, 0.00532311
ANTENNA__09361__A, 37.94, 353.6, 0.00532311
ANTENNA__08639__A, 37.94, 353.6, 0.00532311
FILLER_0_126_71, 37.94, 353.6, 0.00532311
_08376_, 50.74, 353.6, 0.00538373
_14209_, 50.74, 353.6, 0.00538373
ANTENNA__08376__A2, 50.74, 353.6, 0.00538373
ANTENNA__08376__B1, 50.74, 353.6, 0.00538373
ANTENNA__08098__A2, 50.74, 353.6, 0.00538373
ANTENNA__09119__A0, 50.74, 353.6, 0.00538373
ANTENNA__08786__A0, 50.74, 353.6, 0.00538373
ANTENNA__09119__S, 50.74, 353.6, 0.00538373
FILLER_0_125_86, 50.74, 353.6, 0.00538373
FILLER_0_126_101, 50.74, 353.6, 0.00538373
FILLER_0_127_104, 50.74, 353.6, 0.00538373
_10284_, 63.54, 353.6, 0.00543933
_10972_, 63.54, 353.6, 0.00543933
_13313_, 63.54, 353.6, 0.00543933
_14204_, 63.54, 353.6, 0.00543933
ANTENNA__08989__S, 63.54, 353.6, 0.00543933
ANTENNA__10962__A1, 63.54, 353.6, 0.00543933
FILLER_0_126_135, 63.54, 353.6, 0.00543933
_08049_, 76.34, 353.6, 0.00548345
_10962_, 76.34, 353.6, 0.00548345
_10966_, 76.34, 353.6, 0.00548345
ANTENNA__08144__A2, 76.34, 353.6, 0.00548345
ANTENNA__08049__A2, 76.34, 353.6, 0.00548345
ANTENNA__08049__B1, 76.34, 353.6, 0.00548345
ANTENNA__08979__A0, 76.34, 353.6, 0.00548345
ANTENNA__10966__S, 76.34, 353.6, 0.00548345
FILLER_0_126_150, 76.34, 353.6, 0.00548345
FILLER_0_126_160, 76.34, 353.6, 0.00548345
_11842_, 89.14, 353.6, 0.00552553
_11853_, 89.14, 353.6, 0.00552553
_14589_, 89.14, 353.6, 0.00552553
ANTENNA__08301__A2, 89.14, 353.6, 0.00552553
ANTENNA__08144__B1, 89.14, 353.6, 0.00552553
ANTENNA__10962__S, 89.14, 353.6, 0.00552553
ANTENNA__11842__A1, 89.14, 353.6, 0.00552553
ANTENNA__11852__A1, 89.14, 353.6, 0.00552553
_08301_, 101.94, 353.6, 0.00556148
_11844_, 101.94, 353.6, 0.00556148
_11911_, 101.94, 353.6, 0.00556148
_14620_, 101.94, 353.6, 0.00556148
_14625_, 101.94, 353.6, 0.00556148
ANTENNA__08300__A2, 101.94, 353.6, 0.00556148
ANTENNA__08300__B1, 101.94, 353.6, 0.00556148
ANTENNA__08322__D, 101.94, 353.6, 0.00556148
ANTENNA__11844__S, 101.94, 353.6, 0.00556148
FILLER_0_126_206, 101.94, 353.6, 0.00556148
_08087_, 114.74, 353.6, 0.00558566
_08088_, 114.74, 353.6, 0.00558566
_08113_, 114.74, 353.6, 0.00558566
_08322_, 114.74, 353.6, 0.00558566
_08323_, 114.74, 353.6, 0.00558566
_11910_, 114.74, 353.6, 0.00558566
_15101_, 114.74, 353.6, 0.00558566
_06662_, 127.54, 353.6, 0.00558559
_08134_, 127.54, 353.6, 0.00558559
_14621_, 127.54, 353.6, 0.00558559
ANTENNA__08113__A2, 127.54, 353.6, 0.00558559
ANTENNA__06653__A, 127.54, 353.6, 0.00558559
ANTENNA__06662__A, 127.54, 353.6, 0.00558559
FILLER_0_127_268, 127.54, 353.6, 0.00558559
_10419_, 140.34, 353.6, 0.00557681
_12934_, 140.34, 353.6, 0.00557681
_15135_, 140.34, 353.6, 0.00557681
ANTENNA__13008__S, 140.34, 353.6, 0.00557681
ANTENNA__10419__A1, 140.34, 353.6, 0.00557681
ANTENNA__10419__S, 140.34, 353.6, 0.00557681
ANTENNA__12934__A1, 140.34, 353.6, 0.00557681
FILLER_0_125_290, 140.34, 353.6, 0.00557681
FILLER_0_126_298, 140.34, 353.6, 0.00557681
FILLER_0_127_298, 140.34, 353.6, 0.00557681
_09355_, 153.14, 353.6, 0.00556105
_12996_, 153.14, 353.6, 0.00556105
_12997_, 153.14, 353.6, 0.00556105
ANTENNA__12934__S, 153.14, 353.6, 0.00556105
ANTENNA__12928__S, 153.14, 353.6, 0.00556105
ANTENNA__13004__S, 153.14, 353.6, 0.00556105
ANTENNA__08160__B1, 153.14, 353.6, 0.00556105
ANTENNA__08181__C, 153.14, 353.6, 0.00556105
ANTENNA__08181__D, 153.14, 353.6, 0.00556105
FILLER_0_125_309, 153.14, 353.6, 0.00556105
FILLER_0_125_318, 153.14, 353.6, 0.00556105
FILLER_0_126_313, 153.14, 353.6, 0.00556105
FILLER_0_126_320, 153.14, 353.6, 0.00556105
FILLER_0_126_328, 153.14, 353.6, 0.00556105
_08369_, 165.94, 353.6, 0.00554222
_12942_, 165.94, 353.6, 0.00554222
_12943_, 165.94, 353.6, 0.00554222
_13954_, 165.94, 353.6, 0.00554222
_15106_, 165.94, 353.6, 0.00554222
ANTENNA__08347__A2, 165.94, 353.6, 0.00554222
FILLER_0_125_337, 165.94, 353.6, 0.00554222
_08617_, 191.54, 353.6, 0.00561752
_09343_, 191.54, 353.6, 0.00561752
_12927_, 191.54, 353.6, 0.00561752
_15098_, 191.54, 353.6, 0.00561752
clkbuf_4_7_0_wclk, 191.54, 353.6, 0.00561752
ANTENNA__07967__A, 191.54, 353.6, 0.00561752
ANTENNA__07917__A2, 191.54, 353.6, 0.00561752
ANTENNA__08423__B1, 191.54, 353.6, 0.00561752
FILLER_0_126_399, 191.54, 353.6, 0.00561752
_07967_, 204.34, 353.6, 0.00567228
_08788_, 204.34, 353.6, 0.00567228
_09065_, 204.34, 353.6, 0.00567228
_10262_, 204.34, 353.6, 0.00567228
_13220_, 204.34, 353.6, 0.00567228
ANTENNA__10127__A1, 204.34, 353.6, 0.00567228
ANTENNA__07416__A, 204.34, 353.6, 0.00567228
ANTENNA__08423__A2, 204.34, 353.6, 0.00567228
ANTENNA__08788__A0, 204.34, 353.6, 0.00567228
ANTENNA__08788__S, 204.34, 353.6, 0.00567228
ANTENNA__08767__A, 204.34, 353.6, 0.00567228
ANTENNA__10127__S, 204.34, 353.6, 0.00567228
FILLER_0_126_421, 204.34, 353.6, 0.00567228
_07416_, 217.14, 353.6, 0.00571774
_08767_, 217.14, 353.6, 0.00571774
_10127_, 217.14, 353.6, 0.00571774
_12993_, 217.14, 353.6, 0.00571774
_13764_, 217.14, 353.6, 0.00571774
_13828_, 217.14, 353.6, 0.00571774
ANTENNA__12993__A, 217.14, 353.6, 0.00571774
FILLER_0_126_463, 217.14, 353.6, 0.00571774
_10363_, 229.94, 353.6, 0.00574944
_13924_, 229.94, 353.6, 0.00574944
ANTENNA__08443__A3, 229.94, 353.6, 0.00574944
ANTENNA__08447__A2, 229.94, 353.6, 0.00574944
ANTENNA__10703__A1, 229.94, 353.6, 0.00574944
ANTENNA__10363__S, 229.94, 353.6, 0.00574944
ANTENNA__10703__S, 229.94, 353.6, 0.00574944
FILLER_0_126_493, 229.94, 353.6, 0.00574944
_08456_, 242.74, 353.6, 0.0057753
_09271_, 242.74, 353.6, 0.0057753
_09272_, 242.74, 353.6, 0.0057753
_13444_, 242.74, 353.6, 0.0057753
_13476_, 242.74, 353.6, 0.0057753
ANTENNA__08443__B1, 242.74, 353.6, 0.0057753
_06578_, 255.54, 353.6, 0.00578878
_09371_, 255.54, 353.6, 0.00578878
_13111_, 255.54, 353.6, 0.00578878
ANTENNA__06578__A, 255.54, 353.6, 0.00578878
ANTENNA__08456__A2, 255.54, 353.6, 0.00578878
ANTENNA__08455__C, 255.54, 353.6, 0.00578878
ANTENNA__13111__RESET_B, 255.54, 353.6, 0.00578878
FILLER_0_126_542, 255.54, 353.6, 0.00578878
FILLER_0_126_548, 255.54, 353.6, 0.00578878
FILLER_0_127_544, 255.54, 353.6, 0.00578878
FILLER_0_127_555, 255.54, 353.6, 0.00578878
_13117_, 268.34, 353.6, 0.00579587
hold4, 268.34, 353.6, 0.00579587
ANTENNA__08747__S, 268.34, 353.6, 0.00579587
FILLER_0_125_565, 268.34, 353.6, 0.00579587
FILLER_0_126_580, 268.34, 353.6, 0.00579587
_08519_, 281.14, 353.6, 0.00579657
_08520_, 281.14, 353.6, 0.00579657
_08524_, 281.14, 353.6, 0.00579657
_08547_, 281.14, 353.6, 0.00579657
_13104_, 281.14, 353.6, 0.00579657
_13124_, 281.14, 353.6, 0.00579657
ANTENNA__08524__B2, 281.14, 353.6, 0.00579657
FILLER_0_127_613, 281.14, 353.6, 0.00579657
_11817_, 293.94, 353.6, 0.0057743
_11818_, 293.94, 353.6, 0.0057743
_14576_, 293.94, 353.6, 0.0057743
clkbuf_leaf_68_wclk, 293.94, 353.6, 0.0057743
_07365_, 306.74, 353.6, 0.00573039
_07366_, 306.74, 353.6, 0.00573039
_12905_, 306.74, 353.6, 0.00573039
_14608_, 306.74, 353.6, 0.00573039
ANTENNA__07365__A2, 306.74, 353.6, 0.00573039
ANTENNA__07365__B1, 306.74, 353.6, 0.00573039
ANTENNA__11817__S, 306.74, 353.6, 0.00573039
_07858_, 319.54, 353.6, 0.00567983
_10409_, 319.54, 353.6, 0.00567983
_11836_, 319.54, 353.6, 0.00567983
_14585_, 319.54, 353.6, 0.00567983
_15097_, 319.54, 353.6, 0.00567983
clkbuf_4_13_0_wclk, 319.54, 353.6, 0.00567983
ANTENNA__11885__A1, 319.54, 353.6, 0.00567983
FILLER_0_125_669, 319.54, 353.6, 0.00567983
FILLER_0_126_674, 319.54, 353.6, 0.00567983
_11834_, 345.14, 353.6, 0.0056032
_11902_, 345.14, 353.6, 0.0056032
_13944_, 345.14, 353.6, 0.0056032
_14616_, 345.14, 353.6, 0.0056032
ANTENNA__10406__S, 345.14, 353.6, 0.0056032
_07806_, 357.94, 353.6, 0.0056225
_14578_, 357.94, 353.6, 0.0056225
ANTENNA__07806__B1, 357.94, 353.6, 0.0056225
ANTENNA__12921__A1, 357.94, 353.6, 0.0056225
_07513_, 370.74, 353.6, 0.00563654
_07514_, 370.74, 353.6, 0.00563654
_11819_, 370.74, 353.6, 0.00563654
_12909_, 370.74, 353.6, 0.00563654
_14577_, 370.74, 353.6, 0.00563654
FILLER_0_125_781, 370.74, 353.6, 0.00563654
_10403_, 383.54, 353.6, 0.00564319
_12908_, 383.54, 353.6, 0.00564319
_13942_, 383.54, 353.6, 0.00564319
_15089_, 383.54, 353.6, 0.00564319
ANTENNA__12907__A1, 383.54, 353.6, 0.00564319
FILLER_0_125_821, 383.54, 353.6, 0.00564319
_07488_, 396.34, 353.6, 0.00563881
_07659_, 396.34, 353.6, 0.00563881
_07707_, 396.34, 353.6, 0.00563881
_11827_, 396.34, 353.6, 0.00563881
_12918_, 396.34, 353.6, 0.00563881
_14581_, 396.34, 353.6, 0.00563881
ANTENNA__10402__S, 396.34, 353.6, 0.00563881
_12915_, 409.14, 353.6, 0.00562385
_12917_, 409.14, 353.6, 0.00562385
_15093_, 409.14, 353.6, 0.00562385
ANTENNA__07708__B1, 409.14, 353.6, 0.00562385
ANTENNA__07488__D, 409.14, 353.6, 0.00562385
_07682_, 421.94, 353.6, 0.0056017
_07729_, 421.94, 353.6, 0.0056017
_10942_, 421.94, 353.6, 0.0056017
ANTENNA__12915__S, 421.94, 353.6, 0.0056017
ANTENNA__07682__D, 421.94, 353.6, 0.0056017
ANTENNA__07729__D, 421.94, 353.6, 0.0056017
ANTENNA__10941__S, 421.94, 353.6, 0.0056017
ANTENNA__12917__A1, 421.94, 353.6, 0.0056017
_10940_, 434.74, 353.6, 0.00556916
_12979_, 434.74, 353.6, 0.00556916
_13298_, 434.74, 353.6, 0.00556916
ANTENNA__12979__S, 434.74, 353.6, 0.00556916
ANTENNA__07563__A2, 434.74, 353.6, 0.00556916
ANTENNA__10939__A1, 434.74, 353.6, 0.00556916
ANTENNA__10941__A1, 434.74, 353.6, 0.00556916
ANTENNA__10939__S, 434.74, 353.6, 0.00556916
FILLER_0_126_925, 434.74, 353.6, 0.00556916
_10946_, 447.54, 353.6, 0.00553016
_10947_, 447.54, 353.6, 0.00553016
_10948_, 447.54, 353.6, 0.00553016
_14196_, 447.54, 353.6, 0.00553016
_14197_, 447.54, 353.6, 0.00553016
ANTENNA__10947__A1, 447.54, 353.6, 0.00553016
ANTENNA__10947__S, 447.54, 353.6, 0.00553016
FILLER_0_125_947, 447.54, 353.6, 0.00553016
FILLER_0_126_952, 447.54, 353.6, 0.00553016
_07644_, 460.34, 353.6, 0.005479
ANTENNA__07644__A2, 460.34, 353.6, 0.005479
ANTENNA__07594__A2, 460.34, 353.6, 0.005479
ANTENNA__07546__A2, 460.34, 353.6, 0.005479
ANTENNA__07644__B1, 460.34, 353.6, 0.005479
ANTENNA__10953__A1, 460.34, 353.6, 0.005479
ANTENNA__10953__S, 460.34, 353.6, 0.005479
FILLER_0_125_979, 460.34, 353.6, 0.005479
FILLER_0_125_986, 460.34, 353.6, 0.005479
FILLER_0_126_977, 460.34, 353.6, 0.005479
FILLER_0_126_985, 460.34, 353.6, 0.005479
FILLER_0_126_993, 460.34, 353.6, 0.005479
FILLER_0_127_993, 460.34, 353.6, 0.005479
FILLER_0_127_1000, 460.34, 353.6, 0.005479
_08757_, 473.14, 353.6, 0.00542771
_08960_, 473.14, 353.6, 0.00542771
clkbuf_leaf_86_wclk, 473.14, 353.6, 0.00542771
ANTENNA__08960__A0, 473.14, 353.6, 0.00542771
ANTENNA__08757__S, 473.14, 353.6, 0.00542771
ANTENNA__08960__S, 473.14, 353.6, 0.00542771
ANTENNA__08596__A, 473.14, 353.6, 0.00542771
FILLER_0_125_1005, 473.14, 353.6, 0.00542771
PHY_246, 5.52, 348.16, 0.00520707
PHY_248, 5.52, 348.16, 0.00520707
input24, 5.52, 348.16, 0.00520707
PHY_247, 494.04, 348.16, 0.0053113
PHY_249, 494.04, 348.16, 0.0053113
_08639_, 37.94, 348.16, 0.00527409
_09120_, 37.94, 348.16, 0.00527409
_09127_, 37.94, 348.16, 0.00527409
_09128_, 37.94, 348.16, 0.00527409
_13373_, 37.94, 348.16, 0.00527409
ANTENNA__08287__C, 37.94, 348.16, 0.00527409
ANTENNA__09127__S, 37.94, 348.16, 0.00527409
ANTENNA__06668__A, 37.94, 348.16, 0.00527409
FILLER_0_123_57, 37.94, 348.16, 0.00527409
FILLER_0_124_57, 37.94, 348.16, 0.00527409
FILLER_0_124_63, 37.94, 348.16, 0.00527409
FILLER_0_124_81, 37.94, 348.16, 0.00527409
FILLER_0_125_77, 37.94, 348.16, 0.00527409
_08287_, 50.74, 348.16, 0.00533474
_08990_, 50.74, 348.16, 0.00533474
_10965_, 50.74, 348.16, 0.00533474
_13309_, 50.74, 348.16, 0.00533474
clkbuf_leaf_37_wclk, 50.74, 348.16, 0.00533474
ANTENNA_clkbuf_leaf_37_wclk_A, 50.74, 348.16, 0.00533474
FILLER_0_123_93, 50.74, 348.16, 0.00533474
FILLER_0_124_92, 50.74, 348.16, 0.00533474
FILLER_0_125_99, 50.74, 348.16, 0.00533474
FILLER_0_125_105, 50.74, 348.16, 0.00533474
_08285_, 63.54, 348.16, 0.00536908
_08980_, 63.54, 348.16, 0.00536908
_08989_, 63.54, 348.16, 0.00536908
_14205_, 63.54, 348.16, 0.00536908
ANTENNA__08285__A2, 63.54, 348.16, 0.00536908
ANTENNA__08097__A2, 63.54, 348.16, 0.00536908
ANTENNA__08285__B1, 63.54, 348.16, 0.00536908
_08144_, 76.34, 348.16, 0.00539698
_08979_, 76.34, 348.16, 0.00539698
_13310_, 76.34, 348.16, 0.00539698
ANTENNA__08983__A0, 76.34, 348.16, 0.00539698
ANTENNA__08979__S, 76.34, 348.16, 0.00539698
FILLER_0_123_150, 76.34, 348.16, 0.00539698
_08977_, 89.14, 348.16, 0.00541944
_08984_, 89.14, 348.16, 0.00541944
_11845_, 89.14, 348.16, 0.00541944
_11852_, 89.14, 348.16, 0.00541944
ANTENNA__08983__S, 89.14, 348.16, 0.00541944
ANTENNA__11852__S, 89.14, 348.16, 0.00541944
ANTENNA__11842__S, 89.14, 348.16, 0.00541944
FILLER_0_124_175, 89.14, 348.16, 0.00541944
FILLER_0_124_184, 89.14, 348.16, 0.00541944
_08253_, 101.94, 348.16, 0.00543867
_11920_, 101.94, 348.16, 0.00543867
_11921_, 101.94, 348.16, 0.00543867
ANTENNA__08253__A2, 101.94, 348.16, 0.00543867
ANTENNA__08253__B1, 101.94, 348.16, 0.00543867
ANTENNA__10423__S, 101.94, 348.16, 0.00543867
ANTENNA__11844__A1, 101.94, 348.16, 0.00543867
ANTENNA__11920__A1, 101.94, 348.16, 0.00543867
ANTENNA__11920__S, 101.94, 348.16, 0.00543867
FILLER_0_124_197, 101.94, 348.16, 0.00543867
_11764_, 114.74, 348.16, 0.00545587
_11912_, 114.74, 348.16, 0.00545587
_11913_, 114.74, 348.16, 0.00545587
ANTENNA__12938__S, 114.74, 348.16, 0.00545587
ANTENNA__08275__D, 114.74, 348.16, 0.00545587
ANTENNA__11910__A1, 114.74, 348.16, 0.00545587
ANTENNA__11912__A1, 114.74, 348.16, 0.00545587
ANTENNA__11918__S, 114.74, 348.16, 0.00545587
ANTENNA__11910__S, 114.74, 348.16, 0.00545587
ANTENNA__11764__A, 114.74, 348.16, 0.00545587
FILLER_0_123_225, 114.74, 348.16, 0.00545587
FILLER_0_123_236, 114.74, 348.16, 0.00545587
FILLER_0_124_229, 114.74, 348.16, 0.00545587
_08135_, 127.54, 348.16, 0.00546999
_10420_, 127.54, 348.16, 0.00546999
_13950_, 127.54, 348.16, 0.00546999
_14590_, 127.54, 348.16, 0.00546999
ANTENNA__08134__C, 127.54, 348.16, 0.00546999
ANTENNA__08134__D, 127.54, 348.16, 0.00546999
ANTENNA__08228__D, 127.54, 348.16, 0.00546999
ANTENNA__11912__S, 127.54, 348.16, 0.00546999
FILLER_0_123_260, 127.54, 348.16, 0.00546999
FILLER_0_125_269, 127.54, 348.16, 0.00546999
FILLER_0_125_275, 127.54, 348.16, 0.00546999
_11915_, 140.34, 348.16, 0.00546662
_12935_, 140.34, 348.16, 0.00546662
_14622_, 140.34, 348.16, 0.00546662
_15102_, 140.34, 348.16, 0.00546662
ANTENNA__08160__A2, 140.34, 348.16, 0.00546662
FILLER_0_124_303, 140.34, 348.16, 0.00546662
FILLER_0_125_302, 140.34, 348.16, 0.00546662
_08181_, 153.14, 348.16, 0.00545222
_12928_, 153.14, 348.16, 0.00545222
_13947_, 153.14, 348.16, 0.00545222
_15099_, 153.14, 348.16, 0.00545222
ANTENNA__08348__A2, 153.14, 348.16, 0.00545222
ANTENNA__12928__A1, 153.14, 348.16, 0.00545222
FILLER_0_125_331, 153.14, 348.16, 0.00545222
_08347_, 165.94, 348.16, 0.00542454
_08348_, 165.94, 348.16, 0.00542454
_10427_, 165.94, 348.16, 0.00542454
ANTENNA__08347__B1, 165.94, 348.16, 0.00542454
ANTENNA__10427__A1, 165.94, 348.16, 0.00542454
ANTENNA__10427__S, 165.94, 348.16, 0.00542454
FILLER_0_123_337, 165.94, 348.16, 0.00542454
FILLER_0_124_336, 165.94, 348.16, 0.00542454
FILLER_0_124_361, 165.94, 348.16, 0.00542454
_07916_, 191.54, 348.16, 0.00544921
_10412_, 191.54, 348.16, 0.00544921
_11839_, 191.54, 348.16, 0.00544921
_12926_, 191.54, 348.16, 0.00544921
_13946_, 191.54, 348.16, 0.00544921
ANTENNA__07917__B1, 191.54, 348.16, 0.00544921
ANTENNA__10411__A1, 191.54, 348.16, 0.00544921
ANTENNA__10411__S, 191.54, 348.16, 0.00544921
ANTENNA__09339__A, 191.54, 348.16, 0.00544921
FILLER_0_123_396, 191.54, 348.16, 0.00544921
FILLER_0_124_392, 191.54, 348.16, 0.00544921
FILLER_0_124_414, 191.54, 348.16, 0.00544921
FILLER_0_125_417, 191.54, 348.16, 0.00544921
_07917_, 204.34, 348.16, 0.0054961
_08789_, 204.34, 348.16, 0.0054961
_09339_, 204.34, 348.16, 0.0054961
_09370_, 204.34, 348.16, 0.0054961
ANTENNA__07955__C, 204.34, 348.16, 0.0054961
FILLER_0_124_429, 204.34, 348.16, 0.0054961
_08444_, 217.14, 348.16, 0.0055393
_08719_, 217.14, 348.16, 0.0055393
_08720_, 217.14, 348.16, 0.0055393
_10128_, 217.14, 348.16, 0.0055393
_13188_, 217.14, 348.16, 0.0055393
ANTENNA__10363__A0, 217.14, 348.16, 0.0055393
ANTENNA__08444__B, 217.14, 348.16, 0.0055393
ANTENNA__08719__S, 217.14, 348.16, 0.0055393
FILLER_0_123_449, 217.14, 348.16, 0.0055393
FILLER_0_125_468, 217.14, 348.16, 0.0055393
_08443_, 229.94, 348.16, 0.00557523
_09203_, 229.94, 348.16, 0.00557523
_13015_, 229.94, 348.16, 0.00557523
_13412_, 229.94, 348.16, 0.00557523
_15140_, 229.94, 348.16, 0.00557523
ANTENNA__08443__A2, 229.94, 348.16, 0.00557523
ANTENNA__07895__B1, 229.94, 348.16, 0.00557523
ANTENNA__13014__A1, 229.94, 348.16, 0.00557523
FILLER_0_125_497, 229.94, 348.16, 0.00557523
_08455_, 242.74, 348.16, 0.0056
_09372_, 242.74, 348.16, 0.0056
_13668_, 242.74, 348.16, 0.0056
ANTENNA__13014__S, 242.74, 348.16, 0.0056
ANTENNA__08445__A2, 242.74, 348.16, 0.0056
FILLER_0_123_513, 242.74, 348.16, 0.0056
FILLER_0_124_506, 242.74, 348.16, 0.0056
_08747_, 255.54, 348.16, 0.0056193
_09786_, 255.54, 348.16, 0.0056193
_13110_, 255.54, 348.16, 0.0056193
_13200_, 255.54, 348.16, 0.0056193
ANTENNA__08455__B, 255.54, 348.16, 0.0056193
ANTENNA__08747__A0, 255.54, 348.16, 0.0056193
ANTENNA__09786__A0, 255.54, 348.16, 0.0056193
ANTENNA__09786__S, 255.54, 348.16, 0.0056193
FILLER_0_124_546, 255.54, 348.16, 0.0056193
_08746_, 268.34, 348.16, 0.00562526
_13125_, 268.34, 348.16, 0.00562526
hold3, 268.34, 348.16, 0.00562526
ANTENNA__13125__RESET_B, 268.34, 348.16, 0.00562526
FILLER_0_123_561, 268.34, 348.16, 0.00562526
_06740_, 281.14, 348.16, 0.00562329
_08521_, 281.14, 348.16, 0.00562329
_08522_, 281.14, 348.16, 0.00562329
_08523_, 281.14, 348.16, 0.00562329
ANTENNA__13124__RESET_B, 281.14, 348.16, 0.00562329
ANTENNA__13104__RESET_B, 281.14, 348.16, 0.00562329
ANTENNA__13088__RESET_B, 281.14, 348.16, 0.00562329
FILLER_0_123_599, 281.14, 348.16, 0.00562329
FILLER_0_124_607, 281.14, 348.16, 0.00562329
_06527_, 293.94, 348.16, 0.00561361
_06569_, 293.94, 348.16, 0.00561361
_06714_, 293.94, 348.16, 0.00561361
ANTENNA__06740__A, 293.94, 348.16, 0.00561361
ANTENNA__06714__B_N, 293.94, 348.16, 0.00561361
ANTENNA_clkbuf_leaf_68_wclk_A, 293.94, 348.16, 0.00561361
FILLER_0_124_640, 293.94, 348.16, 0.00561361
_08616_, 306.74, 348.16, 0.00557215
_11885_, 306.74, 348.16, 0.00557215
_13069_, 306.74, 348.16, 0.00557215
ANTENNA__07407__B1, 306.74, 348.16, 0.00557215
ANTENNA__08615__A0, 306.74, 348.16, 0.00557215
ANTENNA__11817__A1, 306.74, 348.16, 0.00557215
ANTENNA__11885__S, 306.74, 348.16, 0.00557215
ANTENNA__13069__RESET_B, 306.74, 348.16, 0.00557215
FILLER_0_123_646, 306.74, 348.16, 0.00557215
FILLER_0_124_653, 306.74, 348.16, 0.00557215
FILLER_0_124_659, 306.74, 348.16, 0.00557215
FILLER_0_124_666, 306.74, 348.16, 0.00557215
_11835_, 319.54, 348.16, 0.00551835
ANTENNA__12904__A, 319.54, 348.16, 0.00551835
ANTENNA__07887__A2, 319.54, 348.16, 0.00551835
ANTENNA__07366__A2, 319.54, 348.16, 0.00551835
ANTENNA__07858__B1, 319.54, 348.16, 0.00551835
ANTENNA__08588__A0, 319.54, 348.16, 0.00551835
ANTENNA__11835__S, 319.54, 348.16, 0.00551835
ANTENNA__13060__RESET_B, 319.54, 348.16, 0.00551835
ANTENNA__07887__A1, 319.54, 348.16, 0.00551835
ANTENNA_clkbuf_4_13_0_wclk_A, 319.54, 348.16, 0.00551835
FILLER_0_123_677, 319.54, 348.16, 0.00551835
_11833_, 345.14, 348.16, 0.00550457
_11901_, 345.14, 348.16, 0.00550457
_12921_, 345.14, 348.16, 0.00550457
ANTENNA__11901__A1, 345.14, 348.16, 0.00550457
ANTENNA__11833__S, 345.14, 348.16, 0.00550457
ANTENNA__11901__S, 345.14, 348.16, 0.00550457
FILLER_0_123_729, 345.14, 348.16, 0.00550457
_11821_, 357.94, 348.16, 0.00554226
_11822_, 357.94, 348.16, 0.00554226
_14610_, 357.94, 348.16, 0.00554226
ANTENNA__12921__S, 357.94, 348.16, 0.00554226
ANTENNA__07806__A2, 357.94, 348.16, 0.00554226
ANTENNA__11821__S, 357.94, 348.16, 0.00554226
ANTENNA__07539__A1, 357.94, 348.16, 0.00554226
ANTENNA__07834__A1, 357.94, 348.16, 0.00554226
FILLER_0_124_761, 357.94, 348.16, 0.00554226
FILLER_0_124_772, 357.94, 348.16, 0.00554226
_07536_, 370.74, 348.16, 0.0055738
_11889_, 370.74, 348.16, 0.0055738
_14609_, 370.74, 348.16, 0.0055738
ANTENNA__07514__A2, 370.74, 348.16, 0.0055738
ANTENNA__07514__B1, 370.74, 348.16, 0.0055738
ANTENNA__11821__A1, 370.74, 348.16, 0.0055738
ANTENNA__11819__S, 370.74, 348.16, 0.0055738
FILLER_0_124_795, 370.74, 348.16, 0.0055738
FILLER_0_125_802, 370.74, 348.16, 0.0055738
_11830_, 383.54, 348.16, 0.00559714
_11887_, 383.54, 348.16, 0.00559714
_11888_, 383.54, 348.16, 0.00559714
_14582_, 383.54, 348.16, 0.00559714
ANTENNA__11887__A1, 383.54, 348.16, 0.00559714
ANTENNA__11829__S, 383.54, 348.16, 0.00559714
ANTENNA__11887__S, 383.54, 348.16, 0.00559714
FILLER_0_124_822, 383.54, 348.16, 0.00559714
_11828_, 396.34, 348.16, 0.00561338
_11829_, 396.34, 348.16, 0.00561338
_14613_, 396.34, 348.16, 0.00561338
ANTENNA__07707__A2, 396.34, 348.16, 0.00561338
ANTENNA__07707__B1, 396.34, 348.16, 0.00561338
ANTENNA__11829__A1, 396.34, 348.16, 0.00561338
ANTENNA__11895__S, 396.34, 348.16, 0.00561338
FILLER_0_123_837, 396.34, 348.16, 0.00561338
FILLER_0_124_858, 396.34, 348.16, 0.00561338
_07708_, 409.14, 348.16, 0.00562328
_11895_, 409.14, 348.16, 0.00562328
_11896_, 409.14, 348.16, 0.00562328
_14614_, 409.14, 348.16, 0.00562328
_10941_, 421.94, 348.16, 0.00562601
_14194_, 421.94, 348.16, 0.00562601
clkbuf_4_15_0_wclk, 421.94, 348.16, 0.00562601
ANTENNA__07708__A2, 421.94, 348.16, 0.00562601
ANTENNA__07634__D, 421.94, 348.16, 0.00562601
ANTENNA__11895__A1, 421.94, 348.16, 0.00562601
ANTENNA__11897__A1, 421.94, 348.16, 0.00562601
FILLER_0_123_897, 421.94, 348.16, 0.00562601
_08958_, 434.74, 348.16, 0.00557748
_08959_, 434.74, 348.16, 0.00557748
_10939_, 434.74, 348.16, 0.00557748
_14193_, 434.74, 348.16, 0.00557748
FILLER_0_124_944, 434.74, 348.16, 0.00557748
_07594_, 447.54, 348.16, 0.00552155
_08963_, 447.54, 348.16, 0.00552155
_10945_, 447.54, 348.16, 0.00552155
_13297_, 447.54, 348.16, 0.00552155
ANTENNA__07594__B1, 447.54, 348.16, 0.00552155
ANTENNA__10945__A1, 447.54, 348.16, 0.00552155
ANTENNA__10945__S, 447.54, 348.16, 0.00552155
_07546_, 460.34, 348.16, 0.00545914
_08970_, 460.34, 348.16, 0.00545914
_08971_, 460.34, 348.16, 0.00545914
_13301_, 460.34, 348.16, 0.00545914
ANTENNA__07546__B1, 460.34, 348.16, 0.00545914
ANTENNA__08970__S, 460.34, 348.16, 0.00545914
FILLER_0_123_985, 460.34, 348.16, 0.00545914
_08961_, 473.14, 348.16, 0.00539034
_13299_, 473.14, 348.16, 0.00539034
_13304_, 473.14, 348.16, 0.00539034
FILLER_0_124_1025, 473.14, 348.16, 0.00539034
PHY_242, 5.52, 342.72, 0.00513914
PHY_244, 5.52, 342.72, 0.00513914
PHY_243, 494.04, 342.72, 0.00522784
PHY_245, 494.04, 342.72, 0.00522784
ANTENNA__07734__B1, 494.04, 342.72, 0.00522784
ANTENNA__12513__A1, 494.04, 342.72, 0.00522784
_09119_, 37.94, 342.72, 0.00519313
_09909_, 37.94, 342.72, 0.00519313
_13377_, 37.94, 342.72, 0.00519313
ANTENNA__08098__B1, 37.94, 342.72, 0.00519313
ANTENNA__09908__A0, 37.94, 342.72, 0.00519313
ANTENNA__09916__S, 37.94, 342.72, 0.00519313
FILLER_0_121_60, 37.94, 342.72, 0.00519313
FILLER_0_121_70, 37.94, 342.72, 0.00519313
FILLER_0_122_61, 37.94, 342.72, 0.00519313
_08098_, 50.74, 342.72, 0.0052403
_08099_, 50.74, 342.72, 0.0052403
_08981_, 50.74, 342.72, 0.0052403
_08982_, 50.74, 342.72, 0.0052403
ANTENNA__12526__S, 50.74, 342.72, 0.0052403
ANTENNA__12526__A1, 50.74, 342.72, 0.0052403
FILLER_0_121_89, 50.74, 342.72, 0.0052403
FILLER_0_122_99, 50.74, 342.72, 0.0052403
_08097_, 63.54, 342.72, 0.00528344
_10964_, 63.54, 342.72, 0.00528344
_13308_, 63.54, 342.72, 0.00528344
ANTENNA__08139__B1, 63.54, 342.72, 0.00528344
ANTENNA__08097__B1, 63.54, 342.72, 0.00528344
ANTENNA__08051__C, 63.54, 342.72, 0.00528344
ANTENNA__08146__C, 63.54, 342.72, 0.00528344
ANTENNA__09910__A0, 63.54, 342.72, 0.00528344
ANTENNA__10964__S, 63.54, 342.72, 0.00528344
FILLER_0_122_130, 63.54, 342.72, 0.00528344
FILLER_0_123_129, 63.54, 342.72, 0.00528344
_08051_, 76.34, 342.72, 0.00532087
_08146_, 76.34, 342.72, 0.00532087
_08983_, 76.34, 342.72, 0.00532087
_09117_, 76.34, 342.72, 0.00532087
_09118_, 76.34, 342.72, 0.00532087
_13307_, 76.34, 342.72, 0.00532087
_13372_, 76.34, 342.72, 0.00532087
ANTENNA__09117__A0, 76.34, 342.72, 0.00532087
FILLER_0_123_165, 76.34, 342.72, 0.00532087
_08978_, 89.14, 342.72, 0.0053424
_10424_, 89.14, 342.72, 0.0053424
_11851_, 89.14, 342.72, 0.0053424
_14592_, 89.14, 342.72, 0.0053424
ANTENNA__08977__A0, 89.14, 342.72, 0.0053424
ANTENNA__08977__S, 89.14, 342.72, 0.0053424
ANTENNA__10423__A1, 89.14, 342.72, 0.0053424
FILLER_0_121_172, 89.14, 342.72, 0.0053424
FILLER_0_122_182, 89.14, 342.72, 0.0053424
FILLER_0_123_188, 89.14, 342.72, 0.0053424
_10423_, 101.94, 342.72, 0.00535714
_12939_, 101.94, 342.72, 0.00535714
_15104_, 101.94, 342.72, 0.00535714
ANTENNA__11918__A1, 101.94, 342.72, 0.00535714
ANTENNA__12938__A1, 101.94, 342.72, 0.00535714
FILLER_0_121_207, 101.94, 342.72, 0.00535714
FILLER_0_123_211, 101.94, 342.72, 0.00535714
FILLER_0_123_217, 101.94, 342.72, 0.00535714
_08206_, 114.74, 342.72, 0.00536541
_08275_, 114.74, 342.72, 0.00536541
_11918_, 114.74, 342.72, 0.00536541
_12937_, 114.74, 342.72, 0.00536541
_12938_, 114.74, 342.72, 0.00536541
ANTENNA__08206__A2, 114.74, 342.72, 0.00536541
ANTENNA__08206__B1, 114.74, 342.72, 0.00536541
ANTENNA__08275__C, 114.74, 342.72, 0.00536541
ANTENNA__10421__S, 114.74, 342.72, 0.00536541
FILLER_0_123_249, 114.74, 342.72, 0.00536541
_08228_, 127.54, 342.72, 0.00536628
_10278_, 127.54, 342.72, 0.00536628
_11846_, 127.54, 342.72, 0.00536628
_11847_, 127.54, 342.72, 0.00536628
ANTENNA__11846__A1, 127.54, 342.72, 0.00536628
ANTENNA__10278__A, 127.54, 342.72, 0.00536628
FILLER_0_122_253, 127.54, 342.72, 0.00536628
FILLER_0_122_266, 127.54, 342.72, 0.00536628
_08159_, 140.34, 342.72, 0.00535942
_08160_, 140.34, 342.72, 0.00535942
_11914_, 140.34, 342.72, 0.00535942
ANTENNA__08159__A2, 140.34, 342.72, 0.00535942
ANTENNA__08159__B1, 140.34, 342.72, 0.00535942
ANTENNA__10413__A1, 140.34, 342.72, 0.00535942
ANTENNA__11846__S, 140.34, 342.72, 0.00535942
FILLER_0_121_281, 140.34, 342.72, 0.00535942
FILLER_0_122_301, 140.34, 342.72, 0.00535942
_08015_, 153.14, 342.72, 0.00535051
_08182_, 153.14, 342.72, 0.00535051
_10413_, 153.14, 342.72, 0.00535051
_10414_, 153.14, 342.72, 0.00535051
_12929_, 153.14, 342.72, 0.00535051
ANTENNA__08016__A2, 153.14, 342.72, 0.00535051
ANTENNA__08015__A2, 153.14, 342.72, 0.00535051
ANTENNA__08015__B1, 153.14, 342.72, 0.00535051
ANTENNA__08039__D, 153.14, 342.72, 0.00535051
ANTENNA__10413__S, 153.14, 342.72, 0.00535051
FILLER_0_122_324, 153.14, 342.72, 0.00535051
FILLER_0_122_329, 153.14, 342.72, 0.00535051
_11854_, 165.94, 342.72, 0.00533169
_11855_, 165.94, 342.72, 0.00533169
_11922_, 165.94, 342.72, 0.00533169
_11923_, 165.94, 342.72, 0.00533169
ANTENNA__08016__B1, 165.94, 342.72, 0.00533169
ANTENNA__08416__D, 165.94, 342.72, 0.00533169
ANTENNA__11854__A1, 165.94, 342.72, 0.00533169
ANTENNA__11854__S, 165.94, 342.72, 0.00533169
ANTENNA__11922__S, 165.94, 342.72, 0.00533169
ANTENNA__12944__A1, 165.94, 342.72, 0.00533169
ANTENNA_clkbuf_leaf_54_wclk_A, 165.94, 342.72, 0.00533169
FILLER_0_122_358, 165.94, 342.72, 0.00533169
_10411_, 191.54, 342.72, 0.00534274
_11838_, 191.54, 342.72, 0.00534274
_14618_, 191.54, 342.72, 0.00534274
ANTENNA__11838__S, 191.54, 342.72, 0.00534274
_07913_, 204.34, 342.72, 0.00536933
_07955_, 204.34, 342.72, 0.00536933
_08648_, 204.34, 342.72, 0.00536933
_11906_, 204.34, 342.72, 0.00536933
ANTENNA__07912__A, 204.34, 342.72, 0.00536933
ANTENNA__07913__A, 204.34, 342.72, 0.00536933
ANTENNA__07955__D, 204.34, 342.72, 0.00536933
ANTENNA__08619__S, 204.34, 342.72, 0.00536933
ANTENNA__11906__S, 204.34, 342.72, 0.00536933
ANTENNA__08648__A, 204.34, 342.72, 0.00536933
FILLER_0_121_422, 204.34, 342.72, 0.00536933
FILLER_0_122_430, 204.34, 342.72, 0.00536933
FILLER_0_122_439, 204.34, 342.72, 0.00536933
FILLER_0_123_441, 204.34, 342.72, 0.00536933
ANTENNA__08444__C, 217.14, 342.72, 0.00539063
ANTENNA__07915__A, 217.14, 342.72, 0.00539063
ANTENNA__07890__A2, 217.14, 342.72, 0.00539063
ANTENNA__07896__A2, 217.14, 342.72, 0.00539063
ANTENNA__08975__A0, 217.14, 342.72, 0.00539063
ANTENNA__09202__A0, 217.14, 342.72, 0.00539063
ANTENNA__08719__A0, 217.14, 342.72, 0.00539063
ANTENNA__10958__A1, 217.14, 342.72, 0.00539063
ANTENNA__10958__S, 217.14, 342.72, 0.00539063
FILLER_0_121_449, 217.14, 342.72, 0.00539063
FILLER_0_121_460, 217.14, 342.72, 0.00539063
FILLER_0_122_448, 217.14, 342.72, 0.00539063
FILLER_0_122_454, 217.14, 342.72, 0.00539063
FILLER_0_122_459, 217.14, 342.72, 0.00539063
FILLER_0_123_463, 217.14, 342.72, 0.00539063
_07895_, 229.94, 342.72, 0.00541192
_07915_, 229.94, 342.72, 0.00541192
_08445_, 229.94, 342.72, 0.00541192
_09202_, 229.94, 342.72, 0.00541192
_13014_, 229.94, 342.72, 0.00541192
ANTENNA__07914__A, 229.94, 342.72, 0.00541192
ANTENNA__08463__D, 229.94, 342.72, 0.00541192
ANTENNA__12946__A1, 229.94, 342.72, 0.00541192
_09787_, 242.74, 342.72, 0.00542775
_13956_, 242.74, 342.72, 0.00542775
ANTENNA__08445__A3, 242.74, 342.72, 0.00542775
ANTENNA__08442__A2, 242.74, 342.72, 0.00542775
ANTENNA__08442__B1, 242.74, 342.72, 0.00542775
ANTENNA__09202__S, 242.74, 342.72, 0.00542775
ANTENNA__10431__A1, 242.74, 342.72, 0.00542775
ANTENNA__10410__A, 242.74, 342.72, 0.00542775
FILLER_0_121_505, 242.74, 342.72, 0.00542775
FILLER_0_122_506, 242.74, 342.72, 0.00542775
FILLER_0_122_521, 242.74, 342.72, 0.00542775
FILLER_0_122_529, 242.74, 342.72, 0.00542775
FILLER_0_123_525, 242.74, 342.72, 0.00542775
_08748_, 255.54, 342.72, 0.00543801
ANTENNA__08642__A, 255.54, 342.72, 0.00543801
ANTENNA__13110__RESET_B, 255.54, 342.72, 0.00543801
FILLER_0_122_533, 255.54, 342.72, 0.00543801
FILLER_0_122_557, 255.54, 342.72, 0.00543801
FILLER_0_123_557, 255.54, 342.72, 0.00543801
_06571_, 268.34, 342.72, 0.00544747
_07362_, 268.34, 342.72, 0.00544747
ANTENNA__06571__A, 268.34, 342.72, 0.00544747
ANTENNA__07362__A, 268.34, 342.72, 0.00544747
ANTENNA__08746__A, 268.34, 342.72, 0.00544747
ANTENNA__08954__S, 268.34, 342.72, 0.00544747
ANTENNA__13087__RESET_B, 268.34, 342.72, 0.00544747
FILLER_0_121_571, 268.34, 342.72, 0.00544747
FILLER_0_122_569, 268.34, 342.72, 0.00544747
_13088_, 281.14, 342.72, 0.00545469
_13094_, 281.14, 342.72, 0.00545469
_13102_, 281.14, 342.72, 0.00545469
ANTENNA__13102__RESET_B, 281.14, 342.72, 0.00545469
FILLER_0_123_609, 281.14, 342.72, 0.00545469
_06702_, 293.94, 342.72, 0.00544865
_07886_, 293.94, 342.72, 0.00544865
hold11, 293.94, 342.72, 0.00544865
ANTENNA__07886__A2, 293.94, 342.72, 0.00544865
ANTENNA__07886__B1, 293.94, 342.72, 0.00544865
FILLER_0_121_625, 293.94, 342.72, 0.00544865
FILLER_0_122_629, 293.94, 342.72, 0.00544865
FILLER_0_123_638, 293.94, 342.72, 0.00544865
_07887_, 306.74, 342.72, 0.00543104
_08615_, 306.74, 342.72, 0.00543104
_10938_, 306.74, 342.72, 0.00543104
_13145_, 306.74, 342.72, 0.00543104
_10955_, 319.54, 342.72, 0.00540357
_10956_, 319.54, 342.72, 0.00540357
_13060_, 319.54, 342.72, 0.00540357
ANTENNA__07361__A, 319.54, 342.72, 0.00540357
ANTENNA__07407__A2, 319.54, 342.72, 0.00540357
ANTENNA__08615__S, 319.54, 342.72, 0.00540357
ANTENNA__10955__A1, 319.54, 342.72, 0.00540357
ANTENNA__10955__S, 319.54, 342.72, 0.00540357
ANTENNA__07408__A1, 319.54, 342.72, 0.00540357
ANTENNA__13060__CLK, 319.54, 342.72, 0.00540357
FILLER_0_123_692, 319.54, 342.72, 0.00540357
_07834_, 345.14, 342.72, 0.00538058
ANTENNA__07834__A2, 345.14, 342.72, 0.00538058
ANTENNA__07843__C, 345.14, 342.72, 0.00538058
ANTENNA__08972__A0, 345.14, 342.72, 0.00538058
ANTENNA__11833__A1, 345.14, 342.72, 0.00538058
ANTENNA__13068__RESET_B, 345.14, 342.72, 0.00538058
ANTENNA__13062__RESET_B, 345.14, 342.72, 0.00538058
FILLER_0_121_737, 345.14, 342.72, 0.00538058
FILLER_0_122_728, 345.14, 342.72, 0.00538058
FILLER_0_122_740, 345.14, 342.72, 0.00538058
FILLER_0_123_743, 345.14, 342.72, 0.00538058
_07539_, 357.94, 342.72, 0.00539386
_10399_, 357.94, 342.72, 0.00539386
_11890_, 357.94, 342.72, 0.00539386
ANTENNA__07539__A2, 357.94, 342.72, 0.00539386
ANTENNA__11889__S, 357.94, 342.72, 0.00539386
ANTENNA__13062__CLK, 357.94, 342.72, 0.00539386
ANTENNA__13068__CLK, 357.94, 342.72, 0.00539386
FILLER_0_122_772, 357.94, 342.72, 0.00539386
FILLER_0_122_780, 357.94, 342.72, 0.00539386
FILLER_0_123_771, 357.94, 342.72, 0.00539386
_07537_, 370.74, 342.72, 0.0054023
_10398_, 370.74, 342.72, 0.0054023
ANTENNA__07536__D, 370.74, 342.72, 0.0054023
ANTENNA__10398__A1, 370.74, 342.72, 0.0054023
ANTENNA__10398__S, 370.74, 342.72, 0.0054023
ANTENNA__11889__A1, 370.74, 342.72, 0.0054023
FILLER_0_122_785, 370.74, 342.72, 0.0054023
FILLER_0_122_796, 370.74, 342.72, 0.0054023
FILLER_0_122_804, 370.74, 342.72, 0.0054023
FILLER_0_123_798, 370.74, 342.72, 0.0054023
_10405_, 383.54, 342.72, 0.00540492
ANTENNA__12913__S, 383.54, 342.72, 0.00540492
ANTENNA__07610__A2, 383.54, 342.72, 0.00540492
ANTENNA__10404__S, 383.54, 342.72, 0.00540492
ANTENNA__10396__S, 383.54, 342.72, 0.00540492
ANTENNA__12913__A1, 383.54, 342.72, 0.00540492
FILLER_0_122_817, 383.54, 342.72, 0.00540492
FILLER_0_122_822, 383.54, 342.72, 0.00540492
FILLER_0_122_831, 383.54, 342.72, 0.00540492
FILLER_0_123_829, 383.54, 342.72, 0.00540492
_10396_, 396.34, 342.72, 0.00540671
_13939_, 396.34, 342.72, 0.00540671
ANTENNA__07754__A2, 396.34, 342.72, 0.00540671
ANTENNA__07754__B1, 396.34, 342.72, 0.00540671
ANTENNA__10396__A1, 396.34, 342.72, 0.00540671
ANTENNA__10404__A1, 396.34, 342.72, 0.00540671
FILLER_0_122_862, 396.34, 342.72, 0.00540671
_11897_, 409.14, 342.72, 0.00540257
_11898_, 409.14, 342.72, 0.00540257
_12919_, 409.14, 342.72, 0.00540257
_15095_, 409.14, 342.72, 0.00540257
ANTENNA__12919__S, 409.14, 342.72, 0.00540257
ANTENNA__07755__A2, 409.14, 342.72, 0.00540257
ANTENNA__07755__B1, 409.14, 342.72, 0.00540257
ANTENNA__11897__S, 409.14, 342.72, 0.00540257
ANTENNA__12919__A1, 409.14, 342.72, 0.00540257
FILLER_0_121_864, 409.14, 342.72, 0.00540257
FILLER_0_122_869, 409.14, 342.72, 0.00540257
_07498_, 421.94, 342.72, 0.00539084
_07634_, 421.94, 342.72, 0.00539084
_13067_, 421.94, 342.72, 0.00539084
ANTENNA__12911__S, 421.94, 342.72, 0.00539084
ANTENNA__07781__B1, 421.94, 342.72, 0.00539084
ANTENNA__07498__B1, 421.94, 342.72, 0.00539084
ANTENNA__08609__A0, 421.94, 342.72, 0.00539084
ANTENNA__12911__A1, 421.94, 342.72, 0.00539084
ANTENNA__13067__RESET_B, 421.94, 342.72, 0.00539084
ANTENNA__07782__A1, 421.94, 342.72, 0.00539084
ANTENNA_clkbuf_4_15_0_wclk_A, 421.94, 342.72, 0.00539084
ANTENNA__13067__CLK, 421.94, 342.72, 0.00539084
FILLER_0_122_893, 421.94, 342.72, 0.00539084
_08956_, 434.74, 342.72, 0.00536636
_09886_, 434.74, 342.72, 0.00536636
_12502_, 434.74, 342.72, 0.00536636
ANTENNA__12501__S, 434.74, 342.72, 0.00536636
ANTENNA__07782__A2, 434.74, 342.72, 0.00536636
ANTENNA__07498__A2, 434.74, 342.72, 0.00536636
ANTENNA__08956__A0, 434.74, 342.72, 0.00536636
ANTENNA__08958__A0, 434.74, 342.72, 0.00536636
ANTENNA__08958__S, 434.74, 342.72, 0.00536636
ANTENNA__08956__S, 434.74, 342.72, 0.00536636
ANTENNA__09885__A0, 434.74, 342.72, 0.00536636
ANTENNA__09885__S, 434.74, 342.72, 0.00536636
FILLER_0_122_925, 434.74, 342.72, 0.00536636
FILLER_0_123_940, 434.74, 342.72, 0.00536636
_07431_, 447.54, 342.72, 0.00533931
_08957_, 447.54, 342.72, 0.00533931
_08962_, 447.54, 342.72, 0.00533931
_13300_, 447.54, 342.72, 0.00533931
ANTENNA__07493__A2, 447.54, 342.72, 0.00533931
ANTENNA__07493__B1, 447.54, 342.72, 0.00533931
ANTENNA__07431__A2, 447.54, 342.72, 0.00533931
ANTENNA__07431__B1, 447.54, 342.72, 0.00533931
ANTENNA__10951__S, 447.54, 342.72, 0.00533931
FILLER_0_121_949, 447.54, 342.72, 0.00533931
FILLER_0_122_966, 447.54, 342.72, 0.00533931
_07789_, 460.34, 342.72, 0.00530598
_08964_, 460.34, 342.72, 0.00530598
_08965_, 460.34, 342.72, 0.00530598
_08969_, 460.34, 342.72, 0.00530598
ANTENNA__07789__A2, 460.34, 342.72, 0.00530598
ANTENNA__07789__B1, 460.34, 342.72, 0.00530598
ANTENNA__08964__S, 460.34, 342.72, 0.00530598
ANTENNA__08962__S, 460.34, 342.72, 0.00530598
FILLER_0_122_985, 460.34, 342.72, 0.00530598
_09898_, 473.14, 342.72, 0.00527037
_12513_, 473.14, 342.72, 0.00527037
_14904_, 473.14, 342.72, 0.00527037
ANTENNA__12513__S, 473.14, 342.72, 0.00527037
ANTENNA__07784__A2, 473.14, 342.72, 0.00527037
ANTENNA__07739__A2, 473.14, 342.72, 0.00527037
ANTENNA__08964__A0, 473.14, 342.72, 0.00527037
ANTENNA__08968__A0, 473.14, 342.72, 0.00527037
ANTENNA__09108__S, 473.14, 342.72, 0.00527037
FILLER_0_122_1015, 473.14, 342.72, 0.00527037
FILLER_0_123_1025, 473.14, 342.72, 0.00527037
PHY_238, 5.52, 337.28, 0.00510214
PHY_240, 5.52, 337.28, 0.00510214
PHY_239, 494.04, 337.28, 0.00518535
PHY_241, 494.04, 337.28, 0.00518535
ANTENNA__07734__A2, 494.04, 337.28, 0.00518535
FILLER_0_120_29, 15.33, 337.28, 0.00510214
_08286_, 37.94, 337.28, 0.00516406
_09908_, 37.94, 337.28, 0.00516406
_13725_, 37.94, 337.28, 0.00516406
ANTENNA__08280__A2, 37.94, 337.28, 0.00516406
ANTENNA__08286__A2, 37.94, 337.28, 0.00516406
ANTENNA__08099__C, 37.94, 337.28, 0.00516406
ANTENNA__09908__S, 37.94, 337.28, 0.00516406
FILLER_0_120_78, 37.94, 337.28, 0.00516406
_08139_, 50.74, 337.28, 0.00521966
_09911_, 50.74, 337.28, 0.00521966
_12526_, 50.74, 337.28, 0.00521966
_13726_, 50.74, 337.28, 0.00521966
ANTENNA__12390__S, 50.74, 337.28, 0.00521966
ANTENNA__08092__A2, 50.74, 337.28, 0.00521966
ANTENNA__08286__B1, 50.74, 337.28, 0.00521966
ANTENNA__08981__A0, 50.74, 337.28, 0.00521966
ANTENNA__08981__S, 50.74, 337.28, 0.00521966
ANTENNA__10964__A1, 50.74, 337.28, 0.00521966
ANTENNA_clkbuf_leaf_31_wclk_A, 50.74, 337.28, 0.00521966
FILLER_0_119_89, 50.74, 337.28, 0.00521966
FILLER_0_120_85, 50.74, 337.28, 0.00521966
FILLER_0_120_102, 50.74, 337.28, 0.00521966
_12523_, 63.54, 337.28, 0.00526845
_14908_, 63.54, 337.28, 0.00526845
ANTENNA__12522__S, 63.54, 337.28, 0.00526845
ANTENNA__12182__A0, 63.54, 337.28, 0.00526845
ANTENNA__08139__A2, 63.54, 337.28, 0.00526845
ANTENNA__08145__A2, 63.54, 337.28, 0.00526845
ANTENNA__08145__B1, 63.54, 337.28, 0.00526845
ANTENNA__09117__S, 63.54, 337.28, 0.00526845
ANTENNA__12522__A1, 63.54, 337.28, 0.00526845
ANTENNA__12182__S, 63.54, 337.28, 0.00526845
FILLER_0_119_113, 63.54, 337.28, 0.00526845
FILLER_0_120_119, 63.54, 337.28, 0.00526845
FILLER_0_120_125, 63.54, 337.28, 0.00526845
FILLER_0_121_133, 63.54, 337.28, 0.00526845
_08050_, 76.34, 337.28, 0.00531172
_08145_, 76.34, 337.28, 0.00531172
_09121_, 76.34, 337.28, 0.00531172
ANTENNA__08050__A2, 76.34, 337.28, 0.00531172
ANTENNA__08050__B1, 76.34, 337.28, 0.00531172
ANTENNA__09121__S, 76.34, 337.28, 0.00531172
FILLER_0_120_141, 76.34, 337.28, 0.00531172
FILLER_0_120_152, 76.34, 337.28, 0.00531172
FILLER_0_120_158, 76.34, 337.28, 0.00531172
_07982_, 89.14, 337.28, 0.0053528
_10960_, 89.14, 337.28, 0.0053528
_10961_, 89.14, 337.28, 0.0053528
_13952_, 89.14, 337.28, 0.0053528
_14203_, 89.14, 337.28, 0.0053528
ANTENNA__08044__A2, 89.14, 337.28, 0.0053528
FILLER_0_119_173, 89.14, 337.28, 0.0053528
_08254_, 101.94, 337.28, 0.00538248
_11850_, 101.94, 337.28, 0.00538248
_14624_, 101.94, 337.28, 0.00538248
ANTENNA__08254__A2, 101.94, 337.28, 0.00538248
ANTENNA__08254__B1, 101.94, 337.28, 0.00538248
ANTENNA__10960__A1, 101.94, 337.28, 0.00538248
ANTENNA__10960__S, 101.94, 337.28, 0.00538248
ANTENNA__11850__S, 101.94, 337.28, 0.00538248
FILLER_0_119_204, 101.94, 337.28, 0.00538248
_10421_, 114.74, 337.28, 0.00540579
_14623_, 114.74, 337.28, 0.00540579
_15103_, 114.74, 337.28, 0.00540579
clkbuf_leaf_34_wclk, 114.74, 337.28, 0.00540579
FILLER_0_121_241, 114.74, 337.28, 0.00540579
_08207_, 127.54, 337.28, 0.00540032
_08913_, 127.54, 337.28, 0.00540032
_08920_, 127.54, 337.28, 0.00540032
_12936_, 127.54, 337.28, 0.00540032
ANTENNA__12936__S, 127.54, 337.28, 0.00540032
ANTENNA__08207__A2, 127.54, 337.28, 0.00540032
ANTENNA__08228__C, 127.54, 337.28, 0.00540032
ANTENNA__08920__A0, 127.54, 337.28, 0.00540032
ANTENNA__08912__S, 127.54, 337.28, 0.00540032
ANTENNA__12936__A1, 127.54, 337.28, 0.00540032
FILLER_0_119_262, 127.54, 337.28, 0.00540032
_11770_, 140.34, 337.28, 0.005392
_11841_, 140.34, 337.28, 0.005392
_13281_, 140.34, 337.28, 0.005392
ANTENNA__08920__S, 140.34, 337.28, 0.005392
ANTENNA__11914__A1, 140.34, 337.28, 0.005392
ANTENNA__11914__S, 140.34, 337.28, 0.005392
ANTENNA__11770__A, 140.34, 337.28, 0.005392
FILLER_0_120_291, 140.34, 337.28, 0.005392
FILLER_0_121_294, 140.34, 337.28, 0.005392
_08016_, 153.14, 337.28, 0.00537756
_08039_, 153.14, 337.28, 0.00537756
_11840_, 153.14, 337.28, 0.00537756
_14587_, 153.14, 337.28, 0.00537756
_14619_, 153.14, 337.28, 0.00537756
ANTENNA__08039__C, 153.14, 337.28, 0.00537756
ANTENNA__11840__S, 153.14, 337.28, 0.00537756
_14594_, 165.94, 337.28, 0.00534949
_14626_, 165.94, 337.28, 0.00534949
clkbuf_leaf_54_wclk, 165.94, 337.28, 0.00534949
ANTENNA__11922__A1, 165.94, 337.28, 0.00534949
ANTENNA__11924__A1, 165.94, 337.28, 0.00534949
ANTENNA__11908__S, 165.94, 337.28, 0.00534949
ANTENNA__11761__A, 165.94, 337.28, 0.00534949
FILLER_0_120_359, 165.94, 337.28, 0.00534949
_08620_, 191.54, 337.28, 0.00535032
_11907_, 191.54, 337.28, 0.00535032
_12925_, 191.54, 337.28, 0.00535032
ANTENNA__12925__A, 191.54, 337.28, 0.00535032
ANTENNA__08395__A2, 191.54, 337.28, 0.00535032
ANTENNA__08395__B1, 191.54, 337.28, 0.00535032
ANTENNA__08394__B1, 191.54, 337.28, 0.00535032
ANTENNA__07958__A2, 191.54, 337.28, 0.00535032
ANTENNA__08619__A0, 191.54, 337.28, 0.00535032
ANTENNA__11906__A1, 191.54, 337.28, 0.00535032
ANTENNA__12178__S, 191.54, 337.28, 0.00535032
ANTENNA__13070__CLK, 191.54, 337.28, 0.00535032
FILLER_0_120_401, 191.54, 337.28, 0.00535032
FILLER_0_120_408, 191.54, 337.28, 0.00535032
FILLER_0_121_406, 191.54, 337.28, 0.00535032
_07912_, 204.34, 337.28, 0.00541195
_09114_, 204.34, 337.28, 0.00541195
_11905_, 204.34, 337.28, 0.00541195
_13370_, 204.34, 337.28, 0.00541195
ANTENNA__09113__A0, 204.34, 337.28, 0.00541195
ANTENNA__09113__S, 204.34, 337.28, 0.00541195
ANTENNA__09902__S, 204.34, 337.28, 0.00541195
ANTENNA__11905__A, 204.34, 337.28, 0.00541195
ANTENNA__09370__A, 204.34, 337.28, 0.00541195
FILLER_0_120_421, 204.34, 337.28, 0.00541195
_07896_, 217.14, 337.28, 0.0054627
_08976_, 217.14, 337.28, 0.0054627
_10958_, 217.14, 337.28, 0.0054627
_10959_, 217.14, 337.28, 0.0054627
_13306_, 217.14, 337.28, 0.0054627
_14202_, 217.14, 337.28, 0.0054627
ANTENNA__07896__B1, 217.14, 337.28, 0.0054627
ANTENNA__07895__A2, 217.14, 337.28, 0.0054627
ANTENNA__08975__S, 217.14, 337.28, 0.0054627
FILLER_0_119_457, 217.14, 337.28, 0.0054627
_07914_, 229.94, 337.28, 0.0055011
_08442_, 229.94, 337.28, 0.0055011
_08463_, 229.94, 337.28, 0.0055011
_08624_, 229.94, 337.28, 0.0055011
_08975_, 229.94, 337.28, 0.0055011
_10410_, 229.94, 337.28, 0.0055011
_12946_, 229.94, 337.28, 0.0055011
ANTENNA__12946__S, 229.94, 337.28, 0.0055011
_08642_, 242.74, 337.28, 0.00553081
_10431_, 242.74, 337.28, 0.00553081
_10432_, 242.74, 337.28, 0.00553081
_11859_, 242.74, 337.28, 0.00553081
_14596_, 242.74, 337.28, 0.00553081
ANTENNA__10431__S, 242.74, 337.28, 0.00553081
FILLER_0_120_512, 242.74, 337.28, 0.00553081
_08955_, 255.54, 337.28, 0.00555221
_13103_, 255.54, 337.28, 0.00555221
_13296_, 255.54, 337.28, 0.00555221
ANTENNA__13103__RESET_B, 255.54, 337.28, 0.00555221
FILLER_0_119_531, 255.54, 337.28, 0.00555221
FILLER_0_120_533, 255.54, 337.28, 0.00555221
FILLER_0_120_542, 255.54, 337.28, 0.00555221
FILLER_0_121_551, 255.54, 337.28, 0.00555221
_06817_, 268.34, 337.28, 0.00556074
_13087_, 268.34, 337.28, 0.00556074
clkbuf_2_2__f_rclk, 268.34, 337.28, 0.00556074
ANTENNA__06817__A, 268.34, 337.28, 0.00556074
ANTENNA__06817__B, 268.34, 337.28, 0.00556074
ANTENNA__08954__A0, 268.34, 337.28, 0.00556074
_13095_, 281.14, 337.28, 0.00553806
hold5, 281.14, 337.28, 0.00553806
ANTENNA__13094__RESET_B, 281.14, 337.28, 0.00553806
FILLER_0_119_597, 281.14, 337.28, 0.00553806
FILLER_0_120_589, 281.14, 337.28, 0.00553806
FILLER_0_120_603, 281.14, 337.28, 0.00553806
_10389_, 293.94, 337.28, 0.00550886
_14192_, 293.94, 337.28, 0.00550886
ANTENNA__10389__A, 293.94, 337.28, 0.00550886
ANTENNA__10937__S, 293.94, 337.28, 0.00550886
FILLER_0_119_617, 293.94, 337.28, 0.00550886
_07361_, 306.74, 337.28, 0.00547123
_07407_, 306.74, 337.28, 0.00547123
_08589_, 306.74, 337.28, 0.00547123
_10937_, 306.74, 337.28, 0.00547123
clkbuf_leaf_63_wclk, 306.74, 337.28, 0.00547123
ANTENNA__10937__A0, 306.74, 337.28, 0.00547123
FILLER_0_119_642, 306.74, 337.28, 0.00547123
_07408_, 319.54, 337.28, 0.00541354
_08588_, 319.54, 337.28, 0.00541354
_08972_, 319.54, 337.28, 0.00541354
_08973_, 319.54, 337.28, 0.00541354
_12904_, 319.54, 337.28, 0.00541354
_14201_, 319.54, 337.28, 0.00541354
_07836_, 345.14, 337.28, 0.00539622
_08613_, 345.14, 337.28, 0.00539622
_09900_, 345.14, 337.28, 0.00539622
_13062_, 345.14, 337.28, 0.00539622
_13068_, 345.14, 337.28, 0.00539622
_07538_, 357.94, 337.28, 0.00542967
_13144_, 357.94, 337.28, 0.00542967
_13940_, 357.94, 337.28, 0.00542967
_12914_, 370.74, 337.28, 0.00545244
_14580_, 370.74, 337.28, 0.00545244
_14612_, 370.74, 337.28, 0.00545244
_15092_, 370.74, 337.28, 0.00545244
ANTENNA__07538__B1, 370.74, 337.28, 0.00545244
ANTENNA__07538__A2, 370.74, 337.28, 0.00545244
FILLER_0_119_785, 370.74, 337.28, 0.00545244
FILLER_0_120_787, 370.74, 337.28, 0.00545244
_07610_, 383.54, 337.28, 0.00546047
_10397_, 383.54, 337.28, 0.00546047
_10404_, 383.54, 337.28, 0.00546047
_11893_, 383.54, 337.28, 0.00546047
_12913_, 383.54, 337.28, 0.00546047
_13943_, 383.54, 337.28, 0.00546047
ANTENNA__07610__B1, 383.54, 337.28, 0.00546047
FILLER_0_120_809, 383.54, 337.28, 0.00546047
FILLER_0_121_825, 383.54, 337.28, 0.00546047
_07561_, 396.34, 337.28, 0.00545853
_07754_, 396.34, 337.28, 0.00545853
_14583_, 396.34, 337.28, 0.00545853
ANTENNA__11831__S, 396.34, 337.28, 0.00545853
_07755_, 409.14, 337.28, 0.00545129
_12911_, 409.14, 337.28, 0.00545129
_12912_, 409.14, 337.28, 0.00545129
_12920_, 409.14, 337.28, 0.00545129
_14615_, 409.14, 337.28, 0.00545129
_15091_, 409.14, 337.28, 0.00545129
_07782_, 421.94, 337.28, 0.00543093
_08609_, 421.94, 337.28, 0.00543093
_08610_, 421.94, 337.28, 0.00543093
_13143_, 421.94, 337.28, 0.00543093
ANTENNA_clkbuf_leaf_89_wclk_A, 421.94, 337.28, 0.00543093
_09885_, 434.74, 337.28, 0.00540091
_12501_, 434.74, 337.28, 0.00540091
_13714_, 434.74, 337.28, 0.00540091
_14898_, 434.74, 337.28, 0.00540091
ANTENNA__07781__A2, 434.74, 337.28, 0.00540091
ANTENNA__08609__S, 434.74, 337.28, 0.00540091
FILLER_0_120_921, 434.74, 337.28, 0.00540091
_07493_, 447.54, 337.28, 0.00535911
_07500_, 447.54, 337.28, 0.00535911
_09095_, 447.54, 337.28, 0.00535911
_10951_, 447.54, 337.28, 0.00535911
_14199_, 447.54, 337.28, 0.00535911
ANTENNA__08962__A0, 447.54, 337.28, 0.00535911
ANTENNA__10951__A1, 447.54, 337.28, 0.00535911
ANTENNA__12501__A1, 447.54, 337.28, 0.00535911
FILLER_0_120_969, 447.54, 337.28, 0.00535911
FILLER_0_121_961, 447.54, 337.28, 0.00535911
_08968_, 460.34, 337.28, 0.00530821
_10949_, 460.34, 337.28, 0.00530821
_10952_, 460.34, 337.28, 0.00530821
_13303_, 460.34, 337.28, 0.00530821
ANTENNA__07692__A2, 460.34, 337.28, 0.00530821
ANTENNA__07739__B1, 460.34, 337.28, 0.00530821
ANTENNA__07692__B1, 460.34, 337.28, 0.00530821
ANTENNA__10949__A1, 460.34, 337.28, 0.00530821
ANTENNA__10949__S, 460.34, 337.28, 0.00530821
FILLER_0_120_981, 460.34, 337.28, 0.00530821
FILLER_0_121_989, 460.34, 337.28, 0.00530821
_07784_, 473.14, 337.28, 0.00525007
_09108_, 473.14, 337.28, 0.00525007
_09109_, 473.14, 337.28, 0.00525007
_13368_, 473.14, 337.28, 0.00525007
ANTENNA__07790__A2, 473.14, 337.28, 0.00525007
ANTENNA__07740__A2, 473.14, 337.28, 0.00525007
ANTENNA__07790__B1, 473.14, 337.28, 0.00525007
ANTENNA__09108__A0, 473.14, 337.28, 0.00525007
ANTENNA__08968__S, 473.14, 337.28, 0.00525007
FILLER_0_121_1017, 473.14, 337.28, 0.00525007
PHY_234, 5.52, 331.84, 0.00503148
PHY_236, 5.52, 331.84, 0.00503148
PHY_235, 494.04, 331.84, 0.00512352
PHY_237, 494.04, 331.84, 0.00512352
ANTENNA__07791__C, 494.04, 331.84, 0.00512352
FILLER_0_117_1054, 494.04, 331.84, 0.00512352
_12525_, 15.33, 331.84, 0.00503148
FILLER_0_118_29, 15.33, 331.84, 0.00503148
_08092_, 37.94, 331.84, 0.00509572
_08280_, 37.94, 331.84, 0.00509572
_09916_, 37.94, 331.84, 0.00509572
_12527_, 37.94, 331.84, 0.00509572
_14846_, 37.94, 331.84, 0.00509572
ANTENNA__12192__A0, 37.94, 331.84, 0.00509572
ANTENNA__08092__B1, 37.94, 331.84, 0.00509572
ANTENNA__08279__A2, 37.94, 331.84, 0.00509572
ANTENNA__08279__B1, 37.94, 331.84, 0.00509572
FILLER_0_117_57, 37.94, 331.84, 0.00509572
FILLER_0_118_78, 37.94, 331.84, 0.00509572
_09910_, 50.74, 331.84, 0.00515378
_14910_, 50.74, 331.84, 0.00515378
clkbuf_leaf_31_wclk, 50.74, 331.84, 0.00515378
ANTENNA__08280__B1, 50.74, 331.84, 0.00515378
ANTENNA__09910__S, 50.74, 331.84, 0.00515378
_09906_, 63.54, 331.84, 0.00518755
_12182_, 63.54, 331.84, 0.00518755
_12183_, 63.54, 331.84, 0.00518755
_12387_, 63.54, 331.84, 0.00518755
_12522_, 63.54, 331.84, 0.00518755
_14844_, 63.54, 331.84, 0.00518755
_08044_, 76.34, 331.84, 0.00521161
_09122_, 76.34, 331.84, 0.00521161
_09907_, 76.34, 331.84, 0.00521161
_13374_, 76.34, 331.84, 0.00521161
ANTENNA__08044__B1, 76.34, 331.84, 0.00521161
ANTENNA__09121__A0, 76.34, 331.84, 0.00521161
ANTENNA__09906__A0, 76.34, 331.84, 0.00521161
_07984_, 89.14, 331.84, 0.00522894
_09115_, 89.14, 331.84, 0.00522894
_12520_, 89.14, 331.84, 0.00522894
ANTENNA__12520__S, 89.14, 331.84, 0.00522894
ANTENNA__07984__C, 89.14, 331.84, 0.00522894
ANTENNA__07982__A2, 89.14, 331.84, 0.00522894
ANTENNA__07982__B1, 89.14, 331.84, 0.00522894
ANTENNA__09115__S, 89.14, 331.84, 0.00522894
ANTENNA__12520__A1, 89.14, 331.84, 0.00522894
ANTENNA__11850__A1, 89.14, 331.84, 0.00522894
FILLER_0_118_168, 89.14, 331.84, 0.00522894
FILLER_0_118_193, 89.14, 331.84, 0.00522894
_10422_, 101.94, 331.84, 0.00524244
_11849_, 101.94, 331.84, 0.00524244
_11919_, 101.94, 331.84, 0.00524244
_14591_, 101.94, 331.84, 0.00524244
ANTENNA__07983__A2, 101.94, 331.84, 0.00524244
ANTENNA__07983__B1, 101.94, 331.84, 0.00524244
ANTENNA__09115__A0, 101.94, 331.84, 0.00524244
ANTENNA_clkbuf_leaf_34_wclk_A, 101.94, 331.84, 0.00524244
FILLER_0_118_197, 101.94, 331.84, 0.00524244
FILLER_0_118_222, 101.94, 331.84, 0.00524244
_11916_, 114.74, 331.84, 0.00524886
_11917_, 114.74, 331.84, 0.00524886
_13951_, 114.74, 331.84, 0.00524886
ANTENNA__10421__A1, 114.74, 331.84, 0.00524886
ANTENNA__11916__A1, 114.74, 331.84, 0.00524886
ANTENNA__11848__A1, 114.74, 331.84, 0.00524886
ANTENNA__11848__S, 114.74, 331.84, 0.00524886
FILLER_0_117_233, 114.74, 331.84, 0.00524886
FILLER_0_118_248, 114.74, 331.84, 0.00524886
_08912_, 127.54, 331.84, 0.00524859
_08921_, 127.54, 331.84, 0.00524859
_10825_, 127.54, 331.84, 0.00524859
_13277_, 127.54, 331.84, 0.00524859
ANTENNA__08207__B1, 127.54, 331.84, 0.00524859
ANTENNA__08912__A0, 127.54, 331.84, 0.00524859
ANTENNA__10825__A1, 127.54, 331.84, 0.00524859
ANTENNA__10825__S, 127.54, 331.84, 0.00524859
ANTENNA__11916__S, 127.54, 331.84, 0.00524859
FILLER_0_117_252, 127.54, 331.84, 0.00524859
FILLER_0_118_257, 127.54, 331.84, 0.00524859
_08104_, 140.34, 331.84, 0.00524224
_08910_, 140.34, 331.84, 0.00524224
_08911_, 140.34, 331.84, 0.00524224
_13276_, 140.34, 331.84, 0.00524224
ANTENNA__08910__A0, 140.34, 331.84, 0.00524224
ANTENNA__08910__S, 140.34, 331.84, 0.00524224
ANTENNA__10833__S, 140.34, 331.84, 0.00524224
FILLER_0_117_288, 140.34, 331.84, 0.00524224
FILLER_0_118_290, 140.34, 331.84, 0.00524224
FILLER_0_118_305, 140.34, 331.84, 0.00524224
_08040_, 153.14, 331.84, 0.00523084
_08915_, 153.14, 331.84, 0.00523084
_11761_, 153.14, 331.84, 0.00523084
_11909_, 153.14, 331.84, 0.00523084
ANTENNA__08914__A0, 153.14, 331.84, 0.00523084
ANTENNA__11908__A1, 153.14, 331.84, 0.00523084
ANTENNA__11840__A1, 153.14, 331.84, 0.00523084
ANTENNA__06650__A, 153.14, 331.84, 0.00523084
ANTENNA__08633__A, 153.14, 331.84, 0.00523084
FILLER_0_117_307, 153.14, 331.84, 0.00523084
FILLER_0_117_320, 153.14, 331.84, 0.00523084
FILLER_0_118_309, 153.14, 331.84, 0.00523084
_08633_, 165.94, 331.84, 0.00520913
_10429_, 165.94, 331.84, 0.00520913
_10430_, 165.94, 331.84, 0.00520913
_11857_, 165.94, 331.84, 0.00520913
_11908_, 165.94, 331.84, 0.00520913
_14595_, 165.94, 331.84, 0.00520913
ANTENNA__08908__A0, 165.94, 331.84, 0.00520913
ANTENNA__11856__A1, 165.94, 331.84, 0.00520913
FILLER_0_117_343, 165.94, 331.84, 0.00520913
FILLER_0_118_346, 165.94, 331.84, 0.00520913
_08619_, 191.54, 331.84, 0.00522994
_12178_, 191.54, 331.84, 0.00522994
_12383_, 191.54, 331.84, 0.00522994
_13146_, 191.54, 331.84, 0.00522994
ANTENNA__12178__A0, 191.54, 331.84, 0.00522994
ANTENNA__12518__A1, 191.54, 331.84, 0.00522994
ANTENNA_clkbuf_4_6_0_wclk_A, 191.54, 331.84, 0.00522994
FILLER_0_119_405, 191.54, 331.84, 0.00522994
FILLER_0_119_412, 191.54, 331.84, 0.00522994
_09113_, 204.34, 331.84, 0.00527443
_09902_, 204.34, 331.84, 0.00527443
_09903_, 204.34, 331.84, 0.00527443
_12518_, 204.34, 331.84, 0.00527443
_12519_, 204.34, 331.84, 0.00527443
_13722_, 204.34, 331.84, 0.00527443
ANTENNA__12518__S, 204.34, 331.84, 0.00527443
ANTENNA__09902__A0, 204.34, 331.84, 0.00527443
ANTENNA_clkbuf_leaf_56_wclk_A, 204.34, 331.84, 0.00527443
FILLER_0_118_421, 204.34, 331.84, 0.00527443
FILLER_0_119_442, 204.34, 331.84, 0.00527443
_07890_, 217.14, 331.84, 0.00530947
_07897_, 217.14, 331.84, 0.00530947
_07956_, 217.14, 331.84, 0.00530947
ANTENNA__08995__A0, 217.14, 331.84, 0.00530947
ANTENNA__08995__S, 217.14, 331.84, 0.00530947
ANTENNA__08624__A, 217.14, 331.84, 0.00530947
ANTENNA__10293__A, 217.14, 331.84, 0.00530947
_10293_, 229.94, 331.84, 0.00533746
_11837_, 229.94, 331.84, 0.00533746
_14628_, 229.94, 331.84, 0.00533746
_15108_, 229.94, 331.84, 0.00533746
ANTENNA__08067__A, 229.94, 331.84, 0.00533746
ANTENNA__07981__A, 229.94, 331.84, 0.00533746
ANTENNA__11837__A, 229.94, 331.84, 0.00533746
FILLER_0_117_478, 229.94, 331.84, 0.00533746
FILLER_0_117_485, 229.94, 331.84, 0.00533746
_08441_, 242.74, 331.84, 0.00535504
_08906_, 242.74, 331.84, 0.00535504
_08907_, 242.74, 331.84, 0.00535504
_11858_, 242.74, 331.84, 0.00535504
_11926_, 242.74, 331.84, 0.00535504
ANTENNA__08441__B1, 242.74, 331.84, 0.00535504
ANTENNA__11926__A1, 242.74, 331.84, 0.00535504
FILLER_0_119_521, 242.74, 331.84, 0.00535504
_08954_, 255.54, 331.84, 0.00536925
_09092_, 255.54, 331.84, 0.00536925
_09093_, 255.54, 331.84, 0.00536925
_13360_, 255.54, 331.84, 0.00536925
ANTENNA__06727__A, 255.54, 331.84, 0.00536925
ANTENNA__08441__A2, 255.54, 331.84, 0.00536925
_06533_, 268.34, 331.84, 0.00537457
_08516_, 268.34, 331.84, 0.00537457
_13086_, 268.34, 331.84, 0.00537457
ANTENNA__09092__A0, 268.34, 331.84, 0.00537457
ANTENNA__13093__RESET_B, 268.34, 331.84, 0.00537457
ANTENNA__13086__RESET_B, 268.34, 331.84, 0.00537457
ANTENNA_clkbuf_2_2__f_rclk_A, 268.34, 331.84, 0.00537457
_06546_, 281.14, 331.84, 0.00537109
_06547_, 281.14, 331.84, 0.00537109
_06548_, 281.14, 331.84, 0.00537109
_08515_, 281.14, 331.84, 0.00537109
ANTENNA__06546__A1, 281.14, 331.84, 0.00537109
ANTENNA__13095__RESET_B, 281.14, 331.84, 0.00537109
FILLER_0_118_589, 281.14, 331.84, 0.00537109
_06549_, 293.94, 331.84, 0.00536243
_06550_, 293.94, 331.84, 0.00536243
_06554_, 293.94, 331.84, 0.00536243
_07363_, 293.94, 331.84, 0.00536243
_07364_, 293.94, 331.84, 0.00536243
_11816_, 293.94, 331.84, 0.00536243
ANTENNA__07364__A, 293.94, 331.84, 0.00536243
ANTENNA__11816__A, 293.94, 331.84, 0.00536243
FILLER_0_117_617, 293.94, 331.84, 0.00536243
FILLER_0_118_614, 293.94, 331.84, 0.00536243
FILLER_0_119_630, 293.94, 331.84, 0.00536243
_06643_, 306.74, 331.84, 0.00534784
_11884_, 306.74, 331.84, 0.00534784
_13096_, 306.74, 331.84, 0.00534784
_13136_, 306.74, 331.84, 0.00534784
ANTENNA__07363__A, 306.74, 331.84, 0.00534784
ANTENNA__10936__A, 306.74, 331.84, 0.00534784
ANTENNA__13096__RESET_B, 306.74, 331.84, 0.00534784
_07215_, 319.54, 331.84, 0.00532132
_07270_, 319.54, 331.84, 0.00532132
_07405_, 319.54, 331.84, 0.00532132
_08885_, 319.54, 331.84, 0.00532132
_13369_, 319.54, 331.84, 0.00532132
ANTENNA__07408__A2, 319.54, 331.84, 0.00532132
ANTENNA__07405__A, 319.54, 331.84, 0.00532132
ANTENNA__08588__S, 319.54, 331.84, 0.00532132
ANTENNA__06643__A, 319.54, 331.84, 0.00532132
ANTENNA_clkbuf_leaf_63_wclk_A, 319.54, 331.84, 0.00532132
_08612_, 345.14, 331.84, 0.00532255
clkbuf_leaf_65_wclk, 345.14, 331.84, 0.00532255
ANTENNA__12515__S, 345.14, 331.84, 0.00532255
ANTENNA__07833__B1, 345.14, 331.84, 0.00532255
ANTENNA__07833__A2, 345.14, 331.84, 0.00532255
ANTENNA__07836__A2, 345.14, 331.84, 0.00532255
ANTENNA__07836__B1, 345.14, 331.84, 0.00532255
ANTENNA__08612__S, 345.14, 331.84, 0.00532255
ANTENNA__09110__S, 345.14, 331.84, 0.00532255
ANTENNA__12515__A1, 345.14, 331.84, 0.00532255
FILLER_0_117_725, 345.14, 331.84, 0.00532255
FILLER_0_117_729, 345.14, 331.84, 0.00532255
FILLER_0_118_738, 345.14, 331.84, 0.00532255
_07832_, 357.94, 331.84, 0.00535985
_08594_, 357.94, 331.84, 0.00535985
_08595_, 357.94, 331.84, 0.00535985
_13138_, 357.94, 331.84, 0.00535985
ANTENNA__07832__A, 357.94, 331.84, 0.00535985
ANTENNA__08612__A0, 357.94, 331.84, 0.00535985
ANTENNA_clkbuf_leaf_65_wclk_A, 357.94, 331.84, 0.00535985
FILLER_0_117_756, 357.94, 331.84, 0.00535985
_07609_, 370.74, 331.84, 0.00538542
_08893_, 370.74, 331.84, 0.00538542
_11825_, 370.74, 331.84, 0.00538542
_11826_, 370.74, 331.84, 0.00538542
_11894_, 370.74, 331.84, 0.00538542
ANTENNA__07609__A2, 370.74, 331.84, 0.00538542
ANTENNA__07609__B1, 370.74, 331.84, 0.00538542
FILLER_0_117_785, 370.74, 331.84, 0.00538542
_08900_, 383.54, 331.84, 0.00540743
_11824_, 383.54, 331.84, 0.00540743
_11831_, 383.54, 331.84, 0.00540743
_11832_, 383.54, 331.84, 0.00540743
_13271_, 383.54, 331.84, 0.00540743
_14579_, 383.54, 331.84, 0.00540743
ANTENNA__11893__A1, 383.54, 331.84, 0.00540743
ANTENNA__11825__A1, 383.54, 331.84, 0.00540743
ANTENNA__11893__S, 383.54, 331.84, 0.00540743
FILLER_0_118_821, 383.54, 331.84, 0.00540743
FILLER_0_119_825, 383.54, 331.84, 0.00540743
_11823_, 396.34, 331.84, 0.00541806
clkbuf_leaf_89_wclk, 396.34, 331.84, 0.00541806
ANTENNA__07561__A2, 396.34, 331.84, 0.00541806
ANTENNA__07561__B1, 396.34, 331.84, 0.00541806
ANTENNA__11831__A1, 396.34, 331.84, 0.00541806
FILLER_0_117_837, 396.34, 331.84, 0.00541806
_07562_, 409.14, 331.84, 0.00540766
_11891_, 409.14, 331.84, 0.00540766
_11892_, 409.14, 331.84, 0.00540766
_11899_, 409.14, 331.84, 0.00540766
_14611_, 409.14, 331.84, 0.00540766
ANTENNA__11891__S, 409.14, 331.84, 0.00540766
_07584_, 421.94, 331.84, 0.00538896
_07779_, 421.94, 331.84, 0.00538896
_07780_, 421.94, 331.84, 0.00538896
_07781_, 421.94, 331.84, 0.00538896
_11900_, 421.94, 331.84, 0.00538896
ANTENNA__07779__C, 421.94, 331.84, 0.00538896
ANTENNA__07779__D, 421.94, 331.84, 0.00538896
ANTENNA__08597__S, 421.94, 331.84, 0.00538896
ANTENNA__08597__A0, 421.94, 331.84, 0.00538896
ANTENNA__11899__A1, 421.94, 331.84, 0.00538896
FILLER_0_117_905, 421.94, 331.84, 0.00538896
FILLER_0_118_909, 421.94, 331.84, 0.00538896
_07499_, 434.74, 331.84, 0.00535856
_09096_, 434.74, 331.84, 0.00535856
_09097_, 434.74, 331.84, 0.00535856
_13362_, 434.74, 331.84, 0.00535856
ANTENNA__07586__B1, 434.74, 331.84, 0.00535856
ANTENNA__07586__A2, 434.74, 331.84, 0.00535856
ANTENNA__07584__D, 434.74, 331.84, 0.00535856
ANTENNA__09096__A0, 434.74, 331.84, 0.00535856
ANTENNA_clkbuf_4_14_0_wclk_A, 434.74, 331.84, 0.00535856
_09094_, 447.54, 331.84, 0.00532103
_13361_, 447.54, 331.84, 0.00532103
ANTENNA__07499__A2, 447.54, 331.84, 0.00532103
ANTENNA__07432__A2, 447.54, 331.84, 0.00532103
ANTENNA__07499__B1, 447.54, 331.84, 0.00532103
ANTENNA__07432__B1, 447.54, 331.84, 0.00532103
ANTENNA__09096__S, 447.54, 331.84, 0.00532103
ANTENNA__09094__S, 447.54, 331.84, 0.00532103
FILLER_0_118_974, 447.54, 331.84, 0.00532103
FILLER_0_119_970, 447.54, 331.84, 0.00532103
_07692_, 460.34, 331.84, 0.00527766
_07739_, 460.34, 331.84, 0.00527766
_08967_, 460.34, 331.84, 0.00527766
_09107_, 460.34, 331.84, 0.00527766
_10950_, 460.34, 331.84, 0.00527766
_14198_, 460.34, 331.84, 0.00527766
clkbuf_leaf_92_wclk, 460.34, 331.84, 0.00527766
ANTENNA_clkbuf_leaf_92_wclk_A, 460.34, 331.84, 0.00527766
_07740_, 473.14, 331.84, 0.00520482
_07741_, 473.14, 331.84, 0.00520482
_07790_, 473.14, 331.84, 0.00520482
_09106_, 473.14, 331.84, 0.00520482
_13367_, 473.14, 331.84, 0.00520482
PHY_230, 5.52, 326.4, 0.00496278
PHY_232, 5.52, 326.4, 0.00496278
PHY_231, 494.04, 326.4, 0.00503253
PHY_233, 494.04, 326.4, 0.00503253
ANTENNA__12173__A0, 494.04, 326.4, 0.00503253
FILLER_0_115_15, 15.33, 326.4, 0.00496278
FILLER_0_116_29, 15.33, 326.4, 0.00496278
FILLER_0_117_27, 15.33, 326.4, 0.00496278
_08091_, 37.94, 326.4, 0.00502356
_08279_, 37.94, 326.4, 0.00502356
_09367_, 37.94, 326.4, 0.00502356
_12187_, 37.94, 326.4, 0.00502356
_12192_, 37.94, 326.4, 0.00502356
_12391_, 37.94, 326.4, 0.00502356
_08138_, 50.74, 326.4, 0.00508002
_12186_, 50.74, 326.4, 0.00508002
_12390_, 50.74, 326.4, 0.00508002
_14750_, 50.74, 326.4, 0.00508002
ANTENNA__12186__S, 50.74, 326.4, 0.00508002
FILLER_0_115_97, 50.74, 326.4, 0.00508002
FILLER_0_116_101, 50.74, 326.4, 0.00508002
_12386_, 63.54, 326.4, 0.00512948
_13724_, 63.54, 326.4, 0.00512948
_14748_, 63.54, 326.4, 0.00512948
ANTENNA__08985__A0, 63.54, 326.4, 0.00512948
ANTENNA__08985__S, 63.54, 326.4, 0.00512948
ANTENNA__10968__S, 63.54, 326.4, 0.00512948
FILLER_0_115_117, 63.54, 326.4, 0.00512948
FILLER_0_117_132, 63.54, 326.4, 0.00512948
_08994_, 76.34, 326.4, 0.00516815
_12521_, 76.34, 326.4, 0.00516815
_14907_, 76.34, 326.4, 0.00516815
ANTENNA__12386__S, 76.34, 326.4, 0.00516815
ANTENNA__08043__A2, 76.34, 326.4, 0.00516815
ANTENNA__08043__B1, 76.34, 326.4, 0.00516815
ANTENNA__09906__S, 76.34, 326.4, 0.00516815
ANTENNA__12386__A1, 76.34, 326.4, 0.00516815
FILLER_0_115_145, 76.34, 326.4, 0.00516815
FILLER_0_115_151, 76.34, 326.4, 0.00516815
FILLER_0_116_153, 76.34, 326.4, 0.00516815
FILLER_0_117_158, 76.34, 326.4, 0.00516815
_07983_, 89.14, 326.4, 0.00520054
_09116_, 89.14, 326.4, 0.00520054
_13371_, 89.14, 326.4, 0.00520054
_13723_, 89.14, 326.4, 0.00520054
_08992_, 101.94, 326.4, 0.005222
_10974_, 101.94, 326.4, 0.005222
_10975_, 101.94, 326.4, 0.005222
_11848_, 101.94, 326.4, 0.005222
_14210_, 101.94, 326.4, 0.005222
ANTENNA__07965__A2, 101.94, 326.4, 0.005222
ANTENNA__10974__S, 101.94, 326.4, 0.005222
FILLER_0_116_197, 101.94, 326.4, 0.005222
FILLER_0_117_221, 101.94, 326.4, 0.005222
_08634_, 114.74, 326.4, 0.00523553
_08991_, 114.74, 326.4, 0.00523553
_11773_, 114.74, 326.4, 0.00523553
ANTENNA__08991__A0, 114.74, 326.4, 0.00523553
ANTENNA__08991__S, 114.74, 326.4, 0.00523553
ANTENNA__10974__A1, 114.74, 326.4, 0.00523553
ANTENNA__11773__A, 114.74, 326.4, 0.00523553
FILLER_0_115_234, 114.74, 326.4, 0.00523553
FILLER_0_116_229, 114.74, 326.4, 0.00523553
FILLER_0_116_242, 114.74, 326.4, 0.00523553
FILLER_0_117_238, 114.74, 326.4, 0.00523553
_10826_, 127.54, 326.4, 0.0052459
_10833_, 127.54, 326.4, 0.0052459
_10834_, 127.54, 326.4, 0.0052459
_14141_, 127.54, 326.4, 0.0052459
_14145_, 127.54, 326.4, 0.0052459
ANTENNA__08104__A2, 127.54, 326.4, 0.0052459
ANTENNA__08104__B1, 127.54, 326.4, 0.0052459
ANTENNA__08634__S, 127.54, 326.4, 0.0052459
FILLER_0_117_271, 127.54, 326.4, 0.0052459
_10824_, 140.34, 326.4, 0.00524393
_14140_, 140.34, 326.4, 0.00524393
clkbuf_leaf_21_wclk, 140.34, 326.4, 0.00524393
_06650_, 153.14, 326.4, 0.0052171
_06659_, 153.14, 326.4, 0.0052171
_08056_, 153.14, 326.4, 0.0052171
_08914_, 153.14, 326.4, 0.0052171
_13278_, 153.14, 326.4, 0.0052171
ANTENNA__10429__A1, 153.14, 326.4, 0.0052171
ANTENNA__06659__A, 153.14, 326.4, 0.0052171
FILLER_0_117_329, 153.14, 326.4, 0.0052171
_08908_, 165.94, 326.4, 0.0051826
_08923_, 165.94, 326.4, 0.0051826
_13275_, 165.94, 326.4, 0.0051826
ANTENNA__07996__A2, 165.94, 326.4, 0.0051826
ANTENNA__08339__B1, 165.94, 326.4, 0.0051826
ANTENNA__08908__S, 165.94, 326.4, 0.0051826
ANTENNA__10429__S, 165.94, 326.4, 0.0051826
ANTENNA__11757__A, 165.94, 326.4, 0.0051826
FILLER_0_116_349, 165.94, 326.4, 0.0051826
FILLER_0_116_356, 165.94, 326.4, 0.0051826
FILLER_0_117_353, 165.94, 326.4, 0.0051826
_08647_, 191.54, 326.4, 0.0052357
_12179_, 191.54, 326.4, 0.0052357
_14746_, 191.54, 326.4, 0.0052357
_14842_, 191.54, 326.4, 0.0052357
clkbuf_4_6_0_wclk, 191.54, 326.4, 0.0052357
FILLER_0_115_393, 191.54, 326.4, 0.0052357
_07889_, 204.34, 326.4, 0.00527805
_14906_, 204.34, 326.4, 0.00527805
ANTENNA__12382__S, 204.34, 326.4, 0.00527805
ANTENNA__07957__A, 204.34, 326.4, 0.00527805
ANTENNA__07889__A2, 204.34, 326.4, 0.00527805
ANTENNA__07889__B1, 204.34, 326.4, 0.00527805
FILLER_0_115_428, 204.34, 326.4, 0.00527805
_08974_, 217.14, 326.4, 0.00531547
_08995_, 217.14, 326.4, 0.00531547
_08996_, 217.14, 326.4, 0.00531547
clkbuf_leaf_56_wclk, 217.14, 326.4, 0.00531547
ANTENNA__07980__A, 217.14, 326.4, 0.00531547
ANTENNA__07890__B1, 217.14, 326.4, 0.00531547
ANTENNA__08426__A2, 217.14, 326.4, 0.00531547
FILLER_0_115_449, 217.14, 326.4, 0.00531547
_07429_, 229.94, 326.4, 0.00532985
_07430_, 229.94, 326.4, 0.00532985
_07981_, 229.94, 326.4, 0.00532985
_11927_, 229.94, 326.4, 0.00532985
_12947_, 229.94, 326.4, 0.00532985
ANTENNA__07429__A, 229.94, 326.4, 0.00532985
ANTENNA__07430__A, 229.94, 326.4, 0.00532985
ANTENNA__10978__S, 229.94, 326.4, 0.00532985
FILLER_0_116_497, 229.94, 326.4, 0.00532985
FILLER_0_117_497, 229.94, 326.4, 0.00532985
_10820_, 242.74, 326.4, 0.00534063
_13274_, 242.74, 326.4, 0.00534063
ANTENNA__08433__A2, 242.74, 326.4, 0.00534063
ANTENNA__08433__B1, 242.74, 326.4, 0.00534063
ANTENNA__08906__A0, 242.74, 326.4, 0.00534063
ANTENNA__08649__A0, 242.74, 326.4, 0.00534063
ANTENNA__08906__S, 242.74, 326.4, 0.00534063
ANTENNA__10839__S, 242.74, 326.4, 0.00534063
ANTENNA__11858__A1, 242.74, 326.4, 0.00534063
ANTENNA__11858__S, 242.74, 326.4, 0.00534063
ANTENNA__11926__S, 242.74, 326.4, 0.00534063
ANTENNA_clkbuf_leaf_57_wclk_A, 242.74, 326.4, 0.00534063
ANTENNA__13080__CLK, 242.74, 326.4, 0.00534063
FILLER_0_116_506, 242.74, 326.4, 0.00534063
FILLER_0_116_520, 242.74, 326.4, 0.00534063
_06727_, 255.54, 326.4, 0.00534657
_07904_, 255.54, 326.4, 0.00534657
_08953_, 255.54, 326.4, 0.00534657
ANTENNA__06727__B, 255.54, 326.4, 0.00534657
ANTENNA__07904__A2, 255.54, 326.4, 0.00534657
ANTENNA__09092__S, 255.54, 326.4, 0.00534657
ANTENNA__13085__RESET_B, 255.54, 326.4, 0.00534657
FILLER_0_116_543, 255.54, 326.4, 0.00534657
FILLER_0_116_548, 255.54, 326.4, 0.00534657
FILLER_0_117_545, 255.54, 326.4, 0.00534657
_06528_, 268.34, 326.4, 0.0053517
_06570_, 268.34, 326.4, 0.0053517
_13085_, 268.34, 326.4, 0.0053517
_13093_, 268.34, 326.4, 0.0053517
ANTENNA__06570__A, 268.34, 326.4, 0.0053517
ANTENNA__06570__B, 268.34, 326.4, 0.0053517
ANTENNA__08953__A, 268.34, 326.4, 0.0053517
_06515_, 281.14, 326.4, 0.00534513
_06517_, 281.14, 326.4, 0.00534513
_06518_, 281.14, 326.4, 0.00534513
_13101_, 281.14, 326.4, 0.00534513
hold6, 281.14, 326.4, 0.00534513
ANTENNA__06528__A, 281.14, 326.4, 0.00534513
_06543_, 293.94, 326.4, 0.00532417
_06553_, 293.94, 326.4, 0.00532417
_06555_, 293.94, 326.4, 0.00532417
_10936_, 293.94, 326.4, 0.00532417
ANTENNA__13101__RESET_B, 293.94, 326.4, 0.00532417
FILLER_0_117_630, 293.94, 326.4, 0.00532417
hold12, 306.74, 326.4, 0.00529676
ANTENNA__10937__A1, 306.74, 326.4, 0.00529676
ANTENNA__11884__A, 306.74, 326.4, 0.00529676
FILLER_0_116_645, 306.74, 326.4, 0.00529676
FILLER_0_116_663, 306.74, 326.4, 0.00529676
FILLER_0_117_661, 306.74, 326.4, 0.00529676
_08886_, 319.54, 326.4, 0.00526731
_08903_, 319.54, 326.4, 0.00526731
_13264_, 319.54, 326.4, 0.00526731
_13273_, 319.54, 326.4, 0.00526731
clkbuf_4_12_0_wclk, 319.54, 326.4, 0.00526731
ANTENNA__13089__CLK, 319.54, 326.4, 0.00526731
FILLER_0_115_673, 319.54, 326.4, 0.00526731
_07833_, 345.14, 326.4, 0.00521048
_08890_, 345.14, 326.4, 0.00521048
_08901_, 345.14, 326.4, 0.00521048
_13266_, 345.14, 326.4, 0.00521048
ANTENNA__07505__B1, 345.14, 326.4, 0.00521048
FILLER_0_115_738, 345.14, 326.4, 0.00521048
FILLER_0_117_742, 345.14, 326.4, 0.00521048
_08887_, 357.94, 326.4, 0.00523269
_13265_, 357.94, 326.4, 0.00523269
ANTENNA__07505__A2, 357.94, 326.4, 0.00523269
ANTENNA__08594__S, 357.94, 326.4, 0.00523269
ANTENNA__08887__A0, 357.94, 326.4, 0.00523269
ANTENNA__08594__A0, 357.94, 326.4, 0.00523269
FILLER_0_116_778, 357.94, 326.4, 0.00523269
_08894_, 370.74, 326.4, 0.00525033
_13268_, 370.74, 326.4, 0.00525033
clkbuf_leaf_102_wclk, 370.74, 326.4, 0.00525033
ANTENNA__08891__A0, 370.74, 326.4, 0.00525033
ANTENNA__08893__A0, 370.74, 326.4, 0.00525033
ANTENNA__11825__S, 370.74, 326.4, 0.00525033
ANTENNA_clkbuf_leaf_102_wclk_A, 370.74, 326.4, 0.00525033
_08899_, 383.54, 326.4, 0.00524452
_10813_, 383.54, 326.4, 0.00524452
ANTENNA__07746__B1, 383.54, 326.4, 0.00524452
FILLER_0_116_813, 383.54, 326.4, 0.00524452
FILLER_0_116_823, 383.54, 326.4, 0.00524452
ANTENNA__08899__A0, 396.34, 326.4, 0.00523735
ANTENNA__11823__A1, 396.34, 326.4, 0.00523735
ANTENNA__11823__S, 396.34, 326.4, 0.00523735
FILLER_0_115_836, 396.34, 326.4, 0.00523735
FILLER_0_116_855, 396.34, 326.4, 0.00523735
FILLER_0_117_854, 396.34, 326.4, 0.00523735
FILLER_0_117_862, 396.34, 326.4, 0.00523735
_07489_, 409.14, 326.4, 0.00523017
_08591_, 409.14, 326.4, 0.00523017
ANTENNA__07562__A2, 409.14, 326.4, 0.00523017
ANTENNA__07562__B1, 409.14, 326.4, 0.00523017
ANTENNA__08591__S, 409.14, 326.4, 0.00523017
ANTENNA__08591__A0, 409.14, 326.4, 0.00523017
ANTENNA__11891__A1, 409.14, 326.4, 0.00523017
ANTENNA__11899__S, 409.14, 326.4, 0.00523017
FILLER_0_116_869, 409.14, 326.4, 0.00523017
FILLER_0_117_888, 409.14, 326.4, 0.00523017
_07586_, 421.94, 326.4, 0.00521831
_08597_, 421.94, 326.4, 0.00521831
_08598_, 421.94, 326.4, 0.00521831
_08607_, 421.94, 326.4, 0.00521831
_13139_, 421.94, 326.4, 0.00521831
ANTENNA__07636__B1, 421.94, 326.4, 0.00521831
ANTENNA__07636__A2, 421.94, 326.4, 0.00521831
ANTENNA__08606__S, 421.94, 326.4, 0.00521831
ANTENNA__08600__S, 421.94, 326.4, 0.00521831
ANTENNA__08606__A0, 421.94, 326.4, 0.00521831
FILLER_0_116_894, 421.94, 326.4, 0.00521831
_12161_, 434.74, 326.4, 0.00519808
_12162_, 434.74, 326.4, 0.00519808
_14738_, 434.74, 326.4, 0.00519808
ANTENNA__12161__A0, 434.74, 326.4, 0.00519808
ANTENNA__07492__B1, 434.74, 326.4, 0.00519808
ANTENNA__12161__S, 434.74, 326.4, 0.00519808
FILLER_0_116_928, 434.74, 326.4, 0.00519808
_07432_, 447.54, 326.4, 0.00517135
_07433_, 447.54, 326.4, 0.00517135
_09884_, 447.54, 326.4, 0.00517135
_12500_, 447.54, 326.4, 0.00517135
_13713_, 447.54, 326.4, 0.00517135
_14897_, 447.54, 326.4, 0.00517135
ANTENNA__07492__A2, 447.54, 326.4, 0.00517135
ANTENNA__09094__A0, 447.54, 326.4, 0.00517135
FILLER_0_115_949, 447.54, 326.4, 0.00517135
FILLER_0_116_952, 447.54, 326.4, 0.00517135
_08966_, 460.34, 326.4, 0.00513135
_09883_, 460.34, 326.4, 0.00513135
_13302_, 460.34, 326.4, 0.00513135
ANTENNA__09883__S, 460.34, 326.4, 0.00513135
FILLER_0_116_981, 460.34, 326.4, 0.00513135
_12172_, 473.14, 326.4, 0.00508473
_14743_, 473.14, 326.4, 0.00508473
ANTENNA__12171__A0, 473.14, 326.4, 0.00508473
ANTENNA__07740__B1, 473.14, 326.4, 0.00508473
ANTENNA__09106__A0, 473.14, 326.4, 0.00508473
ANTENNA__09106__S, 473.14, 326.4, 0.00508473
ANTENNA__12171__S, 473.14, 326.4, 0.00508473
FILLER_0_115_1009, 473.14, 326.4, 0.00508473
FILLER_0_116_1003, 473.14, 326.4, 0.00508473
FILLER_0_116_1009, 473.14, 326.4, 0.00508473
FILLER_0_117_1030, 473.14, 326.4, 0.00508473
PHY_226, 5.52, 320.96, 0.00492588
PHY_228, 5.52, 320.96, 0.00492588
output48, 5.52, 320.96, 0.00492588
ANTENNA_output48_A, 5.52, 320.96, 0.00492588
PHY_227, 494.04, 320.96, 0.00497264
PHY_229, 494.04, 320.96, 0.00497264
ANTENNA__07783__A2, 494.04, 320.96, 0.00497264
ANTENNA_clkbuf_leaf_93_wclk_A, 494.04, 320.96, 0.00497264
_12193_, 15.33, 320.96, 0.00492544
_14753_, 15.33, 320.96, 0.00492544
ANTENNA__12388__S, 15.33, 320.96, 0.00492544
FILLER_0_114_22, 15.33, 320.96, 0.00492544
FILLER_0_114_29, 15.33, 320.96, 0.00492544
_09132_, 37.94, 320.96, 0.00500725
_13379_, 37.94, 320.96, 0.00500725
ANTENNA__12184__A0, 37.94, 320.96, 0.00500725
ANTENNA__12186__A0, 37.94, 320.96, 0.00500725
ANTENNA__08091__A2, 37.94, 320.96, 0.00500725
ANTENNA__08091__B1, 37.94, 320.96, 0.00500725
ANTENNA__09131__A0, 37.94, 320.96, 0.00500725
ANTENNA__12396__A1, 37.94, 320.96, 0.00500725
ANTENNA__12192__S, 37.94, 320.96, 0.00500725
ANTENNA__12184__S, 37.94, 320.96, 0.00500725
FILLER_0_113_57, 37.94, 320.96, 0.00500725
FILLER_0_114_68, 37.94, 320.96, 0.00500725
FILLER_0_114_77, 37.94, 320.96, 0.00500725
FILLER_0_115_77, 37.94, 320.96, 0.00500725
_09131_, 50.74, 320.96, 0.00508828
_14207_, 50.74, 320.96, 0.00508828
ANTENNA__08138__A2, 50.74, 320.96, 0.00508828
ANTENNA__08138__B1, 50.74, 320.96, 0.00508828
ANTENNA__08380__A2, 50.74, 320.96, 0.00508828
ANTENNA__09125__A0, 50.74, 320.96, 0.00508828
ANTENNA__09131__S, 50.74, 320.96, 0.00508828
ANTENNA__09125__S, 50.74, 320.96, 0.00508828
ANTENNA__10968__A1, 50.74, 320.96, 0.00508828
ANTENNA__12390__A1, 50.74, 320.96, 0.00508828
FILLER_0_113_95, 50.74, 320.96, 0.00508828
FILLER_0_114_85, 50.74, 320.96, 0.00508828
_08043_, 63.54, 320.96, 0.0051632
_08985_, 63.54, 320.96, 0.0051632
_08988_, 63.54, 320.96, 0.0051632
_13312_, 63.54, 320.96, 0.0051632
ANTENNA__08191__A2, 63.54, 320.96, 0.0051632
ANTENNA__08987__A0, 63.54, 320.96, 0.0051632
ANTENNA__08987__S, 63.54, 320.96, 0.0051632
ANTENNA__10970__A1, 63.54, 320.96, 0.0051632
FILLER_0_114_127, 63.54, 320.96, 0.0051632
FILLER_0_114_133, 63.54, 320.96, 0.0051632
_09905_, 76.34, 320.96, 0.00523161
_10977_, 76.34, 320.96, 0.00523161
_13315_, 76.34, 320.96, 0.00523161
clkbuf_4_5_0_wclk, 76.34, 320.96, 0.00523161
ANTENNA__08379__A2, 76.34, 320.96, 0.00523161
ANTENNA_clkbuf_4_5_0_wclk_A, 76.34, 320.96, 0.00523161
_07965_, 89.14, 320.96, 0.00524756
_08379_, 89.14, 320.96, 0.00524756
_09904_, 89.14, 320.96, 0.00524756
clkbuf_leaf_33_wclk, 89.14, 320.96, 0.00524756
ANTENNA__07965__B1, 89.14, 320.96, 0.00524756
ANTENNA__07964__A2, 89.14, 320.96, 0.00524756
ANTENNA__09904__A0, 89.14, 320.96, 0.00524756
ANTENNA__09904__S, 89.14, 320.96, 0.00524756
ANTENNA__12384__A1, 89.14, 320.96, 0.00524756
ANTENNA_clkbuf_leaf_33_wclk_A, 89.14, 320.96, 0.00524756
FILLER_0_113_176, 89.14, 320.96, 0.00524756
FILLER_0_114_168, 89.14, 320.96, 0.00524756
_08332_, 101.94, 320.96, 0.00524127
_09129_, 101.94, 320.96, 0.00524127
_09130_, 101.94, 320.96, 0.00524127
_13314_, 101.94, 320.96, 0.00524127
FILLER_0_114_197, 101.94, 320.96, 0.00524127
FILLER_0_115_219, 101.94, 320.96, 0.00524127
_08635_, 114.74, 320.96, 0.00522862
_08638_, 114.74, 320.96, 0.00522862
_13151_, 114.74, 320.96, 0.00522862
_13152_, 114.74, 320.96, 0.00522862
ANTENNA__08332__B1, 114.74, 320.96, 0.00522862
ANTENNA__08634__A0, 114.74, 320.96, 0.00522862
ANTENNA__08637__A0, 114.74, 320.96, 0.00522862
FILLER_0_113_225, 114.74, 320.96, 0.00522862
_08637_, 127.54, 320.96, 0.00520481
_10830_, 127.54, 320.96, 0.00520481
_14144_, 127.54, 320.96, 0.00520481
ANTENNA__08277__A2, 127.54, 320.96, 0.00520481
ANTENNA__08245__A2, 127.54, 320.96, 0.00520481
ANTENNA__08637__S, 127.54, 320.96, 0.00520481
ANTENNA__08918__A0, 127.54, 320.96, 0.00520481
ANTENNA__10833__A1, 127.54, 320.96, 0.00520481
ANTENNA__10829__S, 127.54, 320.96, 0.00520481
ANTENNA_clkbuf_leaf_21_wclk_A, 127.54, 320.96, 0.00520481
FILLER_0_115_270, 127.54, 320.96, 0.00520481
_08292_, 140.34, 320.96, 0.00517415
_08917_, 140.34, 320.96, 0.00517415
_08918_, 140.34, 320.96, 0.00517415
_10823_, 140.34, 320.96, 0.00517415
ANTENNA__08292__A2, 140.34, 320.96, 0.00517415
ANTENNA__08292__B1, 140.34, 320.96, 0.00517415
ANTENNA__08056__B1, 140.34, 320.96, 0.00517415
ANTENNA__10823__S, 140.34, 320.96, 0.00517415
FILLER_0_114_296, 140.34, 320.96, 0.00517415
_08909_, 153.14, 320.96, 0.00514117
_10822_, 153.14, 320.96, 0.00514117
_10827_, 153.14, 320.96, 0.00514117
_10828_, 153.14, 320.96, 0.00514117
_14139_, 153.14, 320.96, 0.00514117
_14142_, 153.14, 320.96, 0.00514117
ANTENNA__10823__A1, 153.14, 320.96, 0.00514117
ANTENNA__10827__A1, 153.14, 320.96, 0.00514117
FILLER_0_115_330, 153.14, 320.96, 0.00514117
_07996_, 165.94, 320.96, 0.00509545
_08339_, 165.94, 320.96, 0.00509545
_10821_, 165.94, 320.96, 0.00509545
_10836_, 165.94, 320.96, 0.00509545
_13282_, 165.94, 320.96, 0.00509545
FILLER_0_113_346, 165.94, 320.96, 0.00509545
FILLER_0_114_354, 165.94, 320.96, 0.00509545
_08646_, 191.54, 320.96, 0.00510587
_12382_, 191.54, 320.96, 0.00510587
_13155_, 191.54, 320.96, 0.00510587
ANTENNA__08418__B1, 191.54, 320.96, 0.00510587
ANTENNA__08419__A2, 191.54, 320.96, 0.00510587
ANTENNA__08418__A2, 191.54, 320.96, 0.00510587
ANTENNA__08646__S, 191.54, 320.96, 0.00510587
ANTENNA__13079__CLK, 191.54, 320.96, 0.00510587
FILLER_0_113_393, 191.54, 320.96, 0.00510587
_09134_, 204.34, 320.96, 0.00516116
_13380_, 204.34, 320.96, 0.00516116
ANTENNA__08427__A2, 204.34, 320.96, 0.00516116
ANTENNA__08427__B1, 204.34, 320.96, 0.00516116
ANTENNA__08618__A, 204.34, 320.96, 0.00516116
ANTENNA__09133__A0, 204.34, 320.96, 0.00516116
ANTENNA__08974__A, 204.34, 320.96, 0.00516116
ANTENNA__09133__S, 204.34, 320.96, 0.00516116
ANTENNA__09112__A, 204.34, 320.96, 0.00516116
ANTENNA__09922__S, 204.34, 320.96, 0.00516116
FILLER_0_114_421, 204.34, 320.96, 0.00516116
FILLER_0_114_429, 204.34, 320.96, 0.00516116
FILLER_0_114_436, 204.34, 320.96, 0.00516116
FILLER_0_115_439, 204.34, 320.96, 0.00516116
_07980_, 217.14, 320.96, 0.00521088
_13316_, 217.14, 320.96, 0.00521088
_14212_, 217.14, 320.96, 0.00521088
ANTENNA__07334__A, 217.14, 320.96, 0.00521088
ANTENNA__08491__C, 217.14, 320.96, 0.00521088
ANTENNA__08426__B1, 217.14, 320.96, 0.00521088
ANTENNA__08652__S, 217.14, 320.96, 0.00521088
ANTENNA__10957__A, 217.14, 320.96, 0.00521088
FILLER_0_113_449, 217.14, 320.96, 0.00521088
_07885_, 229.94, 320.96, 0.00525085
_10957_, 229.94, 320.96, 0.00525085
_10978_, 229.94, 320.96, 0.00525085
_10979_, 229.94, 320.96, 0.00525085
_14148_, 229.94, 320.96, 0.00525085
ANTENNA__07885__A, 229.94, 320.96, 0.00525085
ANTENNA__10978__A1, 229.94, 320.96, 0.00525085
ANTENNA__10839__A1, 229.94, 320.96, 0.00525085
FILLER_0_113_482, 229.94, 320.96, 0.00525085
FILLER_0_114_486, 229.94, 320.96, 0.00525085
_08433_, 242.74, 320.96, 0.00527978
_13284_, 242.74, 320.96, 0.00527978
_14138_, 242.74, 320.96, 0.00527978
clkbuf_leaf_57_wclk, 242.74, 320.96, 0.00527978
FILLER_0_115_516, 242.74, 320.96, 0.00527978
_08649_, 255.54, 320.96, 0.00527919
_08650_, 255.54, 320.96, 0.00527919
_10266_, 255.54, 320.96, 0.00527919
_10818_, 255.54, 320.96, 0.00527919
ANTENNA__07406__A, 255.54, 320.96, 0.00527919
ANTENNA__07904__B1, 255.54, 320.96, 0.00527919
ANTENNA__08649__S, 255.54, 320.96, 0.00527919
ANTENNA__10818__A, 255.54, 320.96, 0.00527919
ANTENNA__10266__A, 255.54, 320.96, 0.00527919
_06525_, 268.34, 320.96, 0.0052743
_06568_, 268.34, 320.96, 0.0052743
_13092_, 268.34, 320.96, 0.0052743
ANTENNA__06568__A, 268.34, 320.96, 0.0052743
ANTENNA__06568__B, 268.34, 320.96, 0.0052743
ANTENNA__09091__A, 268.34, 320.96, 0.0052743
ANTENNA__13092__RESET_B, 268.34, 320.96, 0.0052743
ANTENNA__13084__RESET_B, 268.34, 320.96, 0.0052743
FILLER_0_114_583, 268.34, 320.96, 0.0052743
_06516_, 281.14, 320.96, 0.00525424
_06519_, 281.14, 320.96, 0.00525424
_06526_, 281.14, 320.96, 0.00525424
_06529_, 281.14, 320.96, 0.00525424
_06532_, 281.14, 320.96, 0.00525424
_06544_, 281.14, 320.96, 0.00525424
hold7, 281.14, 320.96, 0.00525424
ANTENNA__06545__C, 281.14, 320.96, 0.00525424
ANTENNA__06526__A2, 281.14, 320.96, 0.00525424
FILLER_0_113_591, 281.14, 320.96, 0.00525424
_06540_, 293.94, 320.96, 0.00522447
_06542_, 293.94, 320.96, 0.00522447
_13082_, 293.94, 320.96, 0.00522447
ANTENNA__06540__A1, 293.94, 320.96, 0.00522447
ANTENNA__06526__A1, 293.94, 320.96, 0.00522447
ANTENNA__13098__RESET_B, 293.94, 320.96, 0.00522447
ANTENNA__13082__RESET_B, 293.94, 320.96, 0.00522447
FILLER_0_114_618, 293.94, 320.96, 0.00522447
FILLER_0_114_624, 293.94, 320.96, 0.00522447
FILLER_0_114_635, 293.94, 320.96, 0.00522447
FILLER_0_115_630, 293.94, 320.96, 0.00522447
_06537_, 306.74, 320.96, 0.00518632
_08587_, 306.74, 320.96, 0.00518632
_13089_, 306.74, 320.96, 0.00518632
ANTENNA__13089__RESET_B, 306.74, 320.96, 0.00518632
FILLER_0_114_645, 306.74, 320.96, 0.00518632
FILLER_0_114_668, 306.74, 320.96, 0.00518632
_08884_, 319.54, 320.96, 0.00514106
_08904_, 319.54, 320.96, 0.00514106
_10259_, 319.54, 320.96, 0.00514106
_10817_, 319.54, 320.96, 0.00514106
_14137_, 319.54, 320.96, 0.00514106
ANTENNA__08884__A, 319.54, 320.96, 0.00514106
ANTENNA__10259__A, 319.54, 320.96, 0.00514106
ANTENNA__06534__B_N, 319.54, 320.96, 0.00514106
ANTENNA__06534__A, 319.54, 320.96, 0.00514106
_07505_, 345.14, 320.96, 0.00514215
_07797_, 345.14, 320.96, 0.00514215
_08889_, 345.14, 320.96, 0.00514215
_10803_, 345.14, 320.96, 0.00514215
_14130_, 345.14, 320.96, 0.00514215
ANTENNA__07797__A2, 345.14, 320.96, 0.00514215
ANTENNA__07797__B1, 345.14, 320.96, 0.00514215
ANTENNA__08901__A0, 345.14, 320.96, 0.00514215
_08888_, 357.94, 320.96, 0.00518922
_10800_, 357.94, 320.96, 0.00518922
_10801_, 357.94, 320.96, 0.00518922
_10807_, 357.94, 320.96, 0.00518922
_14129_, 357.94, 320.96, 0.00518922
_14132_, 357.94, 320.96, 0.00518922
ANTENNA__08889__A0, 357.94, 320.96, 0.00518922
ANTENNA__10802__A1, 357.94, 320.96, 0.00518922
_08892_, 370.74, 320.96, 0.00522369
_10806_, 370.74, 320.96, 0.00522369
_13267_, 370.74, 320.96, 0.00522369
_14135_, 370.74, 320.96, 0.00522369
ANTENNA__07601__A2, 370.74, 320.96, 0.00522369
_07746_, 383.54, 320.96, 0.00524793
_08897_, 383.54, 320.96, 0.00524793
_10810_, 383.54, 320.96, 0.00524793
_10811_, 383.54, 320.96, 0.00524793
_10812_, 383.54, 320.96, 0.00524793
ANTENNA__07746__A2, 383.54, 320.96, 0.00524793
ANTENNA__07553__A2, 383.54, 320.96, 0.00524793
ANTENNA__10810__A1, 383.54, 320.96, 0.00524793
ANTENNA__10812__A1, 383.54, 320.96, 0.00524793
FILLER_0_113_814, 383.54, 320.96, 0.00524793
FILLER_0_114_826, 383.54, 320.96, 0.00524793
FILLER_0_114_831, 383.54, 320.96, 0.00524793
FILLER_0_115_822, 383.54, 320.96, 0.00524793
_07490_, 396.34, 320.96, 0.00526856
_08592_, 396.34, 320.96, 0.00526856
_08898_, 396.34, 320.96, 0.00526856
_13270_, 396.34, 320.96, 0.00526856
ANTENNA__07490__B1, 396.34, 320.96, 0.00526856
ANTENNA__07490__A2, 396.34, 320.96, 0.00526856
ANTENNA__08895__A0, 396.34, 320.96, 0.00526856
ANTENNA__08897__A0, 396.34, 320.96, 0.00526856
FILLER_0_114_854, 396.34, 320.96, 0.00526856
FILLER_0_115_853, 396.34, 320.96, 0.00526856
_13061_, 409.14, 320.96, 0.00528303
_13137_, 409.14, 320.96, 0.00528303
ANTENNA__13061__RESET_B, 409.14, 320.96, 0.00528303
FILLER_0_114_889, 409.14, 320.96, 0.00528303
_07636_, 421.94, 320.96, 0.0052833
_08600_, 421.94, 320.96, 0.0052833
_08601_, 421.94, 320.96, 0.0052833
_08606_, 421.94, 320.96, 0.0052833
_13140_, 421.94, 320.96, 0.0052833
clkbuf_4_14_0_wclk, 421.94, 320.96, 0.0052833
_07492_, 434.74, 320.96, 0.00522921
_12365_, 434.74, 320.96, 0.00522921
_12366_, 434.74, 320.96, 0.00522921
_14834_, 434.74, 320.96, 0.00522921
ANTENNA__08600__A0, 434.74, 320.96, 0.00522921
_07414_, 447.54, 320.96, 0.00516859
_12499_, 447.54, 320.96, 0.00516859
ANTENNA__12365__S, 447.54, 320.96, 0.00516859
ANTENNA__12499__S, 447.54, 320.96, 0.00516859
ANTENNA__12159__A0, 447.54, 320.96, 0.00516859
ANTENNA__12499__A1, 447.54, 320.96, 0.00516859
ANTENNA__12159__S, 447.54, 320.96, 0.00516859
_09100_, 460.34, 320.96, 0.00510683
ANTENNA__07414__A2, 460.34, 320.96, 0.00510683
ANTENNA__09104__A0, 460.34, 320.96, 0.00510683
ANTENNA__08966__A0, 460.34, 320.96, 0.00510683
ANTENNA__08966__S, 460.34, 320.96, 0.00510683
ANTENNA__09104__S, 460.34, 320.96, 0.00510683
ANTENNA__09100__S, 460.34, 320.96, 0.00510683
ANTENNA__09883__A0, 460.34, 320.96, 0.00510683
FILLER_0_114_985, 460.34, 320.96, 0.00510683
FILLER_0_114_994, 460.34, 320.96, 0.00510683
FILLER_0_114_1002, 460.34, 320.96, 0.00510683
FILLER_0_115_1000, 460.34, 320.96, 0.00510683
_07783_, 473.14, 320.96, 0.00504408
_09099_, 473.14, 320.96, 0.00504408
_09102_, 473.14, 320.96, 0.00504408
_12171_, 473.14, 320.96, 0.00504408
_12174_, 473.14, 320.96, 0.00504408
_13363_, 473.14, 320.96, 0.00504408
ANTENNA__07783__B1, 473.14, 320.96, 0.00504408
ANTENNA__07547__A2, 473.14, 320.96, 0.00504408
ANTENNA__09098__A0, 473.14, 320.96, 0.00504408
ANTENNA__09102__A0, 473.14, 320.96, 0.00504408
ANTENNA__09102__S, 473.14, 320.96, 0.00504408
ANTENNA__09098__S, 473.14, 320.96, 0.00504408
PHY_222, 5.52, 315.52, 0.00482455
PHY_224, 5.52, 315.52, 0.00482455
PHY_223, 494.04, 315.52, 0.00490212
PHY_225, 494.04, 315.52, 0.00490212
ANTENNA__12377__S, 494.04, 315.52, 0.00490212
FILLER_0_113_27, 15.33, 315.52, 0.00482455
_08374_, 37.94, 315.52, 0.0048859
_13376_, 37.94, 315.52, 0.0048859
ANTENNA__08374__B1, 37.94, 315.52, 0.0048859
ANTENNA_clkbuf_leaf_30_wclk_A, 37.94, 315.52, 0.0048859
_08239_, 50.74, 315.52, 0.00494248
_08380_, 50.74, 315.52, 0.00494248
_08381_, 50.74, 315.52, 0.00494248
_09125_, 50.74, 315.52, 0.00494248
_10968_, 50.74, 315.52, 0.00494248
_10969_, 50.74, 315.52, 0.00494248
_13311_, 50.74, 315.52, 0.00494248
_08191_, 63.54, 315.52, 0.00498694
_08987_, 63.54, 315.52, 0.00498694
_09123_, 63.54, 315.52, 0.00498694
_10970_, 63.54, 315.52, 0.00498694
_10971_, 63.54, 315.52, 0.00498694
clkbuf_leaf_32_wclk, 63.54, 315.52, 0.00498694
_08993_, 76.34, 315.52, 0.00500912
_10976_, 76.34, 315.52, 0.00500912
_14211_, 76.34, 315.52, 0.00500912
ANTENNA__08379__B1, 76.34, 315.52, 0.00500912
ANTENNA__08993__A0, 76.34, 315.52, 0.00500912
FILLER_0_111_149, 76.34, 315.52, 0.00500912
FILLER_0_112_167, 76.34, 315.52, 0.00500912
_07964_, 89.14, 315.52, 0.00502451
_12384_, 89.14, 315.52, 0.00502451
_14747_, 89.14, 315.52, 0.00502451
ANTENNA__12384__S, 89.14, 315.52, 0.00502451
ANTENNA__07964__B1, 89.14, 315.52, 0.00502451
FILLER_0_112_193, 89.14, 315.52, 0.00502451
_08333_, 101.94, 315.52, 0.00503413
_13378_, 101.94, 315.52, 0.00503413
ANTENNA__12180__A0, 101.94, 315.52, 0.00503413
ANTENNA__08333__A2, 101.94, 315.52, 0.00503413
ANTENNA__08333__B1, 101.94, 315.52, 0.00503413
ANTENNA__08332__A2, 101.94, 315.52, 0.00503413
ANTENNA__09129__A0, 101.94, 315.52, 0.00503413
ANTENNA__09129__S, 101.94, 315.52, 0.00503413
ANTENNA__12180__S, 101.94, 315.52, 0.00503413
FILLER_0_112_197, 101.94, 315.52, 0.00503413
FILLER_0_113_219, 101.94, 315.52, 0.00503413
_08230_, 114.74, 315.52, 0.00503852
_08231_, 114.74, 315.52, 0.00503852
_08276_, 114.74, 315.52, 0.00503852
_08277_, 114.74, 315.52, 0.00503852
ANTENNA__08277__B1, 114.74, 315.52, 0.00503852
ANTENNA__08230__B1, 114.74, 315.52, 0.00503852
ANTENNA__08231__A2, 114.74, 315.52, 0.00503852
ANTENNA__08230__A2, 114.74, 315.52, 0.00503852
ANTENNA__08278__A1, 114.74, 315.52, 0.00503852
FILLER_0_112_224, 114.74, 315.52, 0.00503852
FILLER_0_112_247, 114.74, 315.52, 0.00503852
_08245_, 127.54, 315.52, 0.00503489
_10829_, 127.54, 315.52, 0.00503489
_13280_, 127.54, 315.52, 0.00503489
_14143_, 127.54, 315.52, 0.00503489
ANTENNA__10829__A1, 127.54, 315.52, 0.00503489
FILLER_0_111_252, 127.54, 315.52, 0.00503489
_08198_, 140.34, 315.52, 0.00502107
_08916_, 140.34, 315.52, 0.00502107
_13279_, 140.34, 315.52, 0.00502107
ANTENNA__08245__B1, 140.34, 315.52, 0.00502107
ANTENNA__08198__B1, 140.34, 315.52, 0.00502107
ANTENNA__08918__S, 140.34, 315.52, 0.00502107
FILLER_0_113_301, 140.34, 315.52, 0.00502107
_08151_, 153.14, 315.52, 0.00500262
_08370_, 153.14, 315.52, 0.00500262
_10625_, 153.14, 315.52, 0.00500262
_10628_, 153.14, 315.52, 0.00500262
ANTENNA__08151__A2, 153.14, 315.52, 0.00500262
ANTENNA__08056__A2, 153.14, 315.52, 0.00500262
ANTENNA__08151__B1, 153.14, 315.52, 0.00500262
ANTENNA__09502__S, 153.14, 315.52, 0.00500262
ANTENNA__10625__A1, 153.14, 315.52, 0.00500262
ANTENNA__10827__S, 153.14, 315.52, 0.00500262
FILLER_0_112_309, 153.14, 315.52, 0.00500262
FILLER_0_112_328, 153.14, 315.52, 0.00500262
_08925_, 165.94, 315.52, 0.00497292
ANTENNA__08339__A2, 165.94, 315.52, 0.00497292
ANTENNA__07996__B1, 165.94, 315.52, 0.00497292
ANTENNA__08924__A0, 165.94, 315.52, 0.00497292
ANTENNA__08924__S, 165.94, 315.52, 0.00497292
ANTENNA__08914__S, 165.94, 315.52, 0.00497292
ANTENNA__10821__A1, 165.94, 315.52, 0.00497292
ANTENNA__10837__A1, 165.94, 315.52, 0.00497292
ANTENNA__10821__S, 165.94, 315.52, 0.00497292
ANTENNA__06646__A, 165.94, 315.52, 0.00497292
FILLER_0_112_337, 165.94, 315.52, 0.00497292
FILLER_0_112_350, 165.94, 315.52, 0.00497292
_07957_, 191.54, 315.52, 0.00501673
_08418_, 191.54, 315.52, 0.00501673
_08419_, 191.54, 315.52, 0.00501673
_13079_, 191.54, 315.52, 0.00501673
ANTENNA__08512__B1, 191.54, 315.52, 0.00501673
ANTENNA__09922__A0, 191.54, 315.52, 0.00501673
FILLER_0_112_400, 191.54, 315.52, 0.00501673
FILLER_0_112_409, 191.54, 315.52, 0.00501673
FILLER_0_113_412, 191.54, 315.52, 0.00501673
_08427_, 204.34, 315.52, 0.00507475
_08428_, 204.34, 315.52, 0.00507475
_08618_, 204.34, 315.52, 0.00507475
_09112_, 204.34, 315.52, 0.00507475
_09133_, 204.34, 315.52, 0.00507475
_07334_, 217.14, 315.52, 0.00512924
_07427_, 217.14, 315.52, 0.00512924
_08067_, 217.14, 315.52, 0.00512924
_08426_, 217.14, 315.52, 0.00512924
_13189_, 217.14, 315.52, 0.00512924
ANTENNA__08492__A3, 217.14, 315.52, 0.00512924
ANTENNA__08721__S, 217.14, 315.52, 0.00512924
FILLER_0_112_447, 217.14, 315.52, 0.00512924
FILLER_0_112_459, 217.14, 315.52, 0.00512924
_06933_, 229.94, 315.52, 0.00516199
_08464_, 229.94, 315.52, 0.00516199
_08927_, 229.94, 315.52, 0.00516199
_10839_, 229.94, 315.52, 0.00516199
_10840_, 229.94, 315.52, 0.00516199
_13016_, 229.94, 315.52, 0.00516199
ANTENNA__13016__S, 229.94, 315.52, 0.00516199
ANTENNA__06933__A, 229.94, 315.52, 0.00516199
ANTENNA__08492__A2, 229.94, 315.52, 0.00516199
ANTENNA__13016__A1, 229.94, 315.52, 0.00516199
FILLER_0_111_474, 229.94, 315.52, 0.00516199
FILLER_0_112_481, 229.94, 315.52, 0.00516199
_07994_, 242.74, 315.52, 0.00517929
_08926_, 242.74, 315.52, 0.00517929
_10819_, 242.74, 315.52, 0.00517929
_13156_, 242.74, 315.52, 0.00517929
ANTENNA__08466__A2, 242.74, 315.52, 0.00517929
ANTENNA__07995__A, 242.74, 315.52, 0.00517929
ANTENNA__10819__A1, 242.74, 315.52, 0.00517929
ANTENNA__10819__S, 242.74, 315.52, 0.00517929
ANTENNA__13080__RESET_B, 242.74, 315.52, 0.00517929
FILLER_0_112_527, 242.74, 315.52, 0.00517929
FILLER_0_113_521, 242.74, 315.52, 0.00517929
_07406_, 255.54, 315.52, 0.00518966
_07443_, 255.54, 315.52, 0.00518966
_07444_, 255.54, 315.52, 0.00518966
_09091_, 255.54, 315.52, 0.00518966
_13080_, 255.54, 315.52, 0.00518966
ANTENNA__08465__A2, 255.54, 315.52, 0.00518966
ANTENNA__08466__A1, 255.54, 315.52, 0.00518966
FILLER_0_112_556, 255.54, 315.52, 0.00518966
_06708_, 268.34, 315.52, 0.00518433
_13107_, 268.34, 315.52, 0.00518433
ANTENNA__06525__A, 268.34, 315.52, 0.00518433
ANTENNA__13114__RESET_B, 268.34, 315.52, 0.00518433
ANTENNA__13107__RESET_B, 268.34, 315.52, 0.00518433
FILLER_0_112_582, 268.34, 315.52, 0.00518433
_06520_, 281.14, 315.52, 0.00516271
_06541_, 281.14, 315.52, 0.00516271
_06545_, 281.14, 315.52, 0.00516271
hold1, 281.14, 315.52, 0.00516271
ANTENNA__06532__B, 281.14, 315.52, 0.00516271
ANTENNA__06532__C, 281.14, 315.52, 0.00516271
FILLER_0_112_597, 281.14, 315.52, 0.00516271
_06512_, 293.94, 315.52, 0.00513427
_06513_, 293.94, 315.52, 0.00513427
_06538_, 293.94, 315.52, 0.00513427
_06539_, 293.94, 315.52, 0.00513427
_06551_, 293.94, 315.52, 0.00513427
_06552_, 293.94, 315.52, 0.00513427
_13098_, 293.94, 315.52, 0.00513427
ANTENNA__06539__A1, 293.94, 315.52, 0.00513427
FILLER_0_112_637, 293.94, 315.52, 0.00513427
_06534_, 306.74, 315.52, 0.00509224
_06535_, 306.74, 315.52, 0.00509224
_06536_, 306.74, 315.52, 0.00509224
_13097_, 306.74, 315.52, 0.00509224
ANTENNA__06536__B, 306.74, 315.52, 0.00509224
ANTENNA__08587__A, 306.74, 315.52, 0.00509224
ANTENNA__13097__RESET_B, 306.74, 315.52, 0.00509224
ANTENNA__06511__A_N, 306.74, 315.52, 0.00509224
ANTENNA__13098__CLK, 306.74, 315.52, 0.00509224
FILLER_0_111_648, 306.74, 315.52, 0.00509224
FILLER_0_112_660, 306.74, 315.52, 0.00509224
_06511_, 319.54, 315.52, 0.00504104
_07337_, 319.54, 315.52, 0.00504104
_10797_, 319.54, 315.52, 0.00504104
_10816_, 319.54, 315.52, 0.00504104
ANTENNA__13097__CLK, 319.54, 315.52, 0.00504104
FILLER_0_112_677, 319.54, 315.52, 0.00504104
_10802_, 345.14, 315.52, 0.00501856
_10814_, 345.14, 315.52, 0.00501856
FILLER_0_112_749, 345.14, 315.52, 0.00501856
_07445_, 357.94, 315.52, 0.00505093
ANTENNA__07445__A2, 357.94, 315.52, 0.00505093
ANTENNA__07445__B1, 357.94, 315.52, 0.00505093
ANTENNA__10800__A1, 357.94, 315.52, 0.00505093
ANTENNA__10608__A1, 357.94, 315.52, 0.00505093
FILLER_0_112_757, 357.94, 315.52, 0.00505093
_07553_, 370.74, 315.52, 0.0050832
_07601_, 370.74, 315.52, 0.0050832
_08891_, 370.74, 315.52, 0.0050832
_10605_, 370.74, 315.52, 0.0050832
_10805_, 370.74, 315.52, 0.0050832
ANTENNA__07601__B1, 370.74, 315.52, 0.0050832
ANTENNA__07553__B1, 370.74, 315.52, 0.0050832
ANTENNA__09481__A0, 370.74, 315.52, 0.0050832
ANTENNA__10806__A1, 370.74, 315.52, 0.0050832
ANTENNA__10604__A1, 370.74, 315.52, 0.0050832
FILLER_0_111_789, 370.74, 315.52, 0.0050832
_08895_, 383.54, 315.52, 0.00511297
_10809_, 383.54, 315.52, 0.00511297
_13269_, 383.54, 315.52, 0.00511297
_14133_, 383.54, 315.52, 0.00511297
_14134_, 383.54, 315.52, 0.00511297
_07684_, 396.34, 315.52, 0.0051278
_08604_, 396.34, 315.52, 0.0051278
_08896_, 396.34, 315.52, 0.0051278
_13141_, 396.34, 315.52, 0.0051278
ANTENNA__07684__A2, 396.34, 315.52, 0.0051278
ANTENNA__07699__B1, 396.34, 315.52, 0.0051278
FILLER_0_112_850, 396.34, 315.52, 0.0051278
_07491_, 409.14, 315.52, 0.00513596
_08603_, 409.14, 315.52, 0.00513596
_13142_, 409.14, 315.52, 0.00513596
ANTENNA__07685__A2, 409.14, 315.52, 0.00513596
ANTENNA__08603__S, 409.14, 315.52, 0.00513596
ANTENNA__13061__CLK, 409.14, 315.52, 0.00513596
FILLER_0_112_885, 409.14, 315.52, 0.00513596
_07731_, 421.94, 315.52, 0.00513528
_13063_, 421.94, 315.52, 0.00513528
clkbuf_leaf_90_wclk, 421.94, 315.52, 0.00513528
ANTENNA__07731__B1, 421.94, 315.52, 0.00513528
ANTENNA__07731__A2, 421.94, 315.52, 0.00513528
ANTENNA__13066__CLK, 421.94, 315.52, 0.00513528
FILLER_0_111_897, 421.94, 315.52, 0.00513528
_07585_, 434.74, 315.52, 0.00510532
_07587_, 434.74, 315.52, 0.00510532
ANTENNA__07587__A2, 434.74, 315.52, 0.00510532
ANTENNA__12365__A1, 434.74, 315.52, 0.00510532
ANTENNA__13063__RESET_B, 434.74, 315.52, 0.00510532
ANTENNA__13063__CLK, 434.74, 315.52, 0.00510532
_07413_, 447.54, 315.52, 0.00506873
_12159_, 447.54, 315.52, 0.00506873
_12160_, 447.54, 315.52, 0.00506873
_12364_, 447.54, 315.52, 0.00506873
_14737_, 447.54, 315.52, 0.00506873
ANTENNA__07414__B1, 447.54, 315.52, 0.00506873
ANTENNA__07413__A2, 447.54, 315.52, 0.00506873
ANTENNA__07413__B1, 447.54, 315.52, 0.00506873
ANTENNA__07587__A1, 447.54, 315.52, 0.00506873
ANTENNA_clkbuf_leaf_90_wclk_A, 447.54, 315.52, 0.00506873
FILLER_0_112_953, 447.54, 315.52, 0.00506873
FILLER_0_113_961, 447.54, 315.52, 0.00506873
_07595_, 460.34, 315.52, 0.0050247
_09101_, 460.34, 315.52, 0.0050247
_09104_, 460.34, 315.52, 0.0050247
_09105_, 460.34, 315.52, 0.0050247
_13364_, 460.34, 315.52, 0.0050247
_13366_, 460.34, 315.52, 0.0050247
ANTENNA__12363__S, 460.34, 315.52, 0.0050247
ANTENNA__09100__A0, 460.34, 315.52, 0.0050247
_07548_, 473.14, 315.52, 0.00496783
_07645_, 473.14, 315.52, 0.00496783
_09098_, 473.14, 315.52, 0.00496783
_09103_, 473.14, 315.52, 0.00496783
_13365_, 473.14, 315.52, 0.00496783
FILLER_0_111_1013, 473.14, 315.52, 0.00496783
PHY_218, 5.52, 310.08, 0.00473266
PHY_220, 5.52, 310.08, 0.00473266
PHY_219, 494.04, 310.08, 0.00478799
PHY_221, 494.04, 310.08, 0.00478799
ANTENNA__12507__S, 494.04, 310.08, 0.00478799
FILLER_0_110_29, 15.33, 310.08, 0.00473266
FILLER_0_111_27, 15.33, 310.08, 0.00473266
_09126_, 37.94, 310.08, 0.00478781
_09920_, 37.94, 310.08, 0.00478781
_13728_, 37.94, 310.08, 0.00478781
ANTENNA__08374__A2, 37.94, 310.08, 0.00478781
ANTENNA__08239__B1, 37.94, 310.08, 0.00478781
ANTENNA__09920__A0, 37.94, 310.08, 0.00478781
ANTENNA__09920__S, 37.94, 310.08, 0.00478781
FILLER_0_110_77, 37.94, 310.08, 0.00478781
FILLER_0_111_78, 37.94, 310.08, 0.00478781
_08186_, 50.74, 310.08, 0.00483635
_08240_, 50.74, 310.08, 0.00483635
_08986_, 50.74, 310.08, 0.00483635
_12528_, 50.74, 310.08, 0.00483635
ANTENNA__08186__A2, 50.74, 310.08, 0.00483635
ANTENNA__08239__A2, 50.74, 310.08, 0.00483635
ANTENNA__08380__B1, 50.74, 310.08, 0.00483635
ANTENNA__09123__A0, 50.74, 310.08, 0.00483635
ANTENNA__09123__S, 50.74, 310.08, 0.00483635
ANTENNA__12528__A1, 50.74, 310.08, 0.00483635
FILLER_0_110_85, 50.74, 310.08, 0.00483635
FILLER_0_110_108, 50.74, 310.08, 0.00483635
FILLER_0_111_100, 50.74, 310.08, 0.00483635
FILLER_0_111_109, 50.74, 310.08, 0.00483635
_08192_, 63.54, 310.08, 0.00488124
_08238_, 63.54, 310.08, 0.00488124
_09124_, 63.54, 310.08, 0.00488124
_13375_, 63.54, 310.08, 0.00488124
_14208_, 63.54, 310.08, 0.00488124
ANTENNA__08192__A2, 63.54, 310.08, 0.00488124
ANTENNA__08238__B1, 63.54, 310.08, 0.00488124
_10277_, 76.34, 310.08, 0.00491501
_10282_, 76.34, 310.08, 0.00491501
_12181_, 76.34, 310.08, 0.00491501
_12385_, 76.34, 310.08, 0.00491501
ANTENNA__08238__A2, 76.34, 310.08, 0.00491501
ANTENNA__08191__B1, 76.34, 310.08, 0.00491501
ANTENNA__08993__S, 76.34, 310.08, 0.00491501
ANTENNA__10282__A1, 76.34, 310.08, 0.00491501
ANTENNA__10976__A1, 76.34, 310.08, 0.00491501
ANTENNA__10976__S, 76.34, 310.08, 0.00491501
ANTENNA__10970__S, 76.34, 310.08, 0.00491501
ANTENNA_clkbuf_leaf_32_wclk_A, 76.34, 310.08, 0.00491501
FILLER_0_110_149, 76.34, 310.08, 0.00491501
FILLER_0_110_157, 76.34, 310.08, 0.00491501
_09919_, 89.14, 310.08, 0.00494523
_12180_, 89.14, 310.08, 0.00494523
_12194_, 89.14, 310.08, 0.00494523
_12195_, 89.14, 310.08, 0.00494523
_14843_, 89.14, 310.08, 0.00494523
ANTENNA__10276__A1, 89.14, 310.08, 0.00494523
ANTENNA__12194__S, 89.14, 310.08, 0.00494523
FILLER_0_109_169, 89.14, 310.08, 0.00494523
FILLER_0_110_184, 89.14, 310.08, 0.00494523
_08334_, 101.94, 310.08, 0.00496699
_12534_, 101.94, 310.08, 0.00496699
_13730_, 101.94, 310.08, 0.00496699
ANTENNA__08327__A2, 101.94, 310.08, 0.00496699
ANTENNA__13075__RESET_B, 101.94, 310.08, 0.00496699
ANTENNA__08231__A1, 101.94, 310.08, 0.00496699
FILLER_0_110_213, 101.94, 310.08, 0.00496699
_08229_, 114.74, 310.08, 0.00498112
_08278_, 114.74, 310.08, 0.00498112
_13075_, 114.74, 310.08, 0.00498112
_13076_, 114.74, 310.08, 0.00498112
ANTENNA__08278__A2, 114.74, 310.08, 0.00498112
_08919_, 127.54, 310.08, 0.00496698
_10831_, 127.54, 310.08, 0.00496698
_10832_, 127.54, 310.08, 0.00496698
ANTENNA__10831__A1, 127.54, 310.08, 0.00496698
ANTENNA__10831__S, 127.54, 310.08, 0.00496698
ANTENNA__13075__CLK, 127.54, 310.08, 0.00496698
ANTENNA__13076__CLK, 127.54, 310.08, 0.00496698
FILLER_0_110_277, 127.54, 310.08, 0.00496698
FILLER_0_111_277, 127.54, 310.08, 0.00496698
_09502_, 140.34, 310.08, 0.00495043
_09503_, 140.34, 310.08, 0.00495043
_13536_, 140.34, 310.08, 0.00495043
ANTENNA__08243__A3, 140.34, 310.08, 0.00495043
ANTENNA__08196__A3, 140.34, 310.08, 0.00495043
ANTENNA__08198__A2, 140.34, 310.08, 0.00495043
ANTENNA__08916__A0, 140.34, 310.08, 0.00495043
ANTENNA__08916__S, 140.34, 310.08, 0.00495043
ANTENNA__09502__A0, 140.34, 310.08, 0.00495043
ANTENNA__10049__S, 140.34, 310.08, 0.00495043
FILLER_0_109_285, 140.34, 310.08, 0.00495043
FILLER_0_110_283, 140.34, 310.08, 0.00495043
FILLER_0_110_291, 140.34, 310.08, 0.00495043
FILLER_0_111_300, 140.34, 310.08, 0.00495043
FILLER_0_111_305, 140.34, 310.08, 0.00495043
_10626_, 153.14, 310.08, 0.00492939
_14047_, 153.14, 310.08, 0.00492939
_14048_, 153.14, 310.08, 0.00492939
ANTENNA__08246__A2, 153.14, 310.08, 0.00492939
ANTENNA__08246__B1, 153.14, 310.08, 0.00492939
ANTENNA__10625__S, 153.14, 310.08, 0.00492939
FILLER_0_110_334, 153.14, 310.08, 0.00492939
FILLER_0_111_324, 153.14, 310.08, 0.00492939
_10623_, 165.94, 310.08, 0.00489791
_13534_, 165.94, 310.08, 0.00489791
_14147_, 165.94, 310.08, 0.00489791
ANTENNA__08152__B1, 165.94, 310.08, 0.00489791
ANTENNA__10623__A1, 165.94, 310.08, 0.00489791
ANTENNA__10623__S, 165.94, 310.08, 0.00489791
FILLER_0_110_358, 165.94, 310.08, 0.00489791
FILLER_0_111_349, 165.94, 310.08, 0.00489791
FILLER_0_111_357, 165.94, 310.08, 0.00489791
_07888_, 191.54, 310.08, 0.00493433
_12538_, 191.54, 310.08, 0.00493433
_12539_, 191.54, 310.08, 0.00493433
clkbuf_leaf_55_wclk, 191.54, 310.08, 0.00493433
ANTENNA__07888__A, 191.54, 310.08, 0.00493433
ANTENNA__08512__A2, 191.54, 310.08, 0.00493433
ANTENNA__08421__A2, 191.54, 310.08, 0.00493433
ANTENNA__08721__A0, 191.54, 310.08, 0.00493433
ANTENNA__08652__A0, 191.54, 310.08, 0.00493433
ANTENNA__12538__A1, 191.54, 310.08, 0.00493433
FILLER_0_110_407, 191.54, 310.08, 0.00493433
_08512_, 204.34, 310.08, 0.00498667
_08652_, 204.34, 310.08, 0.00498667
_08653_, 204.34, 310.08, 0.00498667
_08722_, 204.34, 310.08, 0.00498667
_09922_, 204.34, 310.08, 0.00498667
_13157_, 204.34, 310.08, 0.00498667
ANTENNA__08491__B, 204.34, 310.08, 0.00498667
FILLER_0_111_439, 204.34, 310.08, 0.00498667
_07428_, 217.14, 310.08, 0.00502862
_08491_, 217.14, 310.08, 0.00502862
_08492_, 217.14, 310.08, 0.00502862
_08721_, 217.14, 310.08, 0.00502862
_09204_, 217.14, 310.08, 0.00502862
_09205_, 217.14, 310.08, 0.00502862
_10366_, 217.14, 310.08, 0.00502862
ANTENNA__09204__S, 217.14, 310.08, 0.00502862
FILLER_0_110_452, 217.14, 310.08, 0.00502862
_08490_, 229.94, 310.08, 0.00505795
_13017_, 229.94, 310.08, 0.00505795
_15141_, 229.94, 310.08, 0.00505795
ANTENNA__08490__A3, 229.94, 310.08, 0.00505795
ANTENNA__08490__B1, 229.94, 310.08, 0.00505795
ANTENNA__08926__A0, 229.94, 310.08, 0.00505795
FILLER_0_110_500, 229.94, 310.08, 0.00505795
_07995_, 242.74, 310.08, 0.00508145
_08465_, 242.74, 310.08, 0.00508145
_08466_, 242.74, 310.08, 0.00508145
_08905_, 242.74, 310.08, 0.00508145
_10264_, 242.74, 310.08, 0.00508145
ANTENNA__08465__B1, 242.74, 310.08, 0.00508145
ANTENNA__07994__A, 242.74, 310.08, 0.00508145
ANTENNA__08926__S, 242.74, 310.08, 0.00508145
ANTENNA__10615__A1, 242.74, 310.08, 0.00508145
ANTENNA__10264__A1, 242.74, 310.08, 0.00508145
FILLER_0_109_514, 242.74, 310.08, 0.00508145
_06573_, 255.54, 310.08, 0.00509942
_06689_, 255.54, 310.08, 0.00509942
_06846_, 255.54, 310.08, 0.00509942
_10615_, 255.54, 310.08, 0.00509942
ANTENNA__07444__A, 255.54, 310.08, 0.00509942
ANTENNA__10615__S, 255.54, 310.08, 0.00509942
_13084_, 268.34, 310.08, 0.00511018
_13114_, 268.34, 310.08, 0.00511018
clkbuf_leaf_62_wclk, 268.34, 310.08, 0.00511018
ANTENNA__06846__A, 268.34, 310.08, 0.00511018
ANTENNA__07443__A, 268.34, 310.08, 0.00511018
ANTENNA__12497__A1, 268.34, 310.08, 0.00511018
FILLER_0_109_561, 268.34, 310.08, 0.00511018
_06514_, 281.14, 310.08, 0.00509833
_08514_, 281.14, 310.08, 0.00509833
_08526_, 281.14, 310.08, 0.00509833
_13091_, 281.14, 310.08, 0.00509833
hold8, 281.14, 310.08, 0.00509833
ANTENNA__08514__A2, 281.14, 310.08, 0.00509833
ANTENNA_clkbuf_leaf_62_wclk_A, 281.14, 310.08, 0.00509833
FILLER_0_111_613, 281.14, 310.08, 0.00509833
_06521_, 293.94, 310.08, 0.00507544
_13099_, 293.94, 310.08, 0.00507544
ANTENNA__06538__A2, 293.94, 310.08, 0.00507544
ANTENNA__08526__A, 293.94, 310.08, 0.00507544
ANTENNA__13099__RESET_B, 293.94, 310.08, 0.00507544
ANTENNA__13091__RESET_B, 293.94, 310.08, 0.00507544
ANTENNA__13090__RESET_B, 293.94, 310.08, 0.00507544
FILLER_0_110_617, 293.94, 310.08, 0.00507544
FILLER_0_110_623, 293.94, 310.08, 0.00507544
FILLER_0_110_640, 293.94, 310.08, 0.00507544
_06503_, 306.74, 310.08, 0.00504295
_06687_, 306.74, 310.08, 0.00504295
_06783_, 306.74, 310.08, 0.00504295
ANTENNA__13099__CLK, 306.74, 310.08, 0.00504295
FILLER_0_109_643, 306.74, 310.08, 0.00504295
FILLER_0_110_645, 306.74, 310.08, 0.00504295
_10798_, 319.54, 310.08, 0.00499506
_10799_, 319.54, 310.08, 0.00499506
_14128_, 319.54, 310.08, 0.00499506
clkbuf_leaf_64_wclk, 319.54, 310.08, 0.00499506
ANTENNA__07337__A, 319.54, 310.08, 0.00499506
ANTENNA__06511__B, 319.54, 310.08, 0.00499506
FILLER_0_109_673, 319.54, 310.08, 0.00499506
FILLER_0_109_681, 319.54, 310.08, 0.00499506
_09484_, 345.14, 310.08, 0.00497224
_10609_, 345.14, 310.08, 0.00497224
clkbuf_2_3__f_rclk, 345.14, 310.08, 0.00497224
ANTENNA__07798__A2, 345.14, 310.08, 0.00497224
ANTENNA__09483__S, 345.14, 310.08, 0.00497224
ANTENNA__10814__A1, 345.14, 310.08, 0.00497224
ANTENNA__10610__A1, 345.14, 310.08, 0.00497224
ANTENNA_clkbuf_2_3__f_rclk_A, 345.14, 310.08, 0.00497224
FILLER_0_109_733, 345.14, 310.08, 0.00497224
FILLER_0_110_735, 345.14, 310.08, 0.00497224
FILLER_0_110_749, 345.14, 310.08, 0.00497224
FILLER_0_111_742, 345.14, 310.08, 0.00497224
_09480_, 357.94, 310.08, 0.00499215
_10608_, 357.94, 310.08, 0.00499215
_13525_, 357.94, 310.08, 0.00499215
_14039_, 357.94, 310.08, 0.00499215
ANTENNA__09483__A0, 357.94, 310.08, 0.00499215
ANTENNA__09481__S, 357.94, 310.08, 0.00499215
FILLER_0_111_778, 357.94, 310.08, 0.00499215
_10604_, 370.74, 310.08, 0.00500208
_10804_, 370.74, 310.08, 0.00500208
_14037_, 370.74, 310.08, 0.00500208
_14131_, 370.74, 310.08, 0.00500208
ANTENNA__07652__A2, 370.74, 310.08, 0.00500208
FILLER_0_110_792, 370.74, 310.08, 0.00500208
_07651_, 383.54, 310.08, 0.00500052
_07699_, 383.54, 310.08, 0.00500052
_10808_, 383.54, 310.08, 0.00500052
ANTENNA__07744__A3, 383.54, 310.08, 0.00500052
ANTENNA__07651__A2, 383.54, 310.08, 0.00500052
ANTENNA__07651__B1, 383.54, 310.08, 0.00500052
ANTENNA__10028__S, 383.54, 310.08, 0.00500052
ANTENNA__10804__A1, 383.54, 310.08, 0.00500052
ANTENNA__10808__A1, 383.54, 310.08, 0.00500052
FILLER_0_109_815, 383.54, 310.08, 0.00500052
FILLER_0_110_809, 383.54, 310.08, 0.00500052
FILLER_0_110_813, 383.54, 310.08, 0.00500052
_07748_, 396.34, 310.08, 0.00499776
_11963_, 396.34, 310.08, 0.00499776
ANTENNA__07744__A2, 396.34, 310.08, 0.00499776
ANTENNA__07684__B1, 396.34, 310.08, 0.00499776
ANTENNA__07699__A2, 396.34, 310.08, 0.00499776
ANTENNA__11963__A1, 396.34, 310.08, 0.00499776
ANTENNA__11963__S, 396.34, 310.08, 0.00499776
ANTENNA__13065__RESET_B, 396.34, 310.08, 0.00499776
ANTENNA__13065__CLK, 396.34, 310.08, 0.00499776
FILLER_0_110_841, 396.34, 310.08, 0.00499776
FILLER_0_110_847, 396.34, 310.08, 0.00499776
FILLER_0_110_862, 396.34, 310.08, 0.00499776
FILLER_0_111_862, 396.34, 310.08, 0.00499776
_07685_, 409.14, 310.08, 0.00499285
ANTENNA__07491__A2, 409.14, 310.08, 0.00499285
ANTENNA__08603__A0, 409.14, 310.08, 0.00499285
ANTENNA__07491__A1, 409.14, 310.08, 0.00499285
ANTENNA__07685__A1, 409.14, 310.08, 0.00499285
FILLER_0_110_888, 409.14, 310.08, 0.00499285
FILLER_0_111_889, 409.14, 310.08, 0.00499285
_07635_, 421.94, 310.08, 0.00498475
_07637_, 421.94, 310.08, 0.00498475
_07683_, 421.94, 310.08, 0.00498475
_07732_, 421.94, 310.08, 0.00498475
_10249_, 421.94, 310.08, 0.00498475
_13066_, 421.94, 310.08, 0.00498475
ANTENNA__07637__A2, 421.94, 310.08, 0.00498475
ANTENNA__10257__A1, 421.94, 310.08, 0.00498475
ANTENNA__13064__RESET_B, 421.94, 310.08, 0.00498475
FILLER_0_109_901, 421.94, 310.08, 0.00498475
FILLER_0_110_901, 421.94, 310.08, 0.00498475
FILLER_0_111_911, 421.94, 310.08, 0.00498475
_07730_, 434.74, 310.08, 0.00495408
_10252_, 434.74, 310.08, 0.00495408
ANTENNA__07732__A2, 434.74, 310.08, 0.00495408
ANTENNA__10251__A1, 434.74, 310.08, 0.00495408
ANTENNA__13066__RESET_B, 434.74, 310.08, 0.00495408
ANTENNA__07732__A1, 434.74, 310.08, 0.00495408
FILLER_0_110_938, 434.74, 310.08, 0.00495408
FILLER_0_111_941, 434.74, 310.08, 0.00495408
_10255_, 447.54, 310.08, 0.00491895
_12363_, 447.54, 310.08, 0.00491895
_14833_, 447.54, 310.08, 0.00491895
ANTENNA__12363__A1, 447.54, 310.08, 0.00491895
FILLER_0_109_958, 447.54, 310.08, 0.00491895
FILLER_0_110_948, 447.54, 310.08, 0.00491895
_07596_, 460.34, 310.08, 0.00487718
_07693_, 460.34, 310.08, 0.00487718
ANTENNA__12505__S, 460.34, 310.08, 0.00487718
ANTENNA__07693__A2, 460.34, 310.08, 0.00487718
ANTENNA__07595__A2, 460.34, 310.08, 0.00487718
ANTENNA__07693__B1, 460.34, 310.08, 0.00487718
ANTENNA__07595__B1, 460.34, 310.08, 0.00487718
ANTENNA__12505__A1, 460.34, 310.08, 0.00487718
FILLER_0_109_975, 460.34, 310.08, 0.00487718
FILLER_0_109_985, 460.34, 310.08, 0.00487718
FILLER_0_110_975, 460.34, 310.08, 0.00487718
FILLER_0_110_989, 460.34, 310.08, 0.00487718
FILLER_0_111_992, 460.34, 310.08, 0.00487718
_07547_, 473.14, 310.08, 0.0048335
_07639_, 473.14, 310.08, 0.0048335
_07694_, 473.14, 310.08, 0.0048335
ANTENNA__12509__S, 473.14, 310.08, 0.0048335
ANTENNA__07639__B1, 473.14, 310.08, 0.0048335
ANTENNA__07645__A2, 473.14, 310.08, 0.0048335
ANTENNA__07645__B1, 473.14, 310.08, 0.0048335
ANTENNA__09893__A0, 473.14, 310.08, 0.0048335
ANTENNA__09893__S, 473.14, 310.08, 0.0048335
FILLER_0_109_1005, 473.14, 310.08, 0.0048335
FILLER_0_110_1019, 473.14, 310.08, 0.0048335
PHY_214, 5.52, 304.64, 0.00464083
PHY_216, 5.52, 304.64, 0.00464083
PHY_215, 494.04, 304.64, 0.00473683
PHY_217, 494.04, 304.64, 0.00473683
ANTENNA__09891__A0, 494.04, 304.64, 0.00473683
ANTENNA__09891__S, 494.04, 304.64, 0.00473683
FILLER_0_108_29, 15.33, 304.64, 0.00464083
FILLER_0_109_27, 15.33, 304.64, 0.00464083
_08233_, 37.94, 304.64, 0.0046886
_09914_, 37.94, 304.64, 0.0046886
_12529_, 37.94, 304.64, 0.0046886
ANTENNA__12528__S, 37.94, 304.64, 0.0046886
ANTENNA__08233__A2, 37.94, 304.64, 0.0046886
ANTENNA__08233__B1, 37.94, 304.64, 0.0046886
ANTENNA__12530__A1, 37.94, 304.64, 0.0046886
ANTENNA__12394__A1, 37.94, 304.64, 0.0046886
FILLER_0_107_65, 37.94, 304.64, 0.0046886
FILLER_0_108_57, 37.94, 304.64, 0.0046886
FILLER_0_109_73, 37.94, 304.64, 0.0046886
FILLER_0_109_79, 37.94, 304.64, 0.0046886
_09912_, 50.74, 304.64, 0.00473443
_14911_, 50.74, 304.64, 0.00473443
ANTENNA__08186__B1, 50.74, 304.64, 0.00473443
ANTENNA__09912__A0, 50.74, 304.64, 0.00473443
ANTENNA__09912__S, 50.74, 304.64, 0.00473443
FILLER_0_107_98, 50.74, 304.64, 0.00473443
FILLER_0_109_106, 50.74, 304.64, 0.00473443
_08193_, 63.54, 304.64, 0.0047743
_10279_, 63.54, 304.64, 0.0047743
_13887_, 63.54, 304.64, 0.0047743
ANTENNA__08192__B1, 63.54, 304.64, 0.0047743
ANTENNA__10279__S, 63.54, 304.64, 0.0047743
ANTENNA__10279__A1, 63.54, 304.64, 0.0047743
FILLER_0_108_132, 63.54, 304.64, 0.0047743
_10276_, 76.34, 304.64, 0.0048067
_10283_, 76.34, 304.64, 0.0048067
_13886_, 76.34, 304.64, 0.0048067
_13888_, 76.34, 304.64, 0.0048067
ANTENNA__10282__S, 76.34, 304.64, 0.0048067
FILLER_0_109_165, 76.34, 304.64, 0.0048067
_09918_, 89.14, 304.64, 0.00482736
_12399_, 89.14, 304.64, 0.00482736
_14754_, 89.14, 304.64, 0.00482736
_14850_, 89.14, 304.64, 0.00482736
ANTENNA__12194__A0, 89.14, 304.64, 0.00482736
ANTENNA__09918__A0, 89.14, 304.64, 0.00482736
ANTENNA_clkbuf_4_4_0_wclk_A, 89.14, 304.64, 0.00482736
FILLER_0_107_169, 89.14, 304.64, 0.00482736
FILLER_0_108_171, 89.14, 304.64, 0.00482736
FILLER_0_109_189, 89.14, 304.64, 0.00482736
_08327_, 101.94, 304.64, 0.00483667
_12535_, 101.94, 304.64, 0.00483667
_14914_, 101.94, 304.64, 0.00483667
ANTENNA__08326__B1, 101.94, 304.64, 0.00483667
ANTENNA__09918__S, 101.94, 304.64, 0.00483667
ANTENNA__12534__A1, 101.94, 304.64, 0.00483667
FILLER_0_108_197, 101.94, 304.64, 0.00483667
FILLER_0_108_222, 101.94, 304.64, 0.00483667
_11986_, 114.74, 304.64, 0.00484039
ANTENNA__08327__B1, 114.74, 304.64, 0.00484039
ANTENNA__13076__RESET_B, 114.74, 304.64, 0.00484039
FILLER_0_107_225, 114.74, 304.64, 0.00484039
FILLER_0_108_243, 114.74, 304.64, 0.00484039
_10050_, 127.54, 304.64, 0.00484305
_10051_, 127.54, 304.64, 0.00484305
_10052_, 127.54, 304.64, 0.00484305
_13791_, 127.54, 304.64, 0.00484305
ANTENNA__08243__A2, 127.54, 304.64, 0.00484305
ANTENNA__08196__A2, 127.54, 304.64, 0.00484305
ANTENNA__08196__B1, 127.54, 304.64, 0.00484305
ANTENNA__10049__A0, 127.54, 304.64, 0.00484305
ANTENNA__10051__A0, 127.54, 304.64, 0.00484305
ANTENNA__10051__S, 127.54, 304.64, 0.00484305
FILLER_0_108_253, 127.54, 304.64, 0.00484305
FILLER_0_108_270, 127.54, 304.64, 0.00484305
FILLER_0_109_266, 127.54, 304.64, 0.00484305
_08247_, 140.34, 304.64, 0.00483964
_09501_, 140.34, 304.64, 0.00483964
_13535_, 140.34, 304.64, 0.00483964
ANTENNA__08243__B1, 140.34, 304.64, 0.00483964
ANTENNA__08199__A2, 140.34, 304.64, 0.00483964
ANTENNA__09500__A0, 140.34, 304.64, 0.00483964
ANTENNA__10627__A1, 140.34, 304.64, 0.00483964
_08152_, 153.14, 304.64, 0.0048314
_08199_, 153.14, 304.64, 0.0048314
_08246_, 153.14, 304.64, 0.0048314
_09499_, 153.14, 304.64, 0.0048314
_10624_, 153.14, 304.64, 0.0048314
_10627_, 153.14, 304.64, 0.0048314
clkbuf_leaf_20_wclk, 153.14, 304.64, 0.0048314
ANTENNA__08152__A2, 153.14, 304.64, 0.0048314
FILLER_0_108_309, 153.14, 304.64, 0.0048314
FILLER_0_109_323, 153.14, 304.64, 0.0048314
_09498_, 165.94, 304.64, 0.00479767
_10618_, 165.94, 304.64, 0.00479767
_10634_, 165.94, 304.64, 0.00479767
_14043_, 165.94, 304.64, 0.00479767
_14046_, 165.94, 304.64, 0.00479767
ANTENNA__09498__A0, 165.94, 304.64, 0.00479767
FILLER_0_109_357, 165.94, 304.64, 0.00479767
_09923_, 191.54, 304.64, 0.00481791
_13732_, 191.54, 304.64, 0.00481791
_14916_, 191.54, 304.64, 0.00481791
ANTENNA__12198__A0, 191.54, 304.64, 0.00481791
ANTENNA__07960__A, 191.54, 304.64, 0.00481791
ANTENNA__08421__B1, 191.54, 304.64, 0.00481791
ANTENNA__08420__A2, 191.54, 304.64, 0.00481791
ANTENNA__12402__A1, 191.54, 304.64, 0.00481791
_07960_, 204.34, 304.64, 0.00487317
_07978_, 204.34, 304.64, 0.00487317
_07979_, 204.34, 304.64, 0.00487317
_08421_, 204.34, 304.64, 0.00487317
_09067_, 204.34, 304.64, 0.00487317
_09901_, 204.34, 304.64, 0.00487317
_12517_, 204.34, 304.64, 0.00487317
_13349_, 204.34, 304.64, 0.00487317
ANTENNA__12402__S, 204.34, 304.64, 0.00487317
ANTENNA__09901__A, 204.34, 304.64, 0.00487317
FILLER_0_108_444, 204.34, 304.64, 0.00487317
_07410_, 217.14, 304.64, 0.00491385
_13413_, 217.14, 304.64, 0.00491385
_13925_, 217.14, 304.64, 0.00491385
ANTENNA__08469__A2, 217.14, 304.64, 0.00491385
ANTENNA__08469__B1, 217.14, 304.64, 0.00491385
ANTENNA__09204__A0, 217.14, 304.64, 0.00491385
_10040_, 229.94, 304.64, 0.00494486
_10365_, 229.94, 304.64, 0.00494486
_14650_, 229.94, 304.64, 0.00494486
ANTENNA__06695__A, 229.94, 304.64, 0.00494486
ANTENNA__08490__A2, 229.94, 304.64, 0.00494486
ANTENNA__10039__A0, 229.94, 304.64, 0.00494486
ANTENNA__10264__S, 229.94, 304.64, 0.00494486
ANTENNA__10365__S, 229.94, 304.64, 0.00494486
_09491_, 242.74, 304.64, 0.00496945
_10039_, 242.74, 304.64, 0.00496945
_10265_, 242.74, 304.64, 0.00496945
_10616_, 242.74, 304.64, 0.00496945
_13882_, 242.74, 304.64, 0.00496945
_14042_, 242.74, 304.64, 0.00496945
ANTENNA__08905__A, 242.74, 304.64, 0.00496945
FILLER_0_108_521, 242.74, 304.64, 0.00496945
FILLER_0_108_527, 242.74, 304.64, 0.00496945
_07905_, 255.54, 304.64, 0.00498159
_09490_, 255.54, 304.64, 0.00498159
ANTENNA__06689__A, 255.54, 304.64, 0.00498159
ANTENNA__06689__B, 255.54, 304.64, 0.00498159
ANTENNA__07905__A2, 255.54, 304.64, 0.00498159
ANTENNA__07905__B1, 255.54, 304.64, 0.00498159
ANTENNA__09490__A0, 255.54, 304.64, 0.00498159
FILLER_0_108_557, 255.54, 304.64, 0.00498159
FILLER_0_109_544, 255.54, 304.64, 0.00498159
FILLER_0_109_555, 255.54, 304.64, 0.00498159
_12496_, 268.34, 304.64, 0.00499301
_12497_, 268.34, 304.64, 0.00499301
_13712_, 268.34, 304.64, 0.00499301
ANTENNA__12496__A, 268.34, 304.64, 0.00499301
_13083_, 281.14, 304.64, 0.00499707
_13100_, 281.14, 304.64, 0.00499707
ANTENNA__12497__S, 281.14, 304.64, 0.00499707
ANTENNA__08514__A1, 281.14, 304.64, 0.00499707
ANTENNA__09880__A, 281.14, 304.64, 0.00499707
ANTENNA__13108__RESET_B, 281.14, 304.64, 0.00499707
ANTENNA__13100__RESET_B, 281.14, 304.64, 0.00499707
FILLER_0_107_593, 281.14, 304.64, 0.00499707
FILLER_0_108_593, 281.14, 304.64, 0.00499707
_06504_, 293.94, 304.64, 0.00499285
_06508_, 293.94, 304.64, 0.00499285
_06719_, 293.94, 304.64, 0.00499285
_13090_, 293.94, 304.64, 0.00499285
hold9, 293.94, 304.64, 0.00499285
FILLER_0_109_633, 293.94, 304.64, 0.00499285
_06505_, 306.74, 304.64, 0.0049675
_06509_, 306.74, 304.64, 0.0049675
_06720_, 306.74, 304.64, 0.0049675
_06762_, 306.74, 304.64, 0.0049675
_06794_, 306.74, 304.64, 0.0049675
_09488_, 319.54, 304.64, 0.00490207
_10260_, 319.54, 304.64, 0.00490207
_10612_, 319.54, 304.64, 0.00490207
_10613_, 319.54, 304.64, 0.00490207
_14041_, 319.54, 304.64, 0.00490207
ANTENNA__10260__S, 319.54, 304.64, 0.00490207
ANTENNA__10260__A1, 319.54, 304.64, 0.00490207
FILLER_0_108_669, 319.54, 304.64, 0.00490207
FILLER_0_109_686, 319.54, 304.64, 0.00490207
_07798_, 345.14, 304.64, 0.00489996
_09483_, 345.14, 304.64, 0.00489996
_11969_, 345.14, 304.64, 0.00489996
_13527_, 345.14, 304.64, 0.00489996
ANTENNA__07798__B1, 345.14, 304.64, 0.00489996
ANTENNA__11969__A1, 345.14, 304.64, 0.00489996
ANTENNA__11969__S, 345.14, 304.64, 0.00489996
_09481_, 357.94, 304.64, 0.00496586
_09482_, 357.94, 304.64, 0.00496586
_13526_, 357.94, 304.64, 0.00496586
_14038_, 357.94, 304.64, 0.00496586
clkbuf_leaf_103_wclk, 357.94, 304.64, 0.00496586
FILLER_0_108_753, 357.94, 304.64, 0.00496586
_07652_, 370.74, 304.64, 0.00500366
_07700_, 370.74, 304.64, 0.00500366
_10606_, 370.74, 304.64, 0.00500366
ANTENNA__07652__B1, 370.74, 304.64, 0.00500366
FILLER_0_109_805, 370.74, 304.64, 0.00500366
_07744_, 383.54, 304.64, 0.00503994
_10028_, 383.54, 304.64, 0.00503994
_13781_, 383.54, 304.64, 0.00503994
ANTENNA__07649__A3, 383.54, 304.64, 0.00503994
ANTENNA__07744__B1, 383.54, 304.64, 0.00503994
ANTENNA__07700__A2, 383.54, 304.64, 0.00503994
ANTENNA__10028__A0, 383.54, 304.64, 0.00503994
ANTENNA__10032__S, 383.54, 304.64, 0.00503994
_07653_, 396.34, 304.64, 0.00507073
_11968_, 396.34, 304.64, 0.00507073
_13065_, 396.34, 304.64, 0.00507073
_14647_, 396.34, 304.64, 0.00507073
clkbuf_leaf_101_wclk, 396.34, 304.64, 0.00507073
ANTENNA__07649__A2, 396.34, 304.64, 0.00507073
_10257_, 409.14, 304.64, 0.00506184
_10258_, 409.14, 304.64, 0.00506184
_11964_, 409.14, 304.64, 0.00506184
_13880_, 409.14, 304.64, 0.00506184
ANTENNA__10257__S, 409.14, 304.64, 0.00506184
ANTENNA_clkbuf_leaf_101_wclk_A, 409.14, 304.64, 0.00506184
FILLER_0_107_869, 409.14, 304.64, 0.00506184
FILLER_0_107_877, 409.14, 304.64, 0.00506184
FILLER_0_108_869, 409.14, 304.64, 0.00506184
FILLER_0_109_879, 409.14, 304.64, 0.00506184
_10248_, 421.94, 304.64, 0.00504528
_13064_, 421.94, 304.64, 0.00504528
_13877_, 421.94, 304.64, 0.00504528
ANTENNA__07637__A1, 421.94, 304.64, 0.00504528
ANTENNA__13064__CLK, 421.94, 304.64, 0.00504528
FILLER_0_108_911, 421.94, 304.64, 0.00504528
FILLER_0_108_918, 421.94, 304.64, 0.00504528
_10167_, 434.74, 304.64, 0.00501395
_10251_, 434.74, 304.64, 0.00501395
_13846_, 434.74, 304.64, 0.00501395
_13878_, 434.74, 304.64, 0.00501395
clkbuf_leaf_91_wclk, 434.74, 304.64, 0.00501395
ANTENNA__10251__S, 434.74, 304.64, 0.00501395
ANTENNA_clkbuf_leaf_91_wclk_A, 434.74, 304.64, 0.00501395
FILLER_0_108_925, 434.74, 304.64, 0.00501395
_10254_, 447.54, 304.64, 0.00495503
_13879_, 447.54, 304.64, 0.00495503
ANTENNA__10168__A1, 447.54, 304.64, 0.00495503
ANTENNA__10254__S, 447.54, 304.64, 0.00495503
FILLER_0_107_949, 447.54, 304.64, 0.00495503
_07589_, 460.34, 304.64, 0.00489022
_12505_, 460.34, 304.64, 0.00489022
_12506_, 460.34, 304.64, 0.00489022
_14900_, 460.34, 304.64, 0.00489022
ANTENNA__07589__A2, 460.34, 304.64, 0.00489022
ANTENNA__07589__B1, 460.34, 304.64, 0.00489022
ANTENNA__09889__A0, 460.34, 304.64, 0.00489022
ANTENNA__09889__S, 460.34, 304.64, 0.00489022
ANTENNA__10254__A1, 460.34, 304.64, 0.00489022
_07646_, 473.14, 304.64, 0.0048188
_09892_, 473.14, 304.64, 0.0048188
_09893_, 473.14, 304.64, 0.0048188
_09894_, 473.14, 304.64, 0.0048188
_12509_, 473.14, 304.64, 0.0048188
_13718_, 473.14, 304.64, 0.0048188
ANTENNA__07687__A2, 473.14, 304.64, 0.0048188
ANTENNA__07639__A2, 473.14, 304.64, 0.0048188
ANTENNA__07687__B1, 473.14, 304.64, 0.0048188
ANTENNA__12509__A1, 473.14, 304.64, 0.0048188
FILLER_0_109_1017, 473.14, 304.64, 0.0048188
PHY_210, 5.52, 299.2, 0.00455852
PHY_212, 5.52, 299.2, 0.00455852
PHY_211, 494.04, 299.2, 0.00461257
PHY_213, 494.04, 299.2, 0.00461257
ANTENNA__07638__A2, 494.04, 299.2, 0.00461257
FILLER_0_105_1056, 494.04, 299.2, 0.00461257
FILLER_0_106_1056, 494.04, 299.2, 0.00461257
FILLER_0_107_27, 15.33, 299.2, 0.00455852
_08232_, 37.94, 299.2, 0.0046124
_12188_, 37.94, 299.2, 0.0046124
_12393_, 37.94, 299.2, 0.0046124
_13727_, 37.94, 299.2, 0.0046124
ANTENNA__12188__A0, 37.94, 299.2, 0.0046124
ANTENNA__12190__A0, 37.94, 299.2, 0.0046124
ANTENNA__08373__A2, 37.94, 299.2, 0.0046124
ANTENNA__08232__A2, 37.94, 299.2, 0.0046124
ANTENNA__08373__B1, 37.94, 299.2, 0.0046124
ANTENNA__08232__B1, 37.94, 299.2, 0.0046124
ANTENNA__09914__A0, 37.94, 299.2, 0.0046124
ANTENNA__09914__S, 37.94, 299.2, 0.0046124
FILLER_0_106_59, 37.94, 299.2, 0.0046124
FILLER_0_106_68, 37.94, 299.2, 0.0046124
FILLER_0_107_77, 37.94, 299.2, 0.0046124
_09913_, 50.74, 299.2, 0.00465963
_10280_, 50.74, 299.2, 0.00465963
_12392_, 50.74, 299.2, 0.00465963
ANTENNA__12392__S, 50.74, 299.2, 0.00465963
ANTENNA__08185__A2, 50.74, 299.2, 0.00465963
ANTENNA__12392__A1, 50.74, 299.2, 0.00465963
ANTENNA__12188__S, 50.74, 299.2, 0.00465963
FILLER_0_106_98, 50.74, 299.2, 0.00465963
FILLER_0_106_107, 50.74, 299.2, 0.00465963
FILLER_0_107_106, 50.74, 299.2, 0.00465963
_10285_, 63.54, 299.2, 0.00470422
_13889_, 63.54, 299.2, 0.00470422
ANTENNA__10285__S, 63.54, 299.2, 0.00470422
ANTENNA__10273__S, 63.54, 299.2, 0.00470422
ANTENNA__10285__A1, 63.54, 299.2, 0.00470422
FILLER_0_106_135, 63.54, 299.2, 0.00470422
_10290_, 76.34, 299.2, 0.00474286
ANTENNA__10187__A1, 76.34, 299.2, 0.00474286
ANTENNA__10276__S, 76.34, 299.2, 0.00474286
ANTENNA__10270__S, 76.34, 299.2, 0.00474286
ANTENNA__10270__A1, 76.34, 299.2, 0.00474286
ANTENNA__10290__A, 76.34, 299.2, 0.00474286
FILLER_0_106_141, 76.34, 299.2, 0.00474286
FILLER_0_107_158, 76.34, 299.2, 0.00474286
_08326_, 89.14, 299.2, 0.00478027
_10291_, 89.14, 299.2, 0.00478027
_10292_, 89.14, 299.2, 0.00478027
_12398_, 89.14, 299.2, 0.00478027
clkbuf_4_4_0_wclk, 89.14, 299.2, 0.00478027
FILLER_0_105_169, 89.14, 299.2, 0.00478027
FILLER_0_106_181, 89.14, 299.2, 0.00478027
FILLER_0_106_193, 89.14, 299.2, 0.00478027
_10267_, 101.94, 299.2, 0.00477792
_11987_, 101.94, 299.2, 0.00477792
_14656_, 101.94, 299.2, 0.00477792
ANTENNA__12534__S, 101.94, 299.2, 0.00477792
ANTENNA__08326__A2, 101.94, 299.2, 0.00477792
ANTENNA__10267__S, 101.94, 299.2, 0.00477792
ANTENNA__10267__A1, 101.94, 299.2, 0.00477792
ANTENNA__11986__A1, 101.94, 299.2, 0.00477792
ANTENNA__11988__A1, 101.94, 299.2, 0.00477792
ANTENNA__12398__A1, 101.94, 299.2, 0.00477792
ANTENNA_clkbuf_leaf_22_wclk_A, 101.94, 299.2, 0.00477792
FILLER_0_106_201, 101.94, 299.2, 0.00477792
FILLER_0_107_212, 101.94, 299.2, 0.00477792
FILLER_0_107_217, 101.94, 299.2, 0.00477792
_11984_, 114.74, 299.2, 0.00476841
_11988_, 114.74, 299.2, 0.00476841
_14655_, 114.74, 299.2, 0.00476841
ANTENNA__11984__A1, 114.74, 299.2, 0.00476841
ANTENNA__11986__S, 114.74, 299.2, 0.00476841
ANTENNA__11984__S, 114.74, 299.2, 0.00476841
FILLER_0_107_241, 114.74, 299.2, 0.00476841
_08196_, 127.54, 299.2, 0.00475187
_10049_, 127.54, 299.2, 0.00475187
_13792_, 127.54, 299.2, 0.00475187
_13793_, 127.54, 299.2, 0.00475187
ANTENNA__10053__A0, 127.54, 299.2, 0.00475187
_08200_, 140.34, 299.2, 0.0047254
_08243_, 140.34, 299.2, 0.0047254
_09500_, 140.34, 299.2, 0.0047254
_13537_, 140.34, 299.2, 0.0047254
ANTENNA__08293__A2, 140.34, 299.2, 0.0047254
ANTENNA__08199__B1, 140.34, 299.2, 0.0047254
ANTENNA__09504__A0, 140.34, 299.2, 0.0047254
ANTENNA__09500__S, 140.34, 299.2, 0.0047254
ANTENNA__10629__A1, 140.34, 299.2, 0.0047254
FILLER_0_106_288, 140.34, 299.2, 0.0047254
FILLER_0_106_295, 140.34, 299.2, 0.0047254
_10629_, 153.14, 299.2, 0.00469361
_10630_, 153.14, 299.2, 0.00469361
_14049_, 153.14, 299.2, 0.00469361
ANTENNA__08293__B1, 153.14, 299.2, 0.00469361
ANTENNA__10621__A1, 153.14, 299.2, 0.00469361
ANTENNA__10629__S, 153.14, 299.2, 0.00469361
FILLER_0_106_309, 153.14, 299.2, 0.00469361
FILLER_0_106_331, 153.14, 299.2, 0.00469361
_10617_, 165.94, 299.2, 0.00465531
ANTENNA__09498__S, 165.94, 299.2, 0.00465531
ANTENNA__10617__A1, 165.94, 299.2, 0.00465531
ANTENNA__10627__S, 165.94, 299.2, 0.00465531
ANTENNA__10621__S, 165.94, 299.2, 0.00465531
ANTENNA__10617__S, 165.94, 299.2, 0.00465531
ANTENNA_clkbuf_leaf_20_wclk_A, 165.94, 299.2, 0.00465531
FILLER_0_106_342, 165.94, 299.2, 0.00465531
FILLER_0_107_357, 165.94, 299.2, 0.00465531
FILLER_0_107_362, 165.94, 299.2, 0.00465531
_07961_, 191.54, 299.2, 0.00465961
_08420_, 191.54, 299.2, 0.00465961
_12198_, 191.54, 299.2, 0.00465961
_12403_, 191.54, 299.2, 0.00465961
_14852_, 191.54, 299.2, 0.00465961
ANTENNA__12381__A, 191.54, 299.2, 0.00465961
ANTENNA__12517__A, 191.54, 299.2, 0.00465961
ANTENNA__08420__B1, 191.54, 299.2, 0.00465961
ANTENNA__09066__A0, 191.54, 299.2, 0.00465961
FILLER_0_106_411, 191.54, 299.2, 0.00465961
FILLER_0_107_415, 191.54, 299.2, 0.00465961
_09066_, 204.34, 299.2, 0.00469649
_12132_, 204.34, 299.2, 0.00469649
_12133_, 204.34, 299.2, 0.00469649
_14725_, 204.34, 299.2, 0.00469649
FILLER_0_105_421, 204.34, 299.2, 0.00469649
_06695_, 217.14, 299.2, 0.00472577
_06705_, 217.14, 299.2, 0.00472577
_07409_, 217.14, 299.2, 0.00472577
_08469_, 217.14, 299.2, 0.00472577
_13850_, 217.14, 299.2, 0.00472577
ANTENNA__07412__A, 217.14, 299.2, 0.00472577
ANTENNA__07409__A, 217.14, 299.2, 0.00472577
ANTENNA__06705__B, 217.14, 299.2, 0.00472577
ANTENNA__10175__S, 217.14, 299.2, 0.00472577
FILLER_0_106_454, 217.14, 299.2, 0.00472577
_11974_, 229.94, 299.2, 0.00474894
_11975_, 229.94, 299.2, 0.00474894
_13786_, 229.94, 299.2, 0.00474894
ANTENNA__10365__A0, 229.94, 299.2, 0.00474894
ANTENNA__08436__B1, 229.94, 299.2, 0.00474894
ANTENNA__11974__A1, 229.94, 299.2, 0.00474894
ANTENNA__11974__S, 229.94, 299.2, 0.00474894
ANTENNA__09373__A, 229.94, 299.2, 0.00474894
FILLER_0_105_479, 229.94, 299.2, 0.00474894
FILLER_0_106_477, 229.94, 299.2, 0.00474894
_07902_, 242.74, 299.2, 0.0047661
_13530_, 242.74, 299.2, 0.0047661
ANTENNA__07902__B1, 242.74, 299.2, 0.0047661
ANTENNA__07902__A2, 242.74, 299.2, 0.0047661
ANTENNA__09510__A0, 242.74, 299.2, 0.0047661
ANTENNA__09490__S, 242.74, 299.2, 0.0047661
ANTENNA__10039__S, 242.74, 299.2, 0.0047661
ANTENNA__10263__A, 242.74, 299.2, 0.0047661
ANTENNA__10635__A1, 242.74, 299.2, 0.0047661
ANTENNA__10635__S, 242.74, 299.2, 0.0047661
FILLER_0_105_509, 242.74, 299.2, 0.0047661
FILLER_0_106_521, 242.74, 299.2, 0.0047661
FILLER_0_106_529, 242.74, 299.2, 0.0047661
_07906_, 255.54, 299.2, 0.00477925
_12498_, 255.54, 299.2, 0.00477925
_14896_, 255.54, 299.2, 0.00477925
ANTENNA__07907__A2, 255.54, 299.2, 0.00477925
ANTENNA__07907__B1, 255.54, 299.2, 0.00477925
ANTENNA__10614__A, 255.54, 299.2, 0.00477925
FILLER_0_105_534, 255.54, 299.2, 0.00477925
FILLER_0_106_543, 255.54, 299.2, 0.00477925
FILLER_0_107_550, 255.54, 299.2, 0.00477925
_06694_, 268.34, 299.2, 0.0047856
_06761_, 268.34, 299.2, 0.0047856
_09880_, 268.34, 299.2, 0.0047856
_09881_, 268.34, 299.2, 0.0047856
_09882_, 268.34, 299.2, 0.0047856
ANTENNA__06761__A, 268.34, 299.2, 0.0047856
_08498_, 281.14, 299.2, 0.00478807
_09857_, 281.14, 299.2, 0.00478807
_13108_, 281.14, 299.2, 0.00478807
ANTENNA__09881__A0, 281.14, 299.2, 0.00478807
ANTENNA__09881__S, 281.14, 299.2, 0.00478807
ANTENNA__13083__RESET_B, 281.14, 299.2, 0.00478807
FILLER_0_106_592, 281.14, 299.2, 0.00478807
_06506_, 293.94, 299.2, 0.00478551
_06510_, 293.94, 299.2, 0.00478551
_06710_, 293.94, 299.2, 0.00478551
ANTENNA__08498__C, 293.94, 299.2, 0.00478551
ANTENNA__08498__B, 293.94, 299.2, 0.00478551
FILLER_0_106_620, 293.94, 299.2, 0.00478551
FILLER_0_106_639, 293.94, 299.2, 0.00478551
FILLER_0_107_631, 293.94, 299.2, 0.00478551
_06522_, 306.74, 299.2, 0.00476474
_06732_, 306.74, 299.2, 0.00476474
_06784_, 306.74, 299.2, 0.00476474
FILLER_0_106_645, 306.74, 299.2, 0.00476474
_10261_, 319.54, 299.2, 0.00472369
_13529_, 319.54, 299.2, 0.00472369
_13849_, 319.54, 299.2, 0.00472369
_13881_, 319.54, 299.2, 0.00472369
ANTENNA__07853__A2, 319.54, 299.2, 0.00472369
ANTENNA__07853__B1, 319.54, 299.2, 0.00472369
_07747_, 345.14, 299.2, 0.00469584
_07795_, 345.14, 299.2, 0.00469584
_07799_, 345.14, 299.2, 0.00469584
_10034_, 345.14, 299.2, 0.00469584
_11970_, 345.14, 299.2, 0.00469584
_14648_, 345.14, 299.2, 0.00469584
ANTENNA__07795__B1, 345.14, 299.2, 0.00469584
ANTENNA__07795__A2, 345.14, 299.2, 0.00469584
_09479_, 357.94, 299.2, 0.00471507
_10596_, 357.94, 299.2, 0.00471507
_10607_, 357.94, 299.2, 0.00471507
ANTENNA__07747__A2, 357.94, 299.2, 0.00471507
ANTENNA__07747__B1, 357.94, 299.2, 0.00471507
ANTENNA__10596__A1, 357.94, 299.2, 0.00471507
ANTENNA_clkbuf_leaf_103_wclk_A, 357.94, 299.2, 0.00471507
FILLER_0_107_776, 357.94, 299.2, 0.00471507
_10029_, 370.74, 299.2, 0.00473199
_10033_, 370.74, 299.2, 0.00473199
_10602_, 370.74, 299.2, 0.00473199
ANTENNA__07602__A2, 370.74, 299.2, 0.00473199
ANTENNA__07700__B1, 370.74, 299.2, 0.00473199
ANTENNA__07602__B1, 370.74, 299.2, 0.00473199
ANTENNA__09479__A0, 370.74, 299.2, 0.00473199
ANTENNA__09479__S, 370.74, 299.2, 0.00473199
ANTENNA__10606__A1, 370.74, 299.2, 0.00473199
FILLER_0_105_785, 370.74, 299.2, 0.00473199
FILLER_0_106_788, 370.74, 299.2, 0.00473199
_07649_, 383.54, 299.2, 0.00474657
_10031_, 383.54, 299.2, 0.00474657
_10032_, 383.54, 299.2, 0.00474657
_13783_, 383.54, 299.2, 0.00474657
ANTENNA__07649__B1, 383.54, 299.2, 0.00474657
FILLER_0_105_808, 383.54, 299.2, 0.00474657
_11966_, 396.34, 299.2, 0.00475516
_11967_, 396.34, 299.2, 0.00475516
_14645_, 396.34, 299.2, 0.00475516
_14646_, 396.34, 299.2, 0.00475516
ANTENNA__10032__A0, 396.34, 299.2, 0.00475516
_10170_, 409.14, 299.2, 0.00475163
_10171_, 409.14, 299.2, 0.00475163
_13848_, 409.14, 299.2, 0.00475163
ANTENNA__10170__S, 409.14, 299.2, 0.00475163
ANTENNA__10239__S, 409.14, 299.2, 0.00475163
ANTENNA__11967__A1, 409.14, 299.2, 0.00475163
FILLER_0_106_865, 409.14, 299.2, 0.00475163
FILLER_0_106_873, 409.14, 299.2, 0.00475163
_07800_, 421.94, 299.2, 0.00474172
_10157_, 421.94, 299.2, 0.00474172
_10164_, 421.94, 299.2, 0.00474172
_10237_, 421.94, 299.2, 0.00474172
ANTENNA__10170__A1, 421.94, 299.2, 0.00474172
ANTENNA__07800__A2, 421.94, 299.2, 0.00474172
ANTENNA__07800__B1, 421.94, 299.2, 0.00474172
ANTENNA__10248__S, 421.94, 299.2, 0.00474172
ANTENNA__10248__A1, 421.94, 299.2, 0.00474172
FILLER_0_106_910, 421.94, 299.2, 0.00474172
_10166_, 434.74, 299.2, 0.00472908
_13873_, 434.74, 299.2, 0.00472908
ANTENNA__10245__S, 434.74, 299.2, 0.00472908
ANTENNA__10236__S, 434.74, 299.2, 0.00472908
ANTENNA__10236__A1, 434.74, 299.2, 0.00472908
ANTENNA__10245__A1, 434.74, 299.2, 0.00472908
_07702_, 447.54, 299.2, 0.00471043
_09890_, 447.54, 299.2, 0.00471043
_10168_, 447.54, 299.2, 0.00471043
_10169_, 447.54, 299.2, 0.00471043
_13847_, 447.54, 299.2, 0.00471043
ANTENNA__07702__A2, 447.54, 299.2, 0.00471043
ANTENNA__07702__B1, 447.54, 299.2, 0.00471043
ANTENNA__10168__S, 447.54, 299.2, 0.00471043
_09889_, 460.34, 299.2, 0.00468424
_12510_, 460.34, 299.2, 0.00468424
_13716_, 460.34, 299.2, 0.00468424
ANTENNA__12369__S, 460.34, 299.2, 0.00468424
ANTENNA__10166__A1, 460.34, 299.2, 0.00468424
ANTENNA__07588__A2, 460.34, 299.2, 0.00468424
ANTENNA__07749__B1, 460.34, 299.2, 0.00468424
ANTENNA__12369__A1, 460.34, 299.2, 0.00468424
FILLER_0_105_979, 460.34, 299.2, 0.00468424
FILLER_0_106_977, 460.34, 299.2, 0.00468424
_07687_, 473.14, 299.2, 0.00465134
_12503_, 473.14, 299.2, 0.00465134
_14902_, 473.14, 299.2, 0.00465134
ANTENNA__12503__S, 473.14, 299.2, 0.00465134
ANTENNA__07588__B1, 473.14, 299.2, 0.00465134
FILLER_0_106_1020, 473.14, 299.2, 0.00465134
PHY_206, 5.52, 293.76, 0.00448824
PHY_208, 5.52, 293.76, 0.00448824
input22, 5.52, 293.76, 0.00448824
PHY_207, 494.04, 293.76, 0.00451353
PHY_209, 494.04, 293.76, 0.00451353
ANTENNA__12167__A0, 494.04, 293.76, 0.00451353
ANTENNA__07638__B1, 494.04, 293.76, 0.00451353
FILLER_0_104_29, 15.33, 293.76, 0.00448694
FILLER_0_105_27, 15.33, 293.76, 0.00448694
_08373_, 37.94, 293.76, 0.00456021
_12189_, 37.94, 293.76, 0.00456021
_12400_, 37.94, 293.76, 0.00456021
_14751_, 37.94, 293.76, 0.00456021
_14847_, 37.94, 293.76, 0.00456021
FILLER_0_103_66, 37.94, 293.76, 0.00456021
FILLER_0_104_81, 37.94, 293.76, 0.00456021
_08185_, 50.74, 293.76, 0.00462343
_10182_, 50.74, 293.76, 0.00462343
_10274_, 50.74, 293.76, 0.00462343
_10286_, 50.74, 293.76, 0.00462343
_13885_, 50.74, 293.76, 0.00462343
clkbuf_leaf_29_wclk, 50.74, 293.76, 0.00462343
ANTENNA__10189__A1, 50.74, 293.76, 0.00462343
ANTENNA__08185__B1, 50.74, 293.76, 0.00462343
ANTENNA__10181__S, 50.74, 293.76, 0.00462343
FILLER_0_104_92, 50.74, 293.76, 0.00462343
_10180_, 63.54, 293.76, 0.00465864
_10270_, 63.54, 293.76, 0.00465864
_10273_, 63.54, 293.76, 0.00465864
_13852_, 63.54, 293.76, 0.00465864
_13884_, 63.54, 293.76, 0.00465864
ANTENNA__10273__A1, 63.54, 293.76, 0.00465864
ANTENNA_clkbuf_leaf_29_wclk_A, 63.54, 293.76, 0.00465864
_10184_, 76.34, 293.76, 0.00468143
_10187_, 76.34, 293.76, 0.00468143
_10188_, 76.34, 293.76, 0.00468143
_10271_, 76.34, 293.76, 0.00468143
_13856_, 76.34, 293.76, 0.00468143
ANTENNA__08248__A2, 76.34, 293.76, 0.00468143
ANTENNA__08248__B1, 76.34, 293.76, 0.00468143
ANTENNA__10187__S, 76.34, 293.76, 0.00468143
ANTENNA__10291__A1, 76.34, 293.76, 0.00468143
FILLER_0_104_158, 76.34, 293.76, 0.00468143
FILLER_0_105_154, 76.34, 293.76, 0.00468143
FILLER_0_105_160, 76.34, 293.76, 0.00468143
_10268_, 89.14, 293.76, 0.00469608
_13859_, 89.14, 293.76, 0.00469608
_13891_, 89.14, 293.76, 0.00469608
ANTENNA__12398__S, 89.14, 293.76, 0.00469608
ANTENNA__08389__A2, 89.14, 293.76, 0.00469608
ANTENNA__10291__S, 89.14, 293.76, 0.00469608
FILLER_0_104_185, 89.14, 293.76, 0.00469608
FILLER_0_104_191, 89.14, 293.76, 0.00469608
FILLER_0_105_188, 89.14, 293.76, 0.00469608
_08005_, 101.94, 293.76, 0.00470046
_10289_, 101.94, 293.76, 0.00470046
_11989_, 101.94, 293.76, 0.00470046
_13883_, 101.94, 293.76, 0.00470046
clkbuf_leaf_22_wclk, 101.94, 293.76, 0.00470046
ANTENNA__08005__A2, 101.94, 293.76, 0.00470046
ANTENNA__11988__S, 101.94, 293.76, 0.00470046
FILLER_0_105_215, 101.94, 293.76, 0.00470046
_11985_, 114.74, 293.76, 0.00467982
_14657_, 114.74, 293.76, 0.00467982
FILLER_0_104_237, 114.74, 293.76, 0.00467982
FILLER_0_104_243, 114.74, 293.76, 0.00467982
_08290_, 127.54, 293.76, 0.00465322
_08294_, 127.54, 293.76, 0.00465322
_10053_, 127.54, 293.76, 0.00465322
_10054_, 127.54, 293.76, 0.00465322
ANTENNA__08290__A2, 127.54, 293.76, 0.00465322
ANTENNA__08290__A3, 127.54, 293.76, 0.00465322
FILLER_0_103_265, 127.54, 293.76, 0.00465322
FILLER_0_104_253, 127.54, 293.76, 0.00465322
FILLER_0_104_261, 127.54, 293.76, 0.00465322
_09504_, 140.34, 293.76, 0.0046241
_09505_, 140.34, 293.76, 0.0046241
_10620_, 140.34, 293.76, 0.0046241
ANTENNA__08290__B1, 140.34, 293.76, 0.0046241
ANTENNA__09494__A0, 140.34, 293.76, 0.0046241
ANTENNA__09504__S, 140.34, 293.76, 0.0046241
ANTENNA__10619__A1, 140.34, 293.76, 0.0046241
FILLER_0_103_285, 140.34, 293.76, 0.0046241
FILLER_0_104_285, 140.34, 293.76, 0.0046241
FILLER_0_105_304, 140.34, 293.76, 0.0046241
_08293_, 153.14, 293.76, 0.0045933
_10621_, 153.14, 293.76, 0.0045933
_10622_, 153.14, 293.76, 0.0045933
_14045_, 153.14, 293.76, 0.0045933
ANTENNA__09496__A0, 153.14, 293.76, 0.0045933
FILLER_0_103_313, 153.14, 293.76, 0.0045933
FILLER_0_104_316, 153.14, 293.76, 0.0045933
_07999_, 165.94, 293.76, 0.00455567
_09506_, 165.94, 293.76, 0.00455567
_10632_, 165.94, 293.76, 0.00455567
_13531_, 165.94, 293.76, 0.00455567
ANTENNA__07999__A2, 165.94, 293.76, 0.00455567
ANTENNA__07999__B1, 165.94, 293.76, 0.00455567
ANTENNA__09506__A0, 165.94, 293.76, 0.00455567
FILLER_0_104_338, 165.94, 293.76, 0.00455567
FILLER_0_105_355, 165.94, 293.76, 0.00455567
_10057_, 191.54, 293.76, 0.00455136
_12177_, 191.54, 293.76, 0.00455136
_12381_, 191.54, 293.76, 0.00455136
_12402_, 191.54, 293.76, 0.00455136
ANTENNA__07963__A, 191.54, 293.76, 0.00455136
_08790_, 204.34, 293.76, 0.00458705
_13221_, 204.34, 293.76, 0.00458705
ANTENNA__12404__S, 204.34, 293.76, 0.00458705
ANTENNA__12200__A0, 204.34, 293.76, 0.00458705
ANTENNA__12132__A0, 204.34, 293.76, 0.00458705
ANTENNA__08467__B1, 204.34, 293.76, 0.00458705
ANTENNA__08790__A0, 204.34, 293.76, 0.00458705
ANTENNA__08790__S, 204.34, 293.76, 0.00458705
ANTENNA__09066__S, 204.34, 293.76, 0.00458705
ANTENNA__12404__A1, 204.34, 293.76, 0.00458705
ANTENNA__12132__S, 204.34, 293.76, 0.00458705
FILLER_0_104_421, 204.34, 293.76, 0.00458705
_07412_, 217.14, 293.76, 0.00461685
_10175_, 217.14, 293.76, 0.00461685
_10176_, 217.14, 293.76, 0.00461685
_10295_, 217.14, 293.76, 0.00461685
ANTENNA__10175__A1, 217.14, 293.76, 0.00461685
ANTENNA__10129__A1, 217.14, 293.76, 0.00461685
ANTENNA__07411__A, 217.14, 293.76, 0.00461685
ANTENNA__10129__S, 217.14, 293.76, 0.00461685
FILLER_0_103_449, 217.14, 293.76, 0.00461685
FILLER_0_103_460, 217.14, 293.76, 0.00461685
FILLER_0_105_473, 217.14, 293.76, 0.00461685
_10263_, 229.94, 293.76, 0.00464363
_10294_, 229.94, 293.76, 0.00464363
_13562_, 229.94, 293.76, 0.00464363
_13892_, 229.94, 293.76, 0.00464363
ANTENNA__08003__A, 229.94, 293.76, 0.00464363
ANTENNA__07902__A3, 229.94, 293.76, 0.00464363
ANTENNA__10294__S, 229.94, 293.76, 0.00464363
ANTENNA__10294__A1, 229.94, 293.76, 0.00464363
FILLER_0_105_494, 229.94, 293.76, 0.00464363
_07907_, 242.74, 293.76, 0.00465875
_10635_, 242.74, 293.76, 0.00465875
_10636_, 242.74, 293.76, 0.00465875
_13540_, 242.74, 293.76, 0.00465875
_14052_, 242.74, 293.76, 0.00465875
ANTENNA__08434__A2, 242.74, 293.76, 0.00465875
ANTENNA__08434__B1, 242.74, 293.76, 0.00465875
FILLER_0_104_503, 242.74, 293.76, 0.00465875
_06697_, 255.54, 293.76, 0.00466366
_06766_, 255.54, 293.76, 0.00466366
_06815_, 255.54, 293.76, 0.00466366
_07452_, 255.54, 293.76, 0.00466366
_10614_, 255.54, 293.76, 0.00466366
ANTENNA__07452__A, 255.54, 293.76, 0.00466366
ANTENNA__07908__B1, 255.54, 293.76, 0.00466366
FILLER_0_105_557, 255.54, 293.76, 0.00466366
_06574_, 268.34, 293.76, 0.00466768
_06684_, 268.34, 293.76, 0.00466768
_06722_, 268.34, 293.76, 0.00466768
_13701_, 268.34, 293.76, 0.00466768
ANTENNA__12360__A, 268.34, 293.76, 0.00466768
_09856_, 281.14, 293.76, 0.00466075
_13115_, 281.14, 293.76, 0.00466075
hold2, 281.14, 293.76, 0.00466075
ANTENNA__06691__B, 281.14, 293.76, 0.00466075
ANTENNA__09856__A0, 281.14, 293.76, 0.00466075
ANTENNA__13123__RESET_B, 281.14, 293.76, 0.00466075
_06572_, 293.94, 293.76, 0.00464629
_06737_, 293.94, 293.76, 0.00464629
_06775_, 293.94, 293.76, 0.00464629
FILLER_0_103_617, 293.94, 293.76, 0.00464629
FILLER_0_104_623, 293.94, 293.76, 0.00464629
_10173_, 306.74, 293.76, 0.00462122
_10233_, 306.74, 293.76, 0.00462122
_13872_, 306.74, 293.76, 0.00462122
ANTENNA__06784__A, 306.74, 293.76, 0.00462122
ANTENNA__10172__S, 306.74, 293.76, 0.00462122
ANTENNA__10233__A1, 306.74, 293.76, 0.00462122
ANTENNA__10233__S, 306.74, 293.76, 0.00462122
FILLER_0_104_645, 306.74, 293.76, 0.00462122
FILLER_0_104_663, 306.74, 293.76, 0.00462122
_07853_, 319.54, 293.76, 0.00458901
_10172_, 319.54, 293.76, 0.00458901
_10593_, 319.54, 293.76, 0.00458901
_14032_, 319.54, 293.76, 0.00458901
ANTENNA__10172__A1, 319.54, 293.76, 0.00458901
ANTENNA__07854__A2, 319.54, 293.76, 0.00458901
FILLER_0_103_673, 319.54, 293.76, 0.00458901
_10599_, 345.14, 293.76, 0.00458939
_14034_, 345.14, 293.76, 0.00458939
ANTENNA__07795__A3, 345.14, 293.76, 0.00458939
ANTENNA__10034__A0, 345.14, 293.76, 0.00458939
ANTENNA__10598__A1, 345.14, 293.76, 0.00458939
ANTENNA__11971__A1, 345.14, 293.76, 0.00458939
FILLER_0_104_726, 345.14, 293.76, 0.00458939
FILLER_0_104_734, 345.14, 293.76, 0.00458939
FILLER_0_104_740, 345.14, 293.76, 0.00458939
FILLER_0_104_750, 345.14, 293.76, 0.00458939
_07448_, 357.94, 293.76, 0.00462297
_09478_, 357.94, 293.76, 0.00462297
_10597_, 357.94, 293.76, 0.00462297
_13524_, 357.94, 293.76, 0.00462297
_14033_, 357.94, 293.76, 0.00462297
ANTENNA__07448__B1, 357.94, 293.76, 0.00462297
ANTENNA__09477__A0, 357.94, 293.76, 0.00462297
FILLER_0_105_770, 357.94, 293.76, 0.00462297
FILLER_0_105_780, 357.94, 293.76, 0.00462297
_07602_, 370.74, 293.76, 0.0046467
_10603_, 370.74, 293.76, 0.0046467
_14035_, 370.74, 293.76, 0.0046467
_14036_, 370.74, 293.76, 0.0046467
ANTENNA__10602__A1, 370.74, 293.76, 0.0046467
_07697_, 383.54, 293.76, 0.00465992
_07701_, 383.54, 293.76, 0.00465992
_10030_, 383.54, 293.76, 0.00465992
_13782_, 383.54, 293.76, 0.00465992
ANTENNA__07697__A2, 383.54, 293.76, 0.00465992
ANTENNA__07697__A3, 383.54, 293.76, 0.00465992
ANTENNA__07697__B1, 383.54, 293.76, 0.00465992
ANTENNA__10030__S, 383.54, 293.76, 0.00465992
FILLER_0_104_808, 383.54, 293.76, 0.00465992
_10159_, 396.34, 293.76, 0.0046668
_10240_, 396.34, 293.76, 0.0046668
_11965_, 396.34, 293.76, 0.0046668
_13874_, 396.34, 293.76, 0.0046668
ANTENNA__11965__A1, 396.34, 293.76, 0.0046668
ANTENNA__11965__S, 396.34, 293.76, 0.0046668
FILLER_0_103_837, 396.34, 293.76, 0.0046668
FILLER_0_103_845, 396.34, 293.76, 0.0046668
FILLER_0_104_859, 396.34, 293.76, 0.0046668
_07508_, 409.14, 293.76, 0.00466622
_07654_, 409.14, 293.76, 0.00466622
_10165_, 409.14, 293.76, 0.00466622
_10239_, 409.14, 293.76, 0.00466622
_13845_, 409.14, 293.76, 0.00466622
ANTENNA__07654__B1, 409.14, 293.76, 0.00466622
ANTENNA__07508__B1, 409.14, 293.76, 0.00466622
ANTENNA__10239__A1, 409.14, 293.76, 0.00466622
FILLER_0_104_865, 409.14, 293.76, 0.00466622
_10156_, 421.94, 293.76, 0.00465905
_13841_, 421.94, 293.76, 0.00465905
ANTENNA__07655__A2, 421.94, 293.76, 0.00465905
ANTENNA__07654__A2, 421.94, 293.76, 0.00465905
ANTENNA__10164__S, 421.94, 293.76, 0.00465905
ANTENNA__10156__S, 421.94, 293.76, 0.00465905
FILLER_0_103_897, 421.94, 293.76, 0.00465905
FILLER_0_104_906, 421.94, 293.76, 0.00465905
_10236_, 434.74, 293.76, 0.00464615
_10245_, 434.74, 293.76, 0.00464615
_10246_, 434.74, 293.76, 0.00464615
_13876_, 434.74, 293.76, 0.00464615
ANTENNA__10166__S, 434.74, 293.76, 0.00464615
ANTENNA__10242__S, 434.74, 293.76, 0.00464615
_07749_, 447.54, 293.76, 0.00462543
_10161_, 447.54, 293.76, 0.00462543
_10242_, 447.54, 293.76, 0.00462543
_13843_, 447.54, 293.76, 0.00462543
_13875_, 447.54, 293.76, 0.00462543
ANTENNA__10242__A1, 447.54, 293.76, 0.00462543
_07588_, 460.34, 293.76, 0.00459316
_12165_, 460.34, 293.76, 0.00459316
_12369_, 460.34, 293.76, 0.00459316
_14836_, 460.34, 293.76, 0.00459316
ANTENNA__07749__A2, 460.34, 293.76, 0.00459316
ANTENNA__07556__B1, 460.34, 293.76, 0.00459316
ANTENNA__12165__S, 460.34, 293.76, 0.00459316
FILLER_0_103_980, 460.34, 293.76, 0.00459316
FILLER_0_105_989, 460.34, 293.76, 0.00459316
_12169_, 473.14, 293.76, 0.00455389
ANTENNA__12165__A0, 473.14, 293.76, 0.00455389
ANTENNA__12169__A0, 473.14, 293.76, 0.00455389
ANTENNA__07541__A2, 473.14, 293.76, 0.00455389
ANTENNA__07541__B1, 473.14, 293.76, 0.00455389
ANTENNA__07686__A2, 473.14, 293.76, 0.00455389
ANTENNA__07686__B1, 473.14, 293.76, 0.00455389
ANTENNA__09887__A0, 473.14, 293.76, 0.00455389
ANTENNA__12169__S, 473.14, 293.76, 0.00455389
FILLER_0_104_1021, 473.14, 293.76, 0.00455389
FILLER_0_105_1021, 473.14, 293.76, 0.00455389
PHY_202, 5.52, 288.32, 0.00436254
PHY_204, 5.52, 288.32, 0.00436254
PHY_203, 494.04, 288.32, 0.00443199
PHY_205, 494.04, 288.32, 0.00443199
ANTENNA__12163__S, 494.04, 288.32, 0.00443199
_10190_, 37.94, 288.32, 0.0043998
_14755_, 37.94, 288.32, 0.0043998
ANTENNA__12400__S, 37.94, 288.32, 0.0043998
ANTENNA__12400__A1, 37.94, 288.32, 0.0043998
ANTENNA__12196__S, 37.94, 288.32, 0.0043998
FILLER_0_102_75, 37.94, 288.32, 0.0043998
FILLER_0_103_80, 37.94, 288.32, 0.0043998
_10181_, 50.74, 288.32, 0.00443131
_13853_, 50.74, 288.32, 0.00443131
ANTENNA__08201__A2, 50.74, 288.32, 0.00443131
ANTENNA__08295__B1, 50.74, 288.32, 0.00443131
FILLER_0_102_85, 50.74, 288.32, 0.00443131
FILLER_0_102_104, 50.74, 288.32, 0.00443131
_08107_, 63.54, 288.32, 0.004457
_08201_, 63.54, 288.32, 0.004457
_08295_, 63.54, 288.32, 0.004457
_10179_, 63.54, 288.32, 0.004457
ANTENNA__08107__B1, 63.54, 288.32, 0.004457
FILLER_0_101_121, 63.54, 288.32, 0.004457
_08154_, 76.34, 288.32, 0.00448141
_08248_, 76.34, 288.32, 0.00448141
_10183_, 76.34, 288.32, 0.00448141
_13854_, 76.34, 288.32, 0.00448141
FILLER_0_101_145, 76.34, 288.32, 0.00448141
FILLER_0_102_165, 76.34, 288.32, 0.00448141
_08389_, 89.14, 288.32, 0.00450002
_10178_, 89.14, 288.32, 0.00450002
_10193_, 89.14, 288.32, 0.00450002
_10194_, 89.14, 288.32, 0.00450002
_13851_, 89.14, 288.32, 0.00450002
ANTENNA__10177__A1, 89.14, 288.32, 0.00450002
ANTENNA__10183__A1, 89.14, 288.32, 0.00450002
ANTENNA__10193__A1, 89.14, 288.32, 0.00450002
ANTENNA__08154__B1, 89.14, 288.32, 0.00450002
ANTENNA__10193__S, 89.14, 288.32, 0.00450002
FILLER_0_101_177, 89.14, 288.32, 0.00450002
_10177_, 101.94, 288.32, 0.00451111
_10288_, 101.94, 288.32, 0.00451111
_13858_, 101.94, 288.32, 0.00451111
_13890_, 101.94, 288.32, 0.00451111
ANTENNA__08390__A2, 101.94, 288.32, 0.00451111
ANTENNA__08390__B1, 101.94, 288.32, 0.00451111
ANTENNA__08005__B1, 101.94, 288.32, 0.00451111
ANTENNA__09577__S, 101.94, 288.32, 0.00451111
ANTENNA__10177__S, 101.94, 288.32, 0.00451111
FILLER_0_101_198, 101.94, 288.32, 0.00451111
_10191_, 114.74, 288.32, 0.00451063
_10192_, 114.74, 288.32, 0.00451063
_11979_, 114.74, 288.32, 0.00451063
_11981_, 114.74, 288.32, 0.00451063
ANTENNA__10191__A1, 114.74, 288.32, 0.00451063
ANTENNA__08343__A2, 114.74, 288.32, 0.00451063
ANTENNA__08343__B1, 114.74, 288.32, 0.00451063
ANTENNA__10191__S, 114.74, 288.32, 0.00451063
ANTENNA__10288__S, 114.74, 288.32, 0.00451063
ANTENNA__10288__A1, 114.74, 288.32, 0.00451063
FILLER_0_102_230, 114.74, 288.32, 0.00451063
FILLER_0_102_244, 114.74, 288.32, 0.00451063
_10045_, 127.54, 288.32, 0.00450643
_10046_, 127.54, 288.32, 0.00450643
_13789_, 127.54, 288.32, 0.00450643
ANTENNA__08102__A2, 127.54, 288.32, 0.00450643
ANTENNA__10045__A0, 127.54, 288.32, 0.00450643
ANTENNA__10053__S, 127.54, 288.32, 0.00450643
ANTENNA__10045__S, 127.54, 288.32, 0.00450643
ANTENNA__11980__A1, 127.54, 288.32, 0.00450643
FILLER_0_102_257, 127.54, 288.32, 0.00450643
FILLER_0_102_272, 127.54, 288.32, 0.00450643
_08106_, 140.34, 288.32, 0.00449679
_09494_, 140.34, 288.32, 0.00449679
_09495_, 140.34, 288.32, 0.00449679
_10619_, 140.34, 288.32, 0.00449679
_13532_, 140.34, 288.32, 0.00449679
_14044_, 140.34, 288.32, 0.00449679
ANTENNA__08102__A3, 140.34, 288.32, 0.00449679
ANTENNA__08102__B1, 140.34, 288.32, 0.00449679
FILLER_0_102_286, 140.34, 288.32, 0.00449679
_08057_, 153.14, 288.32, 0.00447641
_09493_, 153.14, 288.32, 0.00447641
_09496_, 153.14, 288.32, 0.00447641
_13533_, 153.14, 288.32, 0.00447641
ANTENNA__08057__A2, 153.14, 288.32, 0.00447641
ANTENNA__08057__B1, 153.14, 288.32, 0.00447641
ANTENNA__09496__S, 153.14, 288.32, 0.00447641
ANTENNA__10619__S, 153.14, 288.32, 0.00447641
FILLER_0_101_320, 153.14, 288.32, 0.00447641
FILLER_0_102_316, 153.14, 288.32, 0.00447641
_09492_, 165.94, 288.32, 0.00445129
_13538_, 165.94, 288.32, 0.00445129
_14050_, 165.94, 288.32, 0.00445129
ANTENNA__08105__A2, 165.94, 288.32, 0.00445129
ANTENNA__08105__B1, 165.94, 288.32, 0.00445129
ANTENNA__09492__S, 165.94, 288.32, 0.00445129
FILLER_0_101_345, 165.94, 288.32, 0.00445129
_07962_, 191.54, 288.32, 0.00447586
_07963_, 191.54, 288.32, 0.00447586
_12201_, 191.54, 288.32, 0.00447586
ANTENNA__08384__A2, 191.54, 288.32, 0.00447586
ANTENNA__07962__A, 191.54, 288.32, 0.00447586
ANTENNA__08384__A3, 191.54, 288.32, 0.00447586
ANTENNA__08384__B1, 191.54, 288.32, 0.00447586
ANTENNA__12200__S, 191.54, 288.32, 0.00447586
ANTENNA__12177__A, 191.54, 288.32, 0.00447586
FILLER_0_101_393, 191.54, 288.32, 0.00447586
FILLER_0_101_400, 191.54, 288.32, 0.00447586
FILLER_0_102_398, 191.54, 288.32, 0.00447586
FILLER_0_102_413, 191.54, 288.32, 0.00447586
_08467_, 204.34, 288.32, 0.00453322
_08791_, 204.34, 288.32, 0.00453322
_12200_, 204.34, 288.32, 0.00453322
_12404_, 204.34, 288.32, 0.00453322
_13829_, 204.34, 288.32, 0.00453322
ANTENNA__08467__A2, 204.34, 288.32, 0.00453322
FILLER_0_102_430, 204.34, 288.32, 0.00453322
_07411_, 217.14, 288.32, 0.00458297
_08470_, 217.14, 288.32, 0.00458297
_09373_, 217.14, 288.32, 0.00458297
_09560_, 217.14, 288.32, 0.00458297
_10129_, 217.14, 288.32, 0.00458297
_13860_, 217.14, 288.32, 0.00458297
ANTENNA__08436__A2, 217.14, 288.32, 0.00458297
ANTENNA_clkbuf_leaf_58_wclk_A, 217.14, 288.32, 0.00458297
_08003_, 229.94, 288.32, 0.00462466
_08436_, 229.94, 288.32, 0.00462466
_14874_, 229.94, 288.32, 0.00462466
clkbuf_leaf_58_wclk, 229.94, 288.32, 0.00462466
_07908_, 242.74, 288.32, 0.00463772
_07911_, 242.74, 288.32, 0.00463772
_07997_, 242.74, 288.32, 0.00463772
_08434_, 242.74, 288.32, 0.00463772
_09510_, 242.74, 288.32, 0.00463772
_09511_, 242.74, 288.32, 0.00463772
ANTENNA__07998__A, 242.74, 288.32, 0.00463772
ANTENNA__09510__S, 242.74, 288.32, 0.00463772
ANTENNA__09559__S, 242.74, 288.32, 0.00463772
_06686_, 255.54, 288.32, 0.00464607
_06692_, 255.54, 288.32, 0.00464607
_06756_, 255.54, 288.32, 0.00464607
_06771_, 255.54, 288.32, 0.00464607
_07447_, 255.54, 288.32, 0.00464607
_07453_, 255.54, 288.32, 0.00464607
ANTENNA__09489__A, 255.54, 288.32, 0.00464607
FILLER_0_103_546, 255.54, 288.32, 0.00464607
_06575_, 268.34, 288.32, 0.00464876
_06576_, 268.34, 288.32, 0.00464876
_06691_, 268.34, 288.32, 0.00464876
_06698_, 268.34, 288.32, 0.00464876
_10232_, 268.34, 288.32, 0.00464876
_12360_, 268.34, 288.32, 0.00464876
_06530_, 281.14, 288.32, 0.00463715
_06685_, 281.14, 288.32, 0.00463715
_08537_, 281.14, 288.32, 0.00463715
_13123_, 281.14, 288.32, 0.00463715
ANTENNA__06685__B, 281.14, 288.32, 0.00463715
ANTENNA__06576__B, 281.14, 288.32, 0.00463715
ANTENNA__06575__A_N, 281.14, 288.32, 0.00463715
ANTENNA__06530__B, 281.14, 288.32, 0.00463715
ANTENNA__08540__A, 281.14, 288.32, 0.00463715
ANTENNA__09856__S, 281.14, 288.32, 0.00463715
ANTENNA__10232__A, 281.14, 288.32, 0.00463715
ANTENNA__13115__RESET_B, 281.14, 288.32, 0.00463715
_06507_, 293.94, 288.32, 0.00461021
_06567_, 293.94, 288.32, 0.00461021
_06742_, 293.94, 288.32, 0.00461021
_06796_, 293.94, 288.32, 0.00461021
ANTENNA__08537__A, 293.94, 288.32, 0.00461021
ANTENNA__06796__B, 293.94, 288.32, 0.00461021
ANTENNA__13105__RESET_B, 293.94, 288.32, 0.00461021
FILLER_0_102_624, 293.94, 288.32, 0.00461021
FILLER_0_103_639, 293.94, 288.32, 0.00461021
_06523_, 306.74, 288.32, 0.00456219
_10234_, 306.74, 288.32, 0.00456219
ANTENNA__06796__A, 306.74, 288.32, 0.00456219
FILLER_0_102_645, 306.74, 288.32, 0.00456219
FILLER_0_103_662, 306.74, 288.32, 0.00456219
_07854_, 319.54, 288.32, 0.00450837
_09556_, 319.54, 288.32, 0.00450837
_09557_, 319.54, 288.32, 0.00450837
_10594_, 319.54, 288.32, 0.00450837
_13561_, 319.54, 288.32, 0.00450837
ANTENNA__07854__B1, 319.54, 288.32, 0.00450837
ANTENNA__09556__A0, 319.54, 288.32, 0.00450837
ANTENNA__09556__S, 319.54, 288.32, 0.00450837
FILLER_0_102_670, 319.54, 288.32, 0.00450837
_09472_, 345.14, 288.32, 0.0044712
_09474_, 345.14, 288.32, 0.0044712
_10598_, 345.14, 288.32, 0.0044712
_13521_, 345.14, 288.32, 0.0044712
_13522_, 345.14, 288.32, 0.0044712
FILLER_0_102_736, 345.14, 288.32, 0.0044712
FILLER_0_102_748, 345.14, 288.32, 0.0044712
_09471_, 357.94, 288.32, 0.00448688
_09476_, 357.94, 288.32, 0.00448688
_09477_, 357.94, 288.32, 0.00448688
ANTENNA__07503__A2, 357.94, 288.32, 0.00448688
ANTENNA__07506__A2, 357.94, 288.32, 0.00448688
ANTENNA__07448__A2, 357.94, 288.32, 0.00448688
ANTENNA__07506__B1, 357.94, 288.32, 0.00448688
ANTENNA__09471__A0, 357.94, 288.32, 0.00448688
ANTENNA__09471__S, 357.94, 288.32, 0.00448688
FILLER_0_101_765, 357.94, 288.32, 0.00448688
_07554_, 370.74, 288.32, 0.0045013
_10600_, 370.74, 288.32, 0.0045013
_10601_, 370.74, 288.32, 0.0045013
ANTENNA__07554__B1, 370.74, 288.32, 0.0045013
ANTENNA__09475__A0, 370.74, 288.32, 0.0045013
ANTENNA__09477__S, 370.74, 288.32, 0.0045013
ANTENNA__10600__A1, 370.74, 288.32, 0.0045013
FILLER_0_102_806, 370.74, 288.32, 0.0045013
_07555_, 383.54, 288.32, 0.00451351
_10024_, 383.54, 288.32, 0.00451351
ANTENNA__07551__A3, 383.54, 288.32, 0.00451351
ANTENNA__07551__B1, 383.54, 288.32, 0.00451351
ANTENNA__10026__A0, 383.54, 288.32, 0.00451351
ANTENNA__10030__A0, 383.54, 288.32, 0.00451351
ANTENNA__10026__S, 383.54, 288.32, 0.00451351
ANTENNA__10024__S, 383.54, 288.32, 0.00451351
ANTENNA__11967__S, 383.54, 288.32, 0.00451351
FILLER_0_101_809, 383.54, 288.32, 0.00451351
FILLER_0_102_813, 383.54, 288.32, 0.00451351
FILLER_0_102_821, 383.54, 288.32, 0.00451351
FILLER_0_103_831, 383.54, 288.32, 0.00451351
_10158_, 396.34, 288.32, 0.00452408
_11960_, 396.34, 288.32, 0.00452408
_13842_, 396.34, 288.32, 0.00452408
ANTENNA__10158__A1, 396.34, 288.32, 0.00452408
ANTENNA__07551__A2, 396.34, 288.32, 0.00452408
ANTENNA__09542__A0, 396.34, 288.32, 0.00452408
ANTENNA__10024__A0, 396.34, 288.32, 0.00452408
ANTENNA__10158__S, 396.34, 288.32, 0.00452408
FILLER_0_101_848, 396.34, 288.32, 0.00452408
FILLER_0_102_840, 396.34, 288.32, 0.00452408
_07509_, 409.14, 288.32, 0.00452815
_12440_, 409.14, 288.32, 0.00452815
ANTENNA__12433__S, 409.14, 288.32, 0.00452815
ANTENNA__07509__A2, 409.14, 288.32, 0.00452815
ANTENNA__07655__B1, 409.14, 288.32, 0.00452815
ANTENNA__07509__B1, 409.14, 288.32, 0.00452815
ANTENNA__07508__A2, 409.14, 288.32, 0.00452815
FILLER_0_102_877, 409.14, 288.32, 0.00452815
FILLER_0_103_883, 409.14, 288.32, 0.00452815
_07454_, 421.94, 288.32, 0.00453109
_07655_, 421.94, 288.32, 0.00453109
_12439_, 421.94, 288.32, 0.00453109
ANTENNA__12439__S, 421.94, 288.32, 0.00453109
ANTENNA__10156__A1, 421.94, 288.32, 0.00453109
ANTENNA__10164__A1, 421.94, 288.32, 0.00453109
ANTENNA__07454__A2, 421.94, 288.32, 0.00453109
ANTENNA__07454__B1, 421.94, 288.32, 0.00453109
FILLER_0_102_906, 421.94, 288.32, 0.00453109
FILLER_0_102_914, 421.94, 288.32, 0.00453109
FILLER_0_103_908, 421.94, 288.32, 0.00453109
_07604_, 434.74, 288.32, 0.00453266
_10162_, 434.74, 288.32, 0.00453266
_10163_, 434.74, 288.32, 0.00453266
_13844_, 434.74, 288.32, 0.00453266
ANTENNA__07604__B1, 434.74, 288.32, 0.00453266
ANTENNA__09540__A0, 434.74, 288.32, 0.00453266
ANTENNA__09540__S, 434.74, 288.32, 0.00453266
_07556_, 447.54, 288.32, 0.00452759
_10160_, 447.54, 288.32, 0.00452759
_10243_, 447.54, 288.32, 0.00452759
ANTENNA__10160__A1, 447.54, 288.32, 0.00452759
ANTENNA__07604__A2, 447.54, 288.32, 0.00452759
ANTENNA__07556__A2, 447.54, 288.32, 0.00452759
ANTENNA__10160__S, 447.54, 288.32, 0.00452759
FILLER_0_101_953, 447.54, 288.32, 0.00452759
FILLER_0_102_949, 447.54, 288.32, 0.00452759
_12166_, 460.34, 288.32, 0.00452059
_12370_, 460.34, 288.32, 0.00452059
_14740_, 460.34, 288.32, 0.00452059
clkbuf_leaf_94_wclk, 460.34, 288.32, 0.00452059
ANTENNA_clkbuf_leaf_94_wclk_A, 460.34, 288.32, 0.00452059
FILLER_0_103_1000, 460.34, 288.32, 0.00452059
_07686_, 473.14, 288.32, 0.0044816
_12373_, 473.14, 288.32, 0.0044816
_14742_, 473.14, 288.32, 0.0044816
_14838_, 473.14, 288.32, 0.0044816
ANTENNA__12373__S, 473.14, 288.32, 0.0044816
FILLER_0_101_1005, 473.14, 288.32, 0.0044816
PHY_198, 5.52, 282.88, 0.00425518
PHY_200, 5.52, 282.88, 0.00425518
PHY_199, 494.04, 282.88, 0.00432047
PHY_201, 494.04, 282.88, 0.00432047
ANTENNA__12163__A0, 494.04, 282.88, 0.00432047
ANTENNA__09333__A, 494.04, 282.88, 0.00432047
_13855_, 37.94, 282.88, 0.00428288
_13857_, 37.94, 282.88, 0.00428288
ANTENNA__10181__A1, 37.94, 282.88, 0.00428288
FILLER_0_99_69, 37.94, 282.88, 0.00428288
FILLER_0_100_65, 37.94, 282.88, 0.00428288
_09570_, 50.74, 282.88, 0.00430088
_10185_, 50.74, 282.88, 0.00430088
_10189_, 50.74, 282.88, 0.00430088
ANTENNA__08295__A2, 50.74, 282.88, 0.00430088
ANTENNA__10189__S, 50.74, 282.88, 0.00430088
ANTENNA__10185__S, 50.74, 282.88, 0.00430088
ANTENNA__11480__A1, 50.74, 282.88, 0.00430088
ANTENNA__11480__S, 50.74, 282.88, 0.00430088
ANTENNA__11472__S, 50.74, 282.88, 0.00430088
ANTENNA_clkbuf_leaf_28_wclk_A, 50.74, 282.88, 0.00430088
FILLER_0_99_95, 50.74, 282.88, 0.00430088
FILLER_0_100_98, 50.74, 282.88, 0.00430088
_08059_, 63.54, 282.88, 0.0043159
_08202_, 63.54, 282.88, 0.0043159
ANTENNA__10179__A1, 63.54, 282.88, 0.0043159
ANTENNA__08202__A2, 63.54, 282.88, 0.0043159
ANTENNA__08202__B1, 63.54, 282.88, 0.0043159
ANTENNA__08107__A2, 63.54, 282.88, 0.0043159
ANTENNA__08059__A2, 63.54, 282.88, 0.0043159
ANTENNA__08201__B1, 63.54, 282.88, 0.0043159
ANTENNA__09565__A0, 63.54, 282.88, 0.0043159
ANTENNA__09569__A0, 63.54, 282.88, 0.0043159
ANTENNA__09569__S, 63.54, 282.88, 0.0043159
ANTENNA__10179__S, 63.54, 282.88, 0.0043159
FILLER_0_99_113, 63.54, 282.88, 0.0043159
FILLER_0_99_118, 63.54, 282.88, 0.0043159
FILLER_0_100_137, 63.54, 282.88, 0.0043159
_08060_, 76.34, 282.88, 0.00433053
_12454_, 76.34, 282.88, 0.00433053
_13568_, 76.34, 282.88, 0.00433053
ANTENNA__12454__S, 76.34, 282.88, 0.00433053
ANTENNA__08060__A2, 76.34, 282.88, 0.00433053
ANTENNA__08154__A2, 76.34, 282.88, 0.00433053
ANTENNA__08059__B1, 76.34, 282.88, 0.00433053
ANTENNA__10183__S, 76.34, 282.88, 0.00433053
ANTENNA__12454__A1, 76.34, 282.88, 0.00433053
FILLER_0_100_141, 76.34, 282.88, 0.00433053
FILLER_0_101_161, 76.34, 282.88, 0.00433053
_08249_, 89.14, 282.88, 0.00433907
_09571_, 89.14, 282.88, 0.00433907
_09577_, 89.14, 282.88, 0.00433907
_09578_, 89.14, 282.88, 0.00433907
ANTENNA__08249__A2, 89.14, 282.88, 0.00433907
ANTENNA__08389__B1, 89.14, 282.88, 0.00433907
ANTENNA__09577__A0, 89.14, 282.88, 0.00433907
ANTENNA__09571__S, 89.14, 282.88, 0.00433907
FILLER_0_100_175, 89.14, 282.88, 0.00433907
FILLER_0_101_187, 89.14, 282.88, 0.00433907
FILLER_0_101_193, 89.14, 282.88, 0.00433907
_08252_, 101.94, 282.88, 0.0043446
_08342_, 101.94, 282.88, 0.0043446
_08390_, 101.94, 282.88, 0.0043446
_12468_, 101.94, 282.88, 0.0043446
ANTENNA__08342__A2, 101.94, 282.88, 0.0043446
ANTENNA__08342__B1, 101.94, 282.88, 0.0043446
FILLER_0_100_205, 101.94, 282.88, 0.0043446
_08343_, 114.74, 282.88, 0.00434693
_12466_, 114.74, 282.88, 0.00434693
_14652_, 114.74, 282.88, 0.00434693
_14653_, 114.74, 282.88, 0.00434693
ANTENNA__12466__A1, 114.74, 282.88, 0.00434693
_08102_, 127.54, 282.88, 0.00433789
_11980_, 127.54, 282.88, 0.00433789
_13788_, 127.54, 282.88, 0.00433789
ANTENNA__12466__S, 127.54, 282.88, 0.00433789
ANTENNA__11980__S, 127.54, 282.88, 0.00433789
ANTENNA__11978__S, 127.54, 282.88, 0.00433789
FILLER_0_99_264, 127.54, 282.88, 0.00433789
_08054_, 140.34, 282.88, 0.00432318
_08058_, 140.34, 282.88, 0.00432318
_10043_, 140.34, 282.88, 0.00432318
ANTENNA__08054__B1, 140.34, 282.88, 0.00432318
ANTENNA__10043__A0, 140.34, 282.88, 0.00432318
ANTENNA__09494__S, 140.34, 282.88, 0.00432318
ANTENNA__10043__S, 140.34, 282.88, 0.00432318
FILLER_0_99_289, 140.34, 282.88, 0.00432318
_08105_, 153.14, 282.88, 0.00430662
_09497_, 153.14, 282.88, 0.00430662
_10047_, 153.14, 282.88, 0.00430662
_10048_, 153.14, 282.88, 0.00430662
_11983_, 153.14, 282.88, 0.00430662
ANTENNA__10047__A0, 153.14, 282.88, 0.00430662
_08393_, 165.94, 282.88, 0.0042873
_09507_, 165.94, 282.88, 0.0042873
_10041_, 165.94, 282.88, 0.0042873
_11977_, 165.94, 282.88, 0.0042873
ANTENNA__07990__A2, 165.94, 282.88, 0.0042873
ANTENNA__07990__A3, 165.94, 282.88, 0.0042873
ANTENNA__10041__A0, 165.94, 282.88, 0.0042873
ANTENNA__09492__A0, 165.94, 282.88, 0.0042873
ANTENNA__10041__S, 165.94, 282.88, 0.0042873
ANTENNA__11990__A1, 165.94, 282.88, 0.0042873
FILLER_0_100_336, 165.94, 282.88, 0.0042873
_14757_, 191.54, 282.88, 0.00431391
_14853_, 191.54, 282.88, 0.00431391
ANTENNA__08337__A3, 191.54, 282.88, 0.00431391
ANTENNA__10057__S, 191.54, 282.88, 0.00431391
ANTENNA__10055__S, 191.54, 282.88, 0.00431391
ANTENNA_clkbuf_leaf_19_wclk_A, 191.54, 282.88, 0.00431391
_08468_, 204.34, 282.88, 0.00435412
_10130_, 204.34, 282.88, 0.00435412
_12540_, 204.34, 282.88, 0.00435412
_13733_, 204.34, 282.88, 0.00435412
_14917_, 204.34, 282.88, 0.00435412
ANTENNA__08470__A2, 204.34, 282.88, 0.00435412
FILLER_0_100_445, 204.34, 282.88, 0.00435412
FILLER_0_101_437, 204.34, 282.88, 0.00435412
_09924_, 217.14, 282.88, 0.00438306
_10195_, 217.14, 282.88, 0.00438306
_10196_, 217.14, 282.88, 0.00438306
ANTENNA__10195__A1, 217.14, 282.88, 0.00438306
ANTENNA__09559__A0, 217.14, 282.88, 0.00438306
ANTENNA__09924__S, 217.14, 282.88, 0.00438306
ANTENNA__10195__S, 217.14, 282.88, 0.00438306
FILLER_0_99_458, 217.14, 282.88, 0.00438306
_08004_, 229.94, 282.88, 0.00440907
_09559_, 229.94, 282.88, 0.00440907
_10174_, 229.94, 282.88, 0.00440907
_12450_, 229.94, 282.88, 0.00440907
_12451_, 229.94, 282.88, 0.00440907
ANTENNA__12470__S, 229.94, 282.88, 0.00440907
ANTENNA__12449__A, 229.94, 282.88, 0.00440907
ANTENNA__12450__S, 229.94, 282.88, 0.00440907
ANTENNA__11994__A1, 229.94, 282.88, 0.00440907
_06757_, 242.74, 282.88, 0.00443149
_07998_, 242.74, 282.88, 0.00443149
_09489_, 242.74, 282.88, 0.00443149
_10038_, 242.74, 282.88, 0.00443149
_11973_, 242.74, 282.88, 0.00443149
ANTENNA__07997__A, 242.74, 282.88, 0.00443149
ANTENNA__07908__A2, 242.74, 282.88, 0.00443149
ANTENNA__10059__A0, 242.74, 282.88, 0.00443149
ANTENNA__10059__S, 242.74, 282.88, 0.00443149
ANTENNA__10038__A, 242.74, 282.88, 0.00443149
ANTENNA__11994__S, 242.74, 282.88, 0.00443149
ANTENNA__11973__A, 242.74, 282.88, 0.00443149
FILLER_0_100_506, 242.74, 282.88, 0.00443149
_06693_, 255.54, 282.88, 0.00445039
_06699_, 255.54, 282.88, 0.00445039
_06701_, 255.54, 282.88, 0.00445039
_06753_, 255.54, 282.88, 0.00445039
_06819_, 255.54, 282.88, 0.00445039
_07446_, 255.54, 282.88, 0.00445039
_07451_, 255.54, 282.88, 0.00445039
ANTENNA__07447__A, 255.54, 282.88, 0.00445039
FILLER_0_100_544, 255.54, 282.88, 0.00445039
_06577_, 268.34, 282.88, 0.00446218
_06728_, 268.34, 282.88, 0.00446218
_06754_, 268.34, 282.88, 0.00446218
_12156_, 268.34, 282.88, 0.00446218
_13109_, 268.34, 282.88, 0.00446218
hold10, 268.34, 282.88, 0.00446218
ANTENNA__07446__A, 268.34, 282.88, 0.00446218
ANTENNA__13116__RESET_B, 268.34, 282.88, 0.00446218
ANTENNA__13109__RESET_B, 268.34, 282.88, 0.00446218
_08539_, 281.14, 282.88, 0.00446433
_08540_, 281.14, 282.88, 0.00446433
_08549_, 281.14, 282.88, 0.00446433
clkbuf_leaf_61_wclk, 281.14, 282.88, 0.00446433
FILLER_0_101_613, 281.14, 282.88, 0.00446433
_13105_, 293.94, 282.88, 0.00444102
_13106_, 293.94, 282.88, 0.00444102
ANTENNA__06531__A, 293.94, 282.88, 0.00444102
ANTENNA__08539__A, 293.94, 282.88, 0.00444102
ANTENNA__06742__A, 293.94, 282.88, 0.00444102
ANTENNA__13106__RESET_B, 293.94, 282.88, 0.00444102
FILLER_0_101_633, 293.94, 282.88, 0.00444102
_13113_, 306.74, 282.88, 0.00440933
hold13, 306.74, 282.88, 0.00440933
hold14, 306.74, 282.88, 0.00440933
ANTENNA__07794__A, 306.74, 282.88, 0.00440933
ANTENNA__13113__RESET_B, 306.74, 282.88, 0.00440933
FILLER_0_100_645, 306.74, 282.88, 0.00440933
FILLER_0_101_656, 306.74, 282.88, 0.00440933
FILLER_0_101_664, 306.74, 282.88, 0.00440933
_07794_, 319.54, 282.88, 0.00436883
_12447_, 319.54, 282.88, 0.00436883
_14873_, 319.54, 282.88, 0.00436883
ANTENNA__06888__A, 319.54, 282.88, 0.00436883
ANTENNA__06888__B, 319.54, 282.88, 0.00436883
ANTENNA__11952__A, 319.54, 282.88, 0.00436883
FILLER_0_99_669, 319.54, 282.88, 0.00436883
_07506_, 345.14, 282.88, 0.00434475
_09473_, 345.14, 282.88, 0.00434475
ANTENNA__07503__B1, 345.14, 282.88, 0.00434475
ANTENNA__09473__S, 345.14, 282.88, 0.00434475
ANTENNA__10022__S, 345.14, 282.88, 0.00434475
ANTENNA__11463__A1, 345.14, 282.88, 0.00434475
ANTENNA__11463__S, 345.14, 282.88, 0.00434475
FILLER_0_99_725, 345.14, 282.88, 0.00434475
FILLER_0_99_733, 345.14, 282.88, 0.00434475
_07507_, 357.94, 282.88, 0.00437385
_09475_, 357.94, 282.88, 0.00437385
_13523_, 357.94, 282.88, 0.00437385
ANTENNA__07503__A3, 357.94, 282.88, 0.00437385
ANTENNA__09473__A0, 357.94, 282.88, 0.00437385
ANTENNA__09475__S, 357.94, 282.88, 0.00437385
FILLER_0_100_761, 357.94, 282.88, 0.00437385
FILLER_0_100_769, 357.94, 282.88, 0.00437385
_07439_, 370.74, 282.88, 0.00439822
_07603_, 370.74, 282.88, 0.00439822
ANTENNA__07439__A3, 370.74, 282.88, 0.00439822
ANTENNA__07439__B1, 370.74, 282.88, 0.00439822
ANTENNA__07554__A2, 370.74, 282.88, 0.00439822
FILLER_0_100_803, 370.74, 282.88, 0.00439822
_07551_, 383.54, 282.88, 0.0044214
_10025_, 383.54, 282.88, 0.0044214
_10026_, 383.54, 282.88, 0.0044214
_13779_, 383.54, 282.88, 0.0044214
_14643_, 383.54, 282.88, 0.0044214
_09542_, 396.34, 282.88, 0.00443367
_09543_, 396.34, 282.88, 0.00443367
_11959_, 396.34, 282.88, 0.00443367
_13554_, 396.34, 282.88, 0.00443367
ANTENNA__09542__S, 396.34, 282.88, 0.00443367
FILLER_0_99_837, 396.34, 282.88, 0.00443367
_12433_, 409.14, 282.88, 0.00443845
_12434_, 409.14, 282.88, 0.00443845
_13557_, 409.14, 282.88, 0.00443845
_14869_, 409.14, 282.88, 0.00443845
ANTENNA__12433__A1, 409.14, 282.88, 0.00443845
_07658_, 421.94, 282.88, 0.00443166
_07753_, 421.94, 282.88, 0.00443166
_09548_, 421.94, 282.88, 0.00443166
ANTENNA__12439__A1, 421.94, 282.88, 0.00443166
FILLER_0_100_903, 421.94, 282.88, 0.00443166
FILLER_0_100_911, 421.94, 282.88, 0.00443166
FILLER_0_101_916, 421.94, 282.88, 0.00443166
_09540_, 434.74, 282.88, 0.00442026
_09541_, 434.74, 282.88, 0.00442026
_13553_, 434.74, 282.88, 0.00442026
ANTENNA__10162__A1, 434.74, 282.88, 0.00442026
ANTENNA__10162__S, 434.74, 282.88, 0.00442026
FILLER_0_101_945, 434.74, 282.88, 0.00442026
_07750_, 447.54, 282.88, 0.00440186
_09552_, 447.54, 282.88, 0.00440186
_09553_, 447.54, 282.88, 0.00440186
_13559_, 447.54, 282.88, 0.00440186
ANTENNA__07750__A2, 447.54, 282.88, 0.00440186
ANTENNA__07750__B1, 447.54, 282.88, 0.00440186
ANTENNA__07605__B1, 447.54, 282.88, 0.00440186
ANTENNA__09552__A0, 447.54, 282.88, 0.00440186
FILLER_0_100_974, 447.54, 282.88, 0.00440186
_12170_, 460.34, 282.88, 0.00437667
_12443_, 460.34, 282.88, 0.00437667
ANTENNA__12443__S, 460.34, 282.88, 0.00437667
ANTENNA__12443__A1, 460.34, 282.88, 0.00437667
_11451_, 473.14, 282.88, 0.00434952
_12164_, 473.14, 282.88, 0.00434952
ANTENNA__11451__S, 473.14, 282.88, 0.00434952
ANTENNA__12373__A1, 473.14, 282.88, 0.00434952
FILLER_0_100_1030, 473.14, 282.88, 0.00434952
PHY_194, 5.52, 277.44, 0.00418904
PHY_196, 5.52, 277.44, 0.00418904
PHY_195, 494.04, 277.44, 0.00423716
PHY_197, 494.04, 277.44, 0.00423716
ANTENNA__12367__S, 494.04, 277.44, 0.00423716
ANTENNA__12371__A1, 494.04, 277.44, 0.00423716
_10186_, 37.94, 277.44, 0.00425656
_11481_, 37.94, 277.44, 0.00425656
_14433_, 37.94, 277.44, 0.00425656
ANTENNA__10185__A1, 37.94, 277.44, 0.00425656
ANTENNA__11472__A1, 37.94, 277.44, 0.00425656
FILLER_0_97_57, 37.94, 277.44, 0.00425656
FILLER_0_98_65, 37.94, 277.44, 0.00425656
FILLER_0_98_71, 37.94, 277.44, 0.00425656
FILLER_0_98_79, 37.94, 277.44, 0.00425656
FILLER_0_99_80, 37.94, 277.44, 0.00425656
_09569_, 50.74, 277.44, 0.00431673
_11480_, 50.74, 277.44, 0.00431673
_13567_, 50.74, 277.44, 0.00431673
_14879_, 50.74, 277.44, 0.00431673
clkbuf_leaf_28_wclk, 50.74, 277.44, 0.00431673
_09563_, 63.54, 277.44, 0.00434642
_09564_, 63.54, 277.44, 0.00434642
_12460_, 63.54, 277.44, 0.00434642
_12461_, 63.54, 277.44, 0.00434642
ANTENNA__08296__A2, 63.54, 277.44, 0.00434642
ANTENNA__09563__A0, 63.54, 277.44, 0.00434642
ANTENNA__09563__S, 63.54, 277.44, 0.00434642
FILLER_0_99_129, 63.54, 277.44, 0.00434642
FILLER_0_99_137, 63.54, 277.44, 0.00434642
_09572_, 76.34, 277.44, 0.00437254
_12455_, 76.34, 277.44, 0.00437254
_12463_, 76.34, 277.44, 0.00437254
_14876_, 76.34, 277.44, 0.00437254
_14880_, 76.34, 277.44, 0.00437254
ANTENNA__08060__B1, 76.34, 277.44, 0.00437254
ANTENNA__09571__A0, 76.34, 277.44, 0.00437254
ANTENNA__12460__A1, 76.34, 277.44, 0.00437254
_12462_, 89.14, 277.44, 0.00438689
_13571_, 89.14, 277.44, 0.00438689
_14883_, 89.14, 277.44, 0.00438689
_08205_, 101.94, 277.44, 0.0043908
_12467_, 101.94, 277.44, 0.0043908
_12469_, 101.94, 277.44, 0.0043908
_13570_, 101.94, 277.44, 0.0043908
_14882_, 101.94, 277.44, 0.0043908
ANTENNA__12468__S, 101.94, 277.44, 0.0043908
ANTENNA__12468__A1, 101.94, 277.44, 0.0043908
FILLER_0_97_202, 101.94, 277.44, 0.0043908
FILLER_0_98_204, 101.94, 277.44, 0.0043908
FILLER_0_99_215, 101.94, 277.44, 0.0043908
_08063_, 114.74, 277.44, 0.00438192
_09575_, 114.74, 277.44, 0.00438192
_11978_, 114.74, 277.44, 0.00438192
clkbuf_leaf_23_wclk, 114.74, 277.44, 0.00438192
ANTENNA__09575__S, 114.74, 277.44, 0.00438192
FILLER_0_98_229, 114.74, 277.44, 0.00438192
FILLER_0_99_238, 114.74, 277.44, 0.00438192
_08111_, 127.54, 277.44, 0.00434724
_10044_, 127.54, 277.44, 0.00434724
ANTENNA__12864__S, 127.54, 277.44, 0.00434724
ANTENNA__12872__A1, 127.54, 277.44, 0.00434724
FILLER_0_97_262, 127.54, 277.44, 0.00434724
FILLER_0_98_271, 127.54, 277.44, 0.00434724
FILLER_0_98_276, 127.54, 277.44, 0.00434724
FILLER_0_99_274, 127.54, 277.44, 0.00434724
_08291_, 140.34, 277.44, 0.00430954
_11982_, 140.34, 277.44, 0.00430954
_12863_, 140.34, 277.44, 0.00430954
ANTENNA__08054__A2, 140.34, 277.44, 0.00430954
ANTENNA__08103__A2, 140.34, 277.44, 0.00430954
ANTENNA__08054__A3, 140.34, 277.44, 0.00430954
ANTENNA__11982__S, 140.34, 277.44, 0.00430954
FILLER_0_98_285, 140.34, 277.44, 0.00430954
FILLER_0_98_291, 140.34, 277.44, 0.00430954
FILLER_0_99_299, 140.34, 277.44, 0.00430954
_08149_, 153.14, 277.44, 0.00427001
_08153_, 153.14, 277.44, 0.00427001
_10042_, 153.14, 277.44, 0.00427001
_13790_, 153.14, 277.44, 0.00427001
ANTENNA__08149__A3, 153.14, 277.44, 0.00427001
ANTENNA__10047__S, 153.14, 277.44, 0.00427001
_07990_, 165.94, 277.44, 0.0042247
_11976_, 165.94, 277.44, 0.0042247
_11991_, 165.94, 277.44, 0.0042247
_13787_, 165.94, 277.44, 0.0042247
_14651_, 165.94, 277.44, 0.0042247
_07901_, 191.54, 277.44, 0.00422392
_12405_, 191.54, 277.44, 0.00422392
_12541_, 191.54, 277.44, 0.00422392
_14298_, 191.54, 277.44, 0.00422392
ANTENNA__08337__A2, 191.54, 277.44, 0.00422392
ANTENNA__07901__A, 191.54, 277.44, 0.00422392
ANTENNA__08337__B1, 191.54, 277.44, 0.00422392
FILLER_0_99_409, 191.54, 277.44, 0.00422392
_09925_, 204.34, 277.44, 0.00426234
_12859_, 204.34, 277.44, 0.00426234
_15066_, 204.34, 277.44, 0.00426234
ANTENNA__12540__S, 204.34, 277.44, 0.00426234
ANTENNA__12858__S, 204.34, 277.44, 0.00426234
ANTENNA__08468__A2, 204.34, 277.44, 0.00426234
ANTENNA__12540__A1, 204.34, 277.44, 0.00426234
ANTENNA__12858__A1, 204.34, 277.44, 0.00426234
FILLER_0_97_421, 204.34, 277.44, 0.00426234
FILLER_0_98_421, 204.34, 277.44, 0.00426234
FILLER_0_98_441, 204.34, 277.44, 0.00426234
_08002_, 217.14, 277.44, 0.00429432
_09580_, 217.14, 277.44, 0.00429432
ANTENNA__08470__B1, 217.14, 277.44, 0.00429432
ANTENNA__08002__A, 217.14, 277.44, 0.00429432
ANTENNA__08437__A2, 217.14, 277.44, 0.00429432
ANTENNA__08437__B1, 217.14, 277.44, 0.00429432
ANTENNA__09579__A0, 217.14, 277.44, 0.00429432
ANTENNA__09924__A0, 217.14, 277.44, 0.00429432
ANTENNA__10174__A, 217.14, 277.44, 0.00429432
ANTENNA__12450__A1, 217.14, 277.44, 0.00429432
ANTENNA__12470__A1, 217.14, 277.44, 0.00429432
FILLER_0_97_449, 217.14, 277.44, 0.00429432
FILLER_0_98_447, 217.14, 277.44, 0.00429432
_08435_, 229.94, 277.44, 0.00432325
_08437_, 229.94, 277.44, 0.00432325
_08440_, 229.94, 277.44, 0.00432325
_11995_, 229.94, 277.44, 0.00432325
_12470_, 229.94, 277.44, 0.00432325
ANTENNA__09558__A, 229.94, 277.44, 0.00432325
FILLER_0_98_485, 229.94, 277.44, 0.00432325
FILLER_0_99_498, 229.94, 277.44, 0.00432325
_07989_, 242.74, 277.44, 0.00434769
_08001_, 242.74, 277.44, 0.00434769
_10059_, 242.74, 277.44, 0.00434769
_10062_, 242.74, 277.44, 0.00434769
_13796_, 242.74, 277.44, 0.00434769
ANTENNA__08431__A3, 242.74, 277.44, 0.00434769
ANTENNA__08431__B1, 242.74, 277.44, 0.00434769
FILLER_0_99_517, 242.74, 277.44, 0.00434769
_06723_, 255.54, 277.44, 0.00436625
_06767_, 255.54, 277.44, 0.00436625
_07450_, 255.54, 277.44, 0.00436625
_14661_, 255.54, 277.44, 0.00436625
ANTENNA__07451__A, 255.54, 277.44, 0.00436625
ANTENNA__07903__A2, 255.54, 277.44, 0.00436625
ANTENNA__10061__A0, 255.54, 277.44, 0.00436625
ANTENNA__11996__A1, 255.54, 277.44, 0.00436625
ANTENNA__11996__S, 255.54, 277.44, 0.00436625
ANTENNA__12156__A, 255.54, 277.44, 0.00436625
_06566_, 268.34, 277.44, 0.00437767
_10153_, 268.34, 277.44, 0.00437767
_12361_, 268.34, 277.44, 0.00437767
_13116_, 268.34, 277.44, 0.00437767
_14832_, 268.34, 277.44, 0.00437767
FILLER_0_98_579, 268.34, 277.44, 0.00437767
_06531_, 281.14, 277.44, 0.00437585
_08518_, 281.14, 277.44, 0.00437585
_08527_, 281.14, 277.44, 0.00437585
_08541_, 281.14, 277.44, 0.00437585
ANTENNA__12428__A, 281.14, 277.44, 0.00437585
ANTENNA__06566__A, 281.14, 277.44, 0.00437585
ANTENNA__08518__A, 281.14, 277.44, 0.00437585
ANTENNA__10153__A, 281.14, 277.44, 0.00437585
FILLER_0_97_589, 281.14, 277.44, 0.00437585
FILLER_0_98_593, 281.14, 277.44, 0.00437585
_08542_, 293.94, 277.44, 0.00436196
_08544_, 293.94, 277.44, 0.00436196
_08545_, 293.94, 277.44, 0.00436196
_08546_, 293.94, 277.44, 0.00436196
ANTENNA_clkbuf_leaf_61_wclk_A, 293.94, 277.44, 0.00436196
FILLER_0_99_633, 293.94, 277.44, 0.00436196
_06916_, 306.74, 277.44, 0.00433726
_13112_, 306.74, 277.44, 0.00433726
ANTENNA__06879__B, 306.74, 277.44, 0.00433726
ANTENNA__13112__RESET_B, 306.74, 277.44, 0.00433726
FILLER_0_98_645, 306.74, 277.44, 0.00433726
_07438_, 319.54, 277.44, 0.00429231
_09468_, 319.54, 277.44, 0.00429231
_10017_, 319.54, 277.44, 0.00429231
_10019_, 319.54, 277.44, 0.00429231
_11952_, 319.54, 277.44, 0.00429231
_11954_, 319.54, 277.44, 0.00429231
_13776_, 319.54, 277.44, 0.00429231
ANTENNA__09468__A, 319.54, 277.44, 0.00429231
ANTENNA__10017__A, 319.54, 277.44, 0.00429231
FILLER_0_98_676, 319.54, 277.44, 0.00429231
FILLER_0_99_685, 319.54, 277.44, 0.00429231
FILLER_0_99_690, 319.54, 277.44, 0.00429231
_07503_, 345.14, 277.44, 0.00429756
_10022_, 345.14, 277.44, 0.00429756
_10023_, 345.14, 277.44, 0.00429756
_11463_, 345.14, 277.44, 0.00429756
_13778_, 345.14, 277.44, 0.00429756
FILLER_0_99_749, 345.14, 277.44, 0.00429756
_07449_, 357.94, 277.44, 0.00434717
_10021_, 357.94, 277.44, 0.00434717
_11957_, 357.94, 277.44, 0.00434717
_11958_, 357.94, 277.44, 0.00434717
_13777_, 357.94, 277.44, 0.00434717
ANTENNA__10022__A0, 357.94, 277.44, 0.00434717
ANTENNA__11957__S, 357.94, 277.44, 0.00434717
FILLER_0_97_765, 357.94, 277.44, 0.00434717
FILLER_0_99_775, 357.94, 277.44, 0.00434717
_07512_, 370.74, 277.44, 0.0043891
_10027_, 370.74, 277.44, 0.0043891
_11955_, 370.74, 277.44, 0.0043891
_11956_, 370.74, 277.44, 0.0043891
_13780_, 370.74, 277.44, 0.0043891
_14641_, 370.74, 277.44, 0.0043891
ANTENNA__07439__A2, 370.74, 277.44, 0.0043891
FILLER_0_99_797, 370.74, 277.44, 0.0043891
_07599_, 383.54, 277.44, 0.00441713
_11961_, 383.54, 277.44, 0.00441713
_11962_, 383.54, 277.44, 0.00441713
_14644_, 383.54, 277.44, 0.00441713
ANTENNA__07599__A3, 383.54, 277.44, 0.00441713
ANTENNA__11961__S, 383.54, 277.44, 0.00441713
FILLER_0_97_819, 383.54, 277.44, 0.00441713
FILLER_0_98_833, 383.54, 277.44, 0.00441713
_14291_, 396.34, 277.44, 0.00443797
_14866_, 396.34, 277.44, 0.00443797
clkbuf_leaf_100_wclk, 396.34, 277.44, 0.00443797
ANTENNA__07552__A2, 396.34, 277.44, 0.00443797
ANTENNA__07698__A3, 396.34, 277.44, 0.00443797
ANTENNA__07552__A3, 396.34, 277.44, 0.00443797
ANTENNA__11959__A1, 396.34, 277.44, 0.00443797
ANTENNA__11961__A1, 396.34, 277.44, 0.00443797
ANTENNA__11959__S, 396.34, 277.44, 0.00443797
FILLER_0_98_843, 396.34, 277.44, 0.00443797
FILLER_0_99_854, 396.34, 277.44, 0.00443797
_07463_, 409.14, 277.44, 0.00442931
_09549_, 409.14, 277.44, 0.00442931
_12843_, 409.14, 277.44, 0.00442931
ANTENNA__12843__S, 409.14, 277.44, 0.00442931
ANTENNA__07801__A2, 409.14, 277.44, 0.00442931
ANTENNA__09548__S, 409.14, 277.44, 0.00442931
ANTENNA_clkbuf_leaf_100_wclk_A, 409.14, 277.44, 0.00442931
FILLER_0_98_887, 409.14, 277.44, 0.00442931
FILLER_0_99_882, 409.14, 277.44, 0.00442931
_07560_, 421.94, 277.44, 0.0044172
_07801_, 421.94, 277.44, 0.0044172
_12432_, 421.94, 277.44, 0.0044172
_12445_, 421.94, 277.44, 0.0044172
_14865_, 421.94, 277.44, 0.0044172
ANTENNA__07455__A2, 421.94, 277.44, 0.0044172
ANTENNA__07801__B1, 421.94, 277.44, 0.0044172
ANTENNA__09548__A0, 421.94, 277.44, 0.0044172
ANTENNA__12431__A1, 421.94, 277.44, 0.0044172
FILLER_0_98_906, 421.94, 277.44, 0.0044172
_07455_, 434.74, 277.44, 0.00439623
_07605_, 434.74, 277.44, 0.00439623
_09547_, 434.74, 277.44, 0.00439623
_12431_, 434.74, 277.44, 0.00439623
_13556_, 434.74, 277.44, 0.00439623
ANTENNA__12431__S, 434.74, 277.44, 0.00439623
_07557_, 447.54, 277.44, 0.00436803
_09544_, 447.54, 277.44, 0.00436803
_12436_, 447.54, 277.44, 0.00436803
_12444_, 447.54, 277.44, 0.00436803
_14871_, 447.54, 277.44, 0.00436803
ANTENNA__07605__A2, 447.54, 277.44, 0.00436803
ANTENNA__07703__B1, 447.54, 277.44, 0.00436803
ANTENNA__07557__B1, 447.54, 277.44, 0.00436803
ANTENNA__09552__S, 447.54, 277.44, 0.00436803
ANTENNA__09544__S, 447.54, 277.44, 0.00436803
FILLER_0_97_953, 447.54, 277.44, 0.00436803
FILLER_0_98_970, 447.54, 277.44, 0.00436803
_14422_, 460.34, 277.44, 0.00433216
ANTENNA__07557__A2, 460.34, 277.44, 0.00433216
ANTENNA__09544__A0, 460.34, 277.44, 0.00433216
FILLER_0_98_997, 460.34, 277.44, 0.00433216
FILLER_0_99_1001, 460.34, 277.44, 0.00433216
_11452_, 473.14, 277.44, 0.00429097
_12372_, 473.14, 277.44, 0.00429097
_14419_, 473.14, 277.44, 0.00429097
_14423_, 473.14, 277.44, 0.00429097
ANTENNA__11451__A1, 473.14, 277.44, 0.00429097
FILLER_0_98_1023, 473.14, 277.44, 0.00429097
PHY_190, 5.52, 272, 0.00406739
PHY_192, 5.52, 272, 0.00406739
PHY_191, 494.04, 272, 0.00411756
PHY_193, 494.04, 272, 0.00411756
ANTENNA__09318__A, 494.04, 272, 0.00411756
ANTENNA__09330__A, 494.04, 272, 0.00411756
FILLER_0_95_1056, 494.04, 272, 0.00411756
_11472_, 37.94, 272, 0.00410708
_11473_, 37.94, 272, 0.00410708
_14429_, 37.94, 272, 0.00410708
FILLER_0_97_79, 37.94, 272, 0.00410708
_09565_, 50.74, 272, 0.0041391
_09566_, 50.74, 272, 0.0041391
_13565_, 50.74, 272, 0.0041391
_13569_, 50.74, 272, 0.0041391
ANTENNA__11478__A1, 50.74, 272, 0.0041391
FILLER_0_95_87, 50.74, 272, 0.0041391
FILLER_0_96_85, 50.74, 272, 0.0041391
_08108_, 63.54, 272, 0.0041596
_08296_, 63.54, 272, 0.0041596
_12457_, 63.54, 272, 0.0041596
_13564_, 63.54, 272, 0.0041596
_14877_, 63.54, 272, 0.0041596
FILLER_0_96_137, 63.54, 272, 0.0041596
FILLER_0_97_128, 63.54, 272, 0.0041596
_09568_, 76.34, 272, 0.00416908
_12458_, 76.34, 272, 0.00416908
_12459_, 76.34, 272, 0.00416908
_14878_, 76.34, 272, 0.00416908
ANTENNA__12460__S, 76.34, 272, 0.00416908
ANTENNA__12458__S, 76.34, 272, 0.00416908
ANTENNA__12456__S, 76.34, 272, 0.00416908
ANTENNA__08108__A2, 76.34, 272, 0.00416908
ANTENNA__08296__B1, 76.34, 272, 0.00416908
ANTENNA__08108__B1, 76.34, 272, 0.00416908
ANTENNA__12462__A1, 76.34, 272, 0.00416908
FILLER_0_95_146, 76.34, 272, 0.00416908
FILLER_0_97_158, 76.34, 272, 0.00416908
_08155_, 89.14, 272, 0.00417127
_09567_, 89.14, 272, 0.00417127
ANTENNA__12462__S, 89.14, 272, 0.00417127
ANTENNA__08155__A2, 89.14, 272, 0.00417127
ANTENNA__08249__B1, 89.14, 272, 0.00417127
ANTENNA__08155__B1, 89.14, 272, 0.00417127
ANTENNA__09567__S, 89.14, 272, 0.00417127
ANTENNA__12458__A1, 89.14, 272, 0.00417127
FILLER_0_96_188, 89.14, 272, 0.00417127
FILLER_0_97_184, 89.14, 272, 0.00417127
_08006_, 101.94, 272, 0.00417198
_09576_, 101.94, 272, 0.00417198
_12452_, 101.94, 272, 0.00417198
_12453_, 101.94, 272, 0.00417198
ANTENNA__08006__B1, 101.94, 272, 0.00417198
ANTENNA__09561__S, 101.94, 272, 0.00417198
FILLER_0_96_197, 101.94, 272, 0.00417198
_08299_, 114.74, 272, 0.00416969
_11200_, 114.74, 272, 0.00416969
_11201_, 114.74, 272, 0.00416969
ANTENNA__08006__A2, 114.74, 272, 0.00416969
ANTENNA__09575__A0, 114.74, 272, 0.00416969
ANTENNA__11200__A1, 114.74, 272, 0.00416969
ANTENNA__11208__A1, 114.74, 272, 0.00416969
ANTENNA__11978__A1, 114.74, 272, 0.00416969
ANTENNA_clkbuf_leaf_23_wclk_A, 114.74, 272, 0.00416969
FILLER_0_95_225, 114.74, 272, 0.00416969
FILLER_0_95_233, 114.74, 272, 0.00416969
_08103_, 127.54, 272, 0.00416469
_12864_, 127.54, 272, 0.00416469
_12865_, 127.54, 272, 0.00416469
_15069_, 127.54, 272, 0.00416469
_15073_, 127.54, 272, 0.00416469
ANTENNA__12864__A1, 127.54, 272, 0.00416469
FILLER_0_95_258, 127.54, 272, 0.00416469
_12862_, 140.34, 272, 0.00414974
_12872_, 140.34, 272, 0.00414974
_14654_, 140.34, 272, 0.00414974
_15068_, 140.34, 272, 0.00414974
ANTENNA__12862__S, 140.34, 272, 0.00414974
ANTENNA__08291__A2, 140.34, 272, 0.00414974
ANTENNA__11982__A1, 140.34, 272, 0.00414974
FILLER_0_97_297, 140.34, 272, 0.00414974
_08014_, 153.14, 272, 0.00412408
_08158_, 153.14, 272, 0.00412408
_08346_, 153.14, 272, 0.00412408
clkbuf_leaf_18_wclk, 153.14, 272, 0.00412408
ANTENNA__08149__A2, 153.14, 272, 0.00412408
ANTENNA__08055__A2, 153.14, 272, 0.00412408
ANTENNA__08149__B1, 153.14, 272, 0.00412408
FILLER_0_96_322, 153.14, 272, 0.00412408
_07993_, 165.94, 272, 0.0040755
_08000_, 165.94, 272, 0.0040755
ANTENNA__07993__A2, 165.94, 272, 0.0040755
ANTENNA__11976__A1, 165.94, 272, 0.0040755
ANTENNA__11976__S, 165.94, 272, 0.0040755
ANTENNA_clkbuf_leaf_18_wclk_A, 165.94, 272, 0.0040755
FILLER_0_96_357, 165.94, 272, 0.0040755
FILLER_0_97_357, 165.94, 272, 0.0040755
_11194_, 191.54, 272, 0.00407374
_11466_, 191.54, 272, 0.00407374
ANTENNA__11466__A1, 191.54, 272, 0.00407374
ANTENNA__11194__A1, 191.54, 272, 0.00407374
ANTENNA__11466__S, 191.54, 272, 0.00407374
_08432_, 204.34, 272, 0.00412003
_12858_, 204.34, 272, 0.00412003
_12878_, 204.34, 272, 0.00412003
_15076_, 204.34, 272, 0.00412003
_08998_, 217.14, 272, 0.00416042
_12471_, 217.14, 272, 0.00416042
_13317_, 217.14, 272, 0.00416042
_13572_, 217.14, 272, 0.00416042
_14884_, 217.14, 272, 0.00416042
ANTENNA__08473__B1, 217.14, 272, 0.00416042
ANTENNA__08432__A2, 217.14, 272, 0.00416042
ANTENNA__07991__A, 217.14, 272, 0.00416042
ANTENNA__09579__S, 217.14, 272, 0.00416042
FILLER_0_95_449, 217.14, 272, 0.00416042
FILLER_0_96_454, 217.14, 272, 0.00416042
_08473_, 229.94, 272, 0.00418539
_09558_, 229.94, 272, 0.00418539
_09579_, 229.94, 272, 0.00418539
_10060_, 229.94, 272, 0.00418539
_11994_, 229.94, 272, 0.00418539
_12449_, 229.94, 272, 0.00418539
_14660_, 229.94, 272, 0.00418539
_08431_, 242.74, 272, 0.00420193
_11996_, 242.74, 272, 0.00420193
_11997_, 242.74, 272, 0.00420193
_13797_, 242.74, 272, 0.00420193
clkbuf_leaf_59_wclk, 242.74, 272, 0.00420193
ANTENNA_clkbuf_leaf_59_wclk_A, 242.74, 272, 0.00420193
_07903_, 255.54, 272, 0.00419381
_10061_, 255.54, 272, 0.00419381
_12158_, 255.54, 272, 0.00419381
_12362_, 255.54, 272, 0.00419381
ANTENNA__08478__A3, 255.54, 272, 0.00419381
ANTENNA__07903__A3, 255.54, 272, 0.00419381
ANTENNA__10061__S, 255.54, 272, 0.00419381
FILLER_0_95_539, 255.54, 272, 0.00419381
FILLER_0_97_554, 255.54, 272, 0.00419381
_07440_, 268.34, 272, 0.00418307
_12157_, 268.34, 272, 0.00418307
ANTENNA__12361__S, 268.34, 272, 0.00418307
ANTENNA__12157__A0, 268.34, 272, 0.00418307
ANTENNA__07339__B1, 268.34, 272, 0.00418307
ANTENNA__07903__B1, 268.34, 272, 0.00418307
ANTENNA__11444__A, 268.34, 272, 0.00418307
ANTENNA__12361__A1, 268.34, 272, 0.00418307
ANTENNA__12157__S, 268.34, 272, 0.00418307
FILLER_0_96_580, 268.34, 272, 0.00418307
_08495_, 281.14, 272, 0.00417062
_08497_, 281.14, 272, 0.00417062
_08859_, 281.14, 272, 0.00417062
_12428_, 281.14, 272, 0.00417062
ANTENNA__08495__B, 281.14, 272, 0.00417062
ANTENNA__08497__C, 281.14, 272, 0.00417062
ANTENNA__08495__C, 281.14, 272, 0.00417062
ANTENNA__08859__A0, 281.14, 272, 0.00417062
ANTENNA__08859__S, 281.14, 272, 0.00417062
FILLER_0_97_602, 281.14, 272, 0.00417062
_08534_, 293.94, 272, 0.0041561
_08538_, 293.94, 272, 0.0041561
_10155_, 293.94, 272, 0.0041561
_13840_, 293.94, 272, 0.0041561
ANTENNA__08497__B, 293.94, 272, 0.0041561
ANTENNA__08496__C, 293.94, 272, 0.0041561
ANTENNA__09443__S, 293.94, 272, 0.0041561
ANTENNA__10154__S, 293.94, 272, 0.0041561
ANTENNA__13121__RESET_B, 293.94, 272, 0.0041561
FILLER_0_96_626, 293.94, 272, 0.0041561
FILLER_0_97_632, 293.94, 272, 0.0041561
_06879_, 306.74, 272, 0.00413061
_06888_, 306.74, 272, 0.00413061
_09537_, 306.74, 272, 0.00413061
_09538_, 306.74, 272, 0.00413061
_10154_, 306.74, 272, 0.00413061
ANTENNA__10154__A1, 306.74, 272, 0.00413061
ANTENNA__06916__A, 306.74, 272, 0.00413061
ANTENNA__09538__A0, 306.74, 272, 0.00413061
ANTENNA__09537__A, 306.74, 272, 0.00413061
ANTENNA__12429__A1, 306.74, 272, 0.00413061
FILLER_0_95_641, 306.74, 272, 0.00413061
FILLER_0_96_660, 306.74, 272, 0.00413061
_06731_, 319.54, 272, 0.00410256
_06880_, 319.54, 272, 0.00410256
_10018_, 319.54, 272, 0.00410256
ANTENNA__06886__A, 319.54, 272, 0.00410256
ANTENNA__06715__A, 319.54, 272, 0.00410256
ANTENNA__06879__A, 319.54, 272, 0.00410256
_07849_, 345.14, 272, 0.00408208
_14642_, 345.14, 272, 0.00408208
ANTENNA__07351__A2, 345.14, 272, 0.00408208
ANTENNA__07849__A3, 345.14, 272, 0.00408208
ANTENNA__07796__A3, 345.14, 272, 0.00408208
ANTENNA__07849__B1, 345.14, 272, 0.00408208
ANTENNA__07504__B1, 345.14, 272, 0.00408208
ANTENNA__07849__A2, 345.14, 272, 0.00408208
ANTENNA__11191__A1, 345.14, 272, 0.00408208
FILLER_0_96_748, 345.14, 272, 0.00408208
_07504_, 357.94, 272, 0.0041055
_07804_, 357.94, 272, 0.0041055
_10020_, 357.94, 272, 0.0041055
ANTENNA__07796__A2, 357.94, 272, 0.0041055
ANTENNA__07504__A3, 357.94, 272, 0.0041055
ANTENNA__10020__S, 357.94, 272, 0.0041055
ANTENNA__11957__A1, 357.94, 272, 0.0041055
FILLER_0_96_753, 357.94, 272, 0.0041055
FILLER_0_96_761, 357.94, 272, 0.0041055
FILLER_0_96_768, 357.94, 272, 0.0041055
FILLER_0_96_774, 357.94, 272, 0.0041055
_07442_, 370.74, 272, 0.00412568
ANTENNA__07442__A2, 370.74, 272, 0.00412568
ANTENNA__07599__B1, 370.74, 272, 0.00412568
ANTENNA__07442__A3, 370.74, 272, 0.00412568
ANTENNA__10020__A0, 370.74, 272, 0.00412568
ANTENNA__11955__A1, 370.74, 272, 0.00412568
ANTENNA__11955__S, 370.74, 272, 0.00412568
FILLER_0_95_781, 370.74, 272, 0.00412568
FILLER_0_95_793, 370.74, 272, 0.00412568
_07745_, 383.54, 272, 0.00414577
_11180_, 383.54, 272, 0.00414577
ANTENNA__12845__S, 383.54, 272, 0.00414577
ANTENNA__07599__A2, 383.54, 272, 0.00414577
ANTENNA__07745__A2, 383.54, 272, 0.00414577
ANTENNA__07650__A2, 383.54, 272, 0.00414577
ANTENNA__07745__A3, 383.54, 272, 0.00414577
ANTENNA__07745__B1, 383.54, 272, 0.00414577
ANTENNA__12845__A1, 383.54, 272, 0.00414577
FILLER_0_95_816, 383.54, 272, 0.00414577
FILLER_0_96_813, 383.54, 272, 0.00414577
_07552_, 396.34, 272, 0.00416565
_07698_, 396.34, 272, 0.00416565
_11179_, 396.34, 272, 0.00416565
_12852_, 396.34, 272, 0.00416565
ANTENNA__07552__B1, 396.34, 272, 0.00416565
ANTENNA__11179__A1, 396.34, 272, 0.00416565
ANTENNA__11183__A1, 396.34, 272, 0.00416565
FILLER_0_97_861, 396.34, 272, 0.00416565
_07608_, 409.14, 272, 0.00418462
_09555_, 409.14, 272, 0.00418462
_12446_, 409.14, 272, 0.00418462
_12844_, 409.14, 272, 0.00418462
_12847_, 409.14, 272, 0.00418462
_12848_, 409.14, 272, 0.00418462
_15059_, 409.14, 272, 0.00418462
ANTENNA__12445__S, 409.14, 272, 0.00418462
ANTENNA__12843__A1, 409.14, 272, 0.00418462
FILLER_0_96_885, 409.14, 272, 0.00418462
_09554_, 421.94, 272, 0.0041938
_13560_, 421.94, 272, 0.0041938
_14872_, 421.94, 272, 0.0041938
ANTENNA__07455__B1, 421.94, 272, 0.0041938
ANTENNA__09554__S, 421.94, 272, 0.0041938
ANTENNA__12445__A1, 421.94, 272, 0.0041938
FILLER_0_95_893, 421.94, 272, 0.0041938
FILLER_0_97_916, 421.94, 272, 0.0041938
_07706_, 434.74, 272, 0.00419224
_09546_, 434.74, 272, 0.00419224
ANTENNA__09546__A0, 434.74, 272, 0.00419224
ANTENNA__09554__A0, 434.74, 272, 0.00419224
ANTENNA__09550__S, 434.74, 272, 0.00419224
ANTENNA__09546__S, 434.74, 272, 0.00419224
FILLER_0_95_925, 434.74, 272, 0.00419224
FILLER_0_96_931, 434.74, 272, 0.00419224
_07703_, 447.54, 272, 0.00418788
_09545_, 447.54, 272, 0.00418788
_12437_, 447.54, 272, 0.00418788
_12438_, 447.54, 272, 0.00418788
_13555_, 447.54, 272, 0.00418788
_14867_, 447.54, 272, 0.00418788
ANTENNA__07703__A2, 447.54, 272, 0.00418788
ANTENNA__09550__A0, 447.54, 272, 0.00418788
_11457_, 460.34, 272, 0.00417111
_11462_, 460.34, 272, 0.00417111
_12435_, 460.34, 272, 0.00417111
ANTENNA__12435__S, 460.34, 272, 0.00417111
FILLER_0_95_984, 460.34, 272, 0.00417111
_11459_, 473.14, 272, 0.00415148
_11460_, 473.14, 272, 0.00415148
_11461_, 473.14, 272, 0.00415148
_14421_, 473.14, 272, 0.00415148
_14424_, 473.14, 272, 0.00415148
ANTENNA__11459__S, 473.14, 272, 0.00415148
FILLER_0_95_1003, 473.14, 272, 0.00415148
PHY_186, 5.52, 266.56, 0.00395519
PHY_188, 5.52, 266.56, 0.00395519
PHY_187, 494.04, 266.56, 0.00401247
PHY_189, 494.04, 266.56, 0.00401247
ANTENNA__09621__A0, 494.04, 266.56, 0.00401247
FILLER_0_93_1056, 494.04, 266.56, 0.00401247
_11479_, 37.94, 266.56, 0.00398161
_14432_, 37.94, 266.56, 0.00398161
FILLER_0_93_69, 37.94, 266.56, 0.00398161
FILLER_0_94_65, 37.94, 266.56, 0.00398161
FILLER_0_94_78, 37.94, 266.56, 0.00398161
_09573_, 50.74, 266.56, 0.00400181
_09574_, 50.74, 266.56, 0.00400181
_11478_, 50.74, 266.56, 0.00400181
_14881_, 50.74, 266.56, 0.00400181
ANTENNA__09573__A0, 50.74, 266.56, 0.00400181
ANTENNA__09565__S, 50.74, 266.56, 0.00400181
FILLER_0_93_93, 50.74, 266.56, 0.00400181
_12456_, 63.54, 266.56, 0.0040146
_12464_, 63.54, 266.56, 0.0040146
_12465_, 63.54, 266.56, 0.0040146
ANTENNA__12464__S, 63.54, 266.56, 0.0040146
ANTENNA__12456__A1, 63.54, 266.56, 0.0040146
ANTENNA__12464__A1, 63.54, 266.56, 0.0040146
FILLER_0_93_118, 63.54, 266.56, 0.0040146
_13566_, 76.34, 266.56, 0.0040245
FILLER_0_94_141, 76.34, 266.56, 0.0040245
_09561_, 89.14, 266.56, 0.00402959
_09562_, 89.14, 266.56, 0.00402959
_14427_, 89.14, 266.56, 0.00402959
_14434_, 89.14, 266.56, 0.00402959
ANTENNA__09567__A0, 89.14, 266.56, 0.00402959
FILLER_0_95_186, 89.14, 266.56, 0.00402959
_14875_, 101.94, 266.56, 0.00402151
ANTENNA__12452__S, 101.94, 266.56, 0.00402151
ANTENNA__09561__A0, 101.94, 266.56, 0.00402151
ANTENNA__12452__A1, 101.94, 266.56, 0.00402151
_11207_, 114.74, 266.56, 0.00400869
_11209_, 114.74, 266.56, 0.00400869
_14301_, 114.74, 266.56, 0.00400869
_14304_, 114.74, 266.56, 0.00400869
_14305_, 114.74, 266.56, 0.00400869
FILLER_0_93_225, 114.74, 266.56, 0.00400869
FILLER_0_94_225, 114.74, 266.56, 0.00400869
_08197_, 127.54, 266.56, 0.00398694
_11208_, 127.54, 266.56, 0.00398694
_12868_, 127.54, 266.56, 0.00398694
_12873_, 127.54, 266.56, 0.00398694
ANTENNA__12870__S, 127.54, 266.56, 0.00398694
ANTENNA__12868__S, 127.54, 266.56, 0.00398694
ANTENNA__08197__A2, 127.54, 266.56, 0.00398694
ANTENNA__12868__A1, 127.54, 266.56, 0.00398694
FILLER_0_93_253, 127.54, 266.56, 0.00398694
FILLER_0_94_262, 127.54, 266.56, 0.00398694
_08055_, 140.34, 266.56, 0.00396357
_08244_, 140.34, 266.56, 0.00396357
_11199_, 140.34, 266.56, 0.00396357
ANTENNA__12872__S, 140.34, 266.56, 0.00396357
ANTENNA__08244__A2, 140.34, 266.56, 0.00396357
ANTENNA__11202__A1, 140.34, 266.56, 0.00396357
ANTENNA__12862__A1, 140.34, 266.56, 0.00396357
ANTENNA_clkbuf_2_0__f_rclk_A, 140.34, 266.56, 0.00396357
FILLER_0_93_292, 140.34, 266.56, 0.00396357
FILLER_0_94_280, 140.34, 266.56, 0.00396357
FILLER_0_94_299, 140.34, 266.56, 0.00396357
FILLER_0_94_304, 140.34, 266.56, 0.00396357
_08150_, 153.14, 266.56, 0.0039399
_12866_, 153.14, 266.56, 0.0039399
_15067_, 153.14, 266.56, 0.0039399
ANTENNA__12866__S, 153.14, 266.56, 0.0039399
ANTENNA__08150__A2, 153.14, 266.56, 0.0039399
ANTENNA__12866__A1, 153.14, 266.56, 0.0039399
FILLER_0_94_309, 153.14, 266.56, 0.0039399
FILLER_0_94_320, 153.14, 266.56, 0.0039399
_08338_, 165.94, 266.56, 0.00391104
_12861_, 165.94, 266.56, 0.00391104
_12874_, 165.94, 266.56, 0.00391104
_12875_, 165.94, 266.56, 0.00391104
_15074_, 165.94, 266.56, 0.00391104
ANTENNA__12860__A1, 165.94, 266.56, 0.00391104
ANTENNA__12874__A1, 165.94, 266.56, 0.00391104
FILLER_0_95_349, 165.94, 266.56, 0.00391104
_11487_, 191.54, 266.56, 0.00392272
_12879_, 191.54, 266.56, 0.00392272
_14308_, 191.54, 266.56, 0.00392272
_14436_, 191.54, 266.56, 0.00392272
ANTENNA__12878__S, 191.54, 266.56, 0.00392272
ANTENNA__08385__A2, 191.54, 266.56, 0.00392272
ANTENNA__11214__A1, 191.54, 266.56, 0.00392272
ANTENNA__11214__S, 191.54, 266.56, 0.00392272
ANTENNA__12878__A1, 191.54, 266.56, 0.00392272
FILLER_0_94_409, 191.54, 266.56, 0.00392272
FILLER_0_95_406, 191.54, 266.56, 0.00392272
_07991_, 204.34, 266.56, 0.00395952
_11214_, 204.34, 266.56, 0.00395952
_13381_, 204.34, 266.56, 0.00395952
FILLER_0_95_438, 204.34, 266.56, 0.00395952
_08474_, 217.14, 266.56, 0.00399093
_08475_, 217.14, 266.56, 0.00399093
_08997_, 217.14, 266.56, 0.00399093
_09135_, 217.14, 266.56, 0.00399093
ANTENNA__09135__S, 217.14, 266.56, 0.00399093
FILLER_0_94_462, 217.14, 266.56, 0.00399093
_10981_, 229.94, 266.56, 0.00401845
_12880_, 229.94, 266.56, 0.00401845
_14213_, 229.94, 266.56, 0.00401845
ANTENNA__12880__S, 229.94, 266.56, 0.00401845
ANTENNA__08479__A2, 229.94, 266.56, 0.00401845
ANTENNA__08479__A3, 229.94, 266.56, 0.00401845
ANTENNA__10980__A1, 229.94, 266.56, 0.00401845
ANTENNA__12880__A1, 229.94, 266.56, 0.00401845
FILLER_0_94_477, 229.94, 266.56, 0.00401845
FILLER_0_94_489, 229.94, 266.56, 0.00401845
FILLER_0_95_498, 229.94, 266.56, 0.00401845
_08478_, 242.74, 266.56, 0.00403949
_08480_, 242.74, 266.56, 0.00403949
_08929_, 242.74, 266.56, 0.00403949
_13285_, 242.74, 266.56, 0.00403949
ANTENNA__08431__A2, 242.74, 266.56, 0.00403949
ANTENNA__08480__A2, 242.74, 266.56, 0.00403949
ANTENNA__08480__B1, 242.74, 266.56, 0.00403949
ANTENNA__08928__S, 242.74, 266.56, 0.00403949
ANTENNA__10980__S, 242.74, 266.56, 0.00403949
FILLER_0_93_505, 242.74, 266.56, 0.00403949
FILLER_0_94_525, 242.74, 266.56, 0.00403949
_06852_, 255.54, 266.56, 0.00405572
_14736_, 255.54, 266.56, 0.00405572
ANTENNA__08478__A2, 255.54, 266.56, 0.00405572
ANTENNA__06852__A, 255.54, 266.56, 0.00405572
ANTENNA__07441__A, 255.54, 266.56, 0.00405572
ANTENNA__07338__A2, 255.54, 266.56, 0.00405572
ANTENNA__07338__B1, 255.54, 266.56, 0.00405572
ANTENNA__07341__B1, 255.54, 266.56, 0.00405572
ANTENNA__07340__A2, 255.54, 266.56, 0.00405572
ANTENNA__07345__B1, 255.54, 266.56, 0.00405572
ANTENNA__07340__B2, 255.54, 266.56, 0.00405572
FILLER_0_93_543, 255.54, 266.56, 0.00405572
FILLER_0_94_533, 255.54, 266.56, 0.00405572
FILLER_0_94_543, 255.54, 266.56, 0.00405572
_07339_, 268.34, 266.56, 0.00406669
_08860_, 268.34, 266.56, 0.00406669
_09444_, 268.34, 266.56, 0.00406669
_10570_, 268.34, 266.56, 0.00406669
_11444_, 268.34, 266.56, 0.00406669
_13253_, 268.34, 266.56, 0.00406669
ANTENNA__07440__A, 268.34, 266.56, 0.00406669
ANTENNA__07339__A2, 268.34, 266.56, 0.00406669
ANTENNA__07341__A1, 268.34, 266.56, 0.00406669
FILLER_0_94_580, 268.34, 266.56, 0.00406669
FILLER_0_95_576, 268.34, 266.56, 0.00406669
_08496_, 281.14, 266.56, 0.00407022
_08499_, 281.14, 266.56, 0.00407022
_09443_, 281.14, 266.56, 0.00407022
_13509_, 281.14, 266.56, 0.00407022
ANTENNA__08496__B, 281.14, 266.56, 0.00407022
ANTENNA__09443__A0, 281.14, 266.56, 0.00407022
FILLER_0_93_592, 281.14, 266.56, 0.00407022
_06738_, 293.94, 266.56, 0.0040664
_06807_, 293.94, 266.56, 0.0040664
_08543_, 293.94, 266.56, 0.0040664
_13121_, 293.94, 266.56, 0.0040664
_06886_, 306.74, 266.56, 0.00404404
_07356_, 306.74, 266.56, 0.00404404
_09539_, 306.74, 266.56, 0.00404404
_12429_, 306.74, 266.56, 0.00404404
_12430_, 306.74, 266.56, 0.00404404
clkbuf_leaf_107_wclk, 306.74, 266.56, 0.00404404
ANTENNA__12429__S, 306.74, 266.56, 0.00404404
ANTENNA__06886__B, 306.74, 266.56, 0.00404404
ANTENNA__07356__A2, 306.74, 266.56, 0.00404404
FILLER_0_94_645, 306.74, 266.56, 0.00404404
_06715_, 319.54, 266.56, 0.00399856
_06887_, 319.54, 266.56, 0.00399856
_06889_, 319.54, 266.56, 0.00399856
_07351_, 319.54, 266.56, 0.00399856
_09469_, 319.54, 266.56, 0.00399856
ANTENNA__06731__A, 319.54, 266.56, 0.00399856
ANTENNA__06889__A, 319.54, 266.56, 0.00399856
ANTENNA__07353__B1, 319.54, 266.56, 0.00399856
ANTENNA__09538__S, 319.54, 266.56, 0.00399856
ANTENNA_clkbuf_leaf_107_wclk_A, 319.54, 266.56, 0.00399856
FILLER_0_94_672, 319.54, 266.56, 0.00399856
FILLER_0_95_693, 319.54, 266.56, 0.00399856
_07796_, 345.14, 266.56, 0.00398032
_11190_, 345.14, 266.56, 0.00398032
_12854_, 345.14, 266.56, 0.00398032
_14296_, 345.14, 266.56, 0.00398032
_15064_, 345.14, 266.56, 0.00398032
ANTENNA__12855__S, 345.14, 266.56, 0.00398032
ANTENNA__07351__A3, 345.14, 266.56, 0.00398032
ANTENNA__07796__B1, 345.14, 266.56, 0.00398032
ANTENNA__12855__A1, 345.14, 266.56, 0.00398032
FILLER_0_93_725, 345.14, 266.56, 0.00398032
_11189_, 357.94, 266.56, 0.00401778
_12840_, 357.94, 266.56, 0.00401778
_12842_, 357.94, 266.56, 0.00401778
_14290_, 357.94, 266.56, 0.00401778
ANTENNA__07504__A2, 357.94, 266.56, 0.00401778
ANTENNA__07442__B1, 357.94, 266.56, 0.00401778
FILLER_0_95_769, 357.94, 266.56, 0.00401778
_07600_, 370.74, 266.56, 0.00405093
_12839_, 370.74, 266.56, 0.00405093
_12846_, 370.74, 266.56, 0.00405093
_15057_, 370.74, 266.56, 0.00405093
ANTENNA__07600__A2, 370.74, 266.56, 0.00405093
ANTENNA__07600__A3, 370.74, 266.56, 0.00405093
ANTENNA__07600__B1, 370.74, 266.56, 0.00405093
_07650_, 383.54, 266.56, 0.00407832
_11183_, 383.54, 266.56, 0.00407832
_11186_, 383.54, 266.56, 0.00407832
_12845_, 383.54, 266.56, 0.00407832
_14292_, 383.54, 266.56, 0.00407832
_14294_, 383.54, 266.56, 0.00407832
ANTENNA__07650__A3, 383.54, 266.56, 0.00407832
ANTENNA__07650__B1, 383.54, 266.56, 0.00407832
_11185_, 396.34, 266.56, 0.00409881
_11188_, 396.34, 266.56, 0.00409881
_12851_, 396.34, 266.56, 0.00409881
_14295_, 396.34, 266.56, 0.00409881
_15063_, 396.34, 266.56, 0.00409881
ANTENNA__07698__B1, 396.34, 266.56, 0.00409881
_12849_, 409.14, 266.56, 0.00411091
_12850_, 409.14, 266.56, 0.00411091
_15061_, 409.14, 266.56, 0.00411091
_15062_, 409.14, 266.56, 0.00411091
ANTENNA__12847__S, 409.14, 266.56, 0.00411091
ANTENNA__12847__A1, 409.14, 266.56, 0.00411091
ANTENNA__12851__A1, 409.14, 266.56, 0.00411091
FILLER_0_93_865, 409.14, 266.56, 0.00411091
ANTENNA__12849__A1, 421.94, 266.56, 0.00411249
_09550_, 434.74, 266.56, 0.00411408
_09551_, 434.74, 266.56, 0.00411408
_11450_, 434.74, 266.56, 0.00411408
_12441_, 434.74, 266.56, 0.00411408
_13558_, 434.74, 266.56, 0.00411408
_14418_, 434.74, 266.56, 0.00411408
ANTENNA__12441__S, 434.74, 266.56, 0.00411408
_11448_, 447.54, 266.56, 0.00410134
_14417_, 447.54, 266.56, 0.00410134
_14868_, 447.54, 266.56, 0.00410134
ANTENNA__12437__S, 447.54, 266.56, 0.00410134
ANTENNA__12437__A1, 447.54, 266.56, 0.00410134
ANTENNA__12441__A1, 447.54, 266.56, 0.00410134
FILLER_0_94_971, 447.54, 266.56, 0.00410134
_11454_, 460.34, 266.56, 0.00407716
_11458_, 460.34, 266.56, 0.00407716
_14420_, 460.34, 266.56, 0.00407716
ANTENNA__09609__A0, 460.34, 266.56, 0.00407716
ANTENNA__11453__A1, 460.34, 266.56, 0.00407716
ANTENNA__11457__A1, 460.34, 266.56, 0.00407716
ANTENNA__11457__S, 460.34, 266.56, 0.00407716
ANTENNA__11453__S, 460.34, 266.56, 0.00407716
ANTENNA__12435__A1, 460.34, 266.56, 0.00407716
FILLER_0_95_998, 460.34, 266.56, 0.00407716
_11039_, 473.14, 266.56, 0.00404589
_11455_, 473.14, 266.56, 0.00404589
ANTENNA__09619__A0, 473.14, 266.56, 0.00404589
ANTENNA__11459__A1, 473.14, 266.56, 0.00404589
ANTENNA__11461__A1, 473.14, 266.56, 0.00404589
ANTENNA__11461__S, 473.14, 266.56, 0.00404589
ANTENNA__11455__S, 473.14, 266.56, 0.00404589
FILLER_0_94_1012, 473.14, 266.56, 0.00404589
FILLER_0_94_1026, 473.14, 266.56, 0.00404589
PHY_182, 5.52, 261.12, 0.0038814
PHY_184, 5.52, 261.12, 0.0038814
output64, 5.52, 261.12, 0.0038814
ANTENNA_output64_A, 5.52, 261.12, 0.0038814
_09614_, 494.04, 261.12, 0.00391963
PHY_183, 494.04, 261.12, 0.00391963
PHY_185, 494.04, 261.12, 0.00391963
FILLER_0_92_22, 15.33, 261.12, 0.00388097
_09634_, 37.94, 261.12, 0.00394279
_11485_, 37.94, 261.12, 0.00394279
_13597_, 37.94, 261.12, 0.00394279
_14435_, 37.94, 261.12, 0.00394279
ANTENNA__09634__A0, 37.94, 261.12, 0.00394279
ANTENNA__09634__S, 37.94, 261.12, 0.00394279
_11477_, 50.74, 261.12, 0.0039929
_11484_, 50.74, 261.12, 0.0039929
ANTENNA__08096__A2, 50.74, 261.12, 0.0039929
ANTENNA__08096__B1, 50.74, 261.12, 0.0039929
ANTENNA__09573__S, 50.74, 261.12, 0.0039929
ANTENNA__11484__A1, 50.74, 261.12, 0.0039929
ANTENNA__11484__S, 50.74, 261.12, 0.0039929
ANTENNA__11478__S, 50.74, 261.12, 0.0039929
FILLER_0_92_102, 50.74, 261.12, 0.0039929
FILLER_0_93_103, 50.74, 261.12, 0.0039929
_14428_, 63.54, 261.12, 0.00404126
_14430_, 63.54, 261.12, 0.00404126
_14431_, 63.54, 261.12, 0.00404126
FILLER_0_92_113, 63.54, 261.12, 0.00404126
FILLER_0_92_121, 63.54, 261.12, 0.00404126
_11469_, 76.34, 261.12, 0.00407212
_11470_, 76.34, 261.12, 0.00407212
_11471_, 76.34, 261.12, 0.00407212
clkbuf_leaf_26_wclk, 76.34, 261.12, 0.00407212
ANTENNA__11474__S, 76.34, 261.12, 0.00407212
FILLER_0_92_145, 76.34, 261.12, 0.00407212
FILLER_0_93_155, 76.34, 261.12, 0.00407212
_11468_, 89.14, 261.12, 0.00407847
_11483_, 89.14, 261.12, 0.00407847
_13563_, 89.14, 261.12, 0.00407847
ANTENNA__11468__A1, 89.14, 261.12, 0.00407847
ANTENNA__11414__A1, 89.14, 261.12, 0.00407847
ANTENNA__11468__S, 89.14, 261.12, 0.00407847
ANTENNA_clkbuf_leaf_26_wclk_A, 89.14, 261.12, 0.00407847
FILLER_0_91_173, 89.14, 261.12, 0.00407847
FILLER_0_92_186, 89.14, 261.12, 0.00407847
FILLER_0_93_185, 89.14, 261.12, 0.00407847
_09702_, 101.94, 261.12, 0.00407819
_09710_, 101.94, 261.12, 0.00407819
_11482_, 101.94, 261.12, 0.00407819
_13629_, 101.94, 261.12, 0.00407819
ANTENNA__09702__S, 101.94, 261.12, 0.00407819
ANTENNA__11206__A1, 101.94, 261.12, 0.00407819
ANTENNA__11482__A1, 101.94, 261.12, 0.00407819
ANTENNA__11482__S, 101.94, 261.12, 0.00407819
FILLER_0_93_213, 101.94, 261.12, 0.00407819
_11205_, 114.74, 261.12, 0.00406988
_11206_, 114.74, 261.12, 0.00406988
_14303_, 114.74, 261.12, 0.00406988
ANTENNA__09702__A0, 114.74, 261.12, 0.00406988
FILLER_0_91_237, 114.74, 261.12, 0.00406988
FILLER_0_92_229, 114.74, 261.12, 0.00406988
_12869_, 127.54, 261.12, 0.00405845
_12870_, 127.54, 261.12, 0.00405845
_15071_, 127.54, 261.12, 0.00405845
_15072_, 127.54, 261.12, 0.00405845
clkbuf_2_0__f_rclk, 127.54, 261.12, 0.00405845
ANTENNA__11204__A1, 127.54, 261.12, 0.00405845
FILLER_0_91_254, 127.54, 261.12, 0.00405845
_11202_, 140.34, 261.12, 0.00399918
_14300_, 140.34, 261.12, 0.00399918
_14302_, 140.34, 261.12, 0.00399918
FILLER_0_93_304, 140.34, 261.12, 0.00399918
_09349_, 153.14, 261.12, 0.00393397
_11197_, 153.14, 261.12, 0.00393397
_12860_, 153.14, 261.12, 0.00393397
_12867_, 153.14, 261.12, 0.00393397
_14299_, 153.14, 261.12, 0.00393397
ANTENNA__09349__A, 153.14, 261.12, 0.00393397
FILLER_0_93_324, 153.14, 261.12, 0.00393397
_11210_, 165.94, 261.12, 0.00386275
_11213_, 165.94, 261.12, 0.00386275
_14306_, 165.94, 261.12, 0.00386275
_14307_, 165.94, 261.12, 0.00386275
ANTENNA__12860__S, 165.94, 261.12, 0.00386275
ANTENNA__11212__A1, 165.94, 261.12, 0.00386275
FILLER_0_92_357, 165.94, 261.12, 0.00386275
_06850_, 191.54, 261.12, 0.00385843
_11193_, 191.54, 261.12, 0.00385843
_11465_, 191.54, 261.12, 0.00385843
_11486_, 191.54, 261.12, 0.00385843
clkbuf_leaf_15_wclk, 191.54, 261.12, 0.00385843
ANTENNA__11193__A, 191.54, 261.12, 0.00385843
ANTENNA__11465__A, 191.54, 261.12, 0.00385843
ANTENNA_clkbuf_leaf_15_wclk_A, 191.54, 261.12, 0.00385843
FILLER_0_91_393, 191.54, 261.12, 0.00385843
FILLER_0_92_408, 191.54, 261.12, 0.00385843
FILLER_0_93_412, 191.54, 261.12, 0.00385843
_07992_, 204.34, 261.12, 0.00390637
_09136_, 204.34, 261.12, 0.00390637
_11488_, 204.34, 261.12, 0.00390637
_11489_, 204.34, 261.12, 0.00390637
_12857_, 204.34, 261.12, 0.00390637
_13594_, 204.34, 261.12, 0.00390637
_14437_, 204.34, 261.12, 0.00390637
ANTENNA__12857__A, 204.34, 261.12, 0.00390637
FILLER_0_93_438, 204.34, 261.12, 0.00390637
_06716_, 217.14, 261.12, 0.00394153
_07894_, 217.14, 261.12, 0.00394153
_12881_, 217.14, 261.12, 0.00394153
ANTENNA__08473__A2, 217.14, 261.12, 0.00394153
ANTENNA__07992__A, 217.14, 261.12, 0.00394153
ANTENNA__09135__A0, 217.14, 261.12, 0.00394153
ANTENNA__08997__A0, 217.14, 261.12, 0.00394153
ANTENNA__08997__S, 217.14, 261.12, 0.00394153
ANTENNA__11488__A1, 217.14, 261.12, 0.00394153
ANTENNA__11488__S, 217.14, 261.12, 0.00394153
FILLER_0_92_452, 217.14, 261.12, 0.00394153
FILLER_0_92_470, 217.14, 261.12, 0.00394153
FILLER_0_93_461, 217.14, 261.12, 0.00394153
_08479_, 229.94, 261.12, 0.00397446
_10980_, 229.94, 261.12, 0.00397446
_11217_, 229.94, 261.12, 0.00397446
_14149_, 229.94, 261.12, 0.00397446
_14309_, 229.94, 261.12, 0.00397446
_15077_, 229.94, 261.12, 0.00397446
_08482_, 242.74, 261.12, 0.00399414
_08928_, 242.74, 261.12, 0.00399414
_10841_, 242.74, 261.12, 0.00399414
_10842_, 242.74, 261.12, 0.00399414
ANTENNA__08481__A2, 242.74, 261.12, 0.00399414
_06857_, 255.54, 261.12, 0.0040106
_07338_, 255.54, 261.12, 0.0040106
_07340_, 255.54, 261.12, 0.0040106
_07341_, 255.54, 261.12, 0.0040106
_07344_, 255.54, 261.12, 0.0040106
_07441_, 255.54, 261.12, 0.0040106
clkbuf_leaf_60_wclk, 255.54, 261.12, 0.0040106
ANTENNA__07341__A2, 255.54, 261.12, 0.0040106
FILLER_0_92_533, 255.54, 261.12, 0.0040106
_06898_, 268.34, 261.12, 0.00400675
_10569_, 268.34, 261.12, 0.00400675
_14021_, 268.34, 261.12, 0.00400675
_14416_, 268.34, 261.12, 0.00400675
_06563_, 281.14, 261.12, 0.00399169
_06745_, 281.14, 261.12, 0.00399169
_08536_, 281.14, 261.12, 0.00399169
_08548_, 281.14, 261.12, 0.00399169
_13122_, 281.14, 261.12, 0.00399169
ANTENNA__10569__A1, 281.14, 261.12, 0.00399169
ANTENNA__10569__S, 281.14, 261.12, 0.00399169
ANTENNA__13122__RESET_B, 281.14, 261.12, 0.00399169
ANTENNA_clkbuf_leaf_60_wclk_A, 281.14, 261.12, 0.00399169
FILLER_0_93_604, 281.14, 261.12, 0.00399169
FILLER_0_93_610, 281.14, 261.12, 0.00399169
_06561_, 293.94, 261.12, 0.0039661
_13120_, 293.94, 261.12, 0.0039661
ANTENNA__06738__A, 293.94, 261.12, 0.0039661
ANTENNA__06807__A, 293.94, 261.12, 0.0039661
ANTENNA__06807__B, 293.94, 261.12, 0.0039661
ANTENNA__07356__B1, 293.94, 261.12, 0.0039661
ANTENNA__13120__RESET_B, 293.94, 261.12, 0.0039661
_13552_, 306.74, 261.12, 0.0039293
_14864_, 306.74, 261.12, 0.0039293
ANTENNA__07357__B1, 306.74, 261.12, 0.0039293
FILLER_0_91_646, 306.74, 261.12, 0.0039293
FILLER_0_92_641, 306.74, 261.12, 0.0039293
FILLER_0_92_645, 306.74, 261.12, 0.0039293
FILLER_0_92_666, 306.74, 261.12, 0.0039293
_06763_, 319.54, 261.12, 0.00388264
_06882_, 319.54, 261.12, 0.00388264
_07353_, 319.54, 261.12, 0.00388264
_07360_, 319.54, 261.12, 0.00388264
_09470_, 319.54, 261.12, 0.00388264
_13520_, 319.54, 261.12, 0.00388264
ANTENNA__06763__A, 319.54, 261.12, 0.00388264
ANTENNA__06887__A, 319.54, 261.12, 0.00388264
_11042_, 345.14, 261.12, 0.0038431
_12841_, 345.14, 261.12, 0.0038431
_12853_, 345.14, 261.12, 0.0038431
_15058_, 345.14, 261.12, 0.0038431
ANTENNA__12853__S, 345.14, 261.12, 0.0038431
ANTENNA__12837__S, 345.14, 261.12, 0.0038431
ANTENNA__11173__A1, 345.14, 261.12, 0.0038431
ANTENNA__11172__A, 345.14, 261.12, 0.0038431
FILLER_0_91_733, 345.14, 261.12, 0.0038431
FILLER_0_92_731, 345.14, 261.12, 0.0038431
_11177_, 357.94, 261.12, 0.00387188
_11178_, 357.94, 261.12, 0.00387188
_14289_, 357.94, 261.12, 0.00387188
ANTENNA__12839__S, 357.94, 261.12, 0.00387188
ANTENNA__09691__A0, 357.94, 261.12, 0.00387188
ANTENNA__11189__A1, 357.94, 261.12, 0.00387188
FILLER_0_91_754, 357.94, 261.12, 0.00387188
FILLER_0_91_761, 357.94, 261.12, 0.00387188
FILLER_0_92_769, 357.94, 261.12, 0.00387188
FILLER_0_93_769, 357.94, 261.12, 0.00387188
_09312_, 370.74, 261.12, 0.00389756
_11175_, 370.74, 261.12, 0.00389756
_11176_, 370.74, 261.12, 0.00389756
_11182_, 370.74, 261.12, 0.00389756
_15060_, 370.74, 261.12, 0.00389756
ANTENNA__11175__A1, 370.74, 261.12, 0.00389756
ANTENNA__11177__A1, 370.74, 261.12, 0.00389756
ANTENNA__12839__A1, 370.74, 261.12, 0.00389756
FILLER_0_92_804, 370.74, 261.12, 0.00389756
FILLER_0_93_797, 370.74, 261.12, 0.00389756
_11181_, 383.54, 261.12, 0.0039175
_11184_, 383.54, 261.12, 0.0039175
_14293_, 383.54, 261.12, 0.0039175
ANTENNA__11181__A1, 383.54, 261.12, 0.0039175
FILLER_0_92_829, 383.54, 261.12, 0.0039175
_11187_, 396.34, 261.12, 0.00393434
ANTENNA__12851__S, 396.34, 261.12, 0.00393434
ANTENNA__07698__A2, 396.34, 261.12, 0.00393434
ANTENNA__09681__A0, 396.34, 261.12, 0.00393434
ANTENNA__11185__A1, 396.34, 261.12, 0.00393434
ANTENNA__11187__A1, 396.34, 261.12, 0.00393434
FILLER_0_91_841, 396.34, 261.12, 0.00393434
_11250_, 409.14, 261.12, 0.00395106
ANTENNA__12849__S, 409.14, 261.12, 0.00395106
ANTENNA__07558__A2, 409.14, 261.12, 0.00395106
ANTENNA__07558__B1, 409.14, 261.12, 0.00395106
FILLER_0_91_871, 409.14, 261.12, 0.00395106
FILLER_0_93_891, 409.14, 261.12, 0.00395106
_11026_, 421.94, 261.12, 0.00396701
_11037_, 421.94, 261.12, 0.00396701
_11038_, 421.94, 261.12, 0.00396701
ANTENNA__07752__A2, 421.94, 261.12, 0.00396701
ANTENNA__07752__B1, 421.94, 261.12, 0.00396701
ANTENNA__07559__B1, 421.94, 261.12, 0.00396701
ANTENNA__11037__S, 421.94, 261.12, 0.00396701
FILLER_0_92_893, 421.94, 261.12, 0.00396701
FILLER_0_93_909, 421.94, 261.12, 0.00396701
FILLER_0_93_917, 421.94, 261.12, 0.00396701
_11449_, 434.74, 261.12, 0.00398014
_12442_, 434.74, 261.12, 0.00398014
_14870_, 434.74, 261.12, 0.00398014
ANTENNA__07559__A2, 434.74, 261.12, 0.00398014
ANTENNA__11449__A1, 434.74, 261.12, 0.00398014
ANTENNA__11037__A1, 434.74, 261.12, 0.00398014
ANTENNA__11449__S, 434.74, 261.12, 0.00398014
FILLER_0_92_925, 434.74, 261.12, 0.00398014
FILLER_0_93_944, 434.74, 261.12, 0.00398014
_11447_, 447.54, 261.12, 0.00398671
clkbuf_leaf_97_wclk, 447.54, 261.12, 0.00398671
ANTENNA__11447__A1, 447.54, 261.12, 0.00398671
ANTENNA__11447__S, 447.54, 261.12, 0.00398671
ANTENNA_clkbuf_leaf_97_wclk_A, 447.54, 261.12, 0.00398671
FILLER_0_91_947, 447.54, 261.12, 0.00398671
FILLER_0_92_953, 447.54, 261.12, 0.00398671
_09620_, 460.34, 261.12, 0.00396829
_11379_, 460.34, 261.12, 0.00396829
_11389_, 460.34, 261.12, 0.00396829
_11453_, 460.34, 261.12, 0.00396829
ANTENNA__09619__S, 460.34, 261.12, 0.00396829
ANTENNA__09609__S, 460.34, 261.12, 0.00396829
ANTENNA__11389__S, 460.34, 261.12, 0.00396829
_07545_, 473.14, 261.12, 0.00394591
_09619_, 473.14, 261.12, 0.00394591
_11383_, 473.14, 261.12, 0.00394591
_11391_, 473.14, 261.12, 0.00394591
ANTENNA__07545__B1, 473.14, 261.12, 0.00394591
ANTENNA__11389__A1, 473.14, 261.12, 0.00394591
ANTENNA__11391__A1, 473.14, 261.12, 0.00394591
ANTENNA__11391__S, 473.14, 261.12, 0.00394591
ANTENNA__11039__A, 473.14, 261.12, 0.00394591
PHY_178, 5.52, 255.68, 0.00374189
PHY_180, 5.52, 255.68, 0.00374189
PHY_179, 494.04, 255.68, 0.00380449
PHY_181, 494.04, 255.68, 0.00380449
output65, 494.04, 255.68, 0.00380449
ANTENNA_output65_A, 494.04, 255.68, 0.00380449
_08096_, 37.94, 255.68, 0.00375754
_08284_, 37.94, 255.68, 0.00375754
_09642_, 37.94, 255.68, 0.00375754
_11405_, 37.94, 255.68, 0.00375754
_11413_, 37.94, 255.68, 0.00375754
ANTENNA__08284__A2, 37.94, 255.68, 0.00375754
ANTENNA__08284__B1, 37.94, 255.68, 0.00375754
ANTENNA__09642__A0, 37.94, 255.68, 0.00375754
ANTENNA__09642__S, 37.94, 255.68, 0.00375754
FILLER_0_89_57, 37.94, 255.68, 0.00375754
FILLER_0_91_81, 37.94, 255.68, 0.00375754
_11404_, 50.74, 255.68, 0.00376817
_11476_, 50.74, 255.68, 0.00376817
ANTENNA__11404__A1, 50.74, 255.68, 0.00376817
ANTENNA__11412__S, 50.74, 255.68, 0.00376817
ANTENNA__11404__S, 50.74, 255.68, 0.00376817
ANTENNA_clkbuf_leaf_27_wclk_A, 50.74, 255.68, 0.00376817
FILLER_0_89_91, 50.74, 255.68, 0.00376817
FILLER_0_90_106, 50.74, 255.68, 0.00376817
FILLER_0_91_107, 50.74, 255.68, 0.00376817
_09633_, 63.54, 255.68, 0.00377683
_11474_, 63.54, 255.68, 0.00377683
_11475_, 63.54, 255.68, 0.00377683
_13596_, 63.54, 255.68, 0.00377683
ANTENNA__11476__A1, 63.54, 255.68, 0.00377683
ANTENNA__11476__S, 63.54, 255.68, 0.00377683
FILLER_0_90_133, 63.54, 255.68, 0.00377683
_09632_, 76.34, 255.68, 0.00377827
_09645_, 76.34, 255.68, 0.00377827
_11403_, 76.34, 255.68, 0.00377827
_13602_, 76.34, 255.68, 0.00377827
ANTENNA__11470__A1, 76.34, 255.68, 0.00377827
ANTENNA__11474__A1, 76.34, 255.68, 0.00377827
ANTENNA__11470__S, 76.34, 255.68, 0.00377827
_08331_, 89.14, 255.68, 0.00377231
_09644_, 89.14, 255.68, 0.00377231
_09711_, 89.14, 255.68, 0.00377231
_11414_, 89.14, 255.68, 0.00377231
ANTENNA__08331__A2, 89.14, 255.68, 0.00377231
ANTENNA__08331__B1, 89.14, 255.68, 0.00377231
ANTENNA__09710__A0, 89.14, 255.68, 0.00377231
ANTENNA__09644__A0, 89.14, 255.68, 0.00377231
ANTENNA__09644__S, 89.14, 255.68, 0.00377231
ANTENNA__09710__S, 89.14, 255.68, 0.00377231
_09703_, 101.94, 255.68, 0.00376261
_13633_, 101.94, 255.68, 0.00376261
ANTENNA__09700__S, 101.94, 255.68, 0.00376261
_11057_, 114.74, 255.68, 0.00374708
_11204_, 114.74, 255.68, 0.00374708
_11268_, 114.74, 255.68, 0.00374708
_11269_, 114.74, 255.68, 0.00374708
ANTENNA__08109__B1, 114.74, 255.68, 0.00374708
ANTENNA__08109__C1, 114.74, 255.68, 0.00374708
ANTENNA__11268__S, 114.74, 255.68, 0.00374708
FILLER_0_90_248, 114.74, 255.68, 0.00374708
_12871_, 127.54, 255.68, 0.00372875
ANTENNA__08062__B1, 127.54, 255.68, 0.00372875
ANTENNA__11061__A, 127.54, 255.68, 0.00372875
ANTENNA__12870__A1, 127.54, 255.68, 0.00372875
FILLER_0_89_254, 127.54, 255.68, 0.00372875
FILLER_0_90_265, 127.54, 255.68, 0.00372875
FILLER_0_90_271, 127.54, 255.68, 0.00372875
_11052_, 140.34, 255.68, 0.0037097
_11058_, 140.34, 255.68, 0.0037097
_11198_, 140.34, 255.68, 0.0037097
_11203_, 140.34, 255.68, 0.0037097
_15070_, 140.34, 255.68, 0.0037097
ANTENNA__11198__A1, 140.34, 255.68, 0.0037097
ANTENNA__11058__A, 140.34, 255.68, 0.0037097
FILLER_0_89_287, 140.34, 255.68, 0.0037097
FILLER_0_90_300, 140.34, 255.68, 0.0037097
_11049_, 153.14, 255.68, 0.00368413
_11196_, 153.14, 255.68, 0.00368413
clkbuf_leaf_17_wclk, 153.14, 255.68, 0.00368413
ANTENNA__09712__S, 153.14, 255.68, 0.00368413
FILLER_0_91_321, 153.14, 255.68, 0.00368413
_09715_, 165.94, 255.68, 0.00363954
_11211_, 165.94, 255.68, 0.00363954
ANTENNA__11196__A1, 165.94, 255.68, 0.00363954
ANTENNA__11210__A1, 165.94, 255.68, 0.00363954
ANTENNA__11049__A, 165.94, 255.68, 0.00363954
FILLER_0_90_335, 165.94, 255.68, 0.00363954
FILLER_0_90_358, 165.94, 255.68, 0.00363954
_06696_, 191.54, 255.68, 0.00363152
_12069_, 191.54, 255.68, 0.00363152
_12135_, 191.54, 255.68, 0.00363152
_12136_, 191.54, 255.68, 0.00363152
ANTENNA__12136__A0, 191.54, 255.68, 0.00363152
ANTENNA__06696__A2, 191.54, 255.68, 0.00363152
ANTENNA__11486__S, 191.54, 255.68, 0.00363152
ANTENNA__12136__S, 191.54, 255.68, 0.00363152
FILLER_0_91_416, 191.54, 255.68, 0.00363152
_06690_, 204.34, 255.68, 0.00366633
_09628_, 204.34, 255.68, 0.00366633
_09629_, 204.34, 255.68, 0.00366633
_12068_, 204.34, 255.68, 0.00366633
ANTENNA__06690__A2, 204.34, 255.68, 0.00366633
ANTENNA__09628__A0, 204.34, 255.68, 0.00366633
ANTENNA__09628__S, 204.34, 255.68, 0.00366633
FILLER_0_90_437, 204.34, 255.68, 0.00366633
_06707_, 217.14, 255.68, 0.00369818
_06867_, 217.14, 255.68, 0.00369818
_09696_, 217.14, 255.68, 0.00369818
_09697_, 217.14, 255.68, 0.00369818
_13626_, 217.14, 255.68, 0.00369818
ANTENNA__06716__A, 217.14, 255.68, 0.00369818
ANTENNA__07894__A2, 217.14, 255.68, 0.00369818
ANTENNA__07894__B1, 217.14, 255.68, 0.00369818
ANTENNA__09696__A0, 217.14, 255.68, 0.00369818
ANTENNA__09696__S, 217.14, 255.68, 0.00369818
FILLER_0_90_455, 217.14, 255.68, 0.00369818
_11216_, 229.94, 255.68, 0.00372163
_13541_, 229.94, 255.68, 0.00372163
ANTENNA__08481__B1, 229.94, 255.68, 0.00372163
ANTENNA__08479__B1, 229.94, 255.68, 0.00372163
ANTENNA__11216__A1, 229.94, 255.68, 0.00372163
FILLER_0_89_487, 229.94, 255.68, 0.00372163
FILLER_0_90_477, 229.94, 255.68, 0.00372163
FILLER_0_90_493, 229.94, 255.68, 0.00372163
_08481_, 242.74, 255.68, 0.00374133
_09512_, 242.74, 255.68, 0.00374133
_09513_, 242.74, 255.68, 0.00374133
_10638_, 242.74, 255.68, 0.00374133
_14053_, 242.74, 255.68, 0.00374133
ANTENNA__09512__S, 242.74, 255.68, 0.00374133
ANTENNA__10841__A1, 242.74, 255.68, 0.00374133
FILLER_0_89_505, 242.74, 255.68, 0.00374133
_06849_, 255.54, 255.68, 0.00375426
_06856_, 255.54, 255.68, 0.00375426
_06858_, 255.54, 255.68, 0.00375426
_06869_, 255.54, 255.68, 0.00375426
_06896_, 255.54, 255.68, 0.00375426
_07345_, 255.54, 255.68, 0.00375426
_07346_, 255.54, 255.68, 0.00375426
ANTENNA__07340__B1, 255.54, 255.68, 0.00375426
ANTENNA__07345__A2, 255.54, 255.68, 0.00375426
FILLER_0_90_533, 255.54, 255.68, 0.00375426
_06897_, 268.34, 255.68, 0.00375703
_08651_, 268.34, 255.68, 0.00375703
_11445_, 268.34, 255.68, 0.00375703
_11446_, 268.34, 255.68, 0.00375703
ANTENNA__06858__A, 268.34, 255.68, 0.00375703
ANTENNA__06849__A, 268.34, 255.68, 0.00375703
ANTENNA__06896__A, 268.34, 255.68, 0.00375703
ANTENNA__06870__A, 268.34, 255.68, 0.00375703
ANTENNA__06897__A, 268.34, 255.68, 0.00375703
ANTENNA__07341__B2, 268.34, 255.68, 0.00375703
_06562_, 281.14, 255.68, 0.0037571
_06759_, 281.14, 255.68, 0.0037571
ANTENNA__06745__A, 281.14, 255.68, 0.0037571
ANTENNA__08999__B, 281.14, 255.68, 0.0037571
ANTENNA__08536__A, 281.14, 255.68, 0.0037571
ANTENNA__06759__A, 281.14, 255.68, 0.0037571
ANTENNA__11445__A1, 281.14, 255.68, 0.0037571
ANTENNA__11445__S, 281.14, 255.68, 0.0037571
ANTENNA__08651__A, 281.14, 255.68, 0.0037571
FILLER_0_89_593, 281.14, 255.68, 0.0037571
FILLER_0_90_609, 281.14, 255.68, 0.0037571
FILLER_0_91_607, 281.14, 255.68, 0.0037571
FILLER_0_91_613, 281.14, 255.68, 0.0037571
_06557_, 293.94, 255.68, 0.0037478
_06560_, 293.94, 255.68, 0.0037478
_06580_, 293.94, 255.68, 0.0037478
_08525_, 293.94, 255.68, 0.0037478
_08535_, 293.94, 255.68, 0.0037478
ANTENNA__06582__B, 293.94, 255.68, 0.0037478
_07357_, 306.74, 255.68, 0.00371679
_08533_, 306.74, 255.68, 0.00371679
ANTENNA__06743__B, 306.74, 255.68, 0.00371679
ANTENNA__07357__A2, 306.74, 255.68, 0.00371679
ANTENNA__13119__RESET_B, 306.74, 255.68, 0.00371679
FILLER_0_91_667, 306.74, 255.68, 0.00371679
_06743_, 319.54, 255.68, 0.00368385
_06883_, 319.54, 255.68, 0.00368385
_06891_, 319.54, 255.68, 0.00368385
_06892_, 319.54, 255.68, 0.00368385
_07354_, 319.54, 255.68, 0.00368385
_11726_, 319.54, 255.68, 0.00368385
ANTENNA__06743__A, 319.54, 255.68, 0.00368385
ANTENNA__06882__A, 319.54, 255.68, 0.00368385
ANTENNA__06892__A, 319.54, 255.68, 0.00368385
ANTENNA__09469__A0, 319.54, 255.68, 0.00368385
ANTENNA__12841__S, 345.14, 255.68, 0.00370412
ANTENNA__07352__A2, 345.14, 255.68, 0.00370412
ANTENNA__07855__A2, 345.14, 255.68, 0.00370412
ANTENNA__07855__B1, 345.14, 255.68, 0.00370412
ANTENNA__07855__C1, 345.14, 255.68, 0.00370412
ANTENNA__12841__A1, 345.14, 255.68, 0.00370412
ANTENNA__12853__A1, 345.14, 255.68, 0.00370412
ANTENNA__11042__A, 345.14, 255.68, 0.00370412
FILLER_0_89_737, 345.14, 255.68, 0.00370412
FILLER_0_90_725, 345.14, 255.68, 0.00370412
_09321_, 357.94, 255.68, 0.00376722
_11041_, 357.94, 255.68, 0.00376722
_11258_, 357.94, 255.68, 0.00376722
_14328_, 357.94, 255.68, 0.00376722
clkbuf_leaf_105_wclk, 357.94, 255.68, 0.00376722
ANTENNA__07803__B1, 357.94, 255.68, 0.00376722
ANTENNA__09312__A, 357.94, 255.68, 0.00376722
ANTENNA__09321__A, 357.94, 255.68, 0.00376722
ANTENNA_clkbuf_leaf_105_wclk_A, 357.94, 255.68, 0.00376722
FILLER_0_90_770, 357.94, 255.68, 0.00376722
FILLER_0_91_769, 357.94, 255.68, 0.00376722
FILLER_0_91_774, 357.94, 255.68, 0.00376722
_09679_, 370.74, 255.68, 0.00380254
FILLER_0_90_807, 370.74, 255.68, 0.00380254
FILLER_0_91_807, 370.74, 255.68, 0.00380254
_09683_, 383.54, 255.68, 0.00383674
_09690_, 383.54, 255.68, 0.00383674
_13620_, 383.54, 255.68, 0.00383674
ANTENNA__07606__A2, 383.54, 255.68, 0.00383674
ANTENNA__09683__A0, 383.54, 255.68, 0.00383674
FILLER_0_90_826, 383.54, 255.68, 0.00383674
FILLER_0_91_835, 383.54, 255.68, 0.00383674
_09681_, 396.34, 255.68, 0.003864
_09682_, 396.34, 255.68, 0.003864
_09689_, 396.34, 255.68, 0.003864
_13619_, 396.34, 255.68, 0.003864
ANTENNA__07462__B1, 396.34, 255.68, 0.003864
ANTENNA__09689__A0, 396.34, 255.68, 0.003864
FILLER_0_91_860, 396.34, 255.68, 0.003864
_11020_, 409.14, 255.68, 0.00388333
_14228_, 409.14, 255.68, 0.00388333
_14324_, 409.14, 255.68, 0.00388333
ANTENNA__07462__A2, 409.14, 255.68, 0.00388333
ANTENNA__11249__S, 409.14, 255.68, 0.00388333
FILLER_0_91_891, 409.14, 255.68, 0.00388333
_07559_, 421.94, 255.68, 0.00389223
_07752_, 421.94, 255.68, 0.00389223
_11025_, 421.94, 255.68, 0.00389223
_11029_, 421.94, 255.68, 0.00389223
_11256_, 421.94, 255.68, 0.00389223
_14227_, 421.94, 255.68, 0.00389223
_14231_, 421.94, 255.68, 0.00389223
_09611_, 434.74, 255.68, 0.00388764
_09612_, 434.74, 255.68, 0.00388764
_11248_, 434.74, 255.68, 0.00388764
ANTENNA__09611__A0, 434.74, 255.68, 0.00388764
ANTENNA__09611__S, 434.74, 255.68, 0.00388764
ANTENNA__11025__A1, 434.74, 255.68, 0.00388764
FILLER_0_90_932, 434.74, 255.68, 0.00388764
FILLER_0_91_934, 434.74, 255.68, 0.00388764
FILLER_0_91_939, 434.74, 255.68, 0.00388764
_09609_, 447.54, 255.68, 0.0038804
_09610_, 447.54, 255.68, 0.0038804
_13585_, 447.54, 255.68, 0.0038804
ANTENNA__07497__A2, 447.54, 255.68, 0.0038804
ANTENNA__07497__B1, 447.54, 255.68, 0.0038804
FILLER_0_90_948, 447.54, 255.68, 0.0038804
_07426_, 460.34, 255.68, 0.00386652
_11380_, 460.34, 255.68, 0.00386652
_11390_, 460.34, 255.68, 0.00386652
_13590_, 460.34, 255.68, 0.00386652
_14390_, 460.34, 255.68, 0.00386652
ANTENNA__07426__A2, 460.34, 255.68, 0.00386652
ANTENNA__11379__A1, 460.34, 255.68, 0.00386652
ANTENNA__11379__S, 460.34, 255.68, 0.00386652
_07691_, 473.14, 255.68, 0.00384051
_14387_, 473.14, 255.68, 0.00384051
_14391_, 473.14, 255.68, 0.00384051
ANTENNA__07691__A2, 473.14, 255.68, 0.00384051
ANTENNA__07691__B1, 473.14, 255.68, 0.00384051
ANTENNA__11383__S, 473.14, 255.68, 0.00384051
FILLER_0_90_1017, 473.14, 255.68, 0.00384051
PHY_174, 5.52, 250.24, 0.0036559
PHY_176, 5.52, 250.24, 0.0036559
_09618_, 494.04, 250.24, 0.00370417
PHY_175, 494.04, 250.24, 0.00370417
PHY_177, 494.04, 250.24, 0.00370417
ANTENNA__09617__S, 494.04, 250.24, 0.00370417
_09640_, 37.94, 250.24, 0.00370326
_09646_, 37.94, 250.24, 0.00370326
_14397_, 37.94, 250.24, 0.00370326
_14401_, 37.94, 250.24, 0.00370326
ANTENNA__09646__S, 37.94, 250.24, 0.00370326
ANTENNA__09640__S, 37.94, 250.24, 0.00370326
_08378_, 50.74, 250.24, 0.00373904
_11412_, 50.74, 250.24, 0.00373904
_11417_, 50.74, 250.24, 0.00373904
_13599_, 50.74, 250.24, 0.00373904
ANTENNA__08378__A2, 50.74, 250.24, 0.00373904
ANTENNA__08378__B1, 50.74, 250.24, 0.00373904
ANTENNA__11412__A1, 50.74, 250.24, 0.00373904
FILLER_0_89_102, 50.74, 250.24, 0.00373904
FILLER_0_89_109, 50.74, 250.24, 0.00373904
_08048_, 63.54, 250.24, 0.00376714
_08190_, 63.54, 250.24, 0.00376714
_09638_, 63.54, 250.24, 0.00376714
ANTENNA__08048__A2, 63.54, 250.24, 0.00376714
ANTENNA__08190__B1, 63.54, 250.24, 0.00376714
FILLER_0_87_125, 63.54, 250.24, 0.00376714
FILLER_0_88_126, 63.54, 250.24, 0.00376714
_11415_, 76.34, 250.24, 0.00379215
_14396_, 76.34, 250.24, 0.00379215
_14402_, 76.34, 250.24, 0.00379215
ANTENNA__09632__A0, 76.34, 250.24, 0.00379215
ANTENNA__09632__S, 76.34, 250.24, 0.00379215
ANTENNA__11414__S, 76.34, 250.24, 0.00379215
ANTENNA__11402__S, 76.34, 250.24, 0.00379215
FILLER_0_87_153, 76.34, 250.24, 0.00379215
_09701_, 89.14, 250.24, 0.00380679
_13628_, 89.14, 250.24, 0.00380679
_13631_, 89.14, 250.24, 0.00380679
ANTENNA__07977__B1, 89.14, 250.24, 0.00380679
ANTENNA__09706__A0, 89.14, 250.24, 0.00380679
ANTENNA__09708__A0, 89.14, 250.24, 0.00380679
ANTENNA_clkbuf_leaf_25_wclk_A, 89.14, 250.24, 0.00380679
FILLER_0_88_174, 89.14, 250.24, 0.00380679
_08109_, 101.94, 250.24, 0.00381099
_09700_, 101.94, 250.24, 0.00381099
_14237_, 101.94, 250.24, 0.00381099
clkbuf_leaf_25_wclk, 101.94, 250.24, 0.00381099
ANTENNA__08109__A2, 101.94, 250.24, 0.00381099
ANTENNA__08061__C1, 101.94, 250.24, 0.00381099
ANTENNA__09700__A0, 101.94, 250.24, 0.00381099
FILLER_0_88_197, 101.94, 250.24, 0.00381099
FILLER_0_89_219, 101.94, 250.24, 0.00381099
_11054_, 114.74, 250.24, 0.00378712
_11061_, 114.74, 250.24, 0.00378712
_11337_, 114.74, 250.24, 0.00378712
_14236_, 114.74, 250.24, 0.00378712
_14333_, 114.74, 250.24, 0.00378712
ANTENNA__11268__A1, 114.74, 250.24, 0.00378712
FILLER_0_87_228, 114.74, 250.24, 0.00378712
_08062_, 127.54, 250.24, 0.00375095
_11267_, 127.54, 250.24, 0.00375095
clkbuf_leaf_24_wclk, 127.54, 250.24, 0.00375095
ANTENNA__08062__A2, 127.54, 250.24, 0.00375095
ANTENNA_clkbuf_leaf_24_wclk_A, 127.54, 250.24, 0.00375095
FILLER_0_89_269, 127.54, 250.24, 0.00375095
FILLER_0_89_277, 127.54, 250.24, 0.00375095
_09699_, 140.34, 250.24, 0.00369413
_09704_, 140.34, 250.24, 0.00369413
_09713_, 140.34, 250.24, 0.00369413
_11279_, 140.34, 250.24, 0.00369413
_13634_, 140.34, 250.24, 0.00369413
ANTENNA__09712__A0, 140.34, 250.24, 0.00369413
ANTENNA__11052__A, 140.34, 250.24, 0.00369413
FILLER_0_88_296, 140.34, 250.24, 0.00369413
FILLER_0_89_296, 140.34, 250.24, 0.00369413
_09712_, 153.14, 250.24, 0.00362899
_11278_, 153.14, 250.24, 0.00362899
_13635_, 153.14, 250.24, 0.00362899
_14338_, 153.14, 250.24, 0.00362899
ANTENNA__09714__A0, 153.14, 250.24, 0.00362899
ANTENNA__11278__A1, 153.14, 250.24, 0.00362899
ANTENNA__11278__S, 153.14, 250.24, 0.00362899
ANTENNA_clkbuf_leaf_17_wclk_A, 153.14, 250.24, 0.00362899
FILLER_0_88_327, 153.14, 250.24, 0.00362899
FILLER_0_89_322, 153.14, 250.24, 0.00362899
_09714_, 165.94, 250.24, 0.00355233
_11074_, 165.94, 250.24, 0.00355233
ANTENNA__08392__A2, 165.94, 250.24, 0.00355233
ANTENNA__09714__S, 165.94, 250.24, 0.00355233
ANTENNA__11074__S, 165.94, 250.24, 0.00355233
FILLER_0_88_358, 165.94, 250.24, 0.00355233
FILLER_0_89_356, 165.94, 250.24, 0.00355233
_07972_, 191.54, 250.24, 0.00352205
_09649_, 191.54, 250.24, 0.00352205
_11262_, 191.54, 250.24, 0.00352205
_14694_, 191.54, 250.24, 0.00352205
ANTENNA__12068__A0, 191.54, 250.24, 0.00352205
ANTENNA__11262__A1, 191.54, 250.24, 0.00352205
ANTENNA__11397__A, 191.54, 250.24, 0.00352205
ANTENNA__12135__A, 191.54, 250.24, 0.00352205
FILLER_0_88_404, 191.54, 250.24, 0.00352205
_06868_, 204.34, 250.24, 0.0035635
_09002_, 204.34, 250.24, 0.0035635
_09003_, 204.34, 250.24, 0.0035635
_12067_, 204.34, 250.24, 0.0035635
_13190_, 204.34, 250.24, 0.0035635
_13318_, 204.34, 250.24, 0.0035635
ANTENNA__06690__B1, 204.34, 250.24, 0.0035635
ANTENNA__09002__S, 204.34, 250.24, 0.0035635
ANTENNA__12067__A, 204.34, 250.24, 0.0035635
ANTENNA__12068__S, 204.34, 250.24, 0.0035635
FILLER_0_87_422, 204.34, 250.24, 0.0035635
_06700_, 217.14, 250.24, 0.00358697
_06706_, 217.14, 250.24, 0.00358697
_07421_, 217.14, 250.24, 0.00358697
_08934_, 217.14, 250.24, 0.00358697
_09001_, 217.14, 250.24, 0.00358697
ANTENNA__06700__B1, 217.14, 250.24, 0.00358697
_08932_, 229.94, 250.24, 0.00360814
_10298_, 229.94, 250.24, 0.00360814
ANTENNA__06700__A2, 229.94, 250.24, 0.00360814
ANTENNA__08932__A, 229.94, 250.24, 0.00360814
ANTENNA__09512__A0, 229.94, 250.24, 0.00360814
ANTENNA__11216__S, 229.94, 250.24, 0.00360814
FILLER_0_88_481, 229.94, 250.24, 0.00360814
FILLER_0_88_488, 229.94, 250.24, 0.00360814
FILLER_0_89_495, 229.94, 250.24, 0.00360814
_10297_, 242.74, 250.24, 0.00362835
_10637_, 242.74, 250.24, 0.00362835
ANTENNA__06856__A, 242.74, 250.24, 0.00362835
ANTENNA__07910__A2, 242.74, 250.24, 0.00362835
ANTENNA__08928__A0, 242.74, 250.24, 0.00362835
ANTENNA__10637__A1, 242.74, 250.24, 0.00362835
ANTENNA__10841__S, 242.74, 250.24, 0.00362835
FILLER_0_87_514, 242.74, 250.24, 0.00362835
FILLER_0_89_519, 242.74, 250.24, 0.00362835
_06870_, 255.54, 250.24, 0.00364636
_07457_, 255.54, 250.24, 0.00364636
_07910_, 255.54, 250.24, 0.00364636
_09273_, 255.54, 250.24, 0.00364636
ANTENNA__06857__A, 255.54, 250.24, 0.00364636
ANTENNA__07344__A2, 255.54, 250.24, 0.00364636
ANTENNA__07344__B1, 255.54, 250.24, 0.00364636
ANTENNA__07344__B2, 255.54, 250.24, 0.00364636
ANTENNA__07340__A1, 255.54, 250.24, 0.00364636
FILLER_0_89_557, 255.54, 250.24, 0.00364636
_08654_, 268.34, 250.24, 0.00365997
_08723_, 268.34, 250.24, 0.00365997
_08724_, 268.34, 250.24, 0.00365997
_12066_, 268.34, 250.24, 0.00365997
_12134_, 268.34, 250.24, 0.00365997
ANTENNA__06869__A, 268.34, 250.24, 0.00365997
FILLER_0_88_559, 268.34, 250.24, 0.00365997
_06564_, 281.14, 250.24, 0.00366878
_06565_, 281.14, 250.24, 0.00366878
_06582_, 281.14, 250.24, 0.00366878
_08517_, 281.14, 250.24, 0.00366878
_08862_, 281.14, 250.24, 0.00366878
_09137_, 281.14, 250.24, 0.00366878
ANTENNA__08930__B, 281.14, 250.24, 0.00366878
ANTENNA__11377__S, 281.14, 250.24, 0.00366878
ANTENNA__06582__A, 281.14, 250.24, 0.00366878
FILLER_0_88_589, 281.14, 250.24, 0.00366878
FILLER_0_89_609, 281.14, 250.24, 0.00366878
_06558_, 293.94, 250.24, 0.0036568
_06581_, 293.94, 250.24, 0.0036568
_08530_, 293.94, 250.24, 0.0036568
_08531_, 293.94, 250.24, 0.0036568
_08532_, 293.94, 250.24, 0.0036568
_08552_, 293.94, 250.24, 0.0036568
_13119_, 293.94, 250.24, 0.0036568
FILLER_0_87_624, 293.94, 250.24, 0.0036568
_06559_, 306.74, 250.24, 0.00362849
_09607_, 306.74, 250.24, 0.00362849
_13584_, 306.74, 250.24, 0.00362849
ANTENNA__06582__C, 306.74, 250.24, 0.00362849
ANTENNA__09607__A0, 306.74, 250.24, 0.00362849
ANTENNA__08530__C, 306.74, 250.24, 0.00362849
ANTENNA__06581__B_N, 306.74, 250.24, 0.00362849
ANTENNA__08531__A2, 306.74, 250.24, 0.00362849
ANTENNA__06581__A, 306.74, 250.24, 0.00362849
FILLER_0_89_666, 306.74, 250.24, 0.00362849
_07458_, 319.54, 250.24, 0.00358991
_09626_, 319.54, 250.24, 0.00358991
_09675_, 319.54, 250.24, 0.00358991
_09676_, 319.54, 250.24, 0.00358991
_13593_, 319.54, 250.24, 0.00358991
_13616_, 319.54, 250.24, 0.00358991
ANTENNA__06883__A, 319.54, 250.24, 0.00358991
ANTENNA__07458__A, 319.54, 250.24, 0.00358991
ANTENNA__07354__B1, 319.54, 250.24, 0.00358991
FILLER_0_87_673, 319.54, 250.24, 0.00358991
FILLER_0_88_669, 319.54, 250.24, 0.00358991
FILLER_0_88_678, 319.54, 250.24, 0.00358991
_07855_, 345.14, 250.24, 0.0036235
_09691_, 345.14, 250.24, 0.0036235
_09692_, 345.14, 250.24, 0.0036235
_11044_, 345.14, 250.24, 0.0036235
_13624_, 345.14, 250.24, 0.0036235
_14233_, 345.14, 250.24, 0.0036235
_07802_, 357.94, 250.24, 0.00369921
_07803_, 357.94, 250.24, 0.00369921
_11257_, 357.94, 250.24, 0.00369921
_13618_, 357.94, 250.24, 0.00369921
_14232_, 357.94, 250.24, 0.00369921
FILLER_0_88_757, 357.94, 250.24, 0.00369921
_09678_, 370.74, 250.24, 0.00376294
_09680_, 370.74, 250.24, 0.00376294
_13617_, 370.74, 250.24, 0.00376294
ANTENNA__07803__A2, 370.74, 250.24, 0.00376294
ANTENNA__07461__C1, 370.74, 250.24, 0.00376294
ANTENNA__09679__A0, 370.74, 250.24, 0.00376294
ANTENNA__11257__A1, 370.74, 250.24, 0.00376294
FILLER_0_88_798, 370.74, 250.24, 0.00376294
FILLER_0_88_806, 370.74, 250.24, 0.00376294
_07461_, 383.54, 250.24, 0.00382036
_07606_, 383.54, 250.24, 0.00382036
_09677_, 383.54, 250.24, 0.00382036
_09684_, 383.54, 250.24, 0.00382036
clkbuf_leaf_99_wclk, 383.54, 250.24, 0.00382036
ANTENNA__09677__A0, 383.54, 250.24, 0.00382036
FILLER_0_87_808, 383.54, 250.24, 0.00382036
FILLER_0_89_832, 383.54, 250.24, 0.00382036
_07462_, 396.34, 250.24, 0.00385256
_13622_, 396.34, 250.24, 0.00385256
_13623_, 396.34, 250.24, 0.00385256
_07558_, 409.14, 250.24, 0.00387431
_11249_, 409.14, 250.24, 0.00387431
_14225_, 409.14, 250.24, 0.00387431
clkbuf_leaf_98_wclk, 409.14, 250.24, 0.00387431
ANTENNA__07558__C1, 409.14, 250.24, 0.00387431
ANTENNA_clkbuf_leaf_99_wclk_A, 409.14, 250.24, 0.00387431
FILLER_0_88_881, 409.14, 250.24, 0.00387431
_07657_, 421.94, 250.24, 0.00386845
_11255_, 421.94, 250.24, 0.00386845
_14327_, 421.94, 250.24, 0.00386845
ANTENNA__11025__S, 421.94, 250.24, 0.00386845
ANTENNA__11249__A1, 421.94, 250.24, 0.00386845
FILLER_0_87_893, 421.94, 250.24, 0.00386845
FILLER_0_88_912, 421.94, 250.24, 0.00386845
_13586_, 434.74, 250.24, 0.00385579
_14323_, 434.74, 250.24, 0.00385579
_14386_, 434.74, 250.24, 0.00385579
ANTENNA__07657__B1, 434.74, 250.24, 0.00385579
ANTENNA_clkbuf_leaf_98_wclk_A, 434.74, 250.24, 0.00385579
_07497_, 447.54, 250.24, 0.00382856
_11382_, 447.54, 250.24, 0.00382856
_14385_, 447.54, 250.24, 0.00382856
ANTENNA__09615__S, 447.54, 250.24, 0.00382856
ANTENNA__11381__A1, 447.54, 250.24, 0.00382856
ANTENNA__11381__S, 447.54, 250.24, 0.00382856
FILLER_0_88_965, 447.54, 250.24, 0.00382856
_07593_, 460.34, 250.24, 0.00379478
_09615_, 460.34, 250.24, 0.00379478
_09616_, 460.34, 250.24, 0.00379478
_11386_, 460.34, 250.24, 0.00379478
_13588_, 460.34, 250.24, 0.00379478
ANTENNA__07593__B1, 460.34, 250.24, 0.00379478
ANTENNA__07426__B1, 460.34, 250.24, 0.00379478
ANTENNA__09615__A0, 460.34, 250.24, 0.00379478
FILLER_0_89_998, 460.34, 250.24, 0.00379478
_07788_, 473.14, 250.24, 0.00375277
_11393_, 473.14, 250.24, 0.00375277
_14392_, 473.14, 250.24, 0.00375277
ANTENNA__07788__A2, 473.14, 250.24, 0.00375277
ANTENNA__07593__A2, 473.14, 250.24, 0.00375277
ANTENNA__07788__B1, 473.14, 250.24, 0.00375277
ANTENNA__11383__A1, 473.14, 250.24, 0.00375277
ANTENNA__11393__A1, 473.14, 250.24, 0.00375277
ANTENNA__11393__S, 473.14, 250.24, 0.00375277
FILLER_0_88_1006, 473.14, 250.24, 0.00375277
FILLER_0_89_1021, 473.14, 250.24, 0.00375277
FILLER_0_89_1028, 473.14, 250.24, 0.00375277
PHY_170, 5.52, 244.8, 0.00355083
PHY_172, 5.52, 244.8, 0.00355083
PHY_171, 494.04, 244.8, 0.00357071
PHY_173, 494.04, 244.8, 0.00357071
ANTENNA__11387__A1, 494.04, 244.8, 0.00357071
FILLER_0_86_1056, 494.04, 244.8, 0.00357071
_09641_, 37.94, 244.8, 0.00359881
_13600_, 37.94, 244.8, 0.00359881
clkbuf_leaf_27_wclk, 37.94, 244.8, 0.00359881
ANTENNA__09646__A0, 37.94, 244.8, 0.00359881
FILLER_0_85_57, 37.94, 244.8, 0.00359881
_09637_, 50.74, 244.8, 0.00362005
_09639_, 50.74, 244.8, 0.00362005
_11409_, 50.74, 244.8, 0.00362005
_11410_, 50.74, 244.8, 0.00362005
_11411_, 50.74, 244.8, 0.00362005
_11416_, 50.74, 244.8, 0.00362005
_13598_, 50.74, 244.8, 0.00362005
_14399_, 50.74, 244.8, 0.00362005
ANTENNA__08190__A2, 50.74, 244.8, 0.00362005
FILLER_0_85_93, 50.74, 244.8, 0.00362005
FILLER_0_86_103, 50.74, 244.8, 0.00362005
_09636_, 63.54, 244.8, 0.00362649
_11402_, 63.54, 244.8, 0.00362649
_11407_, 63.54, 244.8, 0.00362649
ANTENNA__08048__B1, 63.54, 244.8, 0.00362649
ANTENNA__09636__A0, 63.54, 244.8, 0.00362649
ANTENNA__09638__A0, 63.54, 244.8, 0.00362649
ANTENNA__09638__S, 63.54, 244.8, 0.00362649
ANTENNA__09636__S, 63.54, 244.8, 0.00362649
FILLER_0_86_135, 63.54, 244.8, 0.00362649
FILLER_0_87_134, 63.54, 244.8, 0.00362649
_07977_, 76.34, 244.8, 0.00362985
_09630_, 76.34, 244.8, 0.00362985
_09631_, 76.34, 244.8, 0.00362985
_11401_, 76.34, 244.8, 0.00362985
_13595_, 76.34, 244.8, 0.00362985
ANTENNA__07977__A2, 76.34, 244.8, 0.00362985
ANTENNA__09630__A0, 76.34, 244.8, 0.00362985
ANTENNA__09630__S, 76.34, 244.8, 0.00362985
ANTENNA__11402__A1, 76.34, 244.8, 0.00362985
FILLER_0_86_141, 76.34, 244.8, 0.00362985
_09706_, 89.14, 244.8, 0.0036248
_09707_, 89.14, 244.8, 0.0036248
_11335_, 89.14, 244.8, 0.0036248
_13632_, 89.14, 244.8, 0.0036248
_14364_, 89.14, 244.8, 0.0036248
ANTENNA__08061__B1, 89.14, 244.8, 0.0036248
ANTENNA__09706__S, 89.14, 244.8, 0.0036248
_08061_, 101.94, 244.8, 0.00360751
_08203_, 101.94, 244.8, 0.00360751
_11056_, 101.94, 244.8, 0.00360751
_14365_, 101.94, 244.8, 0.00360751
_08110_, 114.74, 244.8, 0.00358296
_11053_, 114.74, 244.8, 0.00358296
_14332_, 114.74, 244.8, 0.00358296
ANTENNA__11056__S, 114.74, 244.8, 0.00358296
ANTENNA__11056__A1, 114.74, 244.8, 0.00358296
ANTENNA__11276__A1, 114.74, 244.8, 0.00358296
FILLER_0_85_225, 114.74, 244.8, 0.00358296
FILLER_0_86_230, 114.74, 244.8, 0.00358296
_09705_, 127.54, 244.8, 0.00355174
_11266_, 127.54, 244.8, 0.00355174
_11339_, 127.54, 244.8, 0.00355174
_13630_, 127.54, 244.8, 0.00355174
_14366_, 127.54, 244.8, 0.00355174
ANTENNA__11053__S, 127.54, 244.8, 0.00355174
ANTENNA__11266__A1, 127.54, 244.8, 0.00355174
ANTENNA__11053__A1, 127.54, 244.8, 0.00355174
ANTENNA__11266__S, 127.54, 244.8, 0.00355174
FILLER_0_86_262, 127.54, 244.8, 0.00355174
_08344_, 140.34, 244.8, 0.00350821
_09698_, 140.34, 244.8, 0.00350821
_11072_, 140.34, 244.8, 0.00350821
_13627_, 140.34, 244.8, 0.00350821
ANTENNA__08344__A2, 140.34, 244.8, 0.00350821
ANTENNA__09698__A0, 140.34, 244.8, 0.00350821
ANTENNA__09704__A0, 140.34, 244.8, 0.00350821
ANTENNA__09704__S, 140.34, 244.8, 0.00350821
FILLER_0_85_281, 140.34, 244.8, 0.00350821
FILLER_0_86_297, 140.34, 244.8, 0.00350821
_08345_, 153.14, 244.8, 0.00345729
_08391_, 153.14, 244.8, 0.00345729
_11071_, 153.14, 244.8, 0.00345729
_11347_, 153.14, 244.8, 0.00345729
_14242_, 153.14, 244.8, 0.00345729
ANTENNA__08345__B1, 153.14, 244.8, 0.00345729
ANTENNA__08344__C1, 153.14, 244.8, 0.00345729
ANTENNA__11074__A1, 153.14, 244.8, 0.00345729
_08392_, 165.94, 244.8, 0.00339838
_11048_, 165.94, 244.8, 0.00339838
_14234_, 165.94, 244.8, 0.00339838
_14243_, 165.94, 244.8, 0.00339838
_14339_, 165.94, 244.8, 0.00339838
_07973_, 191.54, 244.8, 0.0033649
_08425_, 191.54, 244.8, 0.0033649
_13604_, 191.54, 244.8, 0.0033649
ANTENNA__08425__A2, 191.54, 244.8, 0.0033649
ANTENNA__09648__A0, 191.54, 244.8, 0.0033649
ANTENNA__11262__S, 191.54, 244.8, 0.0033649
FILLER_0_85_393, 191.54, 244.8, 0.0033649
_08726_, 204.34, 244.8, 0.00339717
_09072_, 204.34, 244.8, 0.00339717
_09627_, 204.34, 244.8, 0.00339717
_13350_, 204.34, 244.8, 0.00339717
ANTENNA__09627__A, 204.34, 244.8, 0.00339717
_08725_, 217.14, 244.8, 0.00342221
_08933_, 217.14, 244.8, 0.00342221
_09695_, 217.14, 244.8, 0.00342221
_13286_, 217.14, 244.8, 0.00342221
ANTENNA__06706__A2, 217.14, 244.8, 0.00342221
ANTENNA__09002__A0, 217.14, 244.8, 0.00342221
_09719_, 229.94, 244.8, 0.00344028
_10198_, 229.94, 244.8, 0.00344028
_13861_, 229.94, 244.8, 0.00344028
_13893_, 229.94, 244.8, 0.00344028
ANTENNA__08933__A0, 229.94, 244.8, 0.00344028
ANTENNA__08933__S, 229.94, 244.8, 0.00344028
FILLER_0_85_478, 229.94, 244.8, 0.00344028
FILLER_0_85_485, 229.94, 244.8, 0.00344028
_07909_, 242.74, 244.8, 0.00344745
_08483_, 242.74, 244.8, 0.00344745
ANTENNA__08483__A2, 242.74, 244.8, 0.00344745
ANTENNA__07910__B1, 242.74, 244.8, 0.00344745
ANTENNA__07909__A2, 242.74, 244.8, 0.00344745
ANTENNA__07909__B1, 242.74, 244.8, 0.00344745
ANTENNA__07909__C1, 242.74, 244.8, 0.00344745
ANTENNA__10197__S, 242.74, 244.8, 0.00344745
ANTENNA__10297__S, 242.74, 244.8, 0.00344745
ANTENNA__10297__A1, 242.74, 244.8, 0.00344745
ANTENNA__10637__S, 242.74, 244.8, 0.00344745
ANTENNA__07909__B2, 242.74, 244.8, 0.00344745
FILLER_0_85_505, 242.74, 244.8, 0.00344745
FILLER_0_85_511, 242.74, 244.8, 0.00344745
FILLER_0_86_509, 242.74, 244.8, 0.00344745
_06855_, 255.54, 244.8, 0.00345408
_07456_, 255.54, 244.8, 0.00345408
_07459_, 255.54, 244.8, 0.00345408
_09274_, 255.54, 244.8, 0.00345408
_11378_, 255.54, 244.8, 0.00345408
_14384_, 255.54, 244.8, 0.00345408
ANTENNA__09273__A0, 255.54, 244.8, 0.00345408
_08655_, 268.34, 244.8, 0.00345313
_08930_, 268.34, 244.8, 0.00345313
_08931_, 268.34, 244.8, 0.00345313
_08999_, 268.34, 244.8, 0.00345313
_09000_, 268.34, 244.8, 0.00345313
_09138_, 268.34, 244.8, 0.00345313
_11377_, 268.34, 244.8, 0.00345313
_08554_, 281.14, 244.8, 0.00344623
_08792_, 281.14, 244.8, 0.00344623
_08793_, 281.14, 244.8, 0.00344623
_08861_, 281.14, 244.8, 0.00344623
_09206_, 281.14, 244.8, 0.00344623
_09514_, 281.14, 244.8, 0.00344623
_09652_, 281.14, 244.8, 0.00344623
ANTENNA__11377__A1, 281.14, 244.8, 0.00344623
_06556_, 293.94, 244.8, 0.00342522
_08528_, 293.94, 244.8, 0.00342522
_08529_, 293.94, 244.8, 0.00342522
_09445_, 293.94, 244.8, 0.00342522
ANTENNA__09514__B, 293.94, 244.8, 0.00342522
ANTENNA__08792__A, 293.94, 244.8, 0.00342522
ANTENNA__08552__A, 293.94, 244.8, 0.00342522
_09606_, 306.74, 244.8, 0.0033958
_09608_, 306.74, 244.8, 0.0033958
_14224_, 306.74, 244.8, 0.0033958
ANTENNA__08794__A, 306.74, 244.8, 0.0033958
ANTENNA__09606__A, 306.74, 244.8, 0.0033958
ANTENNA__09607__S, 306.74, 244.8, 0.0033958
ANTENNA__08528__A, 306.74, 244.8, 0.0033958
ANTENNA__08530__A_N, 306.74, 244.8, 0.0033958
FILLER_0_86_641, 306.74, 244.8, 0.0033958
_08863_, 319.54, 244.8, 0.00336025
_09674_, 319.54, 244.8, 0.00336025
_11241_, 319.54, 244.8, 0.00336025
_14320_, 319.54, 244.8, 0.00336025
ANTENNA__09675__A0, 319.54, 244.8, 0.00336025
ANTENNA__11726__A, 319.54, 244.8, 0.00336025
_07856_, 345.14, 244.8, 0.00337306
_11043_, 345.14, 244.8, 0.00337306
_11260_, 345.14, 244.8, 0.00337306
_11328_, 345.14, 244.8, 0.00337306
_11395_, 345.14, 244.8, 0.00337306
_14329_, 345.14, 244.8, 0.00337306
_07510_, 357.94, 244.8, 0.00341841
_11040_, 357.94, 244.8, 0.00341841
ANTENNA__07856__A2, 357.94, 244.8, 0.00341841
ANTENNA__07856__B1, 357.94, 244.8, 0.00341841
ANTENNA__07802__A2, 357.94, 244.8, 0.00341841
ANTENNA__07802__B1, 357.94, 244.8, 0.00341841
ANTENNA__07802__C1, 357.94, 244.8, 0.00341841
ANTENNA__11040__S, 357.94, 244.8, 0.00341841
ANTENNA__11395__A1, 357.94, 244.8, 0.00341841
ANTENNA__11259__A1, 357.94, 244.8, 0.00341841
ANTENNA__11257__S, 357.94, 244.8, 0.00341841
FILLER_0_86_777, 357.94, 244.8, 0.00341841
_07511_, 370.74, 244.8, 0.0034621
_11023_, 370.74, 244.8, 0.0034621
_11245_, 370.74, 244.8, 0.0034621
_14322_, 370.74, 244.8, 0.0034621
ANTENNA__07511__B1, 370.74, 244.8, 0.0034621
ANTENNA__07510__A2, 370.74, 244.8, 0.0034621
ANTENNA__11245__A1, 370.74, 244.8, 0.0034621
ANTENNA__11040__A1, 370.74, 244.8, 0.0034621
ANTENNA__11245__S, 370.74, 244.8, 0.0034621
_07656_, 383.54, 244.8, 0.00349852
_09685_, 383.54, 244.8, 0.00349852
_09686_, 383.54, 244.8, 0.00349852
_09687_, 383.54, 244.8, 0.00349852
_13621_, 383.54, 244.8, 0.00349852
ANTENNA__07461__A2, 383.54, 244.8, 0.00349852
ANTENNA__07606__C1, 383.54, 244.8, 0.00349852
_07704_, 396.34, 244.8, 0.00352651
_07751_, 396.34, 244.8, 0.00352651
_09688_, 396.34, 244.8, 0.00352651
_11019_, 396.34, 244.8, 0.00352651
_11323_, 396.34, 244.8, 0.00352651
ANTENNA__07656__A2, 396.34, 244.8, 0.00352651
ANTENNA__07656__B1, 396.34, 244.8, 0.00352651
ANTENNA__09687__A0, 396.34, 244.8, 0.00352651
FILLER_0_86_854, 396.34, 244.8, 0.00352651
FILLER_0_87_857, 396.34, 244.8, 0.00352651
_07607_, 409.14, 244.8, 0.00354997
_11028_, 409.14, 244.8, 0.00354997
_11031_, 409.14, 244.8, 0.00354997
_11032_, 409.14, 244.8, 0.00354997
ANTENNA__07704__A2, 409.14, 244.8, 0.00354997
ANTENNA__07751__B1, 409.14, 244.8, 0.00354997
ANTENNA__07751__C1, 409.14, 244.8, 0.00354997
FILLER_0_85_874, 409.14, 244.8, 0.00354997
FILLER_0_86_865, 409.14, 244.8, 0.00354997
_07705_, 421.94, 244.8, 0.00356949
_11035_, 421.94, 244.8, 0.00356949
_11247_, 421.94, 244.8, 0.00356949
_11251_, 421.94, 244.8, 0.00356949
_11254_, 421.94, 244.8, 0.00356949
_14230_, 421.94, 244.8, 0.00356949
ANTENNA__07607__A2, 421.94, 244.8, 0.00356949
ANTENNA__07607__B1, 421.94, 244.8, 0.00356949
_11381_, 434.74, 244.8, 0.00357958
_12230_, 434.74, 244.8, 0.00357958
ANTENNA__07705__A2, 434.74, 244.8, 0.00357958
ANTENNA__07657__A2, 434.74, 244.8, 0.00357958
ANTENNA__11031__A1, 434.74, 244.8, 0.00357958
ANTENNA__11255__A1, 434.74, 244.8, 0.00357958
ANTENNA__11255__S, 434.74, 244.8, 0.00357958
ANTENNA__11251__S, 434.74, 244.8, 0.00357958
ANTENNA__11247__S, 434.74, 244.8, 0.00357958
FILLER_0_87_936, 434.74, 244.8, 0.00357958
_07496_, 447.54, 244.8, 0.0035878
_12569_, 447.54, 244.8, 0.0035878
ANTENNA__12569__S, 447.54, 244.8, 0.0035878
ANTENNA__07496__A2, 447.54, 244.8, 0.0035878
ANTENNA__07425__A2, 447.54, 244.8, 0.0035878
ANTENNA__07496__B1, 447.54, 244.8, 0.0035878
ANTENNA__07425__B1, 447.54, 244.8, 0.0035878
FILLER_0_87_973, 447.54, 244.8, 0.0035878
_11385_, 460.34, 244.8, 0.00359489
_14388_, 460.34, 244.8, 0.00359489
ANTENNA__12567__S, 460.34, 244.8, 0.00359489
ANTENNA__12567__A0, 460.34, 244.8, 0.00359489
ANTENNA__12227__A1, 460.34, 244.8, 0.00359489
ANTENNA__12233__A1, 460.34, 244.8, 0.00359489
ANTENNA__12233__S, 460.34, 244.8, 0.00359489
_07643_, 473.14, 244.8, 0.00359619
_11388_, 473.14, 244.8, 0.00359619
_11394_, 473.14, 244.8, 0.00359619
_14389_, 473.14, 244.8, 0.00359619
clkbuf_leaf_96_wclk, 473.14, 244.8, 0.00359619
ANTENNA__07643__B1, 473.14, 244.8, 0.00359619
ANTENNA__11385__S, 473.14, 244.8, 0.00359619
ANTENNA_clkbuf_leaf_96_wclk_A, 473.14, 244.8, 0.00359619
FILLER_0_86_1005, 473.14, 244.8, 0.00359619
PHY_166, 5.52, 239.36, 0.00340488
PHY_168, 5.52, 239.36, 0.00340488
PHY_167, 494.04, 239.36, 0.00345286
PHY_169, 494.04, 239.36, 0.00345286
ANTENNA__09623__A0, 494.04, 239.36, 0.00345286
FILLER_0_83_1056, 494.04, 239.36, 0.00345286
_14403_, 37.94, 239.36, 0.00341513
ANTENNA__09640__A0, 37.94, 239.36, 0.00341513
ANTENNA__11410__A1, 37.94, 239.36, 0.00341513
FILLER_0_83_69, 37.94, 239.36, 0.00341513
FILLER_0_84_79, 37.94, 239.36, 0.00341513
_08237_, 50.74, 239.36, 0.00342063
_11408_, 50.74, 239.36, 0.00342063
_14400_, 50.74, 239.36, 0.00342063
ANTENNA__08237__A2, 50.74, 239.36, 0.00342063
ANTENNA__11416__S, 50.74, 239.36, 0.00342063
ANTENNA__11410__S, 50.74, 239.36, 0.00342063
FILLER_0_84_105, 50.74, 239.36, 0.00342063
_08143_, 63.54, 239.36, 0.00341935
_11406_, 63.54, 239.36, 0.00341935
_14398_, 63.54, 239.36, 0.00341935
ANTENNA__08143__A2, 63.54, 239.36, 0.00341935
ANTENNA__08143__B1, 63.54, 239.36, 0.00341935
ANTENNA__11408__S, 63.54, 239.36, 0.00341935
ANTENNA_17, 63.54, 239.36, 0.00341935
FILLER_0_83_113, 63.54, 239.36, 0.00341935
_11400_, 76.34, 239.36, 0.00341109
_14395_, 76.34, 239.36, 0.00341109
ANTENNA__09708__S, 76.34, 239.36, 0.00341109
FILLER_0_84_141, 76.34, 239.36, 0.00341109
FILLER_0_85_161, 76.34, 239.36, 0.00341109
_09708_, 89.14, 239.36, 0.00339702
_09709_, 89.14, 239.36, 0.00339702
_11334_, 89.14, 239.36, 0.00339702
_11341_, 89.14, 239.36, 0.00339702
_14367_, 89.14, 239.36, 0.00339702
ANTENNA__08297__A2, 89.14, 239.36, 0.00339702
ANTENNA__08203__B1, 89.14, 239.36, 0.00339702
ANTENNA__08203__C1, 89.14, 239.36, 0.00339702
FILLER_0_84_186, 89.14, 239.36, 0.00339702
FILLER_0_85_185, 89.14, 239.36, 0.00339702
_08250_, 101.94, 239.36, 0.00337443
_08251_, 101.94, 239.36, 0.00337443
_08297_, 101.94, 239.36, 0.00337443
_11066_, 101.94, 239.36, 0.00337443
_11336_, 101.94, 239.36, 0.00337443
ANTENNA__08251__A2, 101.94, 239.36, 0.00337443
ANTENNA__08204__A2, 101.94, 239.36, 0.00337443
ANTENNA__08251__B1, 101.94, 239.36, 0.00337443
ANTENNA__08061__A2, 101.94, 239.36, 0.00337443
ANTENNA__11336__S, 101.94, 239.36, 0.00337443
FILLER_0_84_197, 101.94, 239.36, 0.00337443
FILLER_0_84_211, 101.94, 239.36, 0.00337443
FILLER_0_85_219, 101.94, 239.36, 0.00337443
_08204_, 114.74, 239.36, 0.00334773
_08298_, 114.74, 239.36, 0.00334773
_11275_, 114.74, 239.36, 0.00334773
_11276_, 114.74, 239.36, 0.00334773
_14337_, 114.74, 239.36, 0.00334773
ANTENNA__08110__A2, 114.74, 239.36, 0.00334773
ANTENNA__08204__B1, 114.74, 239.36, 0.00334773
ANTENNA__08110__B1, 114.74, 239.36, 0.00334773
FILLER_0_84_249, 114.74, 239.36, 0.00334773
FILLER_0_85_238, 114.74, 239.36, 0.00334773
FILLER_0_85_249, 114.74, 239.36, 0.00334773
_11069_, 127.54, 239.36, 0.00331261
_11338_, 127.54, 239.36, 0.00331261
ANTENNA__08298__A2, 127.54, 239.36, 0.00331261
ANTENNA__08156__A2, 127.54, 239.36, 0.00331261
ANTENNA__11338__A1, 127.54, 239.36, 0.00331261
ANTENNA__11272__A1, 127.54, 239.36, 0.00331261
ANTENNA__11276__S, 127.54, 239.36, 0.00331261
ANTENNA__11338__S, 127.54, 239.36, 0.00331261
FILLER_0_83_264, 127.54, 239.36, 0.00331261
FILLER_0_84_257, 127.54, 239.36, 0.00331261
_08012_, 140.34, 239.36, 0.00327532
_08156_, 140.34, 239.36, 0.00327532
_08157_, 140.34, 239.36, 0.00327532
ANTENNA__08012__A2, 140.34, 239.36, 0.00327532
ANTENNA__08344__B1, 140.34, 239.36, 0.00327532
ANTENNA__08156__C1, 140.34, 239.36, 0.00327532
ANTENNA__08012__C1, 140.34, 239.36, 0.00327532
ANTENNA__09698__S, 140.34, 239.36, 0.00327532
FILLER_0_84_289, 140.34, 239.36, 0.00327532
FILLER_0_85_295, 140.34, 239.36, 0.00327532
_11264_, 153.14, 239.36, 0.00323607
_11281_, 153.14, 239.36, 0.00323607
_14370_, 153.14, 239.36, 0.00323607
ANTENNA__08345__A2, 153.14, 239.36, 0.00323607
ANTENNA__08391__B1, 153.14, 239.36, 0.00323607
ANTENNA__11071__S, 153.14, 239.36, 0.00323607
ANTENNA__11071__A1, 153.14, 239.36, 0.00323607
ANTENNA__11264__S, 153.14, 239.36, 0.00323607
FILLER_0_84_333, 153.14, 239.36, 0.00323607
_11075_, 165.94, 239.36, 0.00318989
_11280_, 165.94, 239.36, 0.00318989
_14362_, 165.94, 239.36, 0.00318989
ANTENNA__08391__A2, 165.94, 239.36, 0.00318989
ANTENNA__08391__C1, 165.94, 239.36, 0.00318989
ANTENNA__11046__A, 165.94, 239.36, 0.00318989
ANTENNA__11280__A1, 165.94, 239.36, 0.00318989
ANTENNA__11350__A1, 165.94, 239.36, 0.00318989
ANTENNA__11280__S, 165.94, 239.36, 0.00318989
ANTENNA_clkbuf_leaf_16_wclk_A, 165.94, 239.36, 0.00318989
FILLER_0_83_337, 165.94, 239.36, 0.00318989
FILLER_0_83_343, 165.94, 239.36, 0.00318989
FILLER_0_85_355, 165.94, 239.36, 0.00318989
_08009_, 191.54, 239.36, 0.00319376
_08010_, 191.54, 239.36, 0.00319376
_08011_, 191.54, 239.36, 0.00319376
_08439_, 191.54, 239.36, 0.00319376
_09648_, 191.54, 239.36, 0.00319376
_09716_, 191.54, 239.36, 0.00319376
_11283_, 191.54, 239.36, 0.00319376
_13636_, 191.54, 239.36, 0.00319376
ANTENNA__09648__S, 191.54, 239.36, 0.00319376
_06861_, 204.34, 239.36, 0.00323882
_08727_, 204.34, 239.36, 0.00323882
_09070_, 204.34, 239.36, 0.00323882
_09071_, 204.34, 239.36, 0.00323882
_09717_, 204.34, 239.36, 0.00323882
_11421_, 204.34, 239.36, 0.00323882
ANTENNA__09070__A, 204.34, 239.36, 0.00323882
ANTENNA__09716__A0, 204.34, 239.36, 0.00323882
ANTENNA__09716__S, 204.34, 239.36, 0.00323882
ANTENNA__11420__A1, 204.34, 239.36, 0.00323882
ANTENNA__11420__S, 204.34, 239.36, 0.00323882
FILLER_0_83_425, 204.34, 239.36, 0.00323882
FILLER_0_84_424, 204.34, 239.36, 0.00323882
_07422_, 217.14, 239.36, 0.00327907
ANTENNA__06721__A, 217.14, 239.36, 0.00327907
ANTENNA__06721__B, 217.14, 239.36, 0.00327907
ANTENNA__08726__A0, 217.14, 239.36, 0.00327907
ANTENNA__08725__A, 217.14, 239.36, 0.00327907
ANTENNA__08726__S, 217.14, 239.36, 0.00327907
ANTENNA__09001__A, 217.14, 239.36, 0.00327907
ANTENNA__09071__S, 217.14, 239.36, 0.00327907
ANTENNA__09650__S, 217.14, 239.36, 0.00327907
ANTENNA__09695__A, 217.14, 239.36, 0.00327907
FILLER_0_83_449, 217.14, 239.36, 0.00327907
FILLER_0_83_456, 217.14, 239.36, 0.00327907
FILLER_0_84_452, 217.14, 239.36, 0.00327907
FILLER_0_84_466, 217.14, 239.36, 0.00327907
FILLER_0_84_471, 217.14, 239.36, 0.00327907
FILLER_0_85_473, 217.14, 239.36, 0.00327907
_08485_, 229.94, 239.36, 0.00331312
_09718_, 229.94, 239.36, 0.00331312
_10197_, 229.94, 239.36, 0.00331312
_13637_, 229.94, 239.36, 0.00331312
ANTENNA__10197__A1, 229.94, 239.36, 0.00331312
ANTENNA__08485__C1, 229.94, 239.36, 0.00331312
ANTENNA__08485__B1, 229.94, 239.36, 0.00331312
ANTENNA__09718__A0, 229.94, 239.36, 0.00331312
FILLER_0_84_495, 229.94, 239.36, 0.00331312
_09582_, 242.74, 239.36, 0.00333976
_12472_, 242.74, 239.36, 0.00333976
_12473_, 242.74, 239.36, 0.00333976
_13445_, 242.74, 239.36, 0.00333976
_14885_, 242.74, 239.36, 0.00333976
ANTENNA__12472__S, 242.74, 239.36, 0.00333976
ANTENNA__07343__B1, 242.74, 239.36, 0.00333976
ANTENNA__09581__A0, 242.74, 239.36, 0.00333976
ANTENNA__09581__S, 242.74, 239.36, 0.00333976
ANTENNA__12472__A1, 242.74, 239.36, 0.00333976
FILLER_0_84_502, 242.74, 239.36, 0.00333976
FILLER_0_84_522, 242.74, 239.36, 0.00333976
FILLER_0_85_516, 242.74, 239.36, 0.00333976
_06851_, 255.54, 239.36, 0.00335384
_07343_, 255.54, 239.36, 0.00335384
_07460_, 255.54, 239.36, 0.00335384
_10200_, 255.54, 239.36, 0.00335384
ANTENNA__07457__A, 255.54, 239.36, 0.00335384
ANTENNA__07456__A, 255.54, 239.36, 0.00335384
ANTENNA__06851__A, 255.54, 239.36, 0.00335384
ANTENNA__06764__B, 255.54, 239.36, 0.00335384
ANTENNA__07460__A, 255.54, 239.36, 0.00335384
ANTENNA__09273__S, 255.54, 239.36, 0.00335384
FILLER_0_83_533, 255.54, 239.36, 0.00335384
FILLER_0_84_533, 255.54, 239.36, 0.00335384
_09068_, 268.34, 239.36, 0.00336598
_09069_, 268.34, 239.36, 0.00336598
_11286_, 268.34, 239.36, 0.00336598
_11354_, 268.34, 239.36, 0.00336598
_11376_, 268.34, 239.36, 0.00336598
_12338_, 268.34, 239.36, 0.00336598
_12406_, 268.34, 239.36, 0.00336598
_08551_, 281.14, 239.36, 0.00337302
_08555_, 281.14, 239.36, 0.00337302
_09376_, 281.14, 239.36, 0.00337302
_09583_, 281.14, 239.36, 0.00337302
clkbuf_0_rclk, 281.14, 239.36, 0.00337302
ANTENNA_9, 281.14, 239.36, 0.00337302
_08553_, 293.94, 239.36, 0.00332714
_08794_, 293.94, 239.36, 0.00332714
_09515_, 293.94, 239.36, 0.00332714
_09720_, 293.94, 239.36, 0.00332714
_10843_, 293.94, 239.36, 0.00332714
ANTENNA__09068__B, 293.94, 239.36, 0.00332714
FILLER_0_85_633, 293.94, 239.36, 0.00332714
_06901_, 306.74, 239.36, 0.00327787
_07359_, 306.74, 239.36, 0.00327787
_09446_, 306.74, 239.36, 0.00327787
_11016_, 306.74, 239.36, 0.00327787
_11017_, 306.74, 239.36, 0.00327787
_11242_, 306.74, 239.36, 0.00327787
ANTENNA__09720__C_N, 306.74, 239.36, 0.00327787
ANTENNA__08553__A, 306.74, 239.36, 0.00327787
ANTENNA__09720__A, 306.74, 239.36, 0.00327787
ANTENNA__08553__B, 306.74, 239.36, 0.00327787
ANTENNA__06901__A, 306.74, 239.36, 0.00327787
_11240_, 319.54, 239.36, 0.00322479
_14352_, 319.54, 239.36, 0.00322479
ANTENNA__06902__A, 319.54, 239.36, 0.00322479
ANTENNA__07359__B1, 319.54, 239.36, 0.00322479
ANTENNA__11016__A1, 319.54, 239.36, 0.00322479
FILLER_0_84_676, 319.54, 239.36, 0.00322479
_11259_, 345.14, 239.36, 0.00323324
_11327_, 345.14, 239.36, 0.00323324
_14361_, 345.14, 239.36, 0.00323324
ANTENNA__11309__A1, 345.14, 239.36, 0.00323324
ANTENNA__11043__S, 345.14, 239.36, 0.00323324
ANTENNA__11043__A1, 345.14, 239.36, 0.00323324
ANTENNA__11395__S, 345.14, 239.36, 0.00323324
_11246_, 357.94, 239.36, 0.00329261
_11314_, 357.94, 239.36, 0.00329261
_11326_, 357.94, 239.36, 0.00329261
_14226_, 357.94, 239.36, 0.00329261
ANTENNA__07510__B1, 357.94, 239.36, 0.00329261
ANTENNA__07510__C1, 357.94, 239.36, 0.00329261
FILLER_0_84_762, 357.94, 239.36, 0.00329261
FILLER_0_84_770, 357.94, 239.36, 0.00329261
_11022_, 370.74, 239.36, 0.00334484
_11312_, 370.74, 239.36, 0.00334484
_11313_, 370.74, 239.36, 0.00334484
ANTENNA__07511__A2, 370.74, 239.36, 0.00334484
ANTENNA__07461__B1, 370.74, 239.36, 0.00334484
_11317_, 383.54, 239.36, 0.00339414
_11318_, 383.54, 239.36, 0.00339414
_11324_, 383.54, 239.36, 0.00339414
_14356_, 383.54, 239.36, 0.00339414
ANTENNA__07606__B1, 383.54, 239.36, 0.00339414
ANTENNA__07656__C1, 383.54, 239.36, 0.00339414
ANTENNA__09685__A0, 383.54, 239.36, 0.00339414
ANTENNA__11022__A1, 383.54, 239.36, 0.00339414
ANTENNA__11317__A1, 383.54, 239.36, 0.00339414
_11244_, 396.34, 239.36, 0.00343597
_11316_, 396.34, 239.36, 0.00343597
_11322_, 396.34, 239.36, 0.00343597
_14355_, 396.34, 239.36, 0.00343597
_14359_, 396.34, 239.36, 0.00343597
ANTENNA__07704__B1, 396.34, 239.36, 0.00343597
ANTENNA__07704__C1, 396.34, 239.36, 0.00343597
ANTENNA__11019__A1, 396.34, 239.36, 0.00343597
_11243_, 409.14, 239.36, 0.00346559
_14229_, 409.14, 239.36, 0.00346559
_14325_, 409.14, 239.36, 0.00346559
ANTENNA__07751__A2, 409.14, 239.36, 0.00346559
ANTENNA__11028__S, 409.14, 239.36, 0.00346559
ANTENNA__11019__S, 409.14, 239.36, 0.00346559
ANTENNA__11323__A1, 409.14, 239.36, 0.00346559
_06628_, 421.94, 239.36, 0.00348465
_11034_, 421.94, 239.36, 0.00348465
_11253_, 421.94, 239.36, 0.00348465
_14326_, 421.94, 239.36, 0.00348465
ANTENNA__11251__A1, 421.94, 239.36, 0.00348465
_12229_, 434.74, 239.36, 0.00349558
_14770_, 434.74, 239.36, 0.00349558
_14930_, 434.74, 239.36, 0.00349558
ANTENNA__11247__A1, 434.74, 239.36, 0.00349558
ANTENNA__11253__A1, 434.74, 239.36, 0.00349558
ANTENNA__12229__S, 434.74, 239.36, 0.00349558
_07425_, 447.54, 239.36, 0.00349595
_12227_, 447.54, 239.36, 0.00349595
_12228_, 447.54, 239.36, 0.00349595
_12567_, 447.54, 239.36, 0.00349595
_12570_, 447.54, 239.36, 0.00349595
_14769_, 447.54, 239.36, 0.00349595
ANTENNA__12569__A0, 447.54, 239.36, 0.00349595
_07592_, 460.34, 239.36, 0.00348779
_12233_, 460.34, 239.36, 0.00348779
_14772_, 460.34, 239.36, 0.00348779
ANTENNA__07592__A2, 460.34, 239.36, 0.00348779
ANTENNA__07592__B1, 460.34, 239.36, 0.00348779
ANTENNA__11385__A1, 460.34, 239.36, 0.00348779
FILLER_0_84_1001, 460.34, 239.36, 0.00348779
FILLER_0_85_991, 460.34, 239.36, 0.00348779
FILLER_0_85_998, 460.34, 239.36, 0.00348779
_11387_, 473.14, 239.36, 0.00347376
_12232_, 473.14, 239.36, 0.00347376
_14771_, 473.14, 239.36, 0.00347376
ANTENNA__12571__S, 473.14, 239.36, 0.00347376
ANTENNA__12573__A0, 473.14, 239.36, 0.00347376
ANTENNA__07642__B1, 473.14, 239.36, 0.00347376
ANTENNA__07544__B1, 473.14, 239.36, 0.00347376
FILLER_0_83_1009, 473.14, 239.36, 0.00347376
PHY_162, 5.52, 233.92, 0.00329588
PHY_164, 5.52, 233.92, 0.00329588
PHY_163, 494.04, 233.92, 0.00332782
PHY_165, 494.04, 233.92, 0.00332782
input35, 494.04, 233.92, 0.00332782
ANTENNA__12571__A0, 494.04, 233.92, 0.00332782
_08095_, 37.94, 233.92, 0.00330581
_12600_, 37.94, 233.92, 0.00330581
_12601_, 37.94, 233.92, 0.00330581
_14945_, 37.94, 233.92, 0.00330581
ANTENNA__12600__S, 37.94, 233.92, 0.00330581
ANTENNA__12600__A0, 37.94, 233.92, 0.00330581
ANTENNA__08095__A2, 37.94, 233.92, 0.00330581
FILLER_0_82_81, 37.94, 233.92, 0.00330581
FILLER_0_83_78, 37.94, 233.92, 0.00330581
_12596_, 50.74, 233.92, 0.00330924
_14943_, 50.74, 233.92, 0.00330924
ANTENNA__12596__A0, 50.74, 233.92, 0.00330924
ANTENNA__08237__B1, 50.74, 233.92, 0.00330924
ANTENNA__08189__A2, 50.74, 233.92, 0.00330924
ANTENNA__08095__B1, 50.74, 233.92, 0.00330924
ANTENNA__11416__A1, 50.74, 233.92, 0.00330924
FILLER_0_82_89, 50.74, 233.92, 0.00330924
FILLER_0_82_105, 50.74, 233.92, 0.00330924
FILLER_0_82_112, 50.74, 233.92, 0.00330924
FILLER_0_83_107, 50.74, 233.92, 0.00330924
_08047_, 63.54, 233.92, 0.003307
_12251_, 63.54, 233.92, 0.003307
_12591_, 63.54, 233.92, 0.003307
ANTENNA__12596__S, 63.54, 233.92, 0.003307
ANTENNA__12590__S, 63.54, 233.92, 0.003307
ANTENNA__12594__A0, 63.54, 233.92, 0.003307
ANTENNA__08189__B1, 63.54, 233.92, 0.003307
ANTENNA__11406__A1, 63.54, 233.92, 0.003307
ANTENNA__11408__A1, 63.54, 233.92, 0.003307
ANTENNA__11406__S, 63.54, 233.92, 0.003307
FILLER_0_82_122, 63.54, 233.92, 0.003307
_14779_, 76.34, 233.92, 0.00330306
ANTENNA__08047__A2, 76.34, 233.92, 0.00330306
ANTENNA__08047__B1, 76.34, 233.92, 0.00330306
ANTENNA__11400__A1, 76.34, 233.92, 0.00330306
ANTENNA__11340__A1, 76.34, 233.92, 0.00330306
ANTENNA__11344__A1, 76.34, 233.92, 0.00330306
ANTENNA__11400__S, 76.34, 233.92, 0.00330306
FILLER_0_83_154, 76.34, 233.92, 0.00330306
_11340_, 89.14, 233.92, 0.00329445
_11343_, 89.14, 233.92, 0.00329445
_11344_, 89.14, 233.92, 0.00329445
_11345_, 89.14, 233.92, 0.00329445
_14368_, 89.14, 233.92, 0.00329445
ANTENNA__11334__A1, 89.14, 233.92, 0.00329445
ANTENNA__11342__A1, 89.14, 233.92, 0.00329445
ANTENNA__11340__S, 89.14, 233.92, 0.00329445
ANTENNA__11334__S, 89.14, 233.92, 0.00329445
FILLER_0_81_169, 89.14, 233.92, 0.00329445
_11062_, 101.94, 233.92, 0.00327742
_11063_, 101.94, 233.92, 0.00327742
_11065_, 101.94, 233.92, 0.00327742
_14239_, 101.94, 233.92, 0.00327742
_14240_, 101.94, 233.92, 0.00327742
ANTENNA__08298__B1, 101.94, 233.92, 0.00327742
FILLER_0_81_201, 101.94, 233.92, 0.00327742
FILLER_0_82_197, 101.94, 233.92, 0.00327742
FILLER_0_83_219, 101.94, 233.92, 0.00327742
_11273_, 114.74, 233.92, 0.00324766
_11274_, 114.74, 233.92, 0.00324766
_11277_, 114.74, 233.92, 0.00324766
_14336_, 114.74, 233.92, 0.00324766
ANTENNA__11065__S, 114.74, 233.92, 0.00324766
FILLER_0_81_225, 114.74, 233.92, 0.00324766
FILLER_0_81_230, 114.74, 233.92, 0.00324766
_11060_, 127.54, 233.92, 0.00321041
_11272_, 127.54, 233.92, 0.00321041
_14238_, 127.54, 233.92, 0.00321041
ANTENNA__08157__A2, 127.54, 233.92, 0.00321041
ANTENNA__08157__B1, 127.54, 233.92, 0.00321041
ANTENNA__11274__S, 127.54, 233.92, 0.00321041
ANTENNA__11272__S, 127.54, 233.92, 0.00321041
FILLER_0_81_262, 127.54, 233.92, 0.00321041
_11059_, 140.34, 233.92, 0.00316676
_11271_, 140.34, 233.92, 0.00316676
_11333_, 140.34, 233.92, 0.00316676
_11346_, 140.34, 233.92, 0.00316676
_14363_, 140.34, 233.92, 0.00316676
ANTENNA__08156__B1, 140.34, 233.92, 0.00316676
ANTENNA__08012__B1, 140.34, 233.92, 0.00316676
ANTENNA__11346__A1, 140.34, 233.92, 0.00316676
ANTENNA__11346__S, 140.34, 233.92, 0.00316676
FILLER_0_82_301, 140.34, 233.92, 0.00316676
FILLER_0_83_295, 140.34, 233.92, 0.00316676
_08013_, 153.14, 233.92, 0.00311446
_11051_, 153.14, 233.92, 0.00311446
_11265_, 153.14, 233.92, 0.00311446
_14331_, 153.14, 233.92, 0.00311446
ANTENNA__08013__A2, 153.14, 233.92, 0.00311446
ANTENNA__08013__B1, 153.14, 233.92, 0.00311446
FILLER_0_82_328, 153.14, 233.92, 0.00311446
FILLER_0_82_334, 153.14, 233.92, 0.00311446
_11330_, 165.94, 233.92, 0.00305507
_11349_, 165.94, 233.92, 0.00305507
_11351_, 165.94, 233.92, 0.00305507
_14371_, 165.94, 233.92, 0.00305507
ANTENNA__11330__A1, 165.94, 233.92, 0.00305507
ANTENNA__11330__S, 165.94, 233.92, 0.00305507
FILLER_0_82_342, 165.94, 233.92, 0.00305507
FILLER_0_83_362, 165.94, 233.92, 0.00305507
_06862_, 191.54, 233.92, 0.00305404
_08007_, 191.54, 233.92, 0.00305404
_08008_, 191.54, 233.92, 0.00305404
_11261_, 191.54, 233.92, 0.00305404
_11282_, 191.54, 233.92, 0.00305404
FILLER_0_82_404, 191.54, 233.92, 0.00305404
_09650_, 204.34, 233.92, 0.00311184
_09651_, 204.34, 233.92, 0.00311184
_11420_, 204.34, 233.92, 0.00311184
_13605_, 204.34, 233.92, 0.00311184
_14405_, 204.34, 233.92, 0.00311184
ANTENNA__08008__A, 204.34, 233.92, 0.00311184
ANTENNA__08439__B1, 204.34, 233.92, 0.00311184
ANTENNA__09071__A0, 204.34, 233.92, 0.00311184
FILLER_0_82_421, 204.34, 233.92, 0.00311184
FILLER_0_83_443, 204.34, 233.92, 0.00311184
_06717_, 217.14, 233.92, 0.00315696
_06721_, 217.14, 233.92, 0.00315696
_08472_, 217.14, 233.92, 0.00315696
_09859_, 217.14, 233.92, 0.00315696
_09861_, 217.14, 233.92, 0.00315696
_14373_, 217.14, 233.92, 0.00315696
ANTENNA__08485__A2, 217.14, 233.92, 0.00315696
FILLER_0_83_467, 217.14, 233.92, 0.00315696
_08486_, 229.94, 233.92, 0.0031909
_11081_, 229.94, 233.92, 0.0031909
_11284_, 229.94, 233.92, 0.0031909
_11285_, 229.94, 233.92, 0.0031909
clkbuf_leaf_14_wclk, 229.94, 233.92, 0.0031909
ANTENNA__09718__S, 229.94, 233.92, 0.0031909
FILLER_0_83_497, 229.94, 233.92, 0.0031909
_08484_, 242.74, 233.92, 0.00319598
_08487_, 242.74, 233.92, 0.00319598
_09581_, 242.74, 233.92, 0.00319598
_13573_, 242.74, 233.92, 0.00319598
_13798_, 242.74, 233.92, 0.00319598
ANTENNA__08486__A2, 242.74, 233.92, 0.00319598
_06758_, 255.54, 233.92, 0.00318815
_06764_, 255.54, 233.92, 0.00318815
_06768_, 255.54, 233.92, 0.00318815
_10132_, 255.54, 233.92, 0.00318815
_10134_, 255.54, 233.92, 0.00318815
_13830_, 255.54, 233.92, 0.00318815
ANTENNA__06758__A2, 255.54, 233.92, 0.00318815
ANTENNA__06855__A, 255.54, 233.92, 0.00318815
ANTENNA__06768__A2, 255.54, 233.92, 0.00318815
ANTENNA__07459__A, 255.54, 233.92, 0.00318815
ANTENNA__07343__A2, 255.54, 233.92, 0.00318815
_06765_, 268.34, 233.92, 0.00317358
_06895_, 268.34, 233.92, 0.00317358
_09721_, 268.34, 233.92, 0.00317358
_09858_, 268.34, 233.92, 0.00317358
_10063_, 268.34, 233.92, 0.00317358
_10983_, 268.34, 233.92, 0.00317358
_12474_, 268.34, 233.92, 0.00317358
FILLER_0_83_582, 268.34, 233.92, 0.00317358
_09207_, 281.14, 233.92, 0.00315454
_09276_, 281.14, 233.92, 0.00315454
_09790_, 281.14, 233.92, 0.00315454
_09927_, 281.14, 233.92, 0.00315454
_10503_, 281.14, 233.92, 0.00315454
_11862_, 281.14, 233.92, 0.00315454
ANTENNA__06768__B1, 281.14, 233.92, 0.00315454
_09277_, 293.94, 233.92, 0.00312638
_09377_, 293.94, 233.92, 0.00312638
_09516_, 293.94, 233.92, 0.00312638
_09584_, 293.94, 233.92, 0.00312638
_10707_, 293.94, 233.92, 0.00312638
_10844_, 293.94, 233.92, 0.00312638
_11794_, 293.94, 233.92, 0.00312638
ANTENNA__10843__C_N, 293.94, 233.92, 0.00312638
_06902_, 306.74, 233.92, 0.00309234
_11015_, 306.74, 233.92, 0.00309234
_11220_, 306.74, 233.92, 0.00309234
_11221_, 306.74, 233.92, 0.00309234
_11289_, 306.74, 233.92, 0.00309234
_14342_, 306.74, 233.92, 0.00309234
_06904_, 319.54, 233.92, 0.00304729
_06905_, 319.54, 233.92, 0.00304729
_07358_, 319.54, 233.92, 0.00304729
_09447_, 319.54, 233.92, 0.00304729
_09653_, 319.54, 233.92, 0.00304729
_11309_, 319.54, 233.92, 0.00304729
_11310_, 319.54, 233.92, 0.00304729
ANTENNA__09516__A, 319.54, 233.92, 0.00304729
ANTENNA__11015__A, 319.54, 233.92, 0.00304729
FILLER_0_81_669, 319.54, 233.92, 0.00304729
_07846_, 345.14, 233.92, 0.00306123
_11756_, 345.14, 233.92, 0.00306123
_12584_, 345.14, 233.92, 0.00306123
_14360_, 345.14, 233.92, 0.00306123
ANTENNA__12583__S, 345.14, 233.92, 0.00306123
ANTENNA__12583__A0, 345.14, 233.92, 0.00306123
ANTENNA__07839__A2, 345.14, 233.92, 0.00306123
ANTENNA__07839__B1, 345.14, 233.92, 0.00306123
ANTENNA__09654__S, 345.14, 233.92, 0.00306123
ANTENNA__11259__S, 345.14, 233.92, 0.00306123
ANTENNA__11308__A, 345.14, 233.92, 0.00306123
ANTENNA__12243__A1, 345.14, 233.92, 0.00306123
ANTENNA__12243__S, 345.14, 233.92, 0.00306123
_11325_, 357.94, 233.92, 0.00311858
_12309_, 357.94, 233.92, 0.00311858
_14354_, 357.94, 233.92, 0.00311858
ANTENNA__12311__S, 357.94, 233.92, 0.00311858
ANTENNA__11325__A1, 357.94, 233.92, 0.00311858
ANTENNA__11327__A1, 357.94, 233.92, 0.00311858
ANTENNA_clkbuf_leaf_110_wclk_A, 357.94, 233.92, 0.00311858
FILLER_0_81_757, 357.94, 233.92, 0.00311858
_11311_, 370.74, 233.92, 0.00316908
_14353_, 370.74, 233.92, 0.00316908
ANTENNA__11022__S, 370.74, 233.92, 0.00316908
ANTENNA__11313__A1, 370.74, 233.92, 0.00316908
FILLER_0_81_781, 370.74, 233.92, 0.00316908
FILLER_0_82_786, 370.74, 233.92, 0.00316908
FILLER_0_82_796, 370.74, 233.92, 0.00316908
_11320_, 383.54, 233.92, 0.00321356
_14357_, 383.54, 233.92, 0.00321356
ANTENNA__11311__A1, 383.54, 233.92, 0.00321356
FILLER_0_81_819, 383.54, 233.92, 0.00321356
FILLER_0_82_809, 383.54, 233.92, 0.00321356
FILLER_0_82_833, 383.54, 233.92, 0.00321356
FILLER_0_83_830, 383.54, 233.92, 0.00321356
_11315_, 396.34, 233.92, 0.00325234
_11321_, 396.34, 233.92, 0.00325234
_14321_, 396.34, 233.92, 0.00325234
_14358_, 396.34, 233.92, 0.00325234
_11252_, 409.14, 233.92, 0.00327911
_12301_, 409.14, 233.92, 0.00327911
_14548_, 409.14, 233.92, 0.00327911
ANTENNA__12301__S, 409.14, 233.92, 0.00327911
ANTENNA__11031__S, 409.14, 233.92, 0.00327911
ANTENNA__11243__A1, 409.14, 233.92, 0.00327911
ANTENNA__11028__A1, 409.14, 233.92, 0.00327911
ANTENNA__11243__S, 409.14, 233.92, 0.00327911
FILLER_0_81_865, 409.14, 233.92, 0.00327911
FILLER_0_82_873, 409.14, 233.92, 0.00327911
FILLER_0_83_878, 409.14, 233.92, 0.00327911
ANTENNA__12301__A0, 421.94, 233.92, 0.0032998
ANTENNA__07598__A2, 421.94, 233.92, 0.0032998
ANTENNA__07705__B1, 421.94, 233.92, 0.0032998
ANTENNA__11034__S, 421.94, 233.92, 0.0032998
ANTENNA__11034__A1, 421.94, 233.92, 0.0032998
ANTENNA__11253__S, 421.94, 233.92, 0.0032998
ANTENNA__06628__A, 421.94, 233.92, 0.0032998
FILLER_0_82_892, 421.94, 233.92, 0.0032998
FILLER_0_82_897, 421.94, 233.92, 0.0032998
FILLER_0_82_915, 421.94, 233.92, 0.0032998
_12300_, 434.74, 233.92, 0.00332048
_14547_, 434.74, 233.92, 0.00332048
_14803_, 434.74, 233.92, 0.00332048
ANTENNA__12299__A0, 434.74, 233.92, 0.00332048
ANTENNA__12229__A1, 434.74, 233.92, 0.00332048
FILLER_0_83_937, 434.74, 233.92, 0.00332048
_14929_, 447.54, 233.92, 0.00333122
ANTENNA__12307__A0, 447.54, 233.92, 0.00333122
ANTENNA__11737__S, 447.54, 233.92, 0.00333122
ANTENNA__11737__A1, 447.54, 233.92, 0.00333122
ANTENNA__12227__S, 447.54, 233.92, 0.00333122
FILLER_0_81_949, 447.54, 233.92, 0.00333122
FILLER_0_81_957, 447.54, 233.92, 0.00333122
FILLER_0_82_949, 447.54, 233.92, 0.00333122
_12234_, 460.34, 233.92, 0.0033372
_12573_, 460.34, 233.92, 0.0033372
_12574_, 460.34, 233.92, 0.0033372
_14932_, 460.34, 233.92, 0.0033372
FILLER_0_81_976, 460.34, 233.92, 0.0033372
FILLER_0_81_982, 460.34, 233.92, 0.0033372
FILLER_0_82_998, 460.34, 233.92, 0.0033372
_07690_, 473.14, 233.92, 0.00333567
_12231_, 473.14, 233.92, 0.00333567
_12236_, 473.14, 233.92, 0.00333567
_14773_, 473.14, 233.92, 0.00333567
ANTENNA__07690__A2, 473.14, 233.92, 0.00333567
ANTENNA__07642__A2, 473.14, 233.92, 0.00333567
ANTENNA__07690__B1, 473.14, 233.92, 0.00333567
ANTENNA__12231__S, 473.14, 233.92, 0.00333567
FILLER_0_81_1016, 473.14, 233.92, 0.00333567
FILLER_0_82_1009, 473.14, 233.92, 0.00333567
PHY_158, 5.52, 228.48, 0.0031928
PHY_160, 5.52, 228.48, 0.0031928
input30, 5.52, 228.48, 0.0031928
PHY_159, 494.04, 228.48, 0.0032034
PHY_161, 494.04, 228.48, 0.0032034
ANTENNA__12575__A0, 494.04, 228.48, 0.0032034
ANTENNA__07787__B1, 494.04, 228.48, 0.0032034
_08283_, 37.94, 228.48, 0.00320595
_12257_, 37.94, 228.48, 0.00320595
_12592_, 37.94, 228.48, 0.00320595
_12593_, 37.94, 228.48, 0.00320595
_12597_, 37.94, 228.48, 0.00320595
_14941_, 37.94, 228.48, 0.00320595
ANTENNA__08283__B1, 37.94, 228.48, 0.00320595
ANTENNA__12260__S, 37.94, 228.48, 0.00320595
FILLER_0_80_75, 37.94, 228.48, 0.00320595
_08189_, 50.74, 228.48, 0.00321349
_08236_, 50.74, 228.48, 0.00321349
_12256_, 50.74, 228.48, 0.00321349
_12594_, 50.74, 228.48, 0.00321349
_14783_, 50.74, 228.48, 0.00321349
ANTENNA__12594__S, 50.74, 228.48, 0.00321349
FILLER_0_80_103, 50.74, 228.48, 0.00321349
_12590_, 63.54, 228.48, 0.00321394
_12595_, 63.54, 228.48, 0.00321394
_14780_, 63.54, 228.48, 0.00321394
_14940_, 63.54, 228.48, 0.00321394
ANTENNA__12590__A0, 63.54, 228.48, 0.00321394
FILLER_0_80_137, 63.54, 228.48, 0.00321394
_07976_, 76.34, 228.48, 0.00320316
_12248_, 76.34, 228.48, 0.00320316
_12249_, 76.34, 228.48, 0.00320316
_12588_, 76.34, 228.48, 0.00320316
_14939_, 76.34, 228.48, 0.00320316
ANTENNA__12250__S, 76.34, 228.48, 0.00320316
FILLER_0_81_165, 76.34, 228.48, 0.00320316
_11342_, 89.14, 228.48, 0.00318468
_12589_, 89.14, 228.48, 0.00318468
_14369_, 89.14, 228.48, 0.00318468
ANTENNA__12588__S, 89.14, 228.48, 0.00318468
ANTENNA__12588__A0, 89.14, 228.48, 0.00318468
ANTENNA__07976__B1, 89.14, 228.48, 0.00318468
ANTENNA__12262__S, 89.14, 228.48, 0.00318468
FILLER_0_80_193, 89.14, 228.48, 0.00318468
ANTENNA__12328__S, 101.94, 228.48, 0.00315934
ANTENNA__08250__A2, 101.94, 228.48, 0.00315934
ANTENNA__08203__A2, 101.94, 228.48, 0.00315934
ANTENNA__08250__B1, 101.94, 228.48, 0.00315934
ANTENNA__08297__C1, 101.94, 228.48, 0.00315934
ANTENNA__08250__C1, 101.94, 228.48, 0.00315934
ANTENNA__11336__A1, 101.94, 228.48, 0.00315934
ANTENNA__11062__A1, 101.94, 228.48, 0.00315934
ANTENNA__11342__S, 101.94, 228.48, 0.00315934
FILLER_0_80_197, 101.94, 228.48, 0.00315934
FILLER_0_80_210, 101.94, 228.48, 0.00315934
FILLER_0_80_217, 101.94, 228.48, 0.00315934
_14241_, 114.74, 228.48, 0.003134
_14335_, 114.74, 228.48, 0.003134
clkbuf_leaf_5_wclk, 114.74, 228.48, 0.003134
ANTENNA__11062__S, 114.74, 228.48, 0.003134
ANTENNA__11274__A1, 114.74, 228.48, 0.003134
FILLER_0_80_227, 114.74, 228.48, 0.003134
_11270_, 127.54, 228.48, 0.00308015
_14334_, 127.54, 228.48, 0.00308015
ANTENNA__11068__S, 127.54, 228.48, 0.00308015
ANTENNA__11270__A1, 127.54, 228.48, 0.00308015
ANTENNA__11068__A1, 127.54, 228.48, 0.00308015
FILLER_0_80_265, 127.54, 228.48, 0.00308015
_11332_, 140.34, 228.48, 0.00302043
_14235_, 140.34, 228.48, 0.00302043
ANTENNA__12330__A0, 140.34, 228.48, 0.00302043
ANTENNA__11059__S, 140.34, 228.48, 0.00302043
ANTENNA__11059__A1, 140.34, 228.48, 0.00302043
ANTENNA__11270__S, 140.34, 228.48, 0.00302043
ANTENNA__11332__S, 140.34, 228.48, 0.00302043
FILLER_0_79_289, 140.34, 228.48, 0.00302043
_11050_, 153.14, 228.48, 0.0029548
ANTENNA__12322__A0, 153.14, 228.48, 0.0029548
ANTENNA__11050__S, 153.14, 228.48, 0.0029548
ANTENNA__11264__A1, 153.14, 228.48, 0.0029548
ANTENNA__11050__A1, 153.14, 228.48, 0.0029548
ANTENNA__11348__A1, 153.14, 228.48, 0.0029548
ANTENNA__11348__S, 153.14, 228.48, 0.0029548
ANTENNA__11771__A1, 153.14, 228.48, 0.0029548
FILLER_0_79_313, 153.14, 228.48, 0.0029548
FILLER_0_80_326, 153.14, 228.48, 0.0029548
FILLER_0_81_326, 153.14, 228.48, 0.0029548
_11331_, 165.94, 228.48, 0.00288812
_11348_, 165.94, 228.48, 0.00288812
_12246_, 165.94, 228.48, 0.00288812
_12247_, 165.94, 228.48, 0.00288812
_12586_, 165.94, 228.48, 0.00288812
_14938_, 165.94, 228.48, 0.00288812
ANTENNA__12586__A0, 165.94, 228.48, 0.00288812
ANTENNA__11330__A0, 165.94, 228.48, 0.00288812
FILLER_0_80_361, 165.94, 228.48, 0.00288812
FILLER_0_81_358, 165.94, 228.48, 0.00288812
_11357_, 191.54, 228.48, 0.00288233
_12475_, 191.54, 228.48, 0.00288233
_14886_, 191.54, 228.48, 0.00288233
ANTENNA__08007__A, 191.54, 228.48, 0.00288233
ANTENNA__08011__A, 191.54, 228.48, 0.00288233
ANTENNA__08439__A2, 191.54, 228.48, 0.00288233
ANTENNA__08438__C1, 191.54, 228.48, 0.00288233
ANTENNA__11261__A, 191.54, 228.48, 0.00288233
ANTENNA__11356__S, 191.54, 228.48, 0.00288233
FILLER_0_80_391, 191.54, 228.48, 0.00288233
FILLER_0_80_415, 191.54, 228.48, 0.00288233
FILLER_0_81_413, 191.54, 228.48, 0.00288233
_07893_, 204.34, 228.48, 0.00294682
_09585_, 204.34, 228.48, 0.00294682
_11356_, 204.34, 228.48, 0.00294682
_13702_, 204.34, 228.48, 0.00294682
ANTENNA__09859__A, 204.34, 228.48, 0.00294682
ANTENNA__11356__A1, 204.34, 228.48, 0.00294682
FILLER_0_79_426, 204.34, 228.48, 0.00294682
FILLER_0_79_432, 204.34, 228.48, 0.00294682
FILLER_0_81_443, 204.34, 228.48, 0.00294682
_09860_, 217.14, 228.48, 0.00300438
_11352_, 217.14, 228.48, 0.00300438
_11353_, 217.14, 228.48, 0.00300438
ANTENNA__11352__A1, 217.14, 228.48, 0.00300438
ANTENNA__11352__S, 217.14, 228.48, 0.00300438
ANTENNA_clkbuf_leaf_14_wclk_A, 217.14, 228.48, 0.00300438
FILLER_0_79_458, 217.14, 228.48, 0.00300438
_11080_, 229.94, 228.48, 0.00305907
_14245_, 229.94, 228.48, 0.00305907
_14341_, 229.94, 228.48, 0.00305907
ANTENNA__08486__B1, 229.94, 228.48, 0.00305907
ANTENNA__11284__A1, 229.94, 228.48, 0.00305907
_10064_, 242.74, 228.48, 0.00310308
_10065_, 242.74, 228.48, 0.00310308
_10066_, 242.74, 228.48, 0.00310308
ANTENNA__10065__A1, 242.74, 228.48, 0.00310308
ANTENNA__08484__B1, 242.74, 228.48, 0.00310308
ANTENNA__10064__A, 242.74, 228.48, 0.00310308
ANTENNA__11080__S, 242.74, 228.48, 0.00310308
FILLER_0_79_505, 242.74, 228.48, 0.00310308
FILLER_0_79_515, 242.74, 228.48, 0.00310308
FILLER_0_80_504, 242.74, 228.48, 0.00310308
FILLER_0_80_525, 242.74, 228.48, 0.00310308
_06729_, 255.54, 228.48, 0.00314494
_10133_, 255.54, 228.48, 0.00314494
clkbuf_0_wclk, 255.54, 228.48, 0.00314494
ANTENNA__06764__A, 255.54, 228.48, 0.00314494
ANTENNA_10, 255.54, 228.48, 0.00314494
FILLER_0_80_533, 255.54, 228.48, 0.00314494
_06755_, 268.34, 228.48, 0.00310723
_10131_, 268.34, 228.48, 0.00310723
_10299_, 268.34, 228.48, 0.00310723
_10914_, 268.34, 228.48, 0.00310723
_11422_, 268.34, 228.48, 0.00310723
ANTENNA_11, 268.34, 228.48, 0.00310723
FILLER_0_80_566, 268.34, 228.48, 0.00310723
FILLER_0_81_584, 268.34, 228.48, 0.00310723
_09926_, 281.14, 228.48, 0.00306836
_10367_, 281.14, 228.48, 0.00306836
_12950_, 281.14, 228.48, 0.00306836
ANTENNA__09583__C, 281.14, 228.48, 0.00306836
ANTENNA__06755__B1, 281.14, 228.48, 0.00306836
ANTENNA__06765__B1, 281.14, 228.48, 0.00306836
ANTENNA__10132__A, 281.14, 228.48, 0.00306836
_10639_, 293.94, 228.48, 0.00302314
_12814_, 293.94, 228.48, 0.00302314
_14214_, 293.94, 228.48, 0.00302314
_14310_, 293.94, 228.48, 0.00302314
ANTENNA__12407__A, 293.94, 228.48, 0.00302314
ANTENNA__10843__B, 293.94, 228.48, 0.00302314
_10984_, 306.74, 228.48, 0.00296564
_10985_, 306.74, 228.48, 0.00296564
_11219_, 306.74, 228.48, 0.00296564
_11287_, 306.74, 228.48, 0.00296564
_11288_, 306.74, 228.48, 0.00296564
_14800_, 306.74, 228.48, 0.00296564
_06744_, 319.54, 228.48, 0.00290006
_08864_, 319.54, 228.48, 0.00290006
_09654_, 319.54, 228.48, 0.00290006
_11308_, 319.54, 228.48, 0.00290006
_13606_, 319.54, 228.48, 0.00290006
FILLER_0_79_682, 319.54, 228.48, 0.00290006
_12311_, 345.14, 228.48, 0.00289273
_14553_, 345.14, 228.48, 0.00289273
ANTENNA__06903__A, 345.14, 228.48, 0.00289273
ANTENNA__07846__A2, 345.14, 228.48, 0.00289273
ANTENNA__07846__B1, 345.14, 228.48, 0.00289273
_07793_, 357.94, 228.48, 0.00295302
_12310_, 357.94, 228.48, 0.00295302
_14552_, 357.94, 228.48, 0.00295302
_14808_, 357.94, 228.48, 0.00295302
ANTENNA__12309__S, 357.94, 228.48, 0.00295302
ANTENNA__12309__A0, 357.94, 228.48, 0.00295302
ANTENNA__07793__A2, 357.94, 228.48, 0.00295302
_11734_, 370.74, 228.48, 0.00300314
_11735_, 370.74, 228.48, 0.00300314
_11753_, 370.74, 228.48, 0.00300314
_12298_, 370.74, 228.48, 0.00300314
_14546_, 370.74, 228.48, 0.00300314
ANTENNA__12297__S, 370.74, 228.48, 0.00300314
ANTENNA__07793__B1, 370.74, 228.48, 0.00300314
ANTENNA__11734__S, 370.74, 228.48, 0.00300314
ANTENNA__11752__A1, 370.74, 228.48, 0.00300314
FILLER_0_79_785, 370.74, 228.48, 0.00300314
FILLER_0_80_789, 370.74, 228.48, 0.00300314
FILLER_0_81_797, 370.74, 228.48, 0.00300314
_07502_, 383.54, 228.48, 0.00304615
_11319_, 383.54, 228.48, 0.00304615
ANTENNA__07502__A2, 383.54, 228.48, 0.00304615
ANTENNA__07502__B1, 383.54, 228.48, 0.00304615
ANTENNA__11319__A1, 383.54, 228.48, 0.00304615
ANTENNA__11734__A1, 383.54, 228.48, 0.00304615
FILLER_0_80_833, 383.54, 228.48, 0.00304615
FILLER_0_81_835, 383.54, 228.48, 0.00304615
_06620_, 396.34, 228.48, 0.00308754
_07436_, 396.34, 228.48, 0.00308754
ANTENNA__12295__S, 396.34, 228.48, 0.00308754
ANTENNA__06620__S, 396.34, 228.48, 0.00308754
ANTENNA__06620__A1, 396.34, 228.48, 0.00308754
ANTENNA__07436__B, 396.34, 228.48, 0.00308754
ANTENNA__07436__C, 396.34, 228.48, 0.00308754
ANTENNA__11315__A1, 396.34, 228.48, 0.00308754
ANTENNA__11321__A1, 396.34, 228.48, 0.00308754
FILLER_0_81_856, 396.34, 228.48, 0.00308754
_11741_, 409.14, 228.48, 0.00312783
_12302_, 409.14, 228.48, 0.00312783
_13032_, 409.14, 228.48, 0.00312783
_14804_, 409.14, 228.48, 0.00312783
ANTENNA__07437__A2, 409.14, 228.48, 0.00312783
ANTENNA__11740__A1, 409.14, 228.48, 0.00312783
FILLER_0_80_869, 409.14, 228.48, 0.00312783
_07598_, 421.94, 228.48, 0.00315733
_11738_, 421.94, 228.48, 0.00315733
_13031_, 421.94, 228.48, 0.00315733
ANTENNA__12299__S, 421.94, 228.48, 0.00315733
ANTENNA__07597__C, 421.94, 228.48, 0.00315733
ANTENNA__07598__B1, 421.94, 228.48, 0.00315733
ANTENNA__11740__S, 421.94, 228.48, 0.00315733
_07549_, 434.74, 228.48, 0.00318118
_07550_, 434.74, 228.48, 0.00318118
_07743_, 434.74, 228.48, 0.00318118
_11737_, 434.74, 228.48, 0.00318118
_12299_, 434.74, 228.48, 0.00318118
_12308_, 434.74, 228.48, 0.00318118
_14807_, 434.74, 228.48, 0.00318118
_11750_, 447.54, 228.48, 0.00319649
_12568_, 447.54, 228.48, 0.00319649
_14551_, 447.54, 228.48, 0.00319649
ANTENNA__12307__S, 447.54, 228.48, 0.00319649
FILLER_0_80_974, 447.54, 228.48, 0.00319649
FILLER_0_81_968, 447.54, 228.48, 0.00319649
_12027_, 460.34, 228.48, 0.00320606
_12238_, 460.34, 228.48, 0.00320606
_12578_, 460.34, 228.48, 0.00320606
_14774_, 460.34, 228.48, 0.00320606
ANTENNA__12573__S, 460.34, 228.48, 0.00320606
ANTENNA__12027__S, 460.34, 228.48, 0.00320606
FILLER_0_81_992, 460.34, 228.48, 0.00320606
_07737_, 473.14, 228.48, 0.00320831
_12235_, 473.14, 228.48, 0.00320831
_12577_, 473.14, 228.48, 0.00320831
_14934_, 473.14, 228.48, 0.00320831
ANTENNA__12235__S, 473.14, 228.48, 0.00320831
PHY_154, 5.52, 223.04, 0.00306596
PHY_156, 5.52, 223.04, 0.00306596
PHY_155, 494.04, 223.04, 0.00309662
PHY_157, 494.04, 223.04, 0.00309662
ANTENNA__06625__A, 494.04, 223.04, 0.00309662
ANTENNA__06640__A, 494.04, 223.04, 0.00309662
_12265_, 37.94, 223.04, 0.00307577
_12604_, 37.94, 223.04, 0.00307577
_12605_, 37.94, 223.04, 0.00307577
ANTENNA__12592__S, 37.94, 223.04, 0.00307577
ANTENNA__12592__A0, 37.94, 223.04, 0.00307577
ANTENNA__08377__A2, 37.94, 223.04, 0.00307577
ANTENNA__08283__A2, 37.94, 223.04, 0.00307577
ANTENNA__08236__A2, 37.94, 223.04, 0.00307577
ANTENNA__08377__B1, 37.94, 223.04, 0.00307577
ANTENNA__08236__B1, 37.94, 223.04, 0.00307577
FILLER_0_78_63, 37.94, 223.04, 0.00307577
_12599_, 50.74, 223.04, 0.00308301
_14942_, 50.74, 223.04, 0.00308301
clkbuf_leaf_2_wclk, 50.74, 223.04, 0.00308301
ANTENNA__12256__A1, 50.74, 223.04, 0.00308301
ANTENNA__12256__S, 50.74, 223.04, 0.00308301
ANTENNA_clkbuf_leaf_2_wclk_A, 50.74, 223.04, 0.00308301
_08142_, 63.54, 223.04, 0.00306398
_12250_, 63.54, 223.04, 0.00306398
_14782_, 63.54, 223.04, 0.00306398
ANTENNA__08142__B1, 63.54, 223.04, 0.00306398
FILLER_0_78_137, 63.54, 223.04, 0.00306398
_12262_, 76.34, 223.04, 0.0030388
_12263_, 76.34, 223.04, 0.0030388
_14786_, 76.34, 223.04, 0.0030388
ANTENNA__07976__A2, 76.34, 223.04, 0.0030388
ANTENNA__12248__A1, 76.34, 223.04, 0.0030388
ANTENNA__12250__A1, 76.34, 223.04, 0.0030388
ANTENNA__12248__S, 76.34, 223.04, 0.0030388
FILLER_0_77_147, 76.34, 223.04, 0.0030388
FILLER_0_78_145, 76.34, 223.04, 0.0030388
FILLER_0_78_162, 76.34, 223.04, 0.0030388
FILLER_0_79_160, 76.34, 223.04, 0.0030388
_08330_, 89.14, 223.04, 0.00300713
_12602_, 89.14, 223.04, 0.00300713
_12603_, 89.14, 223.04, 0.00300713
ANTENNA__12328__A0, 89.14, 223.04, 0.00300713
ANTENNA__08330__A2, 89.14, 223.04, 0.00300713
ANTENNA__08330__B1, 89.14, 223.04, 0.00300713
ANTENNA__11344__S, 89.14, 223.04, 0.00300713
ANTENNA__12262__A1, 89.14, 223.04, 0.00300713
FILLER_0_78_189, 89.14, 223.04, 0.00300713
FILLER_0_79_185, 89.14, 223.04, 0.00300713
FILLER_0_79_193, 89.14, 223.04, 0.00300713
_12327_, 101.94, 223.04, 0.00297332
_12328_, 101.94, 223.04, 0.00297332
_14560_, 101.94, 223.04, 0.00297332
_14816_, 101.94, 223.04, 0.00297332
ANTENNA__08242__A2, 101.94, 223.04, 0.00297332
ANTENNA__08297__B1, 101.94, 223.04, 0.00297332
ANTENNA__11065__A1, 101.94, 223.04, 0.00297332
ANTENNA__11777__A1, 101.94, 223.04, 0.00297332
ANTENNA_clkbuf_leaf_5_wclk_A, 101.94, 223.04, 0.00297332
FILLER_0_78_197, 101.94, 223.04, 0.00297332
FILLER_0_78_212, 101.94, 223.04, 0.00297332
FILLER_0_79_219, 101.94, 223.04, 0.00297332
_11068_, 114.74, 223.04, 0.00292872
_11777_, 114.74, 223.04, 0.00292872
_12318_, 114.74, 223.04, 0.00292872
_14812_, 114.74, 223.04, 0.00292872
FILLER_0_78_237, 114.74, 223.04, 0.00292872
FILLER_0_78_249, 114.74, 223.04, 0.00292872
_11784_, 127.54, 223.04, 0.00287629
_12319_, 127.54, 223.04, 0.00287629
_12330_, 127.54, 223.04, 0.00287629
_12331_, 127.54, 223.04, 0.00287629
_14562_, 127.54, 223.04, 0.00287629
ANTENNA__12318__S, 127.54, 223.04, 0.00287629
ANTENNA__12318__A0, 127.54, 223.04, 0.00287629
ANTENNA__08053__A2, 127.54, 223.04, 0.00287629
FILLER_0_77_255, 127.54, 223.04, 0.00287629
FILLER_0_78_261, 127.54, 223.04, 0.00287629
FILLER_0_79_274, 127.54, 223.04, 0.00287629
_08336_, 140.34, 223.04, 0.00281651
_11783_, 140.34, 223.04, 0.00281651
ANTENNA__12330__S, 140.34, 223.04, 0.00281651
ANTENNA__08336__A2, 140.34, 223.04, 0.00281651
ANTENNA__08336__B1, 140.34, 223.04, 0.00281651
ANTENNA__11332__A1, 140.34, 223.04, 0.00281651
ANTENNA__11783__A1, 140.34, 223.04, 0.00281651
FILLER_0_78_301, 140.34, 223.04, 0.00281651
_07807_, 153.14, 223.04, 0.00275529
_08148_, 153.14, 223.04, 0.00275529
_11771_, 153.14, 223.04, 0.00275529
_12322_, 153.14, 223.04, 0.00275529
ANTENNA__12322__S, 153.14, 223.04, 0.00275529
ANTENNA__07807__A, 153.14, 223.04, 0.00275529
ANTENNA__08148__B1, 153.14, 223.04, 0.00275529
ANTENNA__12246__A1, 153.14, 223.04, 0.00275529
FILLER_0_79_330, 153.14, 223.04, 0.00275529
_11070_, 165.94, 223.04, 0.00268412
_14778_, 165.94, 223.04, 0.00268412
ANTENNA__12586__S, 165.94, 223.04, 0.00268412
ANTENNA__11070__A, 165.94, 223.04, 0.00268412
FILLER_0_77_337, 165.94, 223.04, 0.00268412
FILLER_0_77_344, 165.94, 223.04, 0.00268412
FILLER_0_78_358, 165.94, 223.04, 0.00268412
_07974_, 191.54, 223.04, 0.00265302
_12476_, 191.54, 223.04, 0.00265302
_14374_, 191.54, 223.04, 0.00265302
_14918_, 191.54, 223.04, 0.00265302
ANTENNA__12475__A, 191.54, 223.04, 0.00265302
ANTENNA__12608__S, 191.54, 223.04, 0.00265302
ANTENNA__08513__A1, 191.54, 223.04, 0.00265302
_06718_, 204.34, 223.04, 0.00268838
_08513_, 204.34, 223.04, 0.00268838
_12608_, 204.34, 223.04, 0.00268838
ANTENNA__08513__A2, 204.34, 223.04, 0.00268838
ANTENNA__12608__A0, 204.34, 223.04, 0.00268838
ANTENNA__07423__A, 204.34, 223.04, 0.00268838
ANTENNA__07893__A2, 204.34, 223.04, 0.00268838
ANTENNA__07893__B1, 204.34, 223.04, 0.00268838
ANTENNA__08513__B2, 204.34, 223.04, 0.00268838
ANTENNA__09650__A0, 204.34, 223.04, 0.00268838
ANTENNA__09585__A, 204.34, 223.04, 0.00268838
FILLER_0_78_421, 204.34, 223.04, 0.00268838
_06724_, 217.14, 223.04, 0.00271886
_06730_, 217.14, 223.04, 0.00271886
_07423_, 217.14, 223.04, 0.00271886
_09587_, 217.14, 223.04, 0.00271886
_13574_, 217.14, 223.04, 0.00271886
ANTENNA__06717__B, 217.14, 223.04, 0.00271886
ANTENNA__06717__A, 217.14, 223.04, 0.00271886
ANTENNA__06724__B1, 217.14, 223.04, 0.00271886
ANTENNA__09860__S, 217.14, 223.04, 0.00271886
FILLER_0_78_450, 217.14, 223.04, 0.00271886
FILLER_0_78_467, 217.14, 223.04, 0.00271886
_11789_, 229.94, 223.04, 0.00274036
_12334_, 229.94, 223.04, 0.00274036
_12335_, 229.94, 223.04, 0.00274036
ANTENNA__08430__A2, 229.94, 223.04, 0.00274036
ANTENNA__09860__A0, 229.94, 223.04, 0.00274036
ANTENNA__11080__A1, 229.94, 223.04, 0.00274036
ANTENNA__11284__S, 229.94, 223.04, 0.00274036
ANTENNA__11789__A1, 229.94, 223.04, 0.00274036
FILLER_0_78_477, 229.94, 223.04, 0.00274036
FILLER_0_78_486, 229.94, 223.04, 0.00274036
FILLER_0_78_495, 229.94, 223.04, 0.00274036
FILLER_0_79_498, 229.94, 223.04, 0.00274036
_07985_, 242.74, 223.04, 0.00275933
_09517_, 242.74, 223.04, 0.00275933
_13542_, 242.74, 223.04, 0.00275933
ANTENNA__07900__A2, 242.74, 223.04, 0.00275933
ANTENNA__08430__B1, 242.74, 223.04, 0.00275933
ANTENNA__09517__A0, 242.74, 223.04, 0.00275933
ANTENNA__10065__S, 242.74, 223.04, 0.00275933
FILLER_0_77_511, 242.74, 223.04, 0.00275933
FILLER_0_79_529, 242.74, 223.04, 0.00275933
_06769_, 255.54, 223.04, 0.00276913
_06770_, 255.54, 223.04, 0.00276913
_07434_, 255.54, 223.04, 0.00276913
_08501_, 255.54, 223.04, 0.00276913
_10915_, 255.54, 223.04, 0.00276913
_14182_, 255.54, 223.04, 0.00276913
ANTENNA__10133__A1, 255.54, 223.04, 0.00276913
ANTENNA__06729__A2, 255.54, 223.04, 0.00276913
ANTENNA__06729__B1, 255.54, 223.04, 0.00276913
ANTENNA__08501__C, 255.54, 223.04, 0.00276913
ANTENNA_2, 255.54, 223.04, 0.00276913
FILLER_0_78_539, 255.54, 223.04, 0.00276913
FILLER_0_79_557, 255.54, 223.04, 0.00276913
_06583_, 268.34, 223.04, 0.00276679
_11218_, 268.34, 223.04, 0.00276679
_12407_, 268.34, 223.04, 0.00276679
_12409_, 268.34, 223.04, 0.00276679
_12564_, 268.34, 223.04, 0.00276679
_14854_, 268.34, 223.04, 0.00276679
ANTENNA__11376__A, 268.34, 223.04, 0.00276679
FILLER_0_77_561, 268.34, 223.04, 0.00276679
FILLER_0_78_562, 268.34, 223.04, 0.00276679
_10571_, 281.14, 223.04, 0.0027533
_10775_, 281.14, 223.04, 0.0027533
_10846_, 281.14, 223.04, 0.0027533
_11150_, 281.14, 223.04, 0.0027533
_12882_, 281.14, 223.04, 0.0027533
ANTENNA__12564__A, 281.14, 223.04, 0.0027533
_06618_, 293.94, 223.04, 0.00273813
_07347_, 293.94, 223.04, 0.00273813
_10986_, 293.94, 223.04, 0.00273813
_11695_, 293.94, 223.04, 0.00273813
_11727_, 293.94, 223.04, 0.00273813
_12292_, 293.94, 223.04, 0.00273813
_12294_, 293.94, 223.04, 0.00273813
ANTENNA__12293__S, 293.94, 223.04, 0.00273813
ANTENNA__07844__A, 293.94, 223.04, 0.00273813
ANTENNA__07347__A, 293.94, 223.04, 0.00273813
_06617_, 306.74, 223.04, 0.00271596
_06749_, 306.74, 223.04, 0.00271596
_08865_, 306.74, 223.04, 0.00271596
_12293_, 306.74, 223.04, 0.00271596
_13254_, 306.74, 223.04, 0.00271596
ANTENNA__11288__A1, 306.74, 223.04, 0.00271596
ANTENNA__10985__A1, 306.74, 223.04, 0.00271596
ANTENNA__10984__A, 306.74, 223.04, 0.00271596
FILLER_0_78_655, 306.74, 223.04, 0.00271596
FILLER_0_78_660, 306.74, 223.04, 0.00271596
_06884_, 319.54, 223.04, 0.00268724
_10573_, 319.54, 223.04, 0.00268724
_10574_, 319.54, 223.04, 0.00268724
_14022_, 319.54, 223.04, 0.00268724
ANTENNA__11219__A, 319.54, 223.04, 0.00268724
ANTENNA__11220__S, 319.54, 223.04, 0.00268724
_06642_, 345.14, 223.04, 0.00276006
_07792_, 345.14, 223.04, 0.00276006
_07845_, 345.14, 223.04, 0.00276006
_11755_, 345.14, 223.04, 0.00276006
_12039_, 345.14, 223.04, 0.00276006
clkbuf_leaf_110_wclk, 345.14, 223.04, 0.00276006
ANTENNA__08864__S, 345.14, 223.04, 0.00276006
ANTENNA__10572__A, 345.14, 223.04, 0.00276006
FILLER_0_79_742, 345.14, 223.04, 0.00276006
_06641_, 357.94, 223.04, 0.00284367
_11752_, 357.94, 223.04, 0.00284367
_13036_, 357.94, 223.04, 0.00284367
ANTENNA__06644__A1, 357.94, 223.04, 0.00284367
_06624_, 370.74, 223.04, 0.00292062
_12297_, 370.74, 223.04, 0.00292062
_13030_, 370.74, 223.04, 0.00292062
_14802_, 370.74, 223.04, 0.00292062
ANTENNA__06641__S, 370.74, 223.04, 0.00292062
ANTENNA__07792__C, 370.74, 223.04, 0.00292062
ANTENNA__11755__S, 370.74, 223.04, 0.00292062
ANTENNA__11755__A1, 370.74, 223.04, 0.00292062
_06621_, 383.54, 223.04, 0.00298661
_07501_, 383.54, 223.04, 0.00298661
_12026_, 383.54, 223.04, 0.00298661
_13029_, 383.54, 223.04, 0.00298661
_14674_, 383.54, 223.04, 0.00298661
ANTENNA__12297__A0, 383.54, 223.04, 0.00298661
FILLER_0_79_833, 383.54, 223.04, 0.00298661
_06619_, 396.34, 223.04, 0.00304167
_07437_, 396.34, 223.04, 0.00304167
_12295_, 396.34, 223.04, 0.00304167
_12296_, 396.34, 223.04, 0.00304167
_14545_, 396.34, 223.04, 0.00304167
_14801_, 396.34, 223.04, 0.00304167
ANTENNA__12295__A0, 396.34, 223.04, 0.00304167
FILLER_0_79_863, 396.34, 223.04, 0.00304167
_06629_, 409.14, 223.04, 0.00308425
_06630_, 409.14, 223.04, 0.00308425
_07597_, 409.14, 223.04, 0.00308425
_11732_, 409.14, 223.04, 0.00308425
_11740_, 409.14, 223.04, 0.00308425
_12304_, 409.14, 223.04, 0.00308425
_14805_, 409.14, 223.04, 0.00308425
clkbuf_leaf_117_wclk, 409.14, 223.04, 0.00308425
ANTENNA__06629__S, 409.14, 223.04, 0.00308425
ANTENNA__07437__B1, 409.14, 223.04, 0.00308425
FILLER_0_78_865, 409.14, 223.04, 0.00308425
_06626_, 421.94, 223.04, 0.00309477
_06627_, 421.94, 223.04, 0.00309477
_06632_, 421.94, 223.04, 0.00309477
ANTENNA__06632__S, 421.94, 223.04, 0.00309477
ANTENNA__06626__S, 421.94, 223.04, 0.00309477
ANTENNA__06629__A1, 421.94, 223.04, 0.00309477
ANTENNA__07597__B, 421.94, 223.04, 0.00309477
FILLER_0_78_916, 421.94, 223.04, 0.00309477
_06638_, 434.74, 223.04, 0.00310228
_07742_, 434.74, 223.04, 0.00310228
_12307_, 434.74, 223.04, 0.00310228
ANTENNA__06626__A1, 434.74, 223.04, 0.00310228
ANTENNA__07549__B, 434.74, 223.04, 0.00310228
ANTENNA__07550__A2, 434.74, 223.04, 0.00310228
ANTENNA__07743__B1, 434.74, 223.04, 0.00310228
ANTENNA__07550__B1, 434.74, 223.04, 0.00310228
_11749_, 447.54, 223.04, 0.00310778
_12306_, 447.54, 223.04, 0.00310778
ANTENNA__12305__S, 447.54, 223.04, 0.00310778
ANTENNA__12029__A0, 447.54, 223.04, 0.00310778
ANTENNA__06638__A1, 447.54, 223.04, 0.00310778
ANTENNA__07742__B, 447.54, 223.04, 0.00310778
ANTENNA__11749__S, 447.54, 223.04, 0.00310778
ANTENNA__11749__A1, 447.54, 223.04, 0.00310778
ANTENNA__12029__S, 447.54, 223.04, 0.00310778
FILLER_0_79_969, 447.54, 223.04, 0.00310778
_12028_, 460.34, 223.04, 0.0031117
_12237_, 460.34, 223.04, 0.0031117
_14675_, 460.34, 223.04, 0.0031117
ANTENNA__12027__A0, 460.34, 223.04, 0.0031117
ANTENNA__12237__S, 460.34, 223.04, 0.0031117
FILLER_0_78_997, 460.34, 223.04, 0.0031117
FILLER_0_79_993, 460.34, 223.04, 0.0031117
_06637_, 473.14, 223.04, 0.00310864
_12239_, 473.14, 223.04, 0.00310864
_12240_, 473.14, 223.04, 0.00310864
_12579_, 473.14, 223.04, 0.00310864
_14775_, 473.14, 223.04, 0.00310864
ANTENNA__12577__S, 473.14, 223.04, 0.00310864
ANTENNA__12577__A0, 473.14, 223.04, 0.00310864
ANTENNA__12035__A0, 473.14, 223.04, 0.00310864
ANTENNA__12237__A1, 473.14, 223.04, 0.00310864
FILLER_0_77_1016, 473.14, 223.04, 0.00310864
PHY_150, 5.52, 217.6, 0.00294353
PHY_152, 5.52, 217.6, 0.00294353
PHY_151, 494.04, 217.6, 0.00298033
PHY_153, 494.04, 217.6, 0.00298033
ANTENNA__12581__A0, 494.04, 217.6, 0.00298033
FILLER_0_75_1054, 494.04, 217.6, 0.00298033
FILLER_0_76_1056, 494.04, 217.6, 0.00298033
_08377_, 37.94, 217.6, 0.00293974
_12258_, 37.94, 217.6, 0.00293974
_12259_, 37.94, 217.6, 0.00293974
_14787_, 37.94, 217.6, 0.00293974
_14944_, 37.94, 217.6, 0.00293974
_12051_, 50.74, 217.6, 0.00292438
_12254_, 50.74, 217.6, 0.00292438
_12255_, 50.74, 217.6, 0.00292438
_12598_, 50.74, 217.6, 0.00292438
ANTENNA__12598__S, 50.74, 217.6, 0.00292438
ANTENNA__12258__S, 50.74, 217.6, 0.00292438
FILLER_0_76_103, 50.74, 217.6, 0.00292438
_12046_, 63.54, 217.6, 0.00290517
ANTENNA__12046__A0, 63.54, 217.6, 0.00290517
ANTENNA__12056__A0, 63.54, 217.6, 0.00290517
ANTENNA__08142__A2, 63.54, 217.6, 0.00290517
ANTENNA__12254__A1, 63.54, 217.6, 0.00290517
ANTENNA__12050__S, 63.54, 217.6, 0.00290517
ANTENNA__12046__S, 63.54, 217.6, 0.00290517
ANTENNA__12254__S, 63.54, 217.6, 0.00290517
FILLER_0_75_113, 63.54, 217.6, 0.00290517
FILLER_0_75_119, 63.54, 217.6, 0.00290517
FILLER_0_76_120, 63.54, 217.6, 0.00290517
FILLER_0_76_128, 63.54, 217.6, 0.00290517
FILLER_0_76_137, 63.54, 217.6, 0.00290517
FILLER_0_77_129, 63.54, 217.6, 0.00290517
_12049_, 76.34, 217.6, 0.00288499
_14946_, 76.34, 217.6, 0.00288499
ANTENNA__12056__S, 76.34, 217.6, 0.00288499
FILLER_0_75_149, 76.34, 217.6, 0.00288499
FILLER_0_76_153, 76.34, 217.6, 0.00288499
_12329_, 89.14, 217.6, 0.00285929
_13040_, 89.14, 217.6, 0.00285929
ANTENNA__12326__S, 89.14, 217.6, 0.00285929
ANTENNA__12602__S, 89.14, 217.6, 0.00285929
ANTENNA__06654__A1, 89.14, 217.6, 0.00285929
ANTENNA__12602__A0, 89.14, 217.6, 0.00285929
ANTENNA__08289__B1, 89.14, 217.6, 0.00285929
FILLER_0_76_191, 89.14, 217.6, 0.00285929
_08242_, 101.94, 217.6, 0.00282764
_08288_, 101.94, 217.6, 0.00282764
_08289_, 101.94, 217.6, 0.00282764
_11778_, 101.94, 217.6, 0.00282764
_12326_, 101.94, 217.6, 0.00282764
_14561_, 101.94, 217.6, 0.00282764
_14817_, 101.94, 217.6, 0.00282764
ANTENNA__12326__A0, 101.94, 217.6, 0.00282764
ANTENNA__08288__C, 101.94, 217.6, 0.00282764
_08052_, 114.74, 217.6, 0.00278415
_11766_, 114.74, 217.6, 0.00278415
_11780_, 114.74, 217.6, 0.00278415
_14556_, 114.74, 217.6, 0.00278415
FILLER_0_75_234, 114.74, 217.6, 0.00278415
_08053_, 127.54, 217.6, 0.00273505
_13046_, 127.54, 217.6, 0.00273505
_14818_, 127.54, 217.6, 0.00273505
ANTENNA__08053__B1, 127.54, 217.6, 0.00273505
_11772_, 140.34, 217.6, 0.00267611
_12323_, 140.34, 217.6, 0.00267611
_13039_, 140.34, 217.6, 0.00267611
_14814_, 140.34, 217.6, 0.00267611
ANTENNA__12316__A0, 140.34, 217.6, 0.00267611
ANTENNA__08335__B, 140.34, 217.6, 0.00267611
ANTENNA__07987__B, 140.34, 217.6, 0.00267611
ANTENNA__07987__C, 140.34, 217.6, 0.00267611
ANTENNA__11783__S, 140.34, 217.6, 0.00267611
FILLER_0_76_287, 140.34, 217.6, 0.00267611
FILLER_0_76_292, 140.34, 217.6, 0.00267611
_08147_, 153.14, 217.6, 0.00260642
_13042_, 153.14, 217.6, 0.00260642
_14558_, 153.14, 217.6, 0.00260642
ANTENNA__12332__A0, 153.14, 217.6, 0.00260642
ANTENNA__08148__A2, 153.14, 217.6, 0.00260642
ANTENNA__11786__A1, 153.14, 217.6, 0.00260642
FILLER_0_77_331, 153.14, 217.6, 0.00260642
_11786_, 165.94, 217.6, 0.00252781
_11787_, 165.94, 217.6, 0.00252781
_12245_, 165.94, 217.6, 0.00252781
_12332_, 165.94, 217.6, 0.00252781
_14563_, 165.94, 217.6, 0.00252781
ANTENNA__12332__S, 165.94, 217.6, 0.00252781
ANTENNA__12585__A, 165.94, 217.6, 0.00252781
ANTENNA__11786__S, 165.94, 217.6, 0.00252781
ANTENNA__12266__S, 165.94, 217.6, 0.00252781
ANTENNA__12246__S, 165.94, 217.6, 0.00252781
FILLER_0_77_351, 165.94, 217.6, 0.00252781
_06713_, 191.54, 217.6, 0.00248752
_11423_, 191.54, 217.6, 0.00248752
_12268_, 191.54, 217.6, 0.00248752
_12544_, 191.54, 217.6, 0.00248752
_12609_, 191.54, 217.6, 0.00248752
ANTENNA__12544__A0, 191.54, 217.6, 0.00248752
ANTENNA__06713__A2, 191.54, 217.6, 0.00248752
ANTENNA__12268__A1, 191.54, 217.6, 0.00248752
_07424_, 204.34, 217.6, 0.00252992
_08471_, 204.34, 217.6, 0.00252992
_11424_, 204.34, 217.6, 0.00252992
_11425_, 204.34, 217.6, 0.00252992
_14406_, 204.34, 217.6, 0.00252992
ANTENNA__07424__A, 204.34, 217.6, 0.00252992
FILLER_0_77_437, 204.34, 217.6, 0.00252992
_08511_, 217.14, 217.6, 0.00256534
_09586_, 217.14, 217.6, 0.00256534
_14810_, 217.14, 217.6, 0.00256534
ANTENNA__12314__A0, 217.14, 217.6, 0.00256534
ANTENNA__12334__A0, 217.14, 217.6, 0.00256534
ANTENNA__09586__A0, 217.14, 217.6, 0.00256534
FILLER_0_75_449, 217.14, 217.6, 0.00256534
_08430_, 229.94, 217.6, 0.00259026
_14554_, 229.94, 217.6, 0.00259026
_14564_, 229.94, 217.6, 0.00259026
_14820_, 229.94, 217.6, 0.00259026
_07435_, 242.74, 217.6, 0.00260128
_07900_, 242.74, 217.6, 0.00260128
_09518_, 242.74, 217.6, 0.00260128
_11760_, 242.74, 217.6, 0.00260128
_12337_, 242.74, 217.6, 0.00260128
_12339_, 242.74, 217.6, 0.00260128
ANTENNA__07900__B1, 242.74, 217.6, 0.00260128
ANTENNA__09517__S, 242.74, 217.6, 0.00260128
FILLER_0_76_523, 242.74, 217.6, 0.00260128
_06863_, 255.54, 217.6, 0.00260908
_10916_, 255.54, 217.6, 0.00260908
_10917_, 255.54, 217.6, 0.00260908
_12565_, 255.54, 217.6, 0.00260908
_12566_, 255.54, 217.6, 0.00260908
_14928_, 255.54, 217.6, 0.00260908
ANTENNA__10133__S, 255.54, 217.6, 0.00260908
FILLER_0_76_542, 255.54, 217.6, 0.00260908
_09995_, 268.34, 217.6, 0.00260731
_12224_, 268.34, 217.6, 0.00260731
_12270_, 268.34, 217.6, 0.00260731
_12408_, 268.34, 217.6, 0.00260731
_12542_, 268.34, 217.6, 0.00260731
ANTENNA__08501__B, 268.34, 217.6, 0.00260731
ANTENNA__06765__C1, 268.34, 217.6, 0.00260731
ANTENNA__10916__A1, 268.34, 217.6, 0.00260731
ANTENNA__10915__A, 268.34, 217.6, 0.00260731
FILLER_0_75_565, 268.34, 217.6, 0.00260731
_06584_, 281.14, 217.6, 0.00260311
_06709_, 281.14, 217.6, 0.00260311
_06874_, 281.14, 217.6, 0.00260311
_09722_, 281.14, 217.6, 0.00260311
_10435_, 281.14, 217.6, 0.00260311
_11930_, 281.14, 217.6, 0.00260311
_11998_, 281.14, 217.6, 0.00260311
_12272_, 281.14, 217.6, 0.00260311
_06752_, 293.94, 217.6, 0.00259103
_06875_, 293.94, 217.6, 0.00259103
_07844_, 293.94, 217.6, 0.00259103
_11729_, 293.94, 217.6, 0.00259103
_13028_, 293.94, 217.6, 0.00259103
clkbuf_leaf_108_wclk, 293.94, 217.6, 0.00259103
_07348_, 306.74, 217.6, 0.00254344
_07349_, 306.74, 217.6, 0.00254344
_11728_, 306.74, 217.6, 0.00254344
ANTENNA__06736__B, 306.74, 217.6, 0.00254344
ANTENNA__11220__A1, 306.74, 217.6, 0.00254344
ANTENNA__10985__S, 306.74, 217.6, 0.00254344
_06751_, 319.54, 217.6, 0.00249431
_09996_, 319.54, 217.6, 0.00249431
_09998_, 319.54, 217.6, 0.00249431
_12021_, 319.54, 217.6, 0.00249431
_12815_, 319.54, 217.6, 0.00249431
ANTENNA__12293__A0, 319.54, 217.6, 0.00249431
ANTENNA__06617__S, 319.54, 217.6, 0.00249431
ANTENNA__06749__C, 319.54, 217.6, 0.00249431
ANTENNA__06744__B1, 319.54, 217.6, 0.00249431
ANTENNA__09447__A, 319.54, 217.6, 0.00249431
ANTENNA__11287__A, 319.54, 217.6, 0.00249431
ANTENNA_clkbuf_leaf_108_wclk_A, 319.54, 217.6, 0.00249431
_11014_, 345.14, 217.6, 0.00252682
_11754_, 345.14, 217.6, 0.00252682
_12040_, 345.14, 217.6, 0.00252682
_14681_, 345.14, 217.6, 0.00252682
_14969_, 345.14, 217.6, 0.00252682
ANTENNA__12815__A, 345.14, 217.6, 0.00252682
ANTENNA__07243__A, 345.14, 217.6, 0.00252682
ANTENNA__06644__S, 345.14, 217.6, 0.00252682
ANTENNA__12311__A0, 345.14, 217.6, 0.00252682
ANTENNA__12021__S, 345.14, 217.6, 0.00252682
_12038_, 357.94, 217.6, 0.00259839
_14680_, 357.94, 217.6, 0.00259839
ANTENNA__12633__S, 357.94, 217.6, 0.00259839
ANTENNA__12039__A0, 357.94, 217.6, 0.00259839
ANTENNA__07845__C, 357.94, 217.6, 0.00259839
ANTENNA__07402__A2, 357.94, 217.6, 0.00259839
ANTENNA__07402__B1, 357.94, 217.6, 0.00259839
ANTENNA__07845__B, 357.94, 217.6, 0.00259839
ANTENNA__12633__A1, 357.94, 217.6, 0.00259839
ANTENNA__12039__S, 357.94, 217.6, 0.00259839
_06623_, 370.74, 217.6, 0.00266434
ANTENNA__12651__S, 370.74, 217.6, 0.00266434
ANTENNA__12649__S, 370.74, 217.6, 0.00266434
ANTENNA__06623__S, 370.74, 217.6, 0.00266434
ANTENNA__06641__A1, 370.74, 217.6, 0.00266434
ANTENNA__11752__S, 370.74, 217.6, 0.00266434
ANTENNA__12649__A1, 370.74, 217.6, 0.00266434
ANTENNA__12651__A1, 370.74, 217.6, 0.00266434
ANTENNA__12037__S, 370.74, 217.6, 0.00266434
FILLER_0_76_797, 370.74, 217.6, 0.00266434
_12025_, 383.54, 217.6, 0.00272918
ANTENNA__12023__A0, 383.54, 217.6, 0.00272918
ANTENNA__12025__A0, 383.54, 217.6, 0.00272918
ANTENNA__06623__A1, 383.54, 217.6, 0.00272918
ANTENNA__07501__B, 383.54, 217.6, 0.00272918
ANTENNA__07501__C, 383.54, 217.6, 0.00272918
ANTENNA__12025__S, 383.54, 217.6, 0.00272918
ANTENNA__11730__A, 383.54, 217.6, 0.00272918
FILLER_0_75_813, 383.54, 217.6, 0.00272918
FILLER_0_76_817, 383.54, 217.6, 0.00272918
FILLER_0_76_829, 383.54, 217.6, 0.00272918
_11731_, 396.34, 217.6, 0.002793
_12023_, 396.34, 217.6, 0.002793
_14673_, 396.34, 217.6, 0.002793
ANTENNA__12023__S, 396.34, 217.6, 0.002793
ANTENNA__06619__A, 396.34, 217.6, 0.002793
_11744_, 409.14, 217.6, 0.0028501
_14549_, 409.14, 217.6, 0.0028501
ANTENNA__11731__S, 409.14, 217.6, 0.0028501
ANTENNA__11739__A, 409.14, 217.6, 0.0028501
ANTENNA_clkbuf_leaf_117_wclk_A, 409.14, 217.6, 0.0028501
FILLER_0_75_872, 409.14, 217.6, 0.0028501
FILLER_0_76_869, 409.14, 217.6, 0.0028501
FILLER_0_76_876, 409.14, 217.6, 0.0028501
_07647_, 421.94, 217.6, 0.00290237
_07648_, 421.94, 217.6, 0.00290237
_11743_, 421.94, 217.6, 0.00290237
_12303_, 421.94, 217.6, 0.00290237
_13035_, 421.94, 217.6, 0.00290237
_06639_, 434.74, 217.6, 0.00294737
_07695_, 434.74, 217.6, 0.00294737
_07696_, 434.74, 217.6, 0.00294737
_12305_, 434.74, 217.6, 0.00294737
_14806_, 434.74, 217.6, 0.00294737
ANTENNA__07742__C, 434.74, 217.6, 0.00294737
ANTENNA__07549__C, 434.74, 217.6, 0.00294737
FILLER_0_77_936, 434.74, 217.6, 0.00294737
_12029_, 447.54, 217.6, 0.00298494
_12030_, 447.54, 217.6, 0.00298494
_14550_, 447.54, 217.6, 0.00298494
_14676_, 447.54, 217.6, 0.00298494
_14679_, 447.54, 217.6, 0.00298494
ANTENNA__12305__A0, 447.54, 217.6, 0.00298494
FILLER_0_75_957, 447.54, 217.6, 0.00298494
FILLER_0_77_961, 447.54, 217.6, 0.00298494
_12031_, 460.34, 217.6, 0.0030065
_12032_, 460.34, 217.6, 0.0030065
_12035_, 460.34, 217.6, 0.0030065
_12036_, 460.34, 217.6, 0.0030065
_14677_, 460.34, 217.6, 0.0030065
clkbuf_leaf_119_wclk, 460.34, 217.6, 0.0030065
ANTENNA__12035__S, 460.34, 217.6, 0.0030065
ANTENNA__12031__S, 460.34, 217.6, 0.0030065
FILLER_0_75_976, 460.34, 217.6, 0.0030065
_12242_, 473.14, 217.6, 0.00299867
_14776_, 473.14, 217.6, 0.00299867
_14935_, 473.14, 217.6, 0.00299867
ANTENNA__12579__S, 473.14, 217.6, 0.00299867
ANTENNA__12239__S, 473.14, 217.6, 0.00299867
ANTENNA__06637__A, 473.14, 217.6, 0.00299867
FILLER_0_75_1003, 473.14, 217.6, 0.00299867
FILLER_0_75_1009, 473.14, 217.6, 0.00299867
PHY_146, 5.52, 212.16, 0.00283443
PHY_148, 5.52, 212.16, 0.00283443
PHY_147, 494.04, 212.16, 0.00282698
PHY_149, 494.04, 212.16, 0.00282698
FILLER_0_73_1056, 494.04, 212.16, 0.00282698
_06674_, 37.94, 212.16, 0.00284399
_14784_, 37.94, 212.16, 0.00284399
ANTENNA__12604__S, 37.94, 212.16, 0.00284399
ANTENNA__12258__A1, 37.94, 212.16, 0.00284399
ANTENNA__06674__A, 37.94, 212.16, 0.00284399
FILLER_0_73_57, 37.94, 212.16, 0.00284399
FILLER_0_73_70, 37.94, 212.16, 0.00284399
FILLER_0_74_65, 37.94, 212.16, 0.00284399
FILLER_0_74_78, 37.94, 212.16, 0.00284399
_12050_, 50.74, 212.16, 0.00284716
_14686_, 50.74, 212.16, 0.00284716
_14687_, 50.74, 212.16, 0.00284716
ANTENNA__12598__A0, 50.74, 212.16, 0.00284716
FILLER_0_75_108, 50.74, 212.16, 0.00284716
_12047_, 63.54, 212.16, 0.00283902
_12053_, 63.54, 212.16, 0.00283902
_12056_, 63.54, 212.16, 0.00283902
_12057_, 63.54, 212.16, 0.00283902
_14684_, 63.54, 212.16, 0.00283902
_14689_, 63.54, 212.16, 0.00283902
ANTENNA__12050__A0, 63.54, 212.16, 0.00283902
FILLER_0_74_115, 63.54, 212.16, 0.00283902
_06654_, 76.34, 212.16, 0.00281743
_06655_, 76.34, 212.16, 0.00281743
_06667_, 76.34, 212.16, 0.00281743
_13044_, 76.34, 212.16, 0.00281743
_14685_, 76.34, 212.16, 0.00281743
clkbuf_leaf_3_wclk, 76.34, 212.16, 0.00281743
ANTENNA__06654__S, 76.34, 212.16, 0.00281743
_06669_, 89.14, 212.16, 0.00276534
_13045_, 89.14, 212.16, 0.00276534
ANTENNA__06669__S, 89.14, 212.16, 0.00276534
ANTENNA__06669__A1, 89.14, 212.16, 0.00276534
ANTENNA__08288__B, 89.14, 212.16, 0.00276534
FILLER_0_74_193, 89.14, 212.16, 0.00276534
FILLER_0_75_189, 89.14, 212.16, 0.00276534
_06663_, 101.94, 212.16, 0.00270739
_08194_, 101.94, 212.16, 0.00270739
_08241_, 101.94, 212.16, 0.00270739
_11781_, 101.94, 212.16, 0.00270739
ANTENNA__08241__B, 101.94, 212.16, 0.00270739
ANTENNA__08194__B, 101.94, 212.16, 0.00270739
ANTENNA__08241__C, 101.94, 212.16, 0.00270739
ANTENNA__08289__A2, 101.94, 212.16, 0.00270739
_08195_, 114.74, 212.16, 0.00264755
_11765_, 114.74, 212.16, 0.00264755
ANTENNA__08052__B, 114.74, 212.16, 0.00264755
ANTENNA__08052__C, 114.74, 212.16, 0.00264755
ANTENNA__08242__B1, 114.74, 212.16, 0.00264755
ANTENNA__11780__S, 114.74, 212.16, 0.00264755
ANTENNA__11777__S, 114.74, 212.16, 0.00264755
ANTENNA__11765__S, 114.74, 212.16, 0.00264755
ANTENNA__11765__A1, 114.74, 212.16, 0.00264755
FILLER_0_74_226, 114.74, 212.16, 0.00264755
FILLER_0_74_244, 114.74, 212.16, 0.00264755
_06672_, 127.54, 212.16, 0.00258636
_06673_, 127.54, 212.16, 0.00258636
_08335_, 127.54, 212.16, 0.00258636
clkbuf_leaf_6_wclk, 127.54, 212.16, 0.00258636
ANTENNA__08335__C, 127.54, 212.16, 0.00258636
ANTENNA__08101__A2, 127.54, 212.16, 0.00258636
ANTENNA__08101__B1, 127.54, 212.16, 0.00258636
ANTENNA_clkbuf_leaf_6_wclk_A, 127.54, 212.16, 0.00258636
FILLER_0_73_258, 127.54, 212.16, 0.00258636
_06651_, 140.34, 212.16, 0.00250453
_06661_, 140.34, 212.16, 0.00250453
_07987_, 140.34, 212.16, 0.00250453
_11763_, 140.34, 212.16, 0.00250453
_12316_, 140.34, 212.16, 0.00250453
ANTENNA__12316__S, 140.34, 212.16, 0.00250453
ANTENNA__06660__S, 140.34, 212.16, 0.00250453
FILLER_0_73_290, 140.34, 212.16, 0.00250453
FILLER_0_74_296, 140.34, 212.16, 0.00250453
_06660_, 153.14, 212.16, 0.00241923
_07988_, 153.14, 212.16, 0.00241923
_11762_, 153.14, 212.16, 0.00241923
_12333_, 153.14, 212.16, 0.00241923
ANTENNA__08147__B, 153.14, 212.16, 0.00241923
ANTENNA__08147__C, 153.14, 212.16, 0.00241923
ANTENNA__07988__A2, 153.14, 212.16, 0.00241923
ANTENNA__11771__S, 153.14, 212.16, 0.00241923
FILLER_0_75_324, 153.14, 212.16, 0.00241923
_06675_, 165.94, 212.16, 0.00233056
_08382_, 165.94, 212.16, 0.00233056
_08383_, 165.94, 212.16, 0.00233056
_14819_, 165.94, 212.16, 0.00233056
ANTENNA__08383__B1, 165.94, 212.16, 0.00233056
ANTENNA__12245__A, 165.94, 212.16, 0.00233056
FILLER_0_75_357, 165.94, 212.16, 0.00233056
_06677_, 191.54, 212.16, 0.00228506
_12269_, 191.54, 212.16, 0.00228506
_14789_, 191.54, 212.16, 0.00228506
_14949_, 191.54, 212.16, 0.00228506
ANTENNA__12544__S, 191.54, 212.16, 0.00228506
ANTENNA__12606__A0, 191.54, 212.16, 0.00228506
ANTENNA__08424__B1, 191.54, 212.16, 0.00228506
ANTENNA__11423__A, 191.54, 212.16, 0.00228506
ANTENNA__12062__S, 191.54, 212.16, 0.00228506
FILLER_0_73_399, 191.54, 212.16, 0.00228506
_13081_, 204.34, 212.16, 0.00232292
ANTENNA__08471__B1, 204.34, 212.16, 0.00232292
ANTENNA__09586__S, 204.34, 212.16, 0.00232292
ANTENNA__11424__S, 204.34, 212.16, 0.00232292
ANTENNA__12268__S, 204.34, 212.16, 0.00232292
FILLER_0_73_424, 204.34, 212.16, 0.00232292
FILLER_0_73_430, 204.34, 212.16, 0.00232292
FILLER_0_74_444, 204.34, 212.16, 0.00232292
FILLER_0_75_439, 204.34, 212.16, 0.00232292
_06679_, 217.14, 212.16, 0.00235117
_07898_, 217.14, 212.16, 0.00235117
_07899_, 217.14, 212.16, 0.00235117
_12314_, 217.14, 212.16, 0.00235117
_12315_, 217.14, 212.16, 0.00235117
_13038_, 217.14, 212.16, 0.00235117
ANTENNA__12314__S, 217.14, 212.16, 0.00235117
ANTENNA__08471__A2, 217.14, 212.16, 0.00235117
ANTENNA__07899__B, 217.14, 212.16, 0.00235117
ANTENNA__07899__C, 217.14, 212.16, 0.00235117
FILLER_0_74_467, 217.14, 212.16, 0.00235117
_07986_, 229.94, 212.16, 0.00236833
_08429_, 229.94, 212.16, 0.00236833
_11759_, 229.94, 212.16, 0.00236833
_11790_, 229.94, 212.16, 0.00236833
_12313_, 229.94, 212.16, 0.00236833
ANTENNA__07898__A, 229.94, 212.16, 0.00236833
ANTENNA__11759__A1, 229.94, 212.16, 0.00236833
ANTENNA__11759__S, 229.94, 212.16, 0.00236833
FILLER_0_74_487, 229.94, 212.16, 0.00236833
_08477_, 242.74, 212.16, 0.00238366
_12336_, 242.74, 212.16, 0.00238366
_12340_, 242.74, 212.16, 0.00238366
_12341_, 242.74, 212.16, 0.00238366
_14821_, 242.74, 212.16, 0.00238366
_14822_, 242.74, 212.16, 0.00238366
ANTENNA__12339__A, 242.74, 212.16, 0.00238366
ANTENNA__08476__B, 242.74, 212.16, 0.00238366
_07342_, 255.54, 212.16, 0.00238589
_13862_, 255.54, 212.16, 0.00238589
ANTENNA__06863__A, 255.54, 212.16, 0.00238589
ANTENNA__06864__A, 255.54, 212.16, 0.00238589
ANTENNA__07342__A2, 255.54, 212.16, 0.00238589
ANTENNA__07342__B1, 255.54, 212.16, 0.00238589
FILLER_0_74_533, 255.54, 212.16, 0.00238589
FILLER_0_74_549, 255.54, 212.16, 0.00238589
_10201_, 268.34, 212.16, 0.00238286
_10202_, 268.34, 212.16, 0.00238286
_12225_, 268.34, 212.16, 0.00238286
_14768_, 268.34, 212.16, 0.00238286
ANTENNA__10916__S, 268.34, 212.16, 0.00238286
_06739_, 281.14, 212.16, 0.0023719
_07293_, 281.14, 212.16, 0.0023719
_12273_, 281.14, 212.16, 0.0023719
_14790_, 281.14, 212.16, 0.0023719
ANTENNA__12408__S, 281.14, 212.16, 0.0023719
ANTENNA__06709__B, 281.14, 212.16, 0.0023719
ANTENNA__10201__A, 281.14, 212.16, 0.0023719
ANTENNA__12408__A1, 281.14, 212.16, 0.0023719
FILLER_0_73_597, 281.14, 212.16, 0.0023719
_06616_, 293.94, 212.16, 0.00234885
_06735_, 293.94, 212.16, 0.00234885
_06736_, 293.94, 212.16, 0.00234885
_11933_, 293.94, 212.16, 0.00234885
_12271_, 293.94, 212.16, 0.00234885
_14544_, 293.94, 212.16, 0.00234885
ANTENNA_13, 293.94, 212.16, 0.00234885
FILLER_0_73_620, 293.94, 212.16, 0.00234885
FILLER_0_75_631, 293.94, 212.16, 0.00234885
_09449_, 306.74, 212.16, 0.00231931
_12816_, 306.74, 212.16, 0.00231931
_12817_, 306.74, 212.16, 0.00231931
_13510_, 306.74, 212.16, 0.00231931
_15046_, 306.74, 212.16, 0.00231931
ANTENNA__12272__S, 306.74, 212.16, 0.00231931
ANTENNA__07293__A, 306.74, 212.16, 0.00231931
ANTENNA__11728__S, 306.74, 212.16, 0.00231931
FILLER_0_73_645, 306.74, 212.16, 0.00231931
FILLER_0_75_658, 306.74, 212.16, 0.00231931
_06747_, 319.54, 212.16, 0.00227972
_09997_, 319.54, 212.16, 0.00227972
_11151_, 319.54, 212.16, 0.00227972
_12020_, 319.54, 212.16, 0.00227972
_13766_, 319.54, 212.16, 0.00227972
ANTENNA__07348__B, 319.54, 212.16, 0.00227972
ANTENNA__07348__C, 319.54, 212.16, 0.00227972
FILLER_0_75_689, 319.54, 212.16, 0.00227972
_07881_, 345.14, 212.16, 0.00231353
_12651_, 345.14, 212.16, 0.00231353
_12720_, 345.14, 212.16, 0.00231353
ANTENNA__12021__A0, 345.14, 212.16, 0.00231353
ANTENNA__06747__B, 345.14, 212.16, 0.00231353
ANTENNA__09997__A0, 345.14, 212.16, 0.00231353
ANTENNA__11151__A, 345.14, 212.16, 0.00231353
ANTENNA__12020__A, 345.14, 212.16, 0.00231353
_12037_, 357.94, 212.16, 0.00239016
_12650_, 357.94, 212.16, 0.00239016
_14968_, 357.94, 212.16, 0.00239016
ANTENNA__07792__B, 357.94, 212.16, 0.00239016
ANTENNA__07397__B1, 357.94, 212.16, 0.00239016
ANTENNA__07881__B1, 357.94, 212.16, 0.00239016
ANTENNA__11014__A, 357.94, 212.16, 0.00239016
ANTENNA__11754__A, 357.94, 212.16, 0.00239016
_11733_, 370.74, 212.16, 0.00246027
_12717_, 370.74, 212.16, 0.00246027
_15000_, 370.74, 212.16, 0.00246027
ANTENNA__12717__S, 370.74, 212.16, 0.00246027
ANTENNA__12037__A0, 370.74, 212.16, 0.00246027
ANTENNA__07881__A2, 370.74, 212.16, 0.00246027
ANTENNA__07829__B1, 370.74, 212.16, 0.00246027
ANTENNA__12717__A1, 370.74, 212.16, 0.00246027
ANTENNA__11733__A, 370.74, 212.16, 0.00246027
_07534_, 383.54, 212.16, 0.0025232
_12705_, 383.54, 212.16, 0.0025232
_14962_, 383.54, 212.16, 0.0025232
ANTENNA__12705__S, 383.54, 212.16, 0.0025232
ANTENNA__07534__A2, 383.54, 212.16, 0.0025232
ANTENNA__07534__B1, 383.54, 212.16, 0.0025232
ANTENNA__12705__A1, 383.54, 212.16, 0.0025232
FILLER_0_75_830, 383.54, 212.16, 0.0025232
_12024_, 396.34, 212.16, 0.00258024
_12635_, 396.34, 212.16, 0.00258024
_12636_, 396.34, 212.16, 0.00258024
_14961_, 396.34, 212.16, 0.00258024
ANTENNA__12637__S, 396.34, 212.16, 0.00258024
ANTENNA__12635__S, 396.34, 212.16, 0.00258024
ANTENNA__12635__A1, 396.34, 212.16, 0.00258024
ANTENNA__11731__A1, 396.34, 212.16, 0.00258024
FILLER_0_74_837, 396.34, 212.16, 0.00258024
FILLER_0_74_847, 396.34, 212.16, 0.00258024
FILLER_0_75_861, 396.34, 212.16, 0.00258024
_06633_, 409.14, 212.16, 0.00263003
_11739_, 409.14, 212.16, 0.00263003
_12778_, 409.14, 212.16, 0.00263003
_13033_, 409.14, 212.16, 0.00263003
ANTENNA__07486__A2, 409.14, 212.16, 0.00263003
ANTENNA__07486__B1, 409.14, 212.16, 0.00263003
FILLER_0_73_872, 409.14, 212.16, 0.00263003
FILLER_0_74_869, 409.14, 212.16, 0.00263003
FILLER_0_74_878, 409.14, 212.16, 0.00263003
FILLER_0_74_885, 409.14, 212.16, 0.00263003
_06635_, 421.94, 212.16, 0.00267234
_11027_, 421.94, 212.16, 0.00267234
_13034_, 421.94, 212.16, 0.00267234
ANTENNA__12303__S, 421.94, 212.16, 0.00267234
ANTENNA__12303__A0, 421.94, 212.16, 0.00267234
ANTENNA__06632__A1, 421.94, 212.16, 0.00267234
ANTENNA__07648__A2, 421.94, 212.16, 0.00267234
ANTENNA__07648__B1, 421.94, 212.16, 0.00267234
ANTENNA__11743__S, 421.94, 212.16, 0.00267234
ANTENNA__11027__A, 421.94, 212.16, 0.00267234
FILLER_0_73_903, 421.94, 212.16, 0.00267234
FILLER_0_74_893, 421.94, 212.16, 0.00267234
_11746_, 434.74, 212.16, 0.002708
_11747_, 434.74, 212.16, 0.002708
ANTENNA__06638__S, 434.74, 212.16, 0.002708
ANTENNA__06635__S, 434.74, 212.16, 0.002708
ANTENNA__06635__A1, 434.74, 212.16, 0.002708
ANTENNA__07695__B, 434.74, 212.16, 0.002708
ANTENNA__07647__B, 434.74, 212.16, 0.002708
ANTENNA__07695__C, 434.74, 212.16, 0.002708
ANTENNA__07743__A2, 434.74, 212.16, 0.002708
ANTENNA__07696__A2, 434.74, 212.16, 0.002708
ANTENNA__07696__B1, 434.74, 212.16, 0.002708
ANTENNA__11743__A1, 434.74, 212.16, 0.002708
ANTENNA__12713__S, 447.54, 212.16, 0.00274219
ANTENNA__07630__A2, 447.54, 212.16, 0.00274219
ANTENNA__07630__B1, 447.54, 212.16, 0.00274219
ANTENNA__07632__A2, 447.54, 212.16, 0.00274219
ANTENNA__11746__S, 447.54, 212.16, 0.00274219
ANTENNA__11746__A1, 447.54, 212.16, 0.00274219
FILLER_0_74_971, 447.54, 212.16, 0.00274219
_11033_, 460.34, 212.16, 0.00277639
_12033_, 460.34, 212.16, 0.00277639
_12034_, 460.34, 212.16, 0.00277639
_14678_, 460.34, 212.16, 0.00277639
ANTENNA__12641__S, 460.34, 212.16, 0.00277639
ANTENNA__12031__A0, 460.34, 212.16, 0.00277639
ANTENNA__12033__S, 460.34, 212.16, 0.00277639
ANTENNA_clkbuf_leaf_119_wclk_A, 460.34, 212.16, 0.00277639
_12241_, 473.14, 212.16, 0.00280312
_12643_, 473.14, 212.16, 0.00280312
_12644_, 473.14, 212.16, 0.00280312
ANTENNA__12643__S, 473.14, 212.16, 0.00280312
ANTENNA__12033__A0, 473.14, 212.16, 0.00280312
ANTENNA__12241__S, 473.14, 212.16, 0.00280312
ANTENNA__11033__A, 473.14, 212.16, 0.00280312
FILLER_0_74_1013, 473.14, 212.16, 0.00280312
PHY_142, 5.52, 206.72, 0.0026998
PHY_144, 5.52, 206.72, 0.0026998
PHY_143, 494.04, 206.72, 0.00273119
PHY_145, 494.04, 206.72, 0.00273119
_14688_, 37.94, 206.72, 0.00268483
FILLER_0_72_77, 37.94, 206.72, 0.00268483
_12052_, 50.74, 206.72, 0.00266506
_12054_, 50.74, 206.72, 0.00266506
_12055_, 50.74, 206.72, 0.00266506
_12060_, 50.74, 206.72, 0.00266506
_12061_, 50.74, 206.72, 0.00266506
ANTENNA__12054__A0, 50.74, 206.72, 0.00266506
ANTENNA__12060__A0, 50.74, 206.72, 0.00266506
FILLER_0_72_85, 50.74, 206.72, 0.00266506
_12669_, 63.54, 206.72, 0.00264079
ANTENNA__12052__A0, 63.54, 206.72, 0.00264079
ANTENNA__08273__A2, 63.54, 206.72, 0.00264079
ANTENNA__12060__S, 63.54, 206.72, 0.00264079
ANTENNA__12052__S, 63.54, 206.72, 0.00264079
FILLER_0_72_132, 63.54, 206.72, 0.00264079
FILLER_0_73_136, 63.54, 206.72, 0.00264079
_06670_, 76.34, 206.72, 0.00261569
_12048_, 76.34, 206.72, 0.00261569
ANTENNA__12660__S, 76.34, 206.72, 0.00261569
ANTENNA__12048__A0, 76.34, 206.72, 0.00261569
ANTENNA__12660__A1, 76.34, 206.72, 0.00261569
ANTENNA__12736__A1, 76.34, 206.72, 0.00261569
ANTENNA__12048__S, 76.34, 206.72, 0.00261569
ANTENNA_clkbuf_leaf_3_wclk_A, 76.34, 206.72, 0.00261569
FILLER_0_71_151, 76.34, 206.72, 0.00261569
FILLER_0_72_158, 76.34, 206.72, 0.00261569
FILLER_0_72_166, 76.34, 206.72, 0.00261569
FILLER_0_73_157, 76.34, 206.72, 0.00261569
_06658_, 89.14, 206.72, 0.00258871
_06664_, 89.14, 206.72, 0.00258871
_06666_, 89.14, 206.72, 0.00258871
_13043_, 89.14, 206.72, 0.00258871
clkbuf_leaf_4_wclk, 89.14, 206.72, 0.00258871
ANTENNA__06666__S, 89.14, 206.72, 0.00258871
ANTENNA__06666__A1, 89.14, 206.72, 0.00258871
FILLER_0_71_169, 89.14, 206.72, 0.00258871
FILLER_0_72_184, 89.14, 206.72, 0.00258871
_06657_, 101.94, 206.72, 0.00253506
_08100_, 101.94, 206.72, 0.00253506
_11775_, 101.94, 206.72, 0.00253506
_12324_, 101.94, 206.72, 0.00253506
_12325_, 101.94, 206.72, 0.00253506
_14815_, 101.94, 206.72, 0.00253506
ANTENNA__06657__S, 101.94, 206.72, 0.00253506
ANTENNA__06663__A1, 101.94, 206.72, 0.00253506
ANTENNA__08100__B, 101.94, 206.72, 0.00253506
ANTENNA__11780__A1, 101.94, 206.72, 0.00253506
FILLER_0_73_221, 101.94, 206.72, 0.00253506
_08101_, 114.74, 206.72, 0.00247322
_11774_, 114.74, 206.72, 0.00247322
_12320_, 114.74, 206.72, 0.00247322
_12321_, 114.74, 206.72, 0.00247322
ANTENNA__12320__S, 114.74, 206.72, 0.00247322
ANTENNA__08194__C, 114.74, 206.72, 0.00247322
ANTENNA__08100__C, 114.74, 206.72, 0.00247322
ANTENNA__08195__A2, 114.74, 206.72, 0.00247322
ANTENNA__08195__B1, 114.74, 206.72, 0.00247322
ANTENNA__11774__A1, 114.74, 206.72, 0.00247322
FILLER_0_72_229, 114.74, 206.72, 0.00247322
FILLER_0_73_241, 114.74, 206.72, 0.00247322
_06652_, 127.54, 206.72, 0.00240828
_11768_, 127.54, 206.72, 0.00240828
_14813_, 127.54, 206.72, 0.00240828
ANTENNA__06672__S, 127.54, 206.72, 0.00240828
ANTENNA__12058__A0, 127.54, 206.72, 0.00240828
ANTENNA__06672__A1, 127.54, 206.72, 0.00240828
ANTENNA__12058__S, 127.54, 206.72, 0.00240828
FILLER_0_72_269, 127.54, 206.72, 0.00240828
FILLER_0_73_273, 127.54, 206.72, 0.00240828
_12044_, 140.34, 206.72, 0.00233676
_14555_, 140.34, 206.72, 0.00233676
_14811_, 140.34, 206.72, 0.00233676
ANTENNA__06651__S, 140.34, 206.72, 0.00233676
ANTENNA__12044__A0, 140.34, 206.72, 0.00233676
ANTENNA__06651__A1, 140.34, 206.72, 0.00233676
ANTENNA__12044__S, 140.34, 206.72, 0.00233676
_06676_, 153.14, 206.72, 0.00225492
_13047_, 153.14, 206.72, 0.00225492
clkbuf_leaf_11_wclk, 153.14, 206.72, 0.00225492
ANTENNA__06675__S, 153.14, 206.72, 0.00225492
ANTENNA__08382__B, 153.14, 206.72, 0.00225492
ANTENNA__07988__B1, 153.14, 206.72, 0.00225492
ANTENNA__11762__S, 153.14, 206.72, 0.00225492
ANTENNA__11762__A1, 153.14, 206.72, 0.00225492
ANTENNA_clkbuf_leaf_11_wclk_A, 153.14, 206.72, 0.00225492
FILLER_0_71_310, 153.14, 206.72, 0.00225492
_12041_, 165.94, 206.72, 0.00214648
_12042_, 165.94, 206.72, 0.00214648
_14682_, 165.94, 206.72, 0.00214648
ANTENNA__08383__A2, 165.94, 206.72, 0.00214648
ANTENNA__12041__A, 165.94, 206.72, 0.00214648
ANTENNA__11788__A, 165.94, 206.72, 0.00214648
FILLER_0_72_355, 165.94, 206.72, 0.00214648
_12062_, 191.54, 206.72, 0.00206811
_12810_, 191.54, 206.72, 0.00206811
_12811_, 191.54, 206.72, 0.00206811
_15044_, 191.54, 206.72, 0.00206811
ANTENNA__12810__S, 191.54, 206.72, 0.00206811
ANTENNA__12062__A0, 191.54, 206.72, 0.00206811
ANTENNA__06713__B1, 191.54, 206.72, 0.00206811
ANTENNA__11146__A1, 191.54, 206.72, 0.00206811
ANTENNA__13081__RESET_B, 191.54, 206.72, 0.00206811
FILLER_0_73_409, 191.54, 206.72, 0.00206811
FILLER_0_73_415, 191.54, 206.72, 0.00206811
_06649_, 204.34, 206.72, 0.00209643
_12064_, 204.34, 206.72, 0.00209643
_12677_, 204.34, 206.72, 0.00209643
ANTENNA__08460__B1, 204.34, 206.72, 0.00209643
ANTENNA__11424__A1, 204.34, 206.72, 0.00209643
ANTENNA__11146__S, 204.34, 206.72, 0.00209643
ANTENNA__12810__A1, 204.34, 206.72, 0.00209643
ANTENNA__13081__CLK, 204.34, 206.72, 0.00209643
FILLER_0_72_441, 204.34, 206.72, 0.00209643
_06647_, 217.14, 206.72, 0.00212197
_06648_, 217.14, 206.72, 0.00212197
_12813_, 217.14, 206.72, 0.00212197
_13048_, 217.14, 206.72, 0.00212197
ANTENNA__12676__S, 217.14, 206.72, 0.00212197
ANTENNA__06648__A1, 217.14, 206.72, 0.00212197
ANTENNA__06648__S, 217.14, 206.72, 0.00212197
ANTENNA__06678__A1, 217.14, 206.72, 0.00212197
ANTENNA__12676__A1, 217.14, 206.72, 0.00212197
FILLER_0_72_462, 217.14, 206.72, 0.00212197
FILLER_0_73_465, 217.14, 206.72, 0.00212197
_06678_, 229.94, 206.72, 0.00214048
_06682_, 229.94, 206.72, 0.00214048
_11079_, 229.94, 206.72, 0.00214048
_11758_, 229.94, 206.72, 0.00214048
ANTENNA__08476__C, 229.94, 206.72, 0.00214048
ANTENNA__08429__C, 229.94, 206.72, 0.00214048
ANTENNA__08429__B, 229.94, 206.72, 0.00214048
ANTENNA__11079__A, 229.94, 206.72, 0.00214048
FILLER_0_72_486, 229.94, 206.72, 0.00214048
FILLER_0_73_497, 229.94, 206.72, 0.00214048
_06680_, 242.74, 206.72, 0.00215611
_06864_, 242.74, 206.72, 0.00215611
_08476_, 242.74, 206.72, 0.00215611
_11793_, 242.74, 206.72, 0.00215611
_14565_, 242.74, 206.72, 0.00215611
ANTENNA__12340__S, 242.74, 206.72, 0.00215611
ANTENNA__12336__A0, 242.74, 206.72, 0.00215611
ANTENNA__12340__A1, 242.74, 206.72, 0.00215611
ANTENNA__11791__A, 242.74, 206.72, 0.00215611
FILLER_0_72_523, 242.74, 206.72, 0.00215611
FILLER_0_73_522, 242.74, 206.72, 0.00215611
_08502_, 255.54, 206.72, 0.0021656
_09789_, 255.54, 206.72, 0.0021656
_10203_, 255.54, 206.72, 0.0021656
_13669_, 255.54, 206.72, 0.0021656
ANTENNA__08502__B, 255.54, 206.72, 0.0021656
ANTENNA__06680__A, 255.54, 206.72, 0.0021656
ANTENNA_clkbuf_leaf_144_wclk_A, 255.54, 206.72, 0.0021656
FILLER_0_72_533, 255.54, 206.72, 0.0021656
FILLER_0_72_543, 255.54, 206.72, 0.0021656
FILLER_0_73_553, 255.54, 206.72, 0.0021656
_09375_, 268.34, 206.72, 0.00216879
_12202_, 268.34, 206.72, 0.00216879
_12226_, 268.34, 206.72, 0.00216879
_13477_, 268.34, 206.72, 0.00216879
ANTENNA__12565__S, 268.34, 206.72, 0.00216879
ANTENNA__12565__A0, 268.34, 206.72, 0.00216879
ANTENNA__08502__C, 268.34, 206.72, 0.00216879
ANTENNA__10202__A1, 268.34, 206.72, 0.00216879
ANTENNA__10202__S, 268.34, 206.72, 0.00216879
ANTENNA__12225__A1, 268.34, 206.72, 0.00216879
FILLER_0_72_567, 268.34, 206.72, 0.00216879
FILLER_0_72_585, 268.34, 206.72, 0.00216879
_06712_, 281.14, 206.72, 0.00216503
_10845_, 281.14, 206.72, 0.00216503
_11082_, 281.14, 206.72, 0.00216503
_11626_, 281.14, 206.72, 0.00216503
_12610_, 281.14, 206.72, 0.00216503
_12746_, 281.14, 206.72, 0.00216503
ANTENNA__12224__A, 281.14, 206.72, 0.00216503
_06524_, 293.94, 206.72, 0.00215537
_06711_, 293.94, 206.72, 0.00215537
_06733_, 293.94, 206.72, 0.00215537
_06734_, 293.94, 206.72, 0.00215537
_07318_, 293.94, 206.72, 0.00215537
_11932_, 293.94, 206.72, 0.00215537
_14630_, 293.94, 206.72, 0.00215537
_06750_, 306.74, 206.72, 0.00212691
_09448_, 306.74, 206.72, 0.00212691
_11152_, 306.74, 206.72, 0.00212691
_11931_, 306.74, 206.72, 0.00212691
ANTENNA__06739__B1, 306.74, 206.72, 0.00212691
_06878_, 319.54, 206.72, 0.0020971
_10776_, 319.54, 206.72, 0.0020971
ANTENNA__12816__S, 319.54, 206.72, 0.0020971
ANTENNA__07318__A, 319.54, 206.72, 0.0020971
ANTENNA__06711__A, 319.54, 206.72, 0.0020971
ANTENNA__11932__A1, 319.54, 206.72, 0.0020971
ANTENNA__11931__A, 319.54, 206.72, 0.0020971
ANTENNA__11932__S, 319.54, 206.72, 0.0020971
ANTENNA__12816__A1, 319.54, 206.72, 0.0020971
FILLER_0_71_669, 319.54, 206.72, 0.0020971
_11532_, 345.14, 206.72, 0.00218218
_12652_, 345.14, 206.72, 0.00218218
_12719_, 345.14, 206.72, 0.00218218
_15001_, 345.14, 206.72, 0.00218218
ANTENNA__06878__A, 345.14, 206.72, 0.00218218
ANTENNA__06750__C, 345.14, 206.72, 0.00218218
ANTENNA__09448__A0, 345.14, 206.72, 0.00218218
ANTENNA__09448__S, 345.14, 206.72, 0.00218218
ANTENNA__10776__A, 345.14, 206.72, 0.00218218
FILLER_0_71_725, 345.14, 206.72, 0.00218218
FILLER_0_71_733, 345.14, 206.72, 0.00218218
FILLER_0_72_730, 345.14, 206.72, 0.00218218
_07829_, 357.94, 206.72, 0.00229953
_07879_, 357.94, 206.72, 0.00229953
_07882_, 357.94, 206.72, 0.00229953
_12649_, 357.94, 206.72, 0.00229953
_14456_, 357.94, 206.72, 0.00229953
ANTENNA__12701__S, 357.94, 206.72, 0.00229953
ANTENNA__07397__A2, 357.94, 206.72, 0.00229953
ANTENNA__11513__S, 357.94, 206.72, 0.00229953
ANTENNA__12701__A1, 357.94, 206.72, 0.00229953
_07830_, 370.74, 206.72, 0.00240404
_11529_, 370.74, 206.72, 0.00240404
_11530_, 370.74, 206.72, 0.00240404
_11730_, 370.74, 206.72, 0.00240404
_12706_, 370.74, 206.72, 0.00240404
_12718_, 370.74, 206.72, 0.00240404
ANTENNA__07829__A2, 370.74, 206.72, 0.00240404
_12637_, 383.54, 206.72, 0.00249794
_12638_, 383.54, 206.72, 0.00249794
_14993_, 383.54, 206.72, 0.00249794
_14994_, 383.54, 206.72, 0.00249794
clkbuf_leaf_116_wclk, 383.54, 206.72, 0.00249794
ANTENNA__07826__A2, 383.54, 206.72, 0.00249794
ANTENNA__07826__B1, 383.54, 206.72, 0.00249794
ANTENNA__12637__A1, 383.54, 206.72, 0.00249794
_07486_, 396.34, 206.72, 0.00255878
_12703_, 396.34, 206.72, 0.00255878
_14449_, 396.34, 206.72, 0.00255878
ANTENNA__12703__A1, 396.34, 206.72, 0.00255878
_12780_, 409.14, 206.72, 0.00261367
_15028_, 409.14, 206.72, 0.00261367
_15029_, 409.14, 206.72, 0.00261367
ANTENNA__12703__S, 409.14, 206.72, 0.00261367
ANTENNA__12779__S, 409.14, 206.72, 0.00261367
FILLER_0_72_869, 409.14, 206.72, 0.00261367
FILLER_0_72_890, 409.14, 206.72, 0.00261367
FILLER_0_73_884, 409.14, 206.72, 0.00261367
_06636_, 421.94, 206.72, 0.00265812
_12712_, 421.94, 206.72, 0.00265812
_12781_, 421.94, 206.72, 0.00265812
_12782_, 421.94, 206.72, 0.00265812
_14997_, 421.94, 206.72, 0.00265812
ANTENNA__12711__S, 421.94, 206.72, 0.00265812
ANTENNA__12781__S, 421.94, 206.72, 0.00265812
ANTENNA__07647__C, 421.94, 206.72, 0.00265812
ANTENNA__12779__A1, 421.94, 206.72, 0.00265812
FILLER_0_73_909, 421.94, 206.72, 0.00265812
_07630_, 434.74, 206.72, 0.0026944
_07728_, 434.74, 206.72, 0.0026944
_12713_, 434.74, 206.72, 0.0026944
_12714_, 434.74, 206.72, 0.0026944
_14998_, 434.74, 206.72, 0.0026944
ANTENNA__07678__A2, 434.74, 206.72, 0.0026944
ANTENNA__12781__A1, 434.74, 206.72, 0.0026944
FILLER_0_72_925, 434.74, 206.72, 0.0026944
_07632_, 447.54, 206.72, 0.00271745
_11522_, 447.54, 206.72, 0.00271745
_12709_, 447.54, 206.72, 0.00271745
_12710_, 447.54, 206.72, 0.00271745
_14452_, 447.54, 206.72, 0.00271745
_14964_, 447.54, 206.72, 0.00271745
ANTENNA__07632__B1, 447.54, 206.72, 0.00271745
ANTENNA__12709__A1, 447.54, 206.72, 0.00271745
ANTENNA__12713__A1, 447.54, 206.72, 0.00271745
_12641_, 460.34, 206.72, 0.00272777
_12645_, 460.34, 206.72, 0.00272777
ANTENNA__12647__S, 460.34, 206.72, 0.00272777
ANTENNA__12645__S, 460.34, 206.72, 0.00272777
ANTENNA__07727__B1, 460.34, 206.72, 0.00272777
ANTENNA__07680__B1, 460.34, 206.72, 0.00272777
ANTENNA__12641__A1, 460.34, 206.72, 0.00272777
FILLER_0_71_984, 460.34, 206.72, 0.00272777
FILLER_0_72_990, 460.34, 206.72, 0.00272777
_11030_, 473.14, 206.72, 0.0027359
_11745_, 473.14, 206.72, 0.0027359
_12646_, 473.14, 206.72, 0.0027359
_14965_, 473.14, 206.72, 0.0027359
_14966_, 473.14, 206.72, 0.0027359
ANTENNA__12643__A1, 473.14, 206.72, 0.0027359
ANTENNA__12645__A1, 473.14, 206.72, 0.0027359
ANTENNA__11745__A, 473.14, 206.72, 0.0027359
PHY_138, 5.52, 201.28, 0.00257907
PHY_140, 5.52, 201.28, 0.00257907
output67, 5.52, 201.28, 0.00257907
ANTENNA_output67_A, 5.52, 201.28, 0.00257907
PHY_139, 494.04, 201.28, 0.0025969
PHY_141, 494.04, 201.28, 0.0025969
FILLER_0_69_1055, 494.04, 201.28, 0.0025969
_11776_, 37.94, 201.28, 0.00255392
FILLER_0_70_76, 37.94, 201.28, 0.00255392
FILLER_0_71_81, 37.94, 201.28, 0.00255392
_12667_, 50.74, 201.28, 0.00252845
_14691_, 50.74, 201.28, 0.00252845
_14976_, 50.74, 201.28, 0.00252845
ANTENNA__12054__S, 50.74, 201.28, 0.00252845
FILLER_0_70_85, 50.74, 201.28, 0.00252845
FILLER_0_70_108, 50.74, 201.28, 0.00252845
_12660_, 63.54, 201.28, 0.00249257
_12668_, 63.54, 201.28, 0.00249257
_14973_, 63.54, 201.28, 0.00249257
_14977_, 63.54, 201.28, 0.00249257
ANTENNA__12668__S, 63.54, 201.28, 0.00249257
ANTENNA__08273__B1, 63.54, 201.28, 0.00249257
ANTENNA__12668__A1, 63.54, 201.28, 0.00249257
_08132_, 76.34, 201.28, 0.00244475
_12661_, 76.34, 201.28, 0.00244475
_12729_, 76.34, 201.28, 0.00244475
_12736_, 76.34, 201.28, 0.00244475
_15005_, 76.34, 201.28, 0.00244475
ANTENNA__12736__S, 76.34, 201.28, 0.00244475
ANTENNA__08132__B1, 76.34, 201.28, 0.00244475
_12728_, 89.14, 201.28, 0.00238938
_12734_, 89.14, 201.28, 0.00238938
ANTENNA__08132__A2, 89.14, 201.28, 0.00238938
ANTENNA__12728__A1, 89.14, 201.28, 0.00238938
ANTENNA__12734__A1, 89.14, 201.28, 0.00238938
_12735_, 101.94, 201.28, 0.0023317
_14559_, 101.94, 201.28, 0.0023317
ANTENNA__12734__S, 101.94, 201.28, 0.0023317
ANTENNA__06663__S, 101.94, 201.28, 0.0023317
ANTENNA__06657__A1, 101.94, 201.28, 0.0023317
ANTENNA_clkbuf_leaf_4_wclk_A, 101.94, 201.28, 0.0023317
FILLER_0_70_205, 101.94, 201.28, 0.0023317
_11767_, 114.74, 201.28, 0.00226884
_11769_, 114.74, 201.28, 0.00226884
_14557_, 114.74, 201.28, 0.00226884
ANTENNA__12802__S, 114.74, 201.28, 0.00226884
ANTENNA__12324__A0, 114.74, 201.28, 0.00226884
ANTENNA__11774__S, 114.74, 201.28, 0.00226884
FILLER_0_69_233, 114.74, 201.28, 0.00226884
FILLER_0_70_230, 114.74, 201.28, 0.00226884
FILLER_0_70_236, 114.74, 201.28, 0.00226884
_12058_, 127.54, 201.28, 0.00219978
_12059_, 127.54, 201.28, 0.00219978
_14683_, 127.54, 201.28, 0.00219978
_14690_, 127.54, 201.28, 0.00219978
ANTENNA__12320__A0, 127.54, 201.28, 0.00219978
ANTENNA__11768__A1, 127.54, 201.28, 0.00219978
ANTENNA__11767__A, 127.54, 201.28, 0.00219978
FILLER_0_69_258, 127.54, 201.28, 0.00219978
_08367_, 140.34, 201.28, 0.00211914
_12317_, 140.34, 201.28, 0.00211914
_14978_, 140.34, 201.28, 0.00211914
ANTENNA__08367__A2, 140.34, 201.28, 0.00211914
ANTENNA__08367__B1, 140.34, 201.28, 0.00211914
ANTENNA__11550__A1, 140.34, 201.28, 0.00211914
FILLER_0_70_302, 140.34, 201.28, 0.00211914
FILLER_0_71_294, 140.34, 201.28, 0.00211914
FILLER_0_71_304, 140.34, 201.28, 0.00211914
_12043_, 153.14, 201.28, 0.00203281
_12738_, 153.14, 201.28, 0.00203281
_12739_, 153.14, 201.28, 0.00203281
ANTENNA__06660__A1, 153.14, 201.28, 0.00203281
ANTENNA__06675__A1, 153.14, 201.28, 0.00203281
ANTENNA__07953__A2, 153.14, 201.28, 0.00203281
ANTENNA__07953__B1, 153.14, 201.28, 0.00203281
ANTENNA__11550__S, 153.14, 201.28, 0.00203281
ANTENNA__12738__A1, 153.14, 201.28, 0.00203281
FILLER_0_71_326, 153.14, 201.28, 0.00203281
_07953_, 165.94, 201.28, 0.00194376
_11623_, 165.94, 201.28, 0.00194376
_11691_, 165.94, 201.28, 0.00194376
_14500_, 165.94, 201.28, 0.00194376
_14970_, 165.94, 201.28, 0.00194376
ANTENNA__12042__A0, 165.94, 201.28, 0.00194376
ANTENNA__08458__A2, 165.94, 201.28, 0.00194376
ANTENNA__08382__C, 165.94, 201.28, 0.00194376
ANTENNA__12042__S, 165.94, 201.28, 0.00194376
FILLER_0_70_350, 165.94, 201.28, 0.00194376
FILLER_0_71_353, 165.94, 201.28, 0.00194376
_08460_, 191.54, 201.28, 0.00192594
_08462_, 191.54, 201.28, 0.00192594
_11146_, 191.54, 201.28, 0.00192594
_12065_, 191.54, 201.28, 0.00192594
_14276_, 191.54, 201.28, 0.00192594
ANTENNA__08461__B1, 191.54, 201.28, 0.00192594
_12676_, 204.34, 201.28, 0.001995
_12744_, 204.34, 201.28, 0.001995
_14693_, 204.34, 201.28, 0.001995
clkbuf_leaf_13_wclk, 204.34, 201.28, 0.001995
ANTENNA__12064__A0, 204.34, 201.28, 0.001995
ANTENNA__12064__S, 204.34, 201.28, 0.001995
_08507_, 217.14, 201.28, 0.00203793
_08510_, 217.14, 201.28, 0.00203793
_11149_, 217.14, 201.28, 0.00203793
_15045_, 217.14, 201.28, 0.00203793
ANTENNA__12812__S, 217.14, 201.28, 0.00203793
ANTENNA__08507__A3, 217.14, 201.28, 0.00203793
ANTENNA__08510__B, 217.14, 201.28, 0.00203793
ANTENNA__12812__A1, 217.14, 201.28, 0.00203793
FILLER_0_70_448, 217.14, 201.28, 0.00203793
FILLER_0_71_469, 217.14, 201.28, 0.00203793
_06681_, 229.94, 201.28, 0.00207152
_07224_, 229.94, 201.28, 0.00207152
_12949_, 229.94, 201.28, 0.00207152
_13049_, 229.94, 201.28, 0.00207152
ANTENNA__12948__S, 229.94, 201.28, 0.00207152
ANTENNA__06681__A1, 229.94, 201.28, 0.00207152
FILLER_0_69_487, 229.94, 201.28, 0.00207152
FILLER_0_70_480, 229.94, 201.28, 0.00207152
_07775_, 242.74, 201.28, 0.00209164
_09993_, 242.74, 201.28, 0.00209164
_09994_, 242.74, 201.28, 0.00209164
_10296_, 242.74, 201.28, 0.00209164
_11791_, 242.74, 201.28, 0.00209164
_11792_, 242.74, 201.28, 0.00209164
ANTENNA__09993__A1, 242.74, 201.28, 0.00209164
FILLER_0_69_511, 242.74, 201.28, 0.00209164
_08503_, 255.54, 201.28, 0.00209991
_08504_, 255.54, 201.28, 0.00209991
_09788_, 255.54, 201.28, 0.00209991
clkbuf_leaf_144_wclk, 255.54, 201.28, 0.00209991
ANTENNA_8, 255.54, 201.28, 0.00209991
_08500_, 268.34, 201.28, 0.00207843
_09374_, 268.34, 201.28, 0.00207843
_11490_, 268.34, 201.28, 0.00207843
_11697_, 268.34, 201.28, 0.00207843
ANTENNA__08503__A2, 268.34, 201.28, 0.00207843
ANTENNA__09374__A0, 268.34, 201.28, 0.00207843
ANTENNA__12225__S, 268.34, 201.28, 0.00207843
FILLER_0_69_570, 268.34, 201.28, 0.00207843
_06585_, 281.14, 201.28, 0.00205481
_06835_, 281.14, 201.28, 0.00205481
_11512_, 281.14, 201.28, 0.00205481
_11558_, 281.14, 201.28, 0.00205481
_12678_, 281.14, 201.28, 0.00205481
_13018_, 281.14, 201.28, 0.00205481
ANTENNA__06709__A, 281.14, 201.28, 0.00205481
ANTENNA__08500__B, 281.14, 201.28, 0.00205481
ANTENNA__08500__C, 281.14, 201.28, 0.00205481
_06776_, 293.94, 201.28, 0.00202387
_06804_, 293.94, 201.28, 0.00202387
_06825_, 293.94, 201.28, 0.00202387
_06838_, 293.94, 201.28, 0.00202387
_11153_, 293.94, 201.28, 0.00202387
_11694_, 293.94, 201.28, 0.00202387
_11696_, 293.94, 201.28, 0.00202387
_14278_, 293.94, 201.28, 0.00202387
ANTENNA__12272__A0, 293.94, 201.28, 0.00202387
FILLER_0_71_631, 293.94, 201.28, 0.00202387
_14118_, 306.74, 201.28, 0.00197549
ANTENNA__06734__B, 306.74, 201.28, 0.00197549
ANTENNA__06524__A, 306.74, 201.28, 0.00197549
ANTENNA__06735__A2, 306.74, 201.28, 0.00197549
ANTENNA__06825__A, 306.74, 201.28, 0.00197549
ANTENNA__06736__A, 306.74, 201.28, 0.00197549
ANTENNA__06734__C, 306.74, 201.28, 0.00197549
ANTENNA__06712__A, 306.74, 201.28, 0.00197549
ANTENNA__06712__B, 306.74, 201.28, 0.00197549
ANTENNA__06733__B, 306.74, 201.28, 0.00197549
ANTENNA__06735__A3, 306.74, 201.28, 0.00197549
ANTENNA__11728__A1, 306.74, 201.28, 0.00197549
FILLER_0_69_650, 306.74, 201.28, 0.00197549
_07401_, 319.54, 201.28, 0.00192242
_09208_, 319.54, 201.28, 0.00192242
_09209_, 319.54, 201.28, 0.00192242
_10777_, 319.54, 201.28, 0.00192242
clkbuf_leaf_109_wclk, 319.54, 201.28, 0.00192242
ANTENNA__06838__B, 319.54, 201.28, 0.00192242
ANTENNA__06838__A, 319.54, 201.28, 0.00192242
ANTENNA__06833__B, 319.54, 201.28, 0.00192242
FILLER_0_70_690, 319.54, 201.28, 0.00192242
_11531_, 345.14, 201.28, 0.001951
_12769_, 345.14, 201.28, 0.001951
_12770_, 345.14, 201.28, 0.001951
_14457_, 345.14, 201.28, 0.001951
ANTENNA__09997__S, 345.14, 201.28, 0.001951
ANTENNA__10777__A1, 345.14, 201.28, 0.001951
FILLER_0_70_732, 345.14, 201.28, 0.001951
FILLER_0_70_741, 345.14, 201.28, 0.001951
_07880_, 357.94, 201.28, 0.00204611
_12788_, 357.94, 201.28, 0.00204611
ANTENNA__12700__A, 357.94, 201.28, 0.00204611
ANTENNA__12719__S, 357.94, 201.28, 0.00204611
ANTENNA__07269__A, 357.94, 201.28, 0.00204611
ANTENNA__07399__A3, 357.94, 201.28, 0.00204611
ANTENNA__07879__B1, 357.94, 201.28, 0.00204611
ANTENNA__07399__B1, 357.94, 201.28, 0.00204611
ANTENNA__11513__A1, 357.94, 201.28, 0.00204611
ANTENNA__11531__A1, 357.94, 201.28, 0.00204611
ANTENNA__11531__S, 357.94, 201.28, 0.00204611
ANTENNA__12719__A1, 357.94, 201.28, 0.00204611
FILLER_0_70_753, 357.94, 201.28, 0.00204611
_07826_, 370.74, 201.28, 0.00214018
_07828_, 370.74, 201.28, 0.00214018
_11018_, 370.74, 201.28, 0.00214018
_11021_, 370.74, 201.28, 0.00214018
_12785_, 370.74, 201.28, 0.00214018
_12786_, 370.74, 201.28, 0.00214018
ANTENNA__07828__B1, 370.74, 201.28, 0.00214018
ANTENNA__07880__A2, 370.74, 201.28, 0.00214018
ANTENNA__07828__A3, 370.74, 201.28, 0.00214018
ANTENNA__11529__S, 370.74, 201.28, 0.00214018
_07532_, 383.54, 201.28, 0.00222975
_07535_, 383.54, 201.28, 0.00222975
_11516_, 383.54, 201.28, 0.00222975
_11517_, 383.54, 201.28, 0.00222975
_12773_, 383.54, 201.28, 0.00222975
ANTENNA__11021__A, 383.54, 201.28, 0.00222975
_07484_, 396.34, 201.28, 0.00231002
_07487_, 396.34, 201.28, 0.00231002
_11515_, 396.34, 201.28, 0.00231002
_12704_, 396.34, 201.28, 0.00231002
ANTENNA__07532__A2, 396.34, 201.28, 0.00231002
ANTENNA__11515__A1, 396.34, 201.28, 0.00231002
ANTENNA__11517__A1, 396.34, 201.28, 0.00231002
ANTENNA__11517__S, 396.34, 201.28, 0.00231002
ANTENNA_clkbuf_leaf_116_wclk_A, 396.34, 201.28, 0.00231002
_07631_, 409.14, 201.28, 0.00238252
_12779_, 409.14, 201.28, 0.00238252
_15030_, 409.14, 201.28, 0.00238252
ANTENNA__12777__S, 409.14, 201.28, 0.00238252
ANTENNA__07726__A2, 409.14, 201.28, 0.00238252
ANTENNA__12777__A1, 409.14, 201.28, 0.00238252
FILLER_0_69_865, 409.14, 201.28, 0.00238252
FILLER_0_70_865, 409.14, 201.28, 0.00238252
_07678_, 421.94, 201.28, 0.00244863
_07681_, 421.94, 201.28, 0.00244863
_12711_, 421.94, 201.28, 0.00244863
ANTENNA__07679__A2, 421.94, 201.28, 0.00244863
ANTENNA__07679__A3, 421.94, 201.28, 0.00244863
ANTENNA__07631__A3, 421.94, 201.28, 0.00244863
ANTENNA__07679__B1, 421.94, 201.28, 0.00244863
ANTENNA__07631__B1, 421.94, 201.28, 0.00244863
FILLER_0_70_909, 421.94, 201.28, 0.00244863
_11526_, 434.74, 201.28, 0.00250715
_14454_, 434.74, 201.28, 0.00250715
_14996_, 434.74, 201.28, 0.00250715
clkbuf_leaf_118_wclk, 434.74, 201.28, 0.00250715
ANTENNA__12715__S, 434.74, 201.28, 0.00250715
ANTENNA__07678__B1, 434.74, 201.28, 0.00250715
ANTENNA__11523__A1, 434.74, 201.28, 0.00250715
ANTENNA__12711__A1, 434.74, 201.28, 0.00250715
_07725_, 447.54, 201.28, 0.00253446
_11521_, 447.54, 201.28, 0.00253446
_12642_, 447.54, 201.28, 0.00253446
ANTENNA__12709__S, 447.54, 201.28, 0.00253446
ANTENNA__11521__S, 447.54, 201.28, 0.00253446
_07680_, 460.34, 201.28, 0.00255935
_07727_, 460.34, 201.28, 0.00255935
_07777_, 460.34, 201.28, 0.00255935
_12647_, 460.34, 201.28, 0.00255935
_14967_, 460.34, 201.28, 0.00255935
ANTENNA__07727__A2, 460.34, 201.28, 0.00255935
ANTENNA__11521__A1, 460.34, 201.28, 0.00255935
FILLER_0_70_977, 460.34, 201.28, 0.00255935
ANTENNA__07777__A2, 473.14, 201.28, 0.00257812
ANTENNA__07680__A2, 473.14, 201.28, 0.00257812
ANTENNA__07582__A2, 473.14, 201.28, 0.00257812
ANTENNA__07777__B1, 473.14, 201.28, 0.00257812
ANTENNA__07582__B1, 473.14, 201.28, 0.00257812
ANTENNA__12647__A1, 473.14, 201.28, 0.00257812
FILLER_0_70_1029, 473.14, 201.28, 0.00257812
PHY_134, 5.52, 195.84, 0.00247314
PHY_136, 5.52, 195.84, 0.00247314
PHY_135, 494.04, 195.84, 0.00247795
PHY_137, 494.04, 195.84, 0.00247795
_11785_, 37.94, 195.84, 0.00246034
FILLER_0_68_77, 37.94, 195.84, 0.00246034
FILLER_0_69_81, 37.94, 195.84, 0.00246034
_08273_, 50.74, 195.84, 0.00244611
_11064_, 50.74, 195.84, 0.00244611
_11073_, 50.74, 195.84, 0.00244611
_14979_, 50.74, 195.84, 0.00244611
clkbuf_leaf_1_wclk, 50.74, 195.84, 0.00244611
ANTENNA__11064__A, 50.74, 195.84, 0.00244611
ANTENNA__11073__A, 50.74, 195.84, 0.00244611
_08414_, 63.54, 195.84, 0.00240903
_12672_, 63.54, 195.84, 0.00240903
_15009_, 63.54, 195.84, 0.00240903
ANTENNA__12672__S, 63.54, 195.84, 0.00240903
ANTENNA__08414__A2, 63.54, 195.84, 0.00240903
ANTENNA__08414__B1, 63.54, 195.84, 0.00240903
ANTENNA_clkbuf_leaf_1_wclk_A, 63.54, 195.84, 0.00240903
FILLER_0_68_132, 63.54, 195.84, 0.00240903
_11540_, 76.34, 195.84, 0.00236588
_11541_, 76.34, 195.84, 0.00236588
_12737_, 76.34, 195.84, 0.00236588
_14461_, 76.34, 195.84, 0.00236588
FILLER_0_68_144, 76.34, 195.84, 0.00236588
FILLER_0_68_163, 76.34, 195.84, 0.00236588
_08130_, 89.14, 195.84, 0.00231549
_08133_, 89.14, 195.84, 0.00231549
_11547_, 89.14, 195.84, 0.00231549
_13041_, 89.14, 195.84, 0.00231549
_14464_, 89.14, 195.84, 0.00231549
_15008_, 89.14, 195.84, 0.00231549
ANTENNA__12728__S, 89.14, 195.84, 0.00231549
ANTENNA__08130__B1, 89.14, 195.84, 0.00231549
FILLER_0_68_175, 89.14, 195.84, 0.00231549
_08271_, 101.94, 195.84, 0.00224312
_08274_, 101.94, 195.84, 0.00224312
_11546_, 101.94, 195.84, 0.00224312
_12802_, 101.94, 195.84, 0.00224312
_12803_, 101.94, 195.84, 0.00224312
_15040_, 101.94, 195.84, 0.00224312
ANTENNA__12324__S, 101.94, 195.84, 0.00224312
ANTENNA__11546__S, 101.94, 195.84, 0.00224312
ANTENNA__12802__A1, 101.94, 195.84, 0.00224312
FILLER_0_67_203, 101.94, 195.84, 0.00224312
FILLER_0_69_218, 101.94, 195.84, 0.00224312
_11055_, 114.74, 195.84, 0.00215699
_12741_, 114.74, 195.84, 0.00215699
_12796_, 114.74, 195.84, 0.00215699
_15037_, 114.74, 195.84, 0.00215699
ANTENNA__12796__S, 114.74, 195.84, 0.00215699
ANTENNA__12796__A1, 114.74, 195.84, 0.00215699
ANTENNA__11055__A, 114.74, 195.84, 0.00215699
FILLER_0_68_242, 114.74, 195.84, 0.00215699
FILLER_0_68_248, 114.74, 195.84, 0.00215699
_12045_, 127.54, 195.84, 0.00206313
_12670_, 127.54, 195.84, 0.00206313
_12671_, 127.54, 195.84, 0.00206313
_12740_, 127.54, 195.84, 0.00206313
ANTENNA__11768__S, 127.54, 195.84, 0.00206313
ANTENNA__12740__A1, 127.54, 195.84, 0.00206313
FILLER_0_68_269, 127.54, 195.84, 0.00206313
FILLER_0_69_269, 127.54, 195.84, 0.00206313
_11550_, 140.34, 195.84, 0.00196564
_11551_, 140.34, 195.84, 0.00196564
_14466_, 140.34, 195.84, 0.00196564
ANTENNA__12670__S, 140.34, 195.84, 0.00196564
ANTENNA__12670__A1, 140.34, 195.84, 0.00196564
FILLER_0_67_281, 140.34, 195.84, 0.00196564
FILLER_0_67_288, 140.34, 195.84, 0.00196564
_08368_, 153.14, 195.84, 0.00186156
_12655_, 153.14, 195.84, 0.00186156
_15042_, 153.14, 195.84, 0.00186156
ANTENNA__12654__S, 153.14, 195.84, 0.00186156
ANTENNA__12738__S, 153.14, 195.84, 0.00186156
ANTENNA__12806__S, 153.14, 195.84, 0.00186156
ANTENNA__11782__A, 153.14, 195.84, 0.00186156
_07951_, 165.94, 195.84, 0.00174553
_07952_, 165.94, 195.84, 0.00174553
_11782_, 165.94, 195.84, 0.00174553
_12654_, 165.94, 195.84, 0.00174553
ANTENNA__07951__A, 165.94, 195.84, 0.00174553
ANTENNA__06836__A, 165.94, 195.84, 0.00174553
ANTENNA__11533__A, 165.94, 195.84, 0.00174553
ANTENNA__12654__A1, 165.94, 195.84, 0.00174553
FILLER_0_67_337, 165.94, 195.84, 0.00174553
FILLER_0_69_359, 165.94, 195.84, 0.00174553
_12674_, 191.54, 195.84, 0.00170008
_14980_, 191.54, 195.84, 0.00170008
ANTENNA__12674__S, 191.54, 195.84, 0.00170008
ANTENNA__12744__S, 191.54, 195.84, 0.00170008
ANTENNA__08460__A3, 191.54, 195.84, 0.00170008
ANTENNA__08460__A2, 191.54, 195.84, 0.00170008
ANTENNA__08461__A2, 191.54, 195.84, 0.00170008
ANTENNA__12744__A1, 191.54, 195.84, 0.00170008
FILLER_0_68_410, 191.54, 195.84, 0.00170008
FILLER_0_69_406, 191.54, 195.84, 0.00170008
_08508_, 204.34, 195.84, 0.00176791
_14277_, 204.34, 195.84, 0.00176791
_14469_, 204.34, 195.84, 0.00176791
_14981_, 204.34, 195.84, 0.00176791
_08509_, 217.14, 195.84, 0.00182147
_11148_, 217.14, 195.84, 0.00182147
_12812_, 217.14, 195.84, 0.00182147
_15109_, 217.14, 195.84, 0.00182147
ANTENNA__12948__A1, 217.14, 195.84, 0.00182147
FILLER_0_68_467, 217.14, 195.84, 0.00182147
_08489_, 229.94, 195.84, 0.00186694
_11928_, 229.94, 195.84, 0.00186694
_12948_, 229.94, 195.84, 0.00186694
clkbuf_2_1__f_rclk, 229.94, 195.84, 0.00186694
ANTENNA__07775__A, 229.94, 195.84, 0.00186694
ANTENNA__07224__A, 229.94, 195.84, 0.00186694
ANTENNA__08489__A2, 229.94, 195.84, 0.00186694
ANTENNA__08489__B1, 229.94, 195.84, 0.00186694
FILLER_0_68_494, 229.94, 195.84, 0.00186694
_13765_, 242.74, 195.84, 0.00187127
ANTENNA__09788__A0, 242.74, 195.84, 0.00187127
ANTENNA__11792__A1, 242.74, 195.84, 0.00187127
ANTENNA__10296__A, 242.74, 195.84, 0.00187127
ANTENNA_clkbuf_2_1__f_rclk_A, 242.74, 195.84, 0.00187127
FILLER_0_67_513, 242.74, 195.84, 0.00187127
FILLER_0_68_517, 242.74, 195.84, 0.00187127
FILLER_0_68_523, 242.74, 195.84, 0.00187127
_08494_, 255.54, 195.84, 0.00187081
_10705_, 255.54, 195.84, 0.00187081
_14181_, 255.54, 195.84, 0.00187081
_14534_, 255.54, 195.84, 0.00187081
ANTENNA__09993__S, 255.54, 195.84, 0.00187081
FILLER_0_67_540, 255.54, 195.84, 0.00187081
_08493_, 268.34, 195.84, 0.00185958
_10501_, 268.34, 195.84, 0.00185958
_10502_, 268.34, 195.84, 0.00185958
_10774_, 268.34, 195.84, 0.00185958
_10913_, 268.34, 195.84, 0.00185958
_11698_, 268.34, 195.84, 0.00185958
_14117_, 268.34, 195.84, 0.00185958
ANTENNA__08494__A2, 268.34, 195.84, 0.00185958
ANTENNA__09374__S, 268.34, 195.84, 0.00185958
ANTENNA__10501__A1, 268.34, 195.84, 0.00185958
ANTENNA__10912__S, 268.34, 195.84, 0.00185958
ANTENNA__11697__A1, 268.34, 195.84, 0.00185958
FILLER_0_69_575, 268.34, 195.84, 0.00185958
_06586_, 281.14, 195.84, 0.00183902
_06587_, 281.14, 195.84, 0.00183902
_06833_, 281.14, 195.84, 0.00183902
_13989_, 281.14, 195.84, 0.00183902
ANTENNA__08493__A2, 281.14, 195.84, 0.00183902
ANTENNA__11697__S, 281.14, 195.84, 0.00183902
FILLER_0_68_612, 281.14, 195.84, 0.00183902
_06772_, 293.94, 195.84, 0.00181094
_06774_, 293.94, 195.84, 0.00181094
_06802_, 293.94, 195.84, 0.00181094
_06809_, 293.94, 195.84, 0.00181094
_09378_, 293.94, 195.84, 0.00181094
_09791_, 293.94, 195.84, 0.00181094
_10640_, 293.94, 195.84, 0.00181094
_06778_, 306.74, 195.84, 0.00177208
_06813_, 306.74, 195.84, 0.00177208
_09275_, 306.74, 195.84, 0.00177208
_10199_, 306.74, 195.84, 0.00177208
_10504_, 306.74, 195.84, 0.00177208
_10505_, 306.74, 195.84, 0.00177208
_10778_, 306.74, 195.84, 0.00177208
ANTENNA__06733__C, 306.74, 195.84, 0.00177208
ANTENNA__06804__B, 306.74, 195.84, 0.00177208
FILLER_0_68_641, 306.74, 195.84, 0.00177208
_07269_, 319.54, 195.84, 0.00172096
_09210_, 319.54, 195.84, 0.00172096
_09278_, 319.54, 195.84, 0.00172096
_09723_, 319.54, 195.84, 0.00172096
_13414_, 319.54, 195.84, 0.00172096
_13446_, 319.54, 195.84, 0.00172096
ANTENNA__06804__A, 319.54, 195.84, 0.00172096
FILLER_0_68_670, 319.54, 195.84, 0.00172096
_11124_, 345.14, 195.84, 0.0017831
_14265_, 345.14, 195.84, 0.0017831
ANTENNA__07401__A, 345.14, 195.84, 0.0017831
ANTENNA__09209__A0, 345.14, 195.84, 0.0017831
ANTENNA__09208__A, 345.14, 195.84, 0.0017831
ANTENNA__09209__S, 345.14, 195.84, 0.0017831
ANTENNA_clkbuf_leaf_109_wclk_A, 345.14, 195.84, 0.0017831
FILLER_0_68_733, 345.14, 195.84, 0.0017831
FILLER_0_69_750, 345.14, 195.84, 0.0017831
_14264_, 357.94, 195.84, 0.00190901
_15033_, 357.94, 195.84, 0.00190901
clkbuf_leaf_111_wclk, 357.94, 195.84, 0.00190901
ANTENNA__12769__S, 357.94, 195.84, 0.00190901
ANTENNA__07399__A2, 357.94, 195.84, 0.00190901
ANTENNA__07879__A2, 357.94, 195.84, 0.00190901
_11121_, 370.74, 195.84, 0.0020037
_15032_, 370.74, 195.84, 0.0020037
ANTENNA__07880__B1, 370.74, 195.84, 0.0020037
ANTENNA__07880__A3, 370.74, 195.84, 0.0020037
ANTENNA__12769__A1, 370.74, 195.84, 0.0020037
FILLER_0_67_781, 370.74, 195.84, 0.0020037
FILLER_0_69_806, 370.74, 195.84, 0.0020037
_07533_, 383.54, 195.84, 0.00209247
_11518_, 383.54, 195.84, 0.00209247
_14450_, 383.54, 195.84, 0.00209247
_15026_, 383.54, 195.84, 0.00209247
ANTENNA__11018__A, 383.54, 195.84, 0.00209247
ANTENNA__12785__A1, 383.54, 195.84, 0.00209247
_07485_, 396.34, 195.84, 0.00217066
_12771_, 396.34, 195.84, 0.00217066
_12772_, 396.34, 195.84, 0.00217066
_15025_, 396.34, 195.84, 0.00217066
ANTENNA__12771__S, 396.34, 195.84, 0.00217066
ANTENNA__07484__A2, 396.34, 195.84, 0.00217066
ANTENNA__07484__B1, 396.34, 195.84, 0.00217066
ANTENNA__11515__S, 396.34, 195.84, 0.00217066
ANTENNA__12771__A1, 396.34, 195.84, 0.00217066
ANTENNA__12773__A1, 396.34, 195.84, 0.00217066
_07679_, 409.14, 195.84, 0.00224195
_07726_, 409.14, 195.84, 0.00224195
_11113_, 409.14, 195.84, 0.00224195
_12777_, 409.14, 195.84, 0.00224195
ANTENNA__07631__A2, 409.14, 195.84, 0.00224195
ANTENNA__07485__A2, 409.14, 195.84, 0.00224195
ANTENNA__07485__A3, 409.14, 195.84, 0.00224195
ANTENNA__07776__B1, 409.14, 195.84, 0.00224195
ANTENNA__07726__B1, 409.14, 195.84, 0.00224195
ANTENNA__07485__B1, 409.14, 195.84, 0.00224195
ANTENNA__07776__A2, 409.14, 195.84, 0.00224195
_07778_, 421.94, 195.84, 0.00231049
_11523_, 421.94, 195.84, 0.00231049
_11524_, 421.94, 195.84, 0.00231049
_11528_, 421.94, 195.84, 0.00231049
_12715_, 421.94, 195.84, 0.00231049
_12716_, 421.94, 195.84, 0.00231049
_14453_, 421.94, 195.84, 0.00231049
_14999_, 421.94, 195.84, 0.00231049
ANTENNA__07726__A3, 421.94, 195.84, 0.00231049
_07774_, 434.74, 195.84, 0.00235957
_11525_, 434.74, 195.84, 0.00235957
_12707_, 434.74, 195.84, 0.00235957
ANTENNA__12715__A1, 434.74, 195.84, 0.00235957
FILLER_0_68_921, 434.74, 195.84, 0.00235957
FILLER_0_68_932, 434.74, 195.84, 0.00235957
_07580_, 447.54, 195.84, 0.00240591
_07633_, 447.54, 195.84, 0.00240591
_11520_, 447.54, 195.84, 0.00240591
_12648_, 447.54, 195.84, 0.00240591
ANTENNA__07725__A2, 447.54, 195.84, 0.00240591
ANTENNA__07725__B1, 447.54, 195.84, 0.00240591
ANTENNA__11525__A1, 447.54, 195.84, 0.00240591
ANTENNA__12707__A1, 447.54, 195.84, 0.00240591
ANTENNA_clkbuf_leaf_118_wclk_A, 447.54, 195.84, 0.00240591
_07582_, 460.34, 195.84, 0.00244402
_12639_, 460.34, 195.84, 0.00244402
_14963_, 460.34, 195.84, 0.00244402
clkbuf_leaf_120_wclk, 460.34, 195.84, 0.00244402
ANTENNA__07580__A2, 460.34, 195.84, 0.00244402
ANTENNA__11661__S, 460.34, 195.84, 0.00244402
ANTENNA_clkbuf_leaf_120_wclk_A, 460.34, 195.84, 0.00244402
FILLER_0_68_977, 460.34, 195.84, 0.00244402
_11024_, 473.14, 195.84, 0.00246152
ANTENNA__12639__S, 473.14, 195.84, 0.00246152
ANTENNA__12639__A1, 473.14, 195.84, 0.00246152
FILLER_0_67_1009, 473.14, 195.84, 0.00246152
FILLER_0_69_1029, 473.14, 195.84, 0.00246152
PHY_130, 5.52, 190.4, 0.00233062
PHY_132, 5.52, 190.4, 0.00233062
PHY_131, 494.04, 190.4, 0.00234225
PHY_133, 494.04, 190.4, 0.00234225
FILLER_0_66_77, 37.94, 190.4, 0.00228002
FILLER_0_67_77, 37.94, 190.4, 0.00228002
_12666_, 50.74, 190.4, 0.00222943
_12673_, 50.74, 190.4, 0.00222943
ANTENNA__12664__S, 50.74, 190.4, 0.00222943
ANTENNA__12666__A1, 50.74, 190.4, 0.00222943
FILLER_0_65_93, 50.74, 190.4, 0.00222943
FILLER_0_66_85, 50.74, 190.4, 0.00222943
FILLER_0_66_109, 50.74, 190.4, 0.00222943
_08320_, 63.54, 190.4, 0.00217686
_12659_, 63.54, 190.4, 0.00217686
_14972_, 63.54, 190.4, 0.00217686
ANTENNA__12666__S, 63.54, 190.4, 0.00217686
ANTENNA__08320__A2, 63.54, 190.4, 0.00217686
ANTENNA__12658__A1, 63.54, 190.4, 0.00217686
ANTENNA__12664__A1, 63.54, 190.4, 0.00217686
ANTENNA__12672__A1, 63.54, 190.4, 0.00217686
FILLER_0_66_127, 63.54, 190.4, 0.00217686
FILLER_0_66_136, 63.54, 190.4, 0.00217686
FILLER_0_67_128, 63.54, 190.4, 0.00217686
_08318_, 76.34, 190.4, 0.00211873
_11548_, 76.34, 190.4, 0.00211873
ANTENNA__08318__A2, 76.34, 190.4, 0.00211873
ANTENNA__08318__B1, 76.34, 190.4, 0.00211873
ANTENNA__08320__B1, 76.34, 190.4, 0.00211873
ANTENNA__08085__B1, 76.34, 190.4, 0.00211873
ANTENNA__11540__A1, 76.34, 190.4, 0.00211873
ANTENNA__11540__S, 76.34, 190.4, 0.00211873
FILLER_0_67_165, 76.34, 190.4, 0.00211873
_12726_, 89.14, 190.4, 0.00205916
_15004_, 89.14, 190.4, 0.00205916
ANTENNA__12726__S, 89.14, 190.4, 0.00205916
ANTENNA__08130__A2, 89.14, 190.4, 0.00205916
ANTENNA__12726__A1, 89.14, 190.4, 0.00205916
FILLER_0_66_189, 89.14, 190.4, 0.00205916
_08131_, 101.94, 190.4, 0.00199367
_08272_, 101.94, 190.4, 0.00199367
_11544_, 101.94, 190.4, 0.00199367
ANTENNA__08271__A2, 101.94, 190.4, 0.00199367
ANTENNA__08271__B1, 101.94, 190.4, 0.00199367
ANTENNA__11546__A1, 101.94, 190.4, 0.00199367
ANTENNA__11544__S, 101.94, 190.4, 0.00199367
FILLER_0_66_201, 101.94, 190.4, 0.00199367
FILLER_0_66_211, 101.94, 190.4, 0.00199367
_08412_, 114.74, 190.4, 0.00192661
_12797_, 114.74, 190.4, 0.00192661
_15011_, 114.74, 190.4, 0.00192661
clkbuf_leaf_7_wclk, 114.74, 190.4, 0.00192661
ANTENNA__08131__A2, 114.74, 190.4, 0.00192661
ANTENNA__08272__A3, 114.74, 190.4, 0.00192661
ANTENNA__08131__A3, 114.74, 190.4, 0.00192661
ANTENNA__08412__A2, 114.74, 190.4, 0.00192661
ANTENNA__11138__A1, 114.74, 190.4, 0.00192661
_08415_, 127.54, 190.4, 0.00183408
_12808_, 127.54, 190.4, 0.00183408
_12809_, 127.54, 190.4, 0.00183408
_15043_, 127.54, 190.4, 0.00183408
ANTENNA__12740__S, 127.54, 190.4, 0.00183408
ANTENNA__08413__A3, 127.54, 190.4, 0.00183408
ANTENNA__08412__B1, 127.54, 190.4, 0.00183408
FILLER_0_67_273, 127.54, 190.4, 0.00183408
_12656_, 140.34, 190.4, 0.00172803
_15010_, 140.34, 190.4, 0.00172803
ANTENNA__12656__S, 140.34, 190.4, 0.00172803
ANTENNA__12724__S, 140.34, 190.4, 0.00172803
ANTENNA__08365__B1, 140.34, 190.4, 0.00172803
ANTENNA__12724__A1, 140.34, 190.4, 0.00172803
ANTENNA__12656__A1, 140.34, 190.4, 0.00172803
FILLER_0_66_292, 140.34, 190.4, 0.00172803
FILLER_0_66_303, 140.34, 190.4, 0.00172803
FILLER_0_67_296, 140.34, 190.4, 0.00172803
_08365_, 153.14, 190.4, 0.00161613
_08366_, 153.14, 190.4, 0.00161613
_11143_, 153.14, 190.4, 0.00161613
_12806_, 153.14, 190.4, 0.00161613
_12807_, 153.14, 190.4, 0.00161613
ANTENNA__12722__S, 153.14, 190.4, 0.00161613
ANTENNA__08366__A3, 153.14, 190.4, 0.00161613
ANTENNA__08365__A2, 153.14, 190.4, 0.00161613
ANTENNA__12722__A1, 153.14, 190.4, 0.00161613
FILLER_0_65_315, 153.14, 190.4, 0.00161613
_06834_, 165.94, 190.4, 0.00150095
_06836_, 165.94, 190.4, 0.00150095
_07949_, 165.94, 190.4, 0.00150095
_11533_, 165.94, 190.4, 0.00150095
_12722_, 165.94, 190.4, 0.00150095
_15002_, 165.94, 190.4, 0.00150095
ANTENNA__06834__A, 165.94, 190.4, 0.00150095
ANTENNA__07949__A, 165.94, 190.4, 0.00150095
_06579_, 191.54, 190.4, 0.00142333
_11491_, 191.54, 190.4, 0.00142333
_11557_, 191.54, 190.4, 0.00142333
_12745_, 191.54, 190.4, 0.00142333
ANTENNA__12742__S, 191.54, 190.4, 0.00142333
ANTENNA__06683__A, 191.54, 190.4, 0.00142333
ANTENNA__08506__A2, 191.54, 190.4, 0.00142333
ANTENNA__08459__B1, 191.54, 190.4, 0.00142333
ANTENNA__11491__A, 191.54, 190.4, 0.00142333
ANTENNA__12674__A1, 191.54, 190.4, 0.00142333
ANTENNA__06579__A, 191.54, 190.4, 0.00142333
FILLER_0_66_407, 191.54, 190.4, 0.00142333
FILLER_0_66_414, 191.54, 190.4, 0.00142333
_08506_, 204.34, 190.4, 0.00146578
_11556_, 204.34, 190.4, 0.00146578
_11624_, 204.34, 190.4, 0.00146578
_11625_, 204.34, 190.4, 0.00146578
_15013_, 204.34, 190.4, 0.00146578
ANTENNA__11624__S, 204.34, 190.4, 0.00146578
FILLER_0_66_444, 204.34, 190.4, 0.00146578
FILLER_0_67_445, 204.34, 190.4, 0.00146578
_11861_, 217.14, 190.4, 0.00149981
_11929_, 217.14, 190.4, 0.00149981
_14597_, 217.14, 190.4, 0.00149981
ANTENNA__08506__B1, 217.14, 190.4, 0.00149981
ANTENNA__08507__A2, 217.14, 190.4, 0.00149981
ANTENNA__08508__B1, 217.14, 190.4, 0.00149981
ANTENNA__08507__B1, 217.14, 190.4, 0.00149981
ANTENNA__11148__A1, 217.14, 190.4, 0.00149981
ANTENNA__11148__S, 217.14, 190.4, 0.00149981
ANTENNA__11556__S, 217.14, 190.4, 0.00149981
ANTENNA__11928__A1, 217.14, 190.4, 0.00149981
ANTENNA__11860__A1, 217.14, 190.4, 0.00149981
ANTENNA__11928__S, 217.14, 190.4, 0.00149981
ANTENNA_clkbuf_leaf_13_wclk_A, 217.14, 190.4, 0.00149981
FILLER_0_66_450, 217.14, 190.4, 0.00149981
_08488_, 229.94, 190.4, 0.00152766
_10434_, 229.94, 190.4, 0.00152766
_11860_, 229.94, 190.4, 0.00152766
_13957_, 229.94, 190.4, 0.00152766
_14629_, 229.94, 190.4, 0.00152766
_06827_, 242.74, 190.4, 0.00154412
_10706_, 242.74, 190.4, 0.00154412
_12883_, 242.74, 190.4, 0.00154412
_12885_, 242.74, 190.4, 0.00154412
_14085_, 242.74, 190.4, 0.00154412
ANTENNA__12883__A, 242.74, 190.4, 0.00154412
ANTENNA__08488__A2, 242.74, 190.4, 0.00154412
ANTENNA__08488__B1, 242.74, 190.4, 0.00154412
ANTENNA__11864__A1, 242.74, 190.4, 0.00154412
FILLER_0_65_514, 242.74, 190.4, 0.00154412
_06814_, 255.54, 190.4, 0.00154898
_06816_, 255.54, 190.4, 0.00154898
_10912_, 255.54, 190.4, 0.00154898
ANTENNA__08494__B1, 255.54, 190.4, 0.00154898
ANTENNA__06816__A, 255.54, 190.4, 0.00154898
ANTENNA__09788__S, 255.54, 190.4, 0.00154898
ANTENNA__10912__A1, 255.54, 190.4, 0.00154898
ANTENNA__10705__A1, 255.54, 190.4, 0.00154898
ANTENNA__10705__S, 255.54, 190.4, 0.00154898
FILLER_0_66_537, 255.54, 190.4, 0.00154898
_06818_, 268.34, 190.4, 0.00154826
_10368_, 268.34, 190.4, 0.00154826
_10773_, 268.34, 190.4, 0.00154826
ANTENNA__06814__A, 268.34, 190.4, 0.00154826
ANTENNA__06818__A, 268.34, 190.4, 0.00154826
ANTENNA__10369__A1, 268.34, 190.4, 0.00154826
ANTENNA__10773__A1, 268.34, 190.4, 0.00154826
ANTENNA__10369__S, 268.34, 190.4, 0.00154826
FILLER_0_66_564, 268.34, 190.4, 0.00154826
FILLER_0_66_569, 268.34, 190.4, 0.00154826
_09928_, 281.14, 190.4, 0.00154546
_09929_, 281.14, 190.4, 0.00154546
ANTENNA__06835__A, 281.14, 190.4, 0.00154546
ANTENNA__06586__A1, 281.14, 190.4, 0.00154546
ANTENNA__06586__S, 281.14, 190.4, 0.00154546
ANTENNA__06835__B, 281.14, 190.4, 0.00154546
ANTENNA__08493__B1, 281.14, 190.4, 0.00154546
ANTENNA__10501__S, 281.14, 190.4, 0.00154546
ANTENNA__10773__S, 281.14, 190.4, 0.00154546
ANTENNA__11512__A, 281.14, 190.4, 0.00154546
ANTENNA__06848__A1, 281.14, 190.4, 0.00154546
FILLER_0_66_608, 281.14, 190.4, 0.00154546
_06782_, 293.94, 190.4, 0.0015409
_09380_, 293.94, 190.4, 0.0015409
_13478_, 293.94, 190.4, 0.0015409
_13990_, 293.94, 190.4, 0.0015409
clkbuf_leaf_143_wclk, 293.94, 190.4, 0.0015409
FILLER_0_66_614, 293.94, 190.4, 0.0015409
_06779_, 306.74, 190.4, 0.00150239
_10436_, 306.74, 190.4, 0.00150239
_10438_, 306.74, 190.4, 0.00150239
_10506_, 306.74, 190.4, 0.00150239
_10708_, 306.74, 190.4, 0.00150239
ANTENNA__06802__A, 306.74, 190.4, 0.00150239
ANTENNA__06776__A, 306.74, 190.4, 0.00150239
ANTENNA__06772__A, 306.74, 190.4, 0.00150239
ANTENNA__06802__B, 306.74, 190.4, 0.00150239
ANTENNA__09928__A, 306.74, 190.4, 0.00150239
FILLER_0_67_661, 306.74, 190.4, 0.00150239
_06777_, 319.54, 190.4, 0.00145979
_06795_, 319.54, 190.4, 0.00145979
_06798_, 319.54, 190.4, 0.00145979
_09279_, 319.54, 190.4, 0.00145979
_09280_, 319.54, 190.4, 0.00145979
_10847_, 319.54, 190.4, 0.00145979
ANTENNA__10640__A, 319.54, 190.4, 0.00145979
ANTENNA__11694__A, 319.54, 190.4, 0.00145979
_07297_, 345.14, 190.4, 0.00154059
_07394_, 345.14, 190.4, 0.00154059
_07878_, 345.14, 190.4, 0.00154059
_11123_, 345.14, 190.4, 0.00154059
_11581_, 345.14, 190.4, 0.00154059
_11582_, 345.14, 190.4, 0.00154059
_14480_, 345.14, 190.4, 0.00154059
ANTENNA__07400__A, 345.14, 190.4, 0.00154059
ANTENNA__09723__A, 345.14, 190.4, 0.00154059
FILLER_0_67_741, 345.14, 190.4, 0.00154059
_11122_, 357.94, 190.4, 0.00164934
_11666_, 357.94, 190.4, 0.00164934
_12787_, 357.94, 190.4, 0.00164934
_14512_, 357.94, 190.4, 0.00164934
ANTENNA__06798__A3, 357.94, 190.4, 0.00164934
ANTENNA__09278__A, 357.94, 190.4, 0.00164934
ANTENNA__11105__A1, 357.94, 190.4, 0.00164934
FILLER_0_66_774, 357.94, 190.4, 0.00164934
_07825_, 370.74, 190.4, 0.00175037
_11110_, 370.74, 190.4, 0.00175037
_11665_, 370.74, 190.4, 0.00175037
_12774_, 370.74, 190.4, 0.00175037
ANTENNA__12785__S, 370.74, 190.4, 0.00175037
ANTENNA__07394__B1, 370.74, 190.4, 0.00175037
ANTENNA__07828__A2, 370.74, 190.4, 0.00175037
ANTENNA__11529__A1, 370.74, 190.4, 0.00175037
ANTENNA__11123__A1, 370.74, 190.4, 0.00175037
ANTENNA__11123__S, 370.74, 190.4, 0.00175037
ANTENNA__11581__S, 370.74, 190.4, 0.00175037
FILLER_0_66_801, 370.74, 190.4, 0.00175037
_11109_, 383.54, 190.4, 0.00184735
_14257_, 383.54, 190.4, 0.00184735
ANTENNA__12773__S, 383.54, 190.4, 0.00184735
ANTENNA__07532__B1, 383.54, 190.4, 0.00184735
ANTENNA__07533__B1, 383.54, 190.4, 0.00184735
ANTENNA__11121__A1, 383.54, 190.4, 0.00184735
ANTENNA__11109__S, 383.54, 190.4, 0.00184735
FILLER_0_65_819, 383.54, 190.4, 0.00184735
_07776_, 396.34, 190.4, 0.00193857
_11107_, 396.34, 190.4, 0.00193857
_15031_, 396.34, 190.4, 0.00193857
FILLER_0_65_837, 396.34, 190.4, 0.00193857
_07581_, 409.14, 190.4, 0.00202389
_11114_, 409.14, 190.4, 0.00202389
_12775_, 409.14, 190.4, 0.00202389
_14260_, 409.14, 190.4, 0.00202389
_14262_, 409.14, 190.4, 0.00202389
ANTENNA__12783__S, 409.14, 190.4, 0.00202389
_11527_, 421.94, 190.4, 0.00209722
_12776_, 421.94, 190.4, 0.00209722
_14455_, 421.94, 190.4, 0.00209722
ANTENNA__07581__B1, 421.94, 190.4, 0.00209722
ANTENNA__11113__A1, 421.94, 190.4, 0.00209722
ANTENNA__11113__S, 421.94, 190.4, 0.00209722
_11594_, 434.74, 190.4, 0.00216379
_12708_, 434.74, 190.4, 0.00216379
_14486_, 434.74, 190.4, 0.00216379
_14995_, 434.74, 190.4, 0.00216379
ANTENNA__07724__A2, 434.74, 190.4, 0.00216379
ANTENNA__07774__A2, 434.74, 190.4, 0.00216379
ANTENNA__07774__B1, 434.74, 190.4, 0.00216379
ANTENNA__11527__A1, 434.74, 190.4, 0.00216379
ANTENNA__11527__S, 434.74, 190.4, 0.00216379
ANTENNA__11525__S, 434.74, 190.4, 0.00216379
ANTENNA__11523__S, 434.74, 190.4, 0.00216379
FILLER_0_65_930, 434.74, 190.4, 0.00216379
FILLER_0_66_933, 434.74, 190.4, 0.00216379
_07583_, 447.54, 190.4, 0.00221936
_07724_, 447.54, 190.4, 0.00221936
_11519_, 447.54, 190.4, 0.00221936
_11661_, 447.54, 190.4, 0.00221936
_14451_, 447.54, 190.4, 0.00221936
ANTENNA__12707__S, 447.54, 190.4, 0.00221936
FILLER_0_65_949, 447.54, 190.4, 0.00221936
FILLER_0_65_960, 447.54, 190.4, 0.00221936
FILLER_0_66_950, 447.54, 190.4, 0.00221936
_12640_, 460.34, 190.4, 0.00226084
ANTENNA__11519__A1, 460.34, 190.4, 0.00226084
ANTENNA__11661__A1, 460.34, 190.4, 0.00226084
ANTENNA__11519__S, 460.34, 190.4, 0.00226084
FILLER_0_67_1002, 460.34, 190.4, 0.00226084
ANTENNA__11024__A, 473.14, 190.4, 0.00230154
FILLER_0_66_1029, 473.14, 190.4, 0.00230154
PHY_126, 5.52, 184.96, 0.00222616
PHY_128, 5.52, 184.96, 0.00222616
PHY_127, 494.04, 184.96, 0.0022117
PHY_129, 494.04, 184.96, 0.0022117
FILLER_0_64_77, 37.94, 184.96, 0.00218338
_12662_, 50.74, 184.96, 0.0021406
_12664_, 50.74, 184.96, 0.0021406
_12665_, 50.74, 184.96, 0.0021406
_14974_, 50.74, 184.96, 0.0021406
_14975_, 50.74, 184.96, 0.0021406
FILLER_0_64_85, 50.74, 184.96, 0.0021406
FILLER_0_64_93, 50.74, 184.96, 0.0021406
_08085_, 63.54, 184.96, 0.00208545
_08226_, 63.54, 184.96, 0.00208545
_12658_, 63.54, 184.96, 0.00208545
_14465_, 63.54, 184.96, 0.00208545
ANTENNA__12658__S, 63.54, 184.96, 0.00208545
ANTENNA__12662__A1, 63.54, 184.96, 0.00208545
_08177_, 76.34, 184.96, 0.00202439
_08321_, 76.34, 184.96, 0.00202439
_11549_, 76.34, 184.96, 0.00202439
_12727_, 76.34, 184.96, 0.00202439
_12730_, 76.34, 184.96, 0.00202439
_14460_, 76.34, 184.96, 0.00202439
ANTENNA__11548__A1, 76.34, 184.96, 0.00202439
ANTENNA__11548__S, 76.34, 184.96, 0.00202439
ANTENNA__12730__A1, 76.34, 184.96, 0.00202439
FILLER_0_64_148, 76.34, 184.96, 0.00202439
_08083_, 89.14, 184.96, 0.00194911
_08086_, 89.14, 184.96, 0.00194911
_11538_, 89.14, 184.96, 0.00194911
_12733_, 89.14, 184.96, 0.00194911
ANTENNA__12732__S, 89.14, 184.96, 0.00194911
ANTENNA__08083__B1, 89.14, 184.96, 0.00194911
ANTENNA__11538__A1, 89.14, 184.96, 0.00194911
FILLER_0_64_190, 89.14, 184.96, 0.00194911
FILLER_0_65_189, 89.14, 184.96, 0.00194911
_11139_, 101.94, 184.96, 0.00186458
_12732_, 101.94, 184.96, 0.00186458
_14269_, 101.94, 184.96, 0.00186458
_14272_, 101.94, 184.96, 0.00186458
ANTENNA__08272__A2, 101.94, 184.96, 0.00186458
ANTENNA__11544__A1, 101.94, 184.96, 0.00186458
ANTENNA__12732__A1, 101.94, 184.96, 0.00186458
FILLER_0_65_217, 101.94, 184.96, 0.00186458
_11132_, 114.74, 184.96, 0.00176869
_11138_, 114.74, 184.96, 0.00176869
_11553_, 114.74, 184.96, 0.00176869
_14467_, 114.74, 184.96, 0.00176869
_08413_, 127.54, 184.96, 0.00166517
_11145_, 127.54, 184.96, 0.00166517
_12724_, 127.54, 184.96, 0.00166517
_12725_, 127.54, 184.96, 0.00166517
_14275_, 127.54, 184.96, 0.00166517
ANTENNA__12808__S, 127.54, 184.96, 0.00166517
ANTENNA__08413__A2, 127.54, 184.96, 0.00166517
ANTENNA__12808__A1, 127.54, 184.96, 0.00166517
ANTENNA_clkbuf_leaf_7_wclk_A, 127.54, 184.96, 0.00166517
FILLER_0_64_264, 127.54, 184.96, 0.00166517
FILLER_0_64_270, 127.54, 184.96, 0.00166517
_08037_, 140.34, 184.96, 0.00155401
_14971_, 140.34, 184.96, 0.00155401
_15003_, 140.34, 184.96, 0.00155401
ANTENNA__08037__A2, 140.34, 184.96, 0.00155401
ANTENNA__08037__B1, 140.34, 184.96, 0.00155401
FILLER_0_65_299, 140.34, 184.96, 0.00155401
_11142_, 153.14, 184.96, 0.0014332
_11535_, 153.14, 184.96, 0.0014332
_12723_, 153.14, 184.96, 0.0014332
_14274_, 153.14, 184.96, 0.0014332
_14458_, 153.14, 184.96, 0.0014332
ANTENNA__08366__A2, 153.14, 184.96, 0.0014332
ANTENNA__11142__A1, 153.14, 184.96, 0.0014332
ANTENNA__12806__A1, 153.14, 184.96, 0.0014332
FILLER_0_63_308, 153.14, 184.96, 0.0014332
_07948_, 165.94, 184.96, 0.00130039
_07954_, 165.94, 184.96, 0.00130039
_11534_, 165.94, 184.96, 0.00130039
_12653_, 165.94, 184.96, 0.00130039
ANTENNA__12653__A, 165.94, 184.96, 0.00130039
ANTENNA__07946__A, 165.94, 184.96, 0.00130039
FILLER_0_63_337, 165.94, 184.96, 0.00130039
FILLER_0_64_359, 165.94, 184.96, 0.00130039
_06683_, 191.54, 184.96, 0.0012153
_06803_, 191.54, 184.96, 0.0012153
_11693_, 191.54, 184.96, 0.0012153
_12204_, 191.54, 184.96, 0.0012153
_12679_, 191.54, 184.96, 0.0012153
ANTENNA__12679__A, 191.54, 184.96, 0.0012153
ANTENNA__11624__A1, 191.54, 184.96, 0.0012153
FILLER_0_63_402, 191.54, 184.96, 0.0012153
FILLER_0_64_400, 191.54, 184.96, 0.0012153
FILLER_0_65_412, 191.54, 184.96, 0.0012153
_08505_, 204.34, 184.96, 0.00126389
_11692_, 204.34, 184.96, 0.00126389
_14533_, 204.34, 184.96, 0.00126389
ANTENNA__08508__A2, 204.34, 184.96, 0.00126389
FILLER_0_65_442, 204.34, 184.96, 0.00126389
_06830_, 217.14, 184.96, 0.0013053
_10301_, 217.14, 184.96, 0.0013053
_10302_, 217.14, 184.96, 0.0013053
_13894_, 217.14, 184.96, 0.0013053
ANTENNA__06830__A2, 217.14, 184.96, 0.0013053
ANTENNA__06839__A, 217.14, 184.96, 0.0013053
ANTENNA__11556__A1, 217.14, 184.96, 0.0013053
ANTENNA__11860__S, 217.14, 184.96, 0.0013053
FILLER_0_64_473, 217.14, 184.96, 0.0013053
FILLER_0_65_461, 217.14, 184.96, 0.0013053
_06826_, 229.94, 184.96, 0.0013401
_06839_, 229.94, 184.96, 0.0013401
_10300_, 229.94, 184.96, 0.0013401
_10433_, 229.94, 184.96, 0.0013401
_12951_, 229.94, 184.96, 0.0013401
FILLER_0_65_491, 229.94, 184.96, 0.0013401
_11863_, 242.74, 184.96, 0.00136757
_11864_, 242.74, 184.96, 0.00136757
_11865_, 242.74, 184.96, 0.00136757
_12884_, 242.74, 184.96, 0.00136757
_14598_, 242.74, 184.96, 0.00136757
_15078_, 242.74, 184.96, 0.00136757
_06820_, 255.54, 184.96, 0.00138199
_10369_, 255.54, 184.96, 0.00138199
_10370_, 255.54, 184.96, 0.00138199
_11797_, 255.54, 184.96, 0.00138199
_13926_, 255.54, 184.96, 0.00138199
_14566_, 255.54, 184.96, 0.00138199
ANTENNA__06822__B1, 255.54, 184.96, 0.00138199
ANTENNA__11863__A, 255.54, 184.96, 0.00138199
ANTENNA__11864__S, 255.54, 184.96, 0.00138199
_06785_, 268.34, 184.96, 0.00138224
_06848_, 268.34, 184.96, 0.00138224
_08556_, 268.34, 184.96, 0.00138224
_11795_, 268.34, 184.96, 0.00138224
_13050_, 268.34, 184.96, 0.00138224
ANTENNA__06848__A2, 268.34, 184.96, 0.00138224
ANTENNA__10368__A, 268.34, 184.96, 0.00138224
FILLER_0_63_561, 268.34, 184.96, 0.00138224
_06787_, 281.14, 184.96, 0.00135729
_09930_, 281.14, 184.96, 0.00135729
_10641_, 281.14, 184.96, 0.00135729
_10642_, 281.14, 184.96, 0.00135729
_13734_, 281.14, 184.96, 0.00135729
_14054_, 281.14, 184.96, 0.00135729
ANTENNA__11795__A, 281.14, 184.96, 0.00135729
ANTENNA__13050__RESET_B, 281.14, 184.96, 0.00135729
FILLER_0_65_608, 281.14, 184.96, 0.00135729
_06781_, 293.94, 184.96, 0.00131972
_06788_, 293.94, 184.96, 0.00131972
_06801_, 293.94, 184.96, 0.00131972
_09379_, 293.94, 184.96, 0.00131972
_09792_, 293.94, 184.96, 0.00131972
_09793_, 293.94, 184.96, 0.00131972
_06780_, 306.74, 184.96, 0.00127622
_06793_, 306.74, 184.96, 0.00127622
_10709_, 306.74, 184.96, 0.00127622
_10710_, 306.74, 184.96, 0.00127622
_13958_, 306.74, 184.96, 0.00127622
_14086_, 306.74, 184.96, 0.00127622
ANTENNA__06809__A, 306.74, 184.96, 0.00127622
ANTENNA__06776__B, 306.74, 184.96, 0.00127622
FILLER_0_63_649, 306.74, 184.96, 0.00127622
FILLER_0_64_641, 306.74, 184.96, 0.00127622
_09724_, 319.54, 184.96, 0.00121933
_09725_, 319.54, 184.96, 0.00121933
_10848_, 319.54, 184.96, 0.00121933
_10849_, 319.54, 184.96, 0.00121933
_13638_, 319.54, 184.96, 0.00121933
ANTENNA__09791__A, 319.54, 184.96, 0.00121933
ANTENNA__10199__A, 319.54, 184.96, 0.00121933
_07392_, 345.14, 184.96, 0.00128115
_11649_, 345.14, 184.96, 0.00128115
_11667_, 345.14, 184.96, 0.00128115
_14521_, 345.14, 184.96, 0.00128115
_11597_, 357.94, 184.96, 0.0013953
_14488_, 357.94, 184.96, 0.0013953
ANTENNA__06799__B, 357.94, 184.96, 0.0013953
ANTENNA__06800__A2, 357.94, 184.96, 0.0013953
ANTENNA__07396__A, 357.94, 184.96, 0.0013953
ANTENNA__07398__A, 357.94, 184.96, 0.0013953
ANTENNA__11104__A, 357.94, 184.96, 0.0013953
ANTENNA__11105__S, 357.94, 184.96, 0.0013953
FILLER_0_63_762, 357.94, 184.96, 0.0013953
FILLER_0_65_769, 357.94, 184.96, 0.0013953
_14258_, 370.74, 184.96, 0.00150367
_14520_, 370.74, 184.96, 0.00150367
ANTENNA__12787__S, 370.74, 184.96, 0.00150367
ANTENNA__07825__A2, 370.74, 184.96, 0.00150367
ANTENNA__07394__A2, 370.74, 184.96, 0.00150367
ANTENNA__11581__A1, 370.74, 184.96, 0.00150367
ANTENNA__11121__S, 370.74, 184.96, 0.00150367
ANTENNA__12787__A1, 370.74, 184.96, 0.00150367
ANTENNA_clkbuf_leaf_111_wclk_A, 370.74, 184.96, 0.00150367
FILLER_0_65_798, 370.74, 184.96, 0.00150367
_11108_, 383.54, 184.96, 0.00160226
ANTENNA__07533__A2, 383.54, 184.96, 0.00160226
ANTENNA__07533__A3, 383.54, 184.96, 0.00160226
ANTENNA__07531__A2, 383.54, 184.96, 0.00160226
ANTENNA__07531__B1, 383.54, 184.96, 0.00160226
ANTENNA__11585__A1, 383.54, 184.96, 0.00160226
ANTENNA__11109__A1, 383.54, 184.96, 0.00160226
ANTENNA__11585__S, 383.54, 184.96, 0.00160226
ANTENNA__11665__S, 383.54, 184.96, 0.00160226
FILLER_0_63_809, 383.54, 184.96, 0.00160226
FILLER_0_64_809, 383.54, 184.96, 0.00160226
FILLER_0_64_833, 383.54, 184.96, 0.00160226
FILLER_0_65_831, 383.54, 184.96, 0.00160226
_11119_, 396.34, 184.96, 0.00170009
_12783_, 396.34, 184.96, 0.00170009
_12784_, 396.34, 184.96, 0.00170009
_14263_, 396.34, 184.96, 0.00170009
ANTENNA__07776__A3, 396.34, 184.96, 0.00170009
ANTENNA__11107__A1, 396.34, 184.96, 0.00170009
ANTENNA__11119__S, 396.34, 184.96, 0.00170009
ANTENNA__11107__S, 396.34, 184.96, 0.00170009
FILLER_0_64_843, 396.34, 184.96, 0.00170009
FILLER_0_65_850, 396.34, 184.96, 0.00170009
_11117_, 409.14, 184.96, 0.00179011
_11118_, 409.14, 184.96, 0.00179011
_11652_, 409.14, 184.96, 0.00179011
_15027_, 409.14, 184.96, 0.00179011
ANTENNA__07483__A2, 409.14, 184.96, 0.00179011
ANTENNA__07483__B1, 409.14, 184.96, 0.00179011
ANTENNA__11119__A1, 409.14, 184.96, 0.00179011
ANTENNA__12783__A1, 409.14, 184.96, 0.00179011
FILLER_0_63_876, 409.14, 184.96, 0.00179011
_07677_, 421.94, 184.96, 0.00187253
ANTENNA__07677__A2, 421.94, 184.96, 0.00187253
ANTENNA__07677__B1, 421.94, 184.96, 0.00187253
ANTENNA__11115__A1, 421.94, 184.96, 0.00187253
ANTENNA__11117__A1, 421.94, 184.96, 0.00187253
ANTENNA__11117__S, 421.94, 184.96, 0.00187253
ANTENNA__11115__S, 421.94, 184.96, 0.00187253
ANTENNA__11111__S, 421.94, 184.96, 0.00187253
ANTENNA__11591__S, 421.94, 184.96, 0.00187253
ANTENNA__11659__S, 421.94, 184.96, 0.00187253
ANTENNA__12775__A1, 421.94, 184.96, 0.00187253
FILLER_0_64_902, 421.94, 184.96, 0.00187253
FILLER_0_65_908, 421.94, 184.96, 0.00187253
FILLER_0_65_918, 421.94, 184.96, 0.00187253
_07579_, 434.74, 184.96, 0.00195357
_11588_, 434.74, 184.96, 0.00195357
_11593_, 434.74, 184.96, 0.00195357
_14483_, 434.74, 184.96, 0.00195357
ANTENNA__07579__B1, 434.74, 184.96, 0.00195357
ANTENNA__11659__A1, 434.74, 184.96, 0.00195357
ANTENNA__11593__S, 434.74, 184.96, 0.00195357
FILLER_0_63_927, 434.74, 184.96, 0.00195357
FILLER_0_64_921, 434.74, 184.96, 0.00195357
_11656_, 447.54, 184.96, 0.00202688
_11662_, 447.54, 184.96, 0.00202688
_14515_, 447.54, 184.96, 0.00202688
_14518_, 447.54, 184.96, 0.00202688
ANTENNA__07579__A2, 447.54, 184.96, 0.00202688
ANTENNA__07724__B1, 447.54, 184.96, 0.00202688
ANTENNA__07580__B1, 447.54, 184.96, 0.00202688
FILLER_0_63_949, 447.54, 184.96, 0.00202688
ANTENNA__11655__A1, 460.34, 184.96, 0.00208885
FILLER_0_64_977, 460.34, 184.96, 0.00208885
FILLER_0_65_998, 460.34, 184.96, 0.00208885
_11036_, 473.14, 184.96, 0.00215082
FILLER_0_63_1004, 473.14, 184.96, 0.00215082
FILLER_0_64_1029, 473.14, 184.96, 0.00215082
PHY_122, 5.52, 179.52, 0.00220409
PHY_124, 5.52, 179.52, 0.00220409
PHY_123, 494.04, 179.52, 0.00222119
PHY_125, 494.04, 179.52, 0.00222119
FILLER_0_62_77, 37.94, 179.52, 0.00215057
_08179_, 50.74, 179.52, 0.00209704
_12663_, 50.74, 179.52, 0.00209704
FILLER_0_62_101, 50.74, 179.52, 0.00209704
_11542_, 63.54, 179.52, 0.00204264
_11543_, 63.54, 179.52, 0.00204264
_12731_, 63.54, 179.52, 0.00204264
ANTENNA__12662__S, 63.54, 179.52, 0.00204264
ANTENNA__08226__A2, 63.54, 179.52, 0.00204264
ANTENNA__08179__A2, 63.54, 179.52, 0.00204264
ANTENNA__08085__A2, 63.54, 179.52, 0.00204264
ANTENNA__08226__B1, 63.54, 179.52, 0.00204264
ANTENNA__08179__B1, 63.54, 179.52, 0.00204264
ANTENNA__11542__A1, 63.54, 179.52, 0.00204264
_08180_, 76.34, 179.52, 0.00198555
_11539_, 76.34, 179.52, 0.00198555
_15006_, 76.34, 179.52, 0.00198555
ANTENNA__12730__S, 76.34, 179.52, 0.00198555
ANTENNA__08177__A2, 76.34, 179.52, 0.00198555
ANTENNA__08177__B1, 76.34, 179.52, 0.00198555
ANTENNA__11542__S, 76.34, 179.52, 0.00198555
FILLER_0_61_150, 76.34, 179.52, 0.00198555
_11545_, 89.14, 179.52, 0.00191416
_11615_, 89.14, 179.52, 0.00191416
_15007_, 89.14, 179.52, 0.00191416
ANTENNA__08129__B1, 89.14, 179.52, 0.00191416
ANTENNA__08083__A2, 89.14, 179.52, 0.00191416
ANTENNA__11682__A1, 89.14, 179.52, 0.00191416
ANTENNA__11614__A1, 89.14, 179.52, 0.00191416
ANTENNA__11538__S, 89.14, 179.52, 0.00191416
ANTENNA__11614__S, 89.14, 179.52, 0.00191416
FILLER_0_61_173, 89.14, 179.52, 0.00191416
FILLER_0_62_175, 89.14, 179.52, 0.00191416
FILLER_0_62_180, 89.14, 179.52, 0.00191416
FILLER_0_62_185, 89.14, 179.52, 0.00191416
FILLER_0_62_191, 89.14, 179.52, 0.00191416
FILLER_0_63_182, 89.14, 179.52, 0.00191416
FILLER_0_63_187, 89.14, 179.52, 0.00191416
_08224_, 101.94, 179.52, 0.00183635
_08227_, 101.94, 179.52, 0.00183635
_11133_, 101.94, 179.52, 0.00183635
_14463_, 101.94, 179.52, 0.00183635
ANTENNA__08270__A2, 101.94, 179.52, 0.00183635
ANTENNA__11682__S, 101.94, 179.52, 0.00183635
FILLER_0_61_198, 101.94, 179.52, 0.00183635
FILLER_0_62_223, 101.94, 179.52, 0.00183635
_08319_, 114.74, 179.52, 0.00174628
_11552_, 114.74, 179.52, 0.00174628
ANTENNA__08319__A2, 114.74, 179.52, 0.00174628
ANTENNA__08319__A3, 114.74, 179.52, 0.00174628
ANTENNA__11132__A1, 114.74, 179.52, 0.00174628
ANTENNA__11620__A1, 114.74, 179.52, 0.00174628
ANTENNA__11552__A1, 114.74, 179.52, 0.00174628
ANTENNA__11552__S, 114.74, 179.52, 0.00174628
FILLER_0_61_225, 114.74, 179.52, 0.00174628
FILLER_0_62_236, 114.74, 179.52, 0.00174628
FILLER_0_62_245, 114.74, 179.52, 0.00174628
FILLER_0_63_238, 114.74, 179.52, 0.00174628
FILLER_0_63_250, 114.74, 179.52, 0.00174628
_08411_, 127.54, 179.52, 0.00165493
_11144_, 127.54, 179.52, 0.00165493
_11536_, 127.54, 179.52, 0.00165493
_14459_, 127.54, 179.52, 0.00165493
ANTENNA__08411__B1, 127.54, 179.52, 0.00165493
ANTENNA__11536__A1, 127.54, 179.52, 0.00165493
ANTENNA__11144__A1, 127.54, 179.52, 0.00165493
FILLER_0_62_253, 127.54, 179.52, 0.00165493
FILLER_0_62_268, 127.54, 179.52, 0.00165493
_08035_, 140.34, 179.52, 0.00155531
_08038_, 140.34, 179.52, 0.00155531
_11537_, 140.34, 179.52, 0.00155531
_12657_, 140.34, 179.52, 0.00155531
ANTENNA__08036__A2, 140.34, 179.52, 0.00155531
ANTENNA__08036__A3, 140.34, 179.52, 0.00155531
ANTENNA__08034__A2, 140.34, 179.52, 0.00155531
ANTENNA__08035__B1, 140.34, 179.52, 0.00155531
ANTENNA__11536__S, 140.34, 179.52, 0.00155531
FILLER_0_61_292, 140.34, 179.52, 0.00155531
_08036_, 153.14, 179.52, 0.0014473
_12792_, 153.14, 179.52, 0.0014473
ANTENNA__12611__A, 153.14, 179.52, 0.0014473
ANTENNA__12789__A, 153.14, 179.52, 0.0014473
ANTENNA__12792__S, 153.14, 179.52, 0.0014473
ANTENNA__07950__A2, 153.14, 179.52, 0.0014473
ANTENNA__07948__A2, 153.14, 179.52, 0.0014473
ANTENNA__07948__B1, 153.14, 179.52, 0.0014473
ANTENNA__11534__A1, 153.14, 179.52, 0.0014473
ANTENNA__11534__S, 153.14, 179.52, 0.0014473
ANTENNA__12792__A1, 153.14, 179.52, 0.0014473
FILLER_0_63_322, 153.14, 179.52, 0.0014473
_07950_, 165.94, 179.52, 0.00133798
_11125_, 165.94, 179.52, 0.00133798
_11126_, 165.94, 179.52, 0.00133798
_11602_, 165.94, 179.52, 0.00133798
_12721_, 165.94, 179.52, 0.00133798
_12789_, 165.94, 179.52, 0.00133798
ANTENNA__12612__S, 165.94, 179.52, 0.00133798
ANTENNA__12721__A, 165.94, 179.52, 0.00133798
ANTENNA__11999__A, 165.94, 179.52, 0.00133798
FILLER_0_62_353, 165.94, 179.52, 0.00133798
_06805_, 191.54, 179.52, 0.0012852
_06841_, 191.54, 179.52, 0.0012852
_11045_, 191.54, 179.52, 0.0012852
_12000_, 191.54, 179.52, 0.0012852
_14501_, 191.54, 179.52, 0.0012852
_14982_, 191.54, 179.52, 0.0012852
ANTENNA__06803__A, 191.54, 179.52, 0.0012852
ANTENNA__06805__A, 191.54, 179.52, 0.0012852
FILLER_0_62_400, 191.54, 179.52, 0.0012852
_06812_, 204.34, 179.52, 0.00132989
_08656_, 204.34, 179.52, 0.00132989
ANTENNA__06812__A2, 204.34, 179.52, 0.00132989
ANTENNA__06812__B1, 204.34, 179.52, 0.00132989
ANTENNA__08505__A2, 204.34, 179.52, 0.00132989
ANTENNA__08505__B1, 204.34, 179.52, 0.00132989
ANTENNA__08656__A, 204.34, 179.52, 0.00132989
ANTENNA__11692__A1, 204.34, 179.52, 0.00132989
ANTENNA__11692__S, 204.34, 179.52, 0.00132989
ANTENNA__12680__A1, 204.34, 179.52, 0.00132989
FILLER_0_61_431, 204.34, 179.52, 0.00132989
FILLER_0_62_433, 204.34, 179.52, 0.00132989
FILLER_0_63_433, 204.34, 179.52, 0.00132989
_06832_, 217.14, 179.52, 0.00137265
_06842_, 217.14, 179.52, 0.00137265
_12953_, 217.14, 179.52, 0.00137265
_15110_, 217.14, 179.52, 0.00137265
clkbuf_leaf_145_wclk, 217.14, 179.52, 0.00137265
ANTENNA__12952__S, 217.14, 179.52, 0.00137265
ANTENNA__10301__A0, 217.14, 179.52, 0.00137265
ANTENNA__10300__A, 217.14, 179.52, 0.00137265
FILLER_0_61_449, 217.14, 179.52, 0.00137265
FILLER_0_63_465, 217.14, 179.52, 0.00137265
_06824_, 229.94, 179.52, 0.0013857
_06829_, 229.94, 179.52, 0.0013857
_11083_, 229.94, 179.52, 0.0013857
_12747_, 229.94, 179.52, 0.0013857
_12748_, 229.94, 179.52, 0.0013857
_12749_, 229.94, 179.52, 0.0013857
ANTENNA__12951__A, 229.94, 179.52, 0.0013857
ANTENNA__10433__A1, 229.94, 179.52, 0.0013857
ANTENNA__12748__A1, 229.94, 179.52, 0.0013857
FILLER_0_63_490, 229.94, 179.52, 0.0013857
FILLER_0_63_501, 229.94, 179.52, 0.0013857
_06822_, 242.74, 179.52, 0.0013871
_08676_, 242.74, 179.52, 0.0013871
ANTENNA__12747__A, 242.74, 179.52, 0.0013871
ANTENNA__12884__S, 242.74, 179.52, 0.0013871
ANTENNA__06827__A, 242.74, 179.52, 0.0013871
ANTENNA__06826__A, 242.74, 179.52, 0.0013871
ANTENNA__06840__A2, 242.74, 179.52, 0.0013871
ANTENNA__10433__S, 242.74, 179.52, 0.0013871
ANTENNA__11083__A, 242.74, 179.52, 0.0013871
ANTENNA__12884__A1, 242.74, 179.52, 0.0013871
FILLER_0_62_502, 242.74, 179.52, 0.0013871
FILLER_0_62_507, 242.74, 179.52, 0.0013871
_06821_, 255.54, 179.52, 0.00138675
_06844_, 255.54, 179.52, 0.00138675
_07312_, 255.54, 179.52, 0.00138675
_11796_, 255.54, 179.52, 0.00138675
ANTENNA__06822__A2, 255.54, 179.52, 0.00138675
ANTENNA__07312__C, 255.54, 179.52, 0.00138675
FILLER_0_62_533, 255.54, 179.52, 0.00138675
FILLER_0_63_557, 255.54, 179.52, 0.00138675
_06843_, 268.34, 179.52, 0.00138417
_06847_, 268.34, 179.52, 0.00138417
_08557_, 268.34, 179.52, 0.00138417
_08558_, 268.34, 179.52, 0.00138417
_13126_, 268.34, 179.52, 0.00138417
ANTENNA__13050__CLK, 268.34, 179.52, 0.00138417
_06837_, 281.14, 179.52, 0.00137008
ANTENNA__06833__A, 281.14, 179.52, 0.00137008
ANTENNA__09929__A1, 281.14, 179.52, 0.00137008
ANTENNA__06785__A, 281.14, 179.52, 0.00137008
ANTENNA__07309__A, 281.14, 179.52, 0.00137008
ANTENNA__06837__A, 281.14, 179.52, 0.00137008
ANTENNA__07294__C, 281.14, 179.52, 0.00137008
ANTENNA__08556__A, 281.14, 179.52, 0.00137008
FILLER_0_62_605, 281.14, 179.52, 0.00137008
FILLER_0_62_612, 281.14, 179.52, 0.00137008
FILLER_0_63_613, 281.14, 179.52, 0.00137008
_06790_, 293.94, 179.52, 0.0013508
_07256_, 293.94, 179.52, 0.0013508
_08795_, 293.94, 179.52, 0.0013508
_08796_, 293.94, 179.52, 0.0013508
_13670_, 293.94, 179.52, 0.0013508
ANTENNA__06787__C, 293.94, 179.52, 0.0013508
ANTENNA__06787__B, 293.94, 179.52, 0.0013508
_08550_, 306.74, 179.52, 0.00131575
_10437_, 306.74, 179.52, 0.00131575
_10982_, 306.74, 179.52, 0.00131575
ANTENNA__06809__B, 306.74, 179.52, 0.00131575
ANTENNA__10504__A, 306.74, 179.52, 0.00131575
_14150_, 319.54, 179.52, 0.00127738
ANTENNA__06813__A, 319.54, 179.52, 0.00127738
ANTENNA__06793__A, 319.54, 179.52, 0.00127738
ANTENNA__06777__A, 319.54, 179.52, 0.00127738
ANTENNA__06788__A2, 319.54, 179.52, 0.00127738
ANTENNA__08795__A0, 319.54, 179.52, 0.00127738
ANTENNA__10709__A1, 319.54, 179.52, 0.00127738
ANTENNA__10436__A, 319.54, 179.52, 0.00127738
ANTENNA__10708__A, 319.54, 179.52, 0.00127738
ANTENNA__09275__A, 319.54, 179.52, 0.00127738
ANTENNA__08550__A, 319.54, 179.52, 0.00127738
_07393_, 345.14, 179.52, 0.00139658
_08814_, 345.14, 179.52, 0.00139658
_11648_, 345.14, 179.52, 0.00139658
_11650_, 345.14, 179.52, 0.00139658
_13231_, 345.14, 179.52, 0.00139658
ANTENNA__06799__C, 345.14, 179.52, 0.00139658
ANTENNA__06797__A, 345.14, 179.52, 0.00139658
ANTENNA__06798__B1, 345.14, 179.52, 0.00139658
ANTENNA__10437__A1, 345.14, 179.52, 0.00139658
FILLER_0_62_737, 345.14, 179.52, 0.00139658
_07317_, 357.94, 179.52, 0.00154398
_07319_, 357.94, 179.52, 0.00154398
_09741_, 357.94, 179.52, 0.00154398
_11598_, 357.94, 179.52, 0.00154398
_13646_, 357.94, 179.52, 0.00154398
ANTENNA__07878__B1, 357.94, 179.52, 0.00154398
ANTENNA__11667__A1, 357.94, 179.52, 0.00154398
ANTENNA__11599__A1, 357.94, 179.52, 0.00154398
ANTENNA__11580__A, 357.94, 179.52, 0.00154398
ANTENNA__11667__S, 357.94, 179.52, 0.00154398
ANTENNA__11649__S, 357.94, 179.52, 0.00154398
FILLER_0_63_769, 357.94, 179.52, 0.00154398
_07271_, 370.74, 179.52, 0.00168512
_09304_, 370.74, 179.52, 0.00168512
_09740_, 370.74, 179.52, 0.00168512
ANTENNA__07319__B, 370.74, 179.52, 0.00168512
ANTENNA__07825__B1, 370.74, 179.52, 0.00168512
ANTENNA__11665__A1, 370.74, 179.52, 0.00168512
ANTENNA__11597__A1, 370.74, 179.52, 0.00168512
ANTENNA__11597__S, 370.74, 179.52, 0.00168512
FILLER_0_62_801, 370.74, 179.52, 0.00168512
_07531_, 383.54, 179.52, 0.00182442
_11585_, 383.54, 179.52, 0.00182442
_11586_, 383.54, 179.52, 0.00182442
_11653_, 383.54, 179.52, 0.00182442
_14482_, 383.54, 179.52, 0.00182442
_14514_, 383.54, 179.52, 0.00182442
ANTENNA__07271__C, 383.54, 179.52, 0.00182442
FILLER_0_61_817, 383.54, 179.52, 0.00182442
_07483_, 396.34, 179.52, 0.00194995
_11583_, 396.34, 179.52, 0.00194995
_11654_, 396.34, 179.52, 0.00194995
_14481_, 396.34, 179.52, 0.00194995
clkbuf_4_11_0_wclk, 396.34, 179.52, 0.00194995
ANTENNA__11653__S, 396.34, 179.52, 0.00194995
_11111_, 409.14, 179.52, 0.00202658
_11115_, 409.14, 179.52, 0.00202658
_11120_, 409.14, 179.52, 0.00202658
_11651_, 409.14, 179.52, 0.00202658
clkbuf_leaf_115_wclk, 409.14, 179.52, 0.00202658
ANTENNA__12775__S, 409.14, 179.52, 0.00202658
ANTENNA__07581__A2, 409.14, 179.52, 0.00202658
ANTENNA__07581__A3, 409.14, 179.52, 0.00202658
_11112_, 421.94, 179.52, 0.00207299
_11591_, 421.94, 179.52, 0.00207299
_11592_, 421.94, 179.52, 0.00207299
_11595_, 421.94, 179.52, 0.00207299
_11659_, 421.94, 179.52, 0.00207299
_11660_, 421.94, 179.52, 0.00207299
_14485_, 421.94, 179.52, 0.00207299
ANTENNA__11111__A1, 421.94, 179.52, 0.00207299
FILLER_0_61_893, 421.94, 179.52, 0.00207299
_07773_, 434.74, 179.52, 0.00210889
_11587_, 434.74, 179.52, 0.00210889
_11590_, 434.74, 179.52, 0.00210889
_11658_, 434.74, 179.52, 0.00210889
ANTENNA__11591__A1, 434.74, 179.52, 0.00210889
ANTENNA__11593__A1, 434.74, 179.52, 0.00210889
ANTENNA__11587__S, 434.74, 179.52, 0.00210889
FILLER_0_62_929, 434.74, 179.52, 0.00210889
_07629_, 447.54, 179.52, 0.00214047
_11589_, 447.54, 179.52, 0.00214047
_11655_, 447.54, 179.52, 0.00214047
_11657_, 447.54, 179.52, 0.00214047
ANTENNA__07629__A2, 447.54, 179.52, 0.00214047
ANTENNA__11589__A1, 447.54, 179.52, 0.00214047
ANTENNA__11589__S, 447.54, 179.52, 0.00214047
ANTENNA__11655__S, 447.54, 179.52, 0.00214047
FILLER_0_62_975, 460.34, 179.52, 0.00216738
ANTENNA__11036__A, 473.14, 179.52, 0.00219428
FILLER_0_62_1029, 473.14, 179.52, 0.00219428
PHY_118, 5.52, 174.08, 0.00222699
PHY_120, 5.52, 174.08, 0.00222699
input34, 5.52, 174.08, 0.00222699
PHY_119, 494.04, 174.08, 0.00221274
PHY_121, 494.04, 174.08, 0.00221274
output43, 494.04, 174.08, 0.00221274
ANTENNA_output43_A, 494.04, 174.08, 0.00221274
FILLER_0_60_23, 15.33, 174.08, 0.00222699
FILLER_0_60_77, 37.94, 174.08, 0.00219131
FILLER_0_61_105, 50.74, 174.08, 0.00215562
_14462_, 63.54, 174.08, 0.00211994
_14493_, 63.54, 174.08, 0.00211994
FILLER_0_59_125, 63.54, 174.08, 0.00211994
FILLER_0_60_121, 63.54, 174.08, 0.00211994
_08129_, 76.34, 174.08, 0.00207471
_11608_, 76.34, 174.08, 0.00207471
_14525_, 76.34, 174.08, 0.00207471
ANTENNA_clkbuf_leaf_0_wclk_A, 76.34, 174.08, 0.00207471
FILLER_0_61_155, 76.34, 174.08, 0.00207471
_08176_, 89.14, 174.08, 0.00202221
_11614_, 89.14, 174.08, 0.00202221
_11682_, 89.14, 174.08, 0.00202221
_14496_, 89.14, 174.08, 0.00202221
_14528_, 89.14, 174.08, 0.00202221
ANTENNA__08129__A2, 89.14, 174.08, 0.00202221
FILLER_0_61_182, 89.14, 174.08, 0.00202221
_08084_, 101.94, 174.08, 0.00195661
_08270_, 101.94, 174.08, 0.00195661
_14273_, 101.94, 174.08, 0.00195661
ANTENNA__08225__A2, 101.94, 174.08, 0.00195661
ANTENNA__08084__A2, 101.94, 174.08, 0.00195661
ANTENNA__08084__A3, 101.94, 174.08, 0.00195661
ANTENNA__08270__B1, 101.94, 174.08, 0.00195661
ANTENNA__08224__A2, 101.94, 174.08, 0.00195661
ANTENNA__08224__B1, 101.94, 174.08, 0.00195661
ANTENNA__11140__A1, 101.94, 174.08, 0.00195661
FILLER_0_60_204, 101.94, 174.08, 0.00195661
FILLER_0_61_218, 101.94, 174.08, 0.00195661
_08178_, 114.74, 174.08, 0.00188458
_11140_, 114.74, 174.08, 0.00188458
_11620_, 114.74, 174.08, 0.00188458
_11621_, 114.74, 174.08, 0.00188458
_14499_, 114.74, 174.08, 0.00188458
FILLER_0_61_239, 114.74, 174.08, 0.00188458
_07827_, 127.54, 174.08, 0.00180462
_14531_, 127.54, 174.08, 0.00180462
ANTENNA__07827__A, 127.54, 174.08, 0.00180462
ANTENNA__08411__A2, 127.54, 174.08, 0.00180462
ANTENNA__11620__S, 127.54, 174.08, 0.00180462
ANTENNA_clkbuf_4_1_0_wclk_A, 127.54, 174.08, 0.00180462
FILLER_0_60_269, 127.54, 174.08, 0.00180462
FILLER_0_61_273, 127.54, 174.08, 0.00180462
_08034_, 140.34, 174.08, 0.0017064
_08364_, 140.34, 174.08, 0.0017064
_11618_, 140.34, 174.08, 0.0017064
_11686_, 140.34, 174.08, 0.0017064
_12793_, 140.34, 174.08, 0.0017064
ANTENNA__08364__A2, 140.34, 174.08, 0.0017064
ANTENNA__08364__B1, 140.34, 174.08, 0.0017064
ANTENNA__08034__B1, 140.34, 174.08, 0.0017064
ANTENNA__08035__A2, 140.34, 174.08, 0.0017064
FILLER_0_60_291, 140.34, 174.08, 0.0017064
FILLER_0_61_298, 140.34, 174.08, 0.0017064
_11127_, 153.14, 174.08, 0.00160252
_14266_, 153.14, 174.08, 0.00160252
_15035_, 153.14, 174.08, 0.00160252
ANTENNA__07950__A3, 153.14, 174.08, 0.00160252
ANTENNA__11125__A, 153.14, 174.08, 0.00160252
FILLER_0_61_322, 153.14, 174.08, 0.00160252
_07945_, 165.94, 174.08, 0.00148831
_11603_, 165.94, 174.08, 0.00148831
_14490_, 165.94, 174.08, 0.00148831
_14522_, 165.94, 174.08, 0.00148831
_11493_, 191.54, 174.08, 0.00142133
_12680_, 191.54, 174.08, 0.00142133
_12681_, 191.54, 174.08, 0.00142133
_14438_, 191.54, 174.08, 0.00142133
ANTENNA__12000__A0, 191.54, 174.08, 0.00142133
ANTENNA__11560__A1, 191.54, 174.08, 0.00142133
ANTENNA__11492__S, 191.54, 174.08, 0.00142133
ANTENNA__11559__A, 191.54, 174.08, 0.00142133
ANTENNA__11045__A, 191.54, 174.08, 0.00142133
FILLER_0_60_392, 191.54, 174.08, 0.00142133
_06810_, 204.34, 174.08, 0.00147256
_08658_, 204.34, 174.08, 0.00147256
_09139_, 204.34, 174.08, 0.00147256
_11492_, 204.34, 174.08, 0.00147256
_11629_, 204.34, 174.08, 0.00147256
ANTENNA__06831__B, 204.34, 174.08, 0.00147256
ANTENNA__06832__A2, 204.34, 174.08, 0.00147256
ANTENNA__06832__A3, 204.34, 174.08, 0.00147256
ANTENNA__09139__A, 204.34, 174.08, 0.00147256
ANTENNA__11492__A1, 204.34, 174.08, 0.00147256
ANTENNA__12952__A1, 204.34, 174.08, 0.00147256
FILLER_0_59_423, 204.34, 174.08, 0.00147256
FILLER_0_60_430, 204.34, 174.08, 0.00147256
_06831_, 217.14, 174.08, 0.00151224
_06845_, 217.14, 174.08, 0.00151224
_09140_, 217.14, 174.08, 0.00151224
_09141_, 217.14, 174.08, 0.00151224
_12952_, 217.14, 174.08, 0.00151224
_13382_, 217.14, 174.08, 0.00151224
ANTENNA_clkbuf_leaf_145_wclk_A, 217.14, 174.08, 0.00151224
FILLER_0_60_465, 217.14, 174.08, 0.00151224
FILLER_0_61_472, 217.14, 174.08, 0.00151224
_06840_, 229.94, 174.08, 0.00154324
_11084_, 229.94, 174.08, 0.00154324
_11085_, 229.94, 174.08, 0.00154324
_14246_, 229.94, 174.08, 0.00154324
_15014_, 229.94, 174.08, 0.00154324
ANTENNA__06824__A, 229.94, 174.08, 0.00154324
ANTENNA__06840__B1, 229.94, 174.08, 0.00154324
ANTENNA__11084__A1, 229.94, 174.08, 0.00154324
_07310_, 242.74, 174.08, 0.00156243
_09159_, 242.74, 174.08, 0.00156243
_13167_, 242.74, 174.08, 0.00156243
_13391_, 242.74, 174.08, 0.00156243
ANTENNA__12748__S, 242.74, 174.08, 0.00156243
ANTENNA__06840__A3, 242.74, 174.08, 0.00156243
ANTENNA__07310__A2, 242.74, 174.08, 0.00156243
ANTENNA__08675__S, 242.74, 174.08, 0.00156243
FILLER_0_60_509, 242.74, 174.08, 0.00156243
FILLER_0_60_515, 242.74, 174.08, 0.00156243
FILLER_0_60_521, 242.74, 174.08, 0.00156243
FILLER_0_61_517, 242.74, 174.08, 0.00156243
_07313_, 255.54, 174.08, 0.00157134
_08675_, 255.54, 174.08, 0.00157134
ANTENNA__06844__B, 255.54, 174.08, 0.00157134
ANTENNA__06820__A, 255.54, 174.08, 0.00157134
ANTENNA__06844__A, 255.54, 174.08, 0.00157134
ANTENNA__07312__B, 255.54, 174.08, 0.00157134
ANTENNA__07313__A2, 255.54, 174.08, 0.00157134
ANTENNA__08675__A0, 255.54, 174.08, 0.00157134
ANTENNA__11796__A1, 255.54, 174.08, 0.00157134
FILLER_0_60_542, 255.54, 174.08, 0.00157134
FILLER_0_61_551, 255.54, 174.08, 0.00157134
FILLER_0_61_557, 255.54, 174.08, 0.00157134
_06786_, 268.34, 174.08, 0.00157852
_10387_, 268.34, 174.08, 0.00157852
ANTENNA__06786__A, 268.34, 174.08, 0.00157852
ANTENNA__06821__A2, 268.34, 174.08, 0.00157852
ANTENNA__06821__B1, 268.34, 174.08, 0.00157852
ANTENNA__06847__A2, 268.34, 174.08, 0.00157852
ANTENNA__06847__B1, 268.34, 174.08, 0.00157852
ANTENNA__08557__A0, 268.34, 174.08, 0.00157852
ANTENNA__08557__S, 268.34, 174.08, 0.00157852
ANTENNA__10387__A1, 268.34, 174.08, 0.00157852
ANTENNA__11796__S, 268.34, 174.08, 0.00157852
FILLER_0_60_577, 268.34, 174.08, 0.00157852
_07294_, 281.14, 174.08, 0.00156533
_07309_, 281.14, 174.08, 0.00156533
_09948_, 281.14, 174.08, 0.00156533
_10660_, 281.14, 174.08, 0.00156533
_13743_, 281.14, 174.08, 0.00156533
_14063_, 281.14, 174.08, 0.00156533
FILLER_0_60_589, 281.14, 174.08, 0.00156533
_06789_, 293.94, 174.08, 0.00152158
_06791_, 293.94, 174.08, 0.00152158
_10659_, 293.94, 174.08, 0.00152158
_13222_, 293.94, 174.08, 0.00152158
ANTENNA__10641__A1, 293.94, 174.08, 0.00152158
ANTENNA__10641__S, 293.94, 174.08, 0.00152158
FILLER_0_59_626, 293.94, 174.08, 0.00152158
FILLER_0_60_621, 293.94, 174.08, 0.00152158
FILLER_0_61_628, 293.94, 174.08, 0.00152158
_06924_, 306.74, 174.08, 0.00147083
_14095_, 306.74, 174.08, 0.00147083
ANTENNA__06813__B, 306.74, 174.08, 0.00147083
ANTENNA__06782__A, 306.74, 174.08, 0.00147083
ANTENNA__06788__A3, 306.74, 174.08, 0.00147083
ANTENNA__07256__A, 306.74, 174.08, 0.00147083
ANTENNA__09792__A0, 306.74, 174.08, 0.00147083
ANTENNA__09379__S, 306.74, 174.08, 0.00147083
ANTENNA__09792__S, 306.74, 174.08, 0.00147083
ANTENNA__10505__A1, 306.74, 174.08, 0.00147083
ANTENNA__10659__S, 306.74, 174.08, 0.00147083
ANTENNA_clkbuf_leaf_143_wclk_A, 306.74, 174.08, 0.00147083
_07314_, 319.54, 174.08, 0.0014148
_09228_, 319.54, 174.08, 0.0014148
_09743_, 319.54, 174.08, 0.0014148
_13647_, 319.54, 174.08, 0.0014148
_13967_, 319.54, 174.08, 0.0014148
ANTENNA__06780__A2, 319.54, 174.08, 0.0014148
ANTENNA__06795__A, 319.54, 174.08, 0.0014148
ANTENNA__09279__A0, 319.54, 174.08, 0.0014148
ANTENNA__10709__S, 319.54, 174.08, 0.0014148
FILLER_0_60_684, 319.54, 174.08, 0.0014148
FILLER_0_61_689, 319.54, 174.08, 0.0014148
_08813_, 345.14, 174.08, 0.00145339
_09306_, 345.14, 174.08, 0.00145339
_10524_, 345.14, 174.08, 0.00145339
ANTENNA__12768__A, 345.14, 174.08, 0.00145339
ANTENNA__07297__A, 345.14, 174.08, 0.00145339
ANTENNA__06800__A3, 345.14, 174.08, 0.00145339
ANTENNA__07395__A, 345.14, 174.08, 0.00145339
ANTENNA__07324__C, 345.14, 174.08, 0.00145339
ANTENNA__09724__A0, 345.14, 174.08, 0.00145339
ANTENNA__09742__A0, 345.14, 174.08, 0.00145339
ANTENNA__09724__S, 345.14, 174.08, 0.00145339
FILLER_0_60_736, 345.14, 174.08, 0.00145339
_07321_, 357.94, 174.08, 0.00155634
_09810_, 357.94, 174.08, 0.00155634
_10863_, 357.94, 174.08, 0.00155634
_14157_, 357.94, 174.08, 0.00155634
ANTENNA__07392__A, 357.94, 174.08, 0.00155634
ANTENNA__07393__A, 357.94, 174.08, 0.00155634
ANTENNA__07324__B, 357.94, 174.08, 0.00155634
ANTENNA__07319__C, 357.94, 174.08, 0.00155634
ANTENNA__07878__A2, 357.94, 174.08, 0.00155634
ANTENNA__08813__A0, 357.94, 174.08, 0.00155634
ANTENNA__11649__A1, 357.94, 174.08, 0.00155634
FILLER_0_61_770, 357.94, 174.08, 0.00155634
_07272_, 370.74, 174.08, 0.00165202
_10862_, 370.74, 174.08, 0.00165202
_13454_, 370.74, 174.08, 0.00165202
ANTENNA__07317__C, 370.74, 174.08, 0.00165202
ANTENNA__09740__S, 370.74, 174.08, 0.00165202
FILLER_0_59_781, 370.74, 174.08, 0.00165202
FILLER_0_61_798, 370.74, 174.08, 0.00165202
_09303_, 383.54, 174.08, 0.0017403
ANTENNA__07272__A2, 383.54, 174.08, 0.0017403
ANTENNA__07217__B, 383.54, 174.08, 0.0017403
ANTENNA__09303__S, 383.54, 174.08, 0.0017403
ANTENNA__09303__A0, 383.54, 174.08, 0.0017403
ANTENNA__11653__A1, 383.54, 174.08, 0.0017403
FILLER_0_60_809, 383.54, 174.08, 0.0017403
FILLER_0_60_834, 383.54, 174.08, 0.0017403
_11584_, 396.34, 174.08, 0.00182748
_14513_, 396.34, 174.08, 0.00182748
ANTENNA__07268__C, 396.34, 174.08, 0.00182748
ANTENNA__09225__A0, 396.34, 174.08, 0.00182748
ANTENNA__10519__A1, 396.34, 174.08, 0.00182748
ANTENNA__11583__S, 396.34, 174.08, 0.00182748
ANTENNA_clkbuf_4_11_0_wclk_A, 396.34, 174.08, 0.00182748
FILLER_0_59_849, 396.34, 174.08, 0.00182748
FILLER_0_60_847, 396.34, 174.08, 0.00182748
_11116_, 409.14, 174.08, 0.00190904
_14259_, 409.14, 174.08, 0.00190904
_14261_, 409.14, 174.08, 0.00190904
ANTENNA__11651__A1, 409.14, 174.08, 0.00190904
ANTENNA__11651__S, 409.14, 174.08, 0.00190904
ANTENNA_clkbuf_leaf_115_wclk_A, 409.14, 174.08, 0.00190904
FILLER_0_59_867, 409.14, 174.08, 0.00190904
FILLER_0_60_869, 409.14, 174.08, 0.00190904
_11596_, 421.94, 174.08, 0.00197986
_11663_, 421.94, 174.08, 0.00197986
_14487_, 421.94, 174.08, 0.00197986
_14517_, 421.94, 174.08, 0.00197986
_14519_, 421.94, 174.08, 0.00197986
ANTENNA__11595__S, 421.94, 174.08, 0.00197986
FILLER_0_59_897, 421.94, 174.08, 0.00197986
_11664_, 434.74, 174.08, 0.00203455
_14484_, 434.74, 174.08, 0.00203455
_14516_, 434.74, 174.08, 0.00203455
ANTENNA__07773__A2, 434.74, 174.08, 0.00203455
ANTENNA__07773__B1, 434.74, 174.08, 0.00203455
ANTENNA__11663__A1, 434.74, 174.08, 0.00203455
FILLER_0_60_933, 434.74, 174.08, 0.00203455
ANTENNA__07629__B1, 447.54, 174.08, 0.00207899
ANTENNA__11587__A1, 447.54, 174.08, 0.00207899
ANTENNA__11657__A1, 447.54, 174.08, 0.00207899
ANTENNA__11657__S, 447.54, 174.08, 0.00207899
FILLER_0_59_948, 447.54, 174.08, 0.00207899
FILLER_0_60_973, 447.54, 174.08, 0.00207899
FILLER_0_60_1029, 473.14, 174.08, 0.00216787
PHY_114, 5.52, 168.64, 0.00226701
PHY_116, 5.52, 168.64, 0.00226701
PHY_115, 494.04, 168.64, 0.00221747
PHY_117, 494.04, 168.64, 0.00221747
FILLER_0_58_77, 37.94, 168.64, 0.00226889
_11067_, 50.74, 168.64, 0.00227077
ANTENNA__11067__A, 50.74, 168.64, 0.00227077
FILLER_0_58_85, 50.74, 168.64, 0.00227077
FILLER_0_59_105, 50.74, 168.64, 0.00227077
_11609_, 63.54, 168.64, 0.00227153
_11611_, 63.54, 168.64, 0.00227153
_11617_, 63.54, 168.64, 0.00227153
clkbuf_leaf_0_wclk, 63.54, 168.64, 0.00227153
ANTENNA__11676__A1, 63.54, 168.64, 0.00227153
ANTENNA__11608__A1, 63.54, 168.64, 0.00227153
ANTENNA__11610__A1, 63.54, 168.64, 0.00227153
ANTENNA__11610__S, 63.54, 168.64, 0.00227153
ANTENNA__11608__S, 63.54, 168.64, 0.00227153
FILLER_0_58_120, 63.54, 168.64, 0.00227153
FILLER_0_59_131, 63.54, 168.64, 0.00227153
_11610_, 76.34, 168.64, 0.00225196
_11616_, 76.34, 168.64, 0.00225196
_11676_, 76.34, 168.64, 0.00225196
_11677_, 76.34, 168.64, 0.00225196
ANTENNA__08176__A2, 76.34, 168.64, 0.00225196
ANTENNA__11676__S, 76.34, 168.64, 0.00225196
FILLER_0_58_150, 76.34, 168.64, 0.00225196
FILLER_0_58_166, 76.34, 168.64, 0.00225196
FILLER_0_59_163, 76.34, 168.64, 0.00225196
_08082_, 89.14, 168.64, 0.00222819
_08317_, 89.14, 168.64, 0.00222819
_11683_, 89.14, 168.64, 0.00222819
_11684_, 89.14, 168.64, 0.00222819
ANTENNA__08082__A2, 89.14, 168.64, 0.00222819
ANTENNA__08317__B1, 89.14, 168.64, 0.00222819
ANTENNA__08176__B1, 89.14, 168.64, 0.00222819
ANTENNA__08082__B1, 89.14, 168.64, 0.00222819
FILLER_0_58_184, 89.14, 168.64, 0.00222819
FILLER_0_58_193, 89.14, 168.64, 0.00222819
FILLER_0_59_195, 89.14, 168.64, 0.00222819
_08225_, 101.94, 168.64, 0.00219959
_11130_, 101.94, 168.64, 0.00219959
_11131_, 101.94, 168.64, 0.00219959
_11137_, 101.94, 168.64, 0.00219959
_14268_, 101.94, 168.64, 0.00219959
_14271_, 101.94, 168.64, 0.00219959
ANTENNA__11612__S, 101.94, 168.64, 0.00219959
FILLER_0_58_197, 101.94, 168.64, 0.00219959
_11135_, 114.74, 168.64, 0.00215861
_11141_, 114.74, 168.64, 0.00215861
_11688_, 114.74, 168.64, 0.00215861
clkbuf_leaf_8_wclk, 114.74, 168.64, 0.00215861
clkbuf_4_1_0_wclk, 114.74, 168.64, 0.00215861
ANTENNA__08178__A2, 114.74, 168.64, 0.00215861
ANTENNA__08225__A3, 114.74, 168.64, 0.00215861
FILLER_0_57_229, 114.74, 168.64, 0.00215861
_11605_, 127.54, 168.64, 0.00205577
_11672_, 127.54, 168.64, 0.00205577
_11673_, 127.54, 168.64, 0.00205577
_11689_, 127.54, 168.64, 0.00205577
_14523_, 127.54, 168.64, 0.00205577
ANTENNA__08178__A3, 127.54, 168.64, 0.00205577
ANTENNA__11672__A1, 127.54, 168.64, 0.00205577
ANTENNA__11618__A1, 127.54, 168.64, 0.00205577
ANTENNA__11688__A1, 127.54, 168.64, 0.00205577
ANTENNA__11618__S, 127.54, 168.64, 0.00205577
ANTENNA__11688__S, 127.54, 168.64, 0.00205577
ANTENNA__11672__S, 127.54, 168.64, 0.00205577
ANTENNA_clkbuf_leaf_8_wclk_A, 127.54, 168.64, 0.00205577
FILLER_0_57_258, 127.54, 168.64, 0.00205577
FILLER_0_59_266, 127.54, 168.64, 0.00205577
_11129_, 140.34, 168.64, 0.00194473
_11619_, 140.34, 168.64, 0.00194473
_11687_, 140.34, 168.64, 0.00194473
_14267_, 140.34, 168.64, 0.00194473
_14498_, 140.34, 168.64, 0.00194473
_14530_, 140.34, 168.64, 0.00194473
ANTENNA__11686__S, 140.34, 168.64, 0.00194473
FILLER_0_59_300, 140.34, 168.64, 0.00194473
_11128_, 153.14, 168.64, 0.00181707
_12790_, 153.14, 168.64, 0.00181707
_15034_, 153.14, 168.64, 0.00181707
ANTENNA__12790__S, 153.14, 168.64, 0.00181707
ANTENNA__11128__A1, 153.14, 168.64, 0.00181707
ANTENNA__12790__A1, 153.14, 168.64, 0.00181707
ANTENNA__13059__RESET_B, 153.14, 168.64, 0.00181707
FILLER_0_57_310, 153.14, 168.64, 0.00181707
FILLER_0_57_315, 153.14, 168.64, 0.00181707
FILLER_0_58_320, 153.14, 168.64, 0.00181707
FILLER_0_59_322, 153.14, 168.64, 0.00181707
_11671_, 165.94, 168.64, 0.00168229
_12791_, 165.94, 168.64, 0.00168229
clkbuf_leaf_10_wclk, 165.94, 168.64, 0.00168229
ANTENNA__12154__A0, 165.94, 168.64, 0.00168229
ANTENNA__07335__A2, 165.94, 168.64, 0.00168229
ANTENNA__07945__A2, 165.94, 168.64, 0.00168229
ANTENNA__11670__A1, 165.94, 168.64, 0.00168229
ANTENNA__11602__A1, 165.94, 168.64, 0.00168229
ANTENNA__11126__A1, 165.94, 168.64, 0.00168229
FILLER_0_57_341, 165.94, 168.64, 0.00168229
_11559_, 191.54, 168.64, 0.00158114
_11560_, 191.54, 168.64, 0.00158114
_11561_, 191.54, 168.64, 0.00158114
_14470_, 191.54, 168.64, 0.00158114
_14502_, 191.54, 168.64, 0.00158114
ANTENNA__07943__A, 191.54, 168.64, 0.00158114
ANTENNA__06841__A2, 191.54, 168.64, 0.00158114
ANTENNA__07285__B1, 191.54, 168.64, 0.00158114
ANTENNA__11560__S, 191.54, 168.64, 0.00158114
FILLER_0_57_397, 191.54, 168.64, 0.00158114
_06808_, 204.34, 168.64, 0.00163049
_06811_, 204.34, 168.64, 0.00163049
_11627_, 204.34, 168.64, 0.00163049
_11628_, 204.34, 168.64, 0.00163049
_13158_, 204.34, 168.64, 0.00163049
ANTENNA__06810__A, 204.34, 168.64, 0.00163049
ANTENNA__06811__B1, 204.34, 168.64, 0.00163049
ANTENNA__09140__S, 204.34, 168.64, 0.00163049
ANTENNA__11627__A, 204.34, 168.64, 0.00163049
ANTENNA__11628__S, 204.34, 168.64, 0.00163049
FILLER_0_58_430, 204.34, 168.64, 0.00163049
_06823_, 217.14, 168.64, 0.00166488
_06912_, 217.14, 168.64, 0.00166488
_08657_, 217.14, 168.64, 0.00166488
ANTENNA__06912__C, 217.14, 168.64, 0.00166488
FILLER_0_57_449, 217.14, 168.64, 0.00166488
FILLER_0_58_469, 217.14, 168.64, 0.00166488
_10319_, 229.94, 168.64, 0.00168505
_10320_, 229.94, 168.64, 0.00168505
_13903_, 229.94, 168.64, 0.00168505
_15119_, 229.94, 168.64, 0.00168505
ANTENNA__06829__A, 229.94, 168.64, 0.00168505
ANTENNA__06845__A, 229.94, 168.64, 0.00168505
ANTENNA__11084__S, 229.94, 168.64, 0.00168505
FILLER_0_59_499, 229.94, 168.64, 0.00168505
_09158_, 242.74, 168.64, 0.00169382
_12970_, 242.74, 168.64, 0.00169382
_15087_, 242.74, 168.64, 0.00169382
ANTENNA__12902__S, 242.74, 168.64, 0.00169382
ANTENNA__12970__S, 242.74, 168.64, 0.00169382
ANTENNA__09158__S, 242.74, 168.64, 0.00169382
FILLER_0_58_515, 242.74, 168.64, 0.00169382
FILLER_0_58_529, 242.74, 168.64, 0.00169382
_07308_, 255.54, 168.64, 0.00169573
_07332_, 255.54, 168.64, 0.00169573
_10388_, 255.54, 168.64, 0.00169573
_12902_, 255.54, 168.64, 0.00169573
_13935_, 255.54, 168.64, 0.00169573
ANTENNA__07313__A3, 255.54, 168.64, 0.00169573
ANTENNA__07332__D, 255.54, 168.64, 0.00169573
ANTENNA__10387__S, 255.54, 168.64, 0.00169573
ANTENNA__12902__A1, 255.54, 168.64, 0.00169573
FILLER_0_59_551, 255.54, 168.64, 0.00169573
_06614_, 268.34, 168.64, 0.00168698
_07307_, 268.34, 168.64, 0.00168698
_13027_, 268.34, 168.64, 0.00168698
_14575_, 268.34, 168.64, 0.00168698
ANTENNA__07307__B1, 268.34, 168.64, 0.00168698
FILLER_0_58_577, 268.34, 168.64, 0.00168698
_06613_, 281.14, 168.64, 0.00166787
_07315_, 281.14, 168.64, 0.00166787
_09947_, 281.14, 168.64, 0.00166787
clkbuf_leaf_142_wclk, 281.14, 168.64, 0.00166787
ANTENNA__09947__A1, 281.14, 168.64, 0.00166787
ANTENNA__07294__B, 281.14, 168.64, 0.00166787
FILLER_0_57_589, 281.14, 168.64, 0.00166787
_09382_, 293.94, 168.64, 0.00162806
_09795_, 293.94, 168.64, 0.00162806
_13671_, 293.94, 168.64, 0.00162806
ANTENNA__06789__A, 293.94, 168.64, 0.00162806
ANTENNA__06790__B, 293.94, 168.64, 0.00162806
ANTENNA__06791__A3, 293.94, 168.64, 0.00162806
ANTENNA__09379__A0, 293.94, 168.64, 0.00162806
ANTENNA__10659__A1, 293.94, 168.64, 0.00162806
FILLER_0_59_632, 293.94, 168.64, 0.00162806
_06918_, 306.74, 168.64, 0.00158187
_06920_, 306.74, 168.64, 0.00158187
_06923_, 306.74, 168.64, 0.00158187
_09381_, 306.74, 168.64, 0.00158187
_10456_, 306.74, 168.64, 0.00158187
_10727_, 306.74, 168.64, 0.00158187
_10728_, 306.74, 168.64, 0.00158187
ANTENNA__06790__C, 306.74, 168.64, 0.00158187
ANTENNA__06791__A2, 306.74, 168.64, 0.00158187
ANTENNA_14, 306.74, 168.64, 0.00158187
_07326_, 319.54, 168.64, 0.00153139
_08797_, 319.54, 168.64, 0.00153139
_09227_, 319.54, 168.64, 0.00153139
_10455_, 319.54, 168.64, 0.00153139
_13423_, 319.54, 168.64, 0.00153139
ANTENNA__10437__S, 319.54, 168.64, 0.00153139
_09811_, 345.14, 168.64, 0.00156409
_13455_, 345.14, 168.64, 0.00156409
_13999_, 345.14, 168.64, 0.00156409
ANTENNA__07323__C, 345.14, 168.64, 0.00156409
ANTENNA__07323__B, 345.14, 168.64, 0.00156409
ANTENNA__07322__B, 345.14, 168.64, 0.00156409
ANTENNA__11599__S, 345.14, 168.64, 0.00156409
_07316_, 357.94, 168.64, 0.001647
_07320_, 357.94, 168.64, 0.001647
_09397_, 357.94, 168.64, 0.001647
_09398_, 357.94, 168.64, 0.001647
_13487_, 357.94, 168.64, 0.001647
ANTENNA__07317__B, 357.94, 168.64, 0.001647
ANTENNA__08813__S, 357.94, 168.64, 0.001647
FILLER_0_58_753, 357.94, 168.64, 0.001647
_07217_, 370.74, 168.64, 0.00172273
_07267_, 370.74, 168.64, 0.00172273
_07268_, 370.74, 168.64, 0.00172273
_09225_, 370.74, 168.64, 0.00172273
_09226_, 370.74, 168.64, 0.00172273
ANTENNA__07219__C, 370.74, 168.64, 0.00172273
ANTENNA__07316__C, 370.74, 168.64, 0.00172273
ANTENNA__07218__B, 370.74, 168.64, 0.00172273
ANTENNA__07320__B, 370.74, 168.64, 0.00172273
ANTENNA__09740__A0, 370.74, 168.64, 0.00172273
ANTENNA__09810__S, 370.74, 168.64, 0.00172273
ANTENNA__10862__S, 370.74, 168.64, 0.00172273
FILLER_0_58_794, 370.74, 168.64, 0.00172273
_09224_, 383.54, 168.64, 0.00179623
_10519_, 383.54, 168.64, 0.00179623
_10520_, 383.54, 168.64, 0.00179623
_13421_, 383.54, 168.64, 0.00179623
_13997_, 383.54, 168.64, 0.00179623
ANTENNA__07268__B, 383.54, 168.64, 0.00179623
ANTENNA__07267__B, 383.54, 168.64, 0.00179623
ANTENNA__07267__C, 383.54, 168.64, 0.00179623
ANTENNA__07217__C, 383.54, 168.64, 0.00179623
ANTENNA__07271__B, 383.54, 168.64, 0.00179623
_07211_, 396.34, 168.64, 0.00185733
_07212_, 396.34, 168.64, 0.00185733
_08810_, 396.34, 168.64, 0.00185733
ANTENNA__07210__B, 396.34, 168.64, 0.00185733
ANTENNA__07211__B, 396.34, 168.64, 0.00185733
ANTENNA__07212__B, 396.34, 168.64, 0.00185733
ANTENNA__07210__C, 396.34, 168.64, 0.00185733
ANTENNA__11583__A1, 396.34, 168.64, 0.00185733
FILLER_0_57_841, 396.34, 168.64, 0.00185733
FILLER_0_59_855, 396.34, 168.64, 0.00185733
_09807_, 409.14, 168.64, 0.00191745
ANTENNA__09393__A0, 409.14, 168.64, 0.00191745
ANTENNA__09393__S, 409.14, 168.64, 0.00191745
FILLER_0_59_886, 409.14, 168.64, 0.00191745
ANTENNA__11595__A1, 421.94, 168.64, 0.00197681
ANTENNA__11663__S, 421.94, 168.64, 0.00197681
clkbuf_leaf_121_wclk, 434.74, 168.64, 0.00203616
ANTENNA_clkbuf_leaf_121_wclk_A, 434.74, 168.64, 0.00203616
FILLER_0_58_969, 447.54, 168.64, 0.00208149
FILLER_0_58_977, 460.34, 168.64, 0.00212681
FILLER_0_59_1001, 460.34, 168.64, 0.00212681
FILLER_0_58_1029, 473.14, 168.64, 0.00217214
PHY_110, 5.52, 163.2, 0.00225533
PHY_112, 5.52, 163.2, 0.00225533
PHY_111, 494.04, 163.2, 0.0022263
PHY_113, 494.04, 163.2, 0.0022263
FILLER_0_56_77, 37.94, 163.2, 0.00222871
FILLER_0_57_105, 50.74, 163.2, 0.00220209
_14494_, 63.54, 163.2, 0.00217548
_14497_, 63.54, 163.2, 0.00217548
FILLER_0_56_121, 63.54, 163.2, 0.00217548
_11606_, 76.34, 163.2, 0.00213907
_11678_, 76.34, 163.2, 0.00213907
_11679_, 76.34, 163.2, 0.00213907
_11685_, 76.34, 163.2, 0.00213907
_14526_, 76.34, 163.2, 0.00213907
_14529_, 76.34, 163.2, 0.00213907
ANTENNA__08317__A2, 76.34, 163.2, 0.00213907
ANTENNA__11616__A1, 76.34, 163.2, 0.00213907
FILLER_0_57_163, 76.34, 163.2, 0.00213907
_11607_, 89.14, 163.2, 0.00208914
_11612_, 89.14, 163.2, 0.00208914
_11674_, 89.14, 163.2, 0.00208914
_14524_, 89.14, 163.2, 0.00208914
ANTENNA__08223__A2, 89.14, 163.2, 0.00208914
ANTENNA__11680__A1, 89.14, 163.2, 0.00208914
ANTENNA__11612__A1, 89.14, 163.2, 0.00208914
ANTENNA__11680__S, 89.14, 163.2, 0.00208914
FILLER_0_56_186, 89.14, 163.2, 0.00208914
FILLER_0_57_185, 89.14, 163.2, 0.00208914
_08223_, 101.94, 163.2, 0.00203117
_11136_, 101.94, 163.2, 0.00203117
_11680_, 101.94, 163.2, 0.00203117
_11134_, 114.74, 163.2, 0.00196967
_12794_, 114.74, 163.2, 0.00196967
_14270_, 114.74, 163.2, 0.00196967
ANTENNA__11130__A1, 114.74, 163.2, 0.00196967
ANTENNA__11136__A1, 114.74, 163.2, 0.00196967
ANTENNA__12794__A1, 114.74, 163.2, 0.00196967
FILLER_0_56_227, 114.74, 163.2, 0.00196967
FILLER_0_56_232, 114.74, 163.2, 0.00196967
FILLER_0_57_249, 114.74, 163.2, 0.00196967
_11604_, 127.54, 163.2, 0.00190137
_14491_, 127.54, 163.2, 0.00190137
ANTENNA__11134__A1, 127.54, 163.2, 0.00190137
FILLER_0_56_257, 127.54, 163.2, 0.00190137
_09021_, 140.34, 163.2, 0.00182712
ANTENNA__07286__A2, 140.34, 163.2, 0.00182712
ANTENNA__09020__A0, 140.34, 163.2, 0.00182712
ANTENNA__11604__A1, 140.34, 163.2, 0.00182712
ANTENNA__11686__A1, 140.34, 163.2, 0.00182712
ANTENNA__11604__S, 140.34, 163.2, 0.00182712
FILLER_0_56_294, 140.34, 163.2, 0.00182712
FILLER_0_56_301, 140.34, 163.2, 0.00182712
FILLER_0_57_297, 140.34, 163.2, 0.00182712
FILLER_0_57_302, 140.34, 163.2, 0.00182712
_07335_, 153.14, 163.2, 0.00175207
_07336_, 153.14, 163.2, 0.00175207
_13059_, 153.14, 163.2, 0.00175207
ANTENNA__07336__A2, 153.14, 163.2, 0.00175207
ANTENNA__07287__B1, 153.14, 163.2, 0.00175207
ANTENNA__07336__B1, 153.14, 163.2, 0.00175207
ANTENNA__07336__A1, 153.14, 163.2, 0.00175207
FILLER_0_56_309, 153.14, 163.2, 0.00175207
FILLER_0_57_322, 153.14, 163.2, 0.00175207
FILLER_0_57_330, 153.14, 163.2, 0.00175207
_12154_, 165.94, 163.2, 0.00166508
_12155_, 165.94, 163.2, 0.00166508
_14735_, 165.94, 163.2, 0.00166508
ANTENNA__12494__S, 165.94, 163.2, 0.00166508
ANTENNA__07335__B1, 165.94, 163.2, 0.00166508
ANTENNA__11602__S, 165.94, 163.2, 0.00166508
ANTENNA__12154__S, 165.94, 163.2, 0.00166508
ANTENNA__12222__S, 165.94, 163.2, 0.00166508
ANTENNA_clkbuf_leaf_10_wclk_A, 165.94, 163.2, 0.00166508
FILLER_0_56_353, 165.94, 163.2, 0.00166508
FILLER_0_57_355, 165.94, 163.2, 0.00166508
FILLER_0_57_360, 165.94, 163.2, 0.00166508
_09878_, 191.54, 163.2, 0.00161193
_13583_, 191.54, 163.2, 0.00161193
ANTENNA__07289__B1, 191.54, 163.2, 0.00161193
ANTENNA__09878__A0, 191.54, 163.2, 0.00161193
ANTENNA__09878__S, 191.54, 163.2, 0.00161193
FILLER_0_56_416, 191.54, 163.2, 0.00161193
_13159_, 204.34, 163.2, 0.00164643
ANTENNA__06808__A, 204.34, 163.2, 0.00164643
ANTENNA__06811__A2, 204.34, 163.2, 0.00164643
ANTENNA__08659__S, 204.34, 163.2, 0.00164643
ANTENNA__11628__A1, 204.34, 163.2, 0.00164643
FILLER_0_56_421, 204.34, 163.2, 0.00164643
FILLER_0_56_428, 204.34, 163.2, 0.00164643
FILLER_0_57_438, 204.34, 163.2, 0.00164643
FILLER_0_57_443, 204.34, 163.2, 0.00164643
_07013_, 217.14, 163.2, 0.00167631
_08659_, 217.14, 163.2, 0.00167631
ANTENNA__06823__A, 217.14, 163.2, 0.00167631
ANTENNA__06831__C, 217.14, 163.2, 0.00167631
ANTENNA__07013__B, 217.14, 163.2, 0.00167631
ANTENNA__09140__A0, 217.14, 163.2, 0.00167631
ANTENNA__08657__A0, 217.14, 163.2, 0.00167631
ANTENNA__08659__A0, 217.14, 163.2, 0.00167631
ANTENNA__08657__S, 217.14, 163.2, 0.00167631
FILLER_0_55_458, 217.14, 163.2, 0.00167631
FILLER_0_56_459, 217.14, 163.2, 0.00167631
FILLER_0_56_465, 217.14, 163.2, 0.00167631
FILLER_0_57_469, 217.14, 163.2, 0.00167631
_07012_, 229.94, 163.2, 0.00170506
_08952_, 229.94, 163.2, 0.00170506
_12971_, 229.94, 163.2, 0.00170506
ANTENNA__10307__A0, 229.94, 163.2, 0.00170506
ANTENNA__10319__A0, 229.94, 163.2, 0.00170506
ANTENNA__07205__A2, 229.94, 163.2, 0.00170506
ANTENNA__07012__A2, 229.94, 163.2, 0.00170506
ANTENNA__08951__S, 229.94, 163.2, 0.00170506
FILLER_0_55_483, 229.94, 163.2, 0.00170506
FILLER_0_56_485, 229.94, 163.2, 0.00170506
FILLER_0_56_496, 229.94, 163.2, 0.00170506
FILLER_0_57_497, 229.94, 163.2, 0.00170506
_11883_, 242.74, 163.2, 0.00173216
_14607_, 242.74, 163.2, 0.00173216
clkbuf_leaf_146_wclk, 242.74, 163.2, 0.00173216
ANTENNA__07290__B1, 242.74, 163.2, 0.00173216
ANTENNA__09154__S, 242.74, 163.2, 0.00173216
ANTENNA__12970__A1, 242.74, 163.2, 0.00173216
ANTENNA_clkbuf_leaf_146_wclk_A, 242.74, 163.2, 0.00173216
_11814_, 255.54, 163.2, 0.00173281
_11815_, 255.54, 163.2, 0.00173281
_11882_, 255.54, 163.2, 0.00173281
ANTENNA__07308__A2, 255.54, 163.2, 0.00173281
ANTENNA__07308__B1, 255.54, 163.2, 0.00173281
ANTENNA__09158__A0, 255.54, 163.2, 0.00173281
ANTENNA__11882__A1, 255.54, 163.2, 0.00173281
ANTENNA__11882__S, 255.54, 163.2, 0.00173281
FILLER_0_55_538, 255.54, 163.2, 0.00173281
FILLER_0_56_546, 255.54, 163.2, 0.00173281
FILLER_0_56_551, 255.54, 163.2, 0.00173281
_08564_, 268.34, 163.2, 0.0017308
_13052_, 268.34, 163.2, 0.0017308
ANTENNA__07307__A2, 268.34, 163.2, 0.0017308
ANTENNA__11814__A1, 268.34, 163.2, 0.0017308
ANTENNA__11814__S, 268.34, 163.2, 0.0017308
ANTENNA__13052__RESET_B, 268.34, 163.2, 0.0017308
ANTENNA__13052__CLK, 268.34, 163.2, 0.0017308
_06612_, 281.14, 163.2, 0.00171487
_09944_, 281.14, 163.2, 0.00171487
_10655_, 281.14, 163.2, 0.00171487
_10656_, 281.14, 163.2, 0.00171487
_13741_, 281.14, 163.2, 0.00171487
_14061_, 281.14, 163.2, 0.00171487
ANTENNA__06613__S, 281.14, 163.2, 0.00171487
ANTENNA__06613__A1, 281.14, 163.2, 0.00171487
ANTENNA__06612__A, 281.14, 163.2, 0.00171487
_07209_, 293.94, 163.2, 0.00168569
_13479_, 293.94, 163.2, 0.00168569
ANTENNA__10655__A1, 293.94, 163.2, 0.00168569
ANTENNA__10655__S, 293.94, 163.2, 0.00168569
FILLER_0_55_624, 293.94, 163.2, 0.00168569
_06922_, 306.74, 163.2, 0.00165179
_08798_, 306.74, 163.2, 0.00165179
_10507_, 306.74, 163.2, 0.00165179
_10508_, 306.74, 163.2, 0.00165179
_13223_, 306.74, 163.2, 0.00165179
_13991_, 306.74, 163.2, 0.00165179
_08801_, 319.54, 163.2, 0.00160561
ANTENNA__06923__C, 319.54, 163.2, 0.00160561
ANTENNA__06923__B, 319.54, 163.2, 0.00160561
ANTENNA__07314__B1, 319.54, 163.2, 0.00160561
ANTENNA__06920__C, 319.54, 163.2, 0.00160561
ANTENNA__06920__B, 319.54, 163.2, 0.00160561
ANTENNA__08797__S, 319.54, 163.2, 0.00160561
ANTENNA__10727__A1, 319.54, 163.2, 0.00160561
ANTENNA__10455__A1, 319.54, 163.2, 0.00160561
ANTENNA__10455__S, 319.54, 163.2, 0.00160561
ANTENNA__10727__S, 319.54, 163.2, 0.00160561
FILLER_0_55_669, 319.54, 163.2, 0.00160561
_06928_, 345.14, 163.2, 0.00164732
_09283_, 345.14, 163.2, 0.00164732
_09726_, 345.14, 163.2, 0.00164732
_09727_, 345.14, 163.2, 0.00164732
_10523_, 345.14, 163.2, 0.00164732
_13639_, 345.14, 163.2, 0.00164732
_13679_, 345.14, 163.2, 0.00164732
ANTENNA__07325__A2, 345.14, 163.2, 0.00164732
ANTENNA__09306__A0, 345.14, 163.2, 0.00164732
ANTENNA__11648__A, 345.14, 163.2, 0.00164732
_09739_, 357.94, 163.2, 0.00172317
_13645_, 357.94, 163.2, 0.00172317
ANTENNA__06928__B, 357.94, 163.2, 0.00172317
ANTENNA__07316__B, 357.94, 163.2, 0.00172317
ANTENNA__07320__C, 357.94, 163.2, 0.00172317
ANTENNA__09306__S, 357.94, 163.2, 0.00172317
ANTENNA__09726__S, 357.94, 163.2, 0.00172317
ANTENNA_clkbuf_leaf_112_wclk_A, 357.94, 163.2, 0.00172317
FILLER_0_55_754, 357.94, 163.2, 0.00172317
_07218_, 370.74, 163.2, 0.00179364
_07219_, 370.74, 163.2, 0.00179364
_09301_, 370.74, 163.2, 0.00179364
_13422_, 370.74, 163.2, 0.00179364
_13453_, 370.74, 163.2, 0.00179364
ANTENNA__09397__A0, 370.74, 163.2, 0.00179364
ANTENNA__10862__A1, 370.74, 163.2, 0.00179364
_08809_, 383.54, 163.2, 0.00185362
_09223_, 383.54, 163.2, 0.00185362
_13229_, 383.54, 163.2, 0.00185362
ANTENNA__07218__C, 383.54, 163.2, 0.00185362
ANTENNA__09300__A0, 383.54, 163.2, 0.00185362
ANTENNA__10519__S, 383.54, 163.2, 0.00185362
FILLER_0_56_826, 383.54, 163.2, 0.00185362
_07210_, 396.34, 163.2, 0.0019067
_07214_, 396.34, 163.2, 0.0019067
_09393_, 396.34, 163.2, 0.0019067
_09806_, 396.34, 163.2, 0.0019067
ANTENNA__07211__C, 396.34, 163.2, 0.0019067
ANTENNA__08805__A0, 396.34, 163.2, 0.0019067
ANTENNA__08809__A0, 396.34, 163.2, 0.0019067
ANTENNA__08809__S, 396.34, 163.2, 0.0019067
FILLER_0_57_854, 396.34, 163.2, 0.0019067
_13677_, 409.14, 163.2, 0.00195647
FILLER_0_57_890, 409.14, 163.2, 0.00195647
FILLER_0_56_921, 434.74, 163.2, 0.00204641
FILLER_0_57_945, 434.74, 163.2, 0.00204641
FILLER_0_56_973, 447.54, 163.2, 0.00209139
FILLER_0_57_1001, 460.34, 163.2, 0.00213636
FILLER_0_56_1029, 473.14, 163.2, 0.00218133
PHY_106, 5.52, 157.76, 0.00227474
PHY_108, 5.52, 157.76, 0.00227474
PHY_107, 494.04, 157.76, 0.00224615
PHY_109, 494.04, 157.76, 0.00224615
FILLER_0_54_77, 37.94, 157.76, 0.00225779
FILLER_0_55_105, 50.74, 157.76, 0.00224084
FILLER_0_54_133, 63.54, 157.76, 0.00222389
FILLER_0_55_137, 63.54, 157.76, 0.00222389
_11675_, 76.34, 157.76, 0.00220694
_14492_, 76.34, 157.76, 0.00220694
ANTENNA__11678__A1, 76.34, 157.76, 0.00220694
ANTENNA__11684__A1, 76.34, 157.76, 0.00220694
ANTENNA__11616__S, 76.34, 157.76, 0.00220694
FILLER_0_55_162, 76.34, 157.76, 0.00220694
_11613_, 89.14, 157.76, 0.00218437
_11681_, 89.14, 157.76, 0.00218437
clkbuf_leaf_167_wclk, 89.14, 157.76, 0.00218437
ANTENNA__11674__A1, 89.14, 157.76, 0.00218437
ANTENNA__11606__A1, 89.14, 157.76, 0.00218437
ANTENNA__11606__S, 89.14, 157.76, 0.00218437
ANTENNA__11684__S, 89.14, 157.76, 0.00218437
ANTENNA__11674__S, 89.14, 157.76, 0.00218437
FILLER_0_53_169, 89.14, 157.76, 0.00218437
FILLER_0_54_188, 89.14, 157.76, 0.00218437
FILLER_0_55_192, 89.14, 157.76, 0.00218437
_12795_, 101.94, 157.76, 0.00214626
_14495_, 101.94, 157.76, 0.00214626
_14527_, 101.94, 157.76, 0.00214626
_15036_, 101.94, 157.76, 0.00214626
ANTENNA__08223__B1, 101.94, 157.76, 0.00214626
_12799_, 114.74, 157.76, 0.00209253
_12801_, 114.74, 157.76, 0.00209253
_12805_, 114.74, 157.76, 0.00209253
_15038_, 114.74, 157.76, 0.00209253
_15041_, 114.74, 157.76, 0.00209253
ANTENNA__12794__S, 114.74, 157.76, 0.00209253
_12087_, 127.54, 157.76, 0.00202623
_12798_, 127.54, 157.76, 0.00202623
_13327_, 127.54, 157.76, 0.00202623
ANTENNA__12798__S, 127.54, 157.76, 0.00202623
ANTENNA__12798__A1, 127.54, 157.76, 0.00202623
ANTENNA_clkbuf_4_0_0_wclk_A, 127.54, 157.76, 0.00202623
FILLER_0_55_269, 127.54, 157.76, 0.00202623
FILLER_0_55_277, 127.54, 157.76, 0.00202623
_07286_, 140.34, 157.76, 0.00195323
_07287_, 140.34, 157.76, 0.00195323
_08745_, 140.34, 157.76, 0.00195323
_09020_, 140.34, 157.76, 0.00195323
_12086_, 140.34, 157.76, 0.00195323
ANTENNA__07287__A2, 140.34, 157.76, 0.00195323
ANTENNA__07286__B1, 140.34, 157.76, 0.00195323
ANTENNA__09020__S, 140.34, 157.76, 0.00195323
FILLER_0_53_290, 140.34, 157.76, 0.00195323
_08585_, 153.14, 157.76, 0.001877
_10084_, 153.14, 157.76, 0.001877
_13135_, 153.14, 157.76, 0.001877
_13807_, 153.14, 157.76, 0.001877
FILLER_0_54_332, 153.14, 157.76, 0.001877
_07284_, 165.94, 157.76, 0.00178946
_12223_, 165.94, 157.76, 0.00178946
_12358_, 165.94, 157.76, 0.00178946
_12359_, 165.94, 157.76, 0.00178946
_14831_, 165.94, 157.76, 0.00178946
ANTENNA__13059__CLK, 165.94, 157.76, 0.00178946
ANTENNA_12, 165.94, 157.76, 0.00178946
FILLER_0_53_337, 165.94, 157.76, 0.00178946
FILLER_0_55_357, 165.94, 157.76, 0.00178946
_07289_, 191.54, 157.76, 0.001751
_07292_, 191.54, 157.76, 0.001751
_09089_, 191.54, 157.76, 0.001751
_09090_, 191.54, 157.76, 0.001751
_09604_, 191.54, 157.76, 0.001751
_13359_, 191.54, 157.76, 0.001751
ANTENNA__07289__A2, 191.54, 157.76, 0.001751
ANTENNA__09089__A0, 191.54, 157.76, 0.001751
ANTENNA__09604__A0, 191.54, 157.76, 0.001751
FILLER_0_55_415, 191.54, 157.76, 0.001751
_07291_, 204.34, 157.76, 0.00179776
_08660_, 204.34, 157.76, 0.00179776
_08663_, 204.34, 157.76, 0.00179776
_08664_, 204.34, 157.76, 0.00179776
_09147_, 204.34, 157.76, 0.00179776
_13161_, 204.34, 157.76, 0.00179776
_13385_, 204.34, 157.76, 0.00179776
ANTENNA__08663__A0, 204.34, 157.76, 0.00179776
ANTENNA__09089__S, 204.34, 157.76, 0.00179776
FILLER_0_54_425, 204.34, 157.76, 0.00179776
FILLER_0_55_440, 204.34, 157.76, 0.00179776
_09146_, 217.14, 157.76, 0.00183103
_10307_, 217.14, 157.76, 0.00183103
_10308_, 217.14, 157.76, 0.00183103
_15113_, 217.14, 157.76, 0.00183103
ANTENNA__06912__B, 217.14, 157.76, 0.00183103
FILLER_0_53_458, 217.14, 157.76, 0.00183103
FILLER_0_55_463, 217.14, 157.76, 0.00183103
_08951_, 229.94, 157.76, 0.00185668
_10316_, 229.94, 157.76, 0.00185668
_12958_, 229.94, 157.76, 0.00185668
_12959_, 229.94, 157.76, 0.00185668
_13295_, 229.94, 157.76, 0.00185668
_13901_, 229.94, 157.76, 0.00185668
ANTENNA__12958__S, 229.94, 157.76, 0.00185668
ANTENNA__08951__A0, 229.94, 157.76, 0.00185668
_07205_, 242.74, 157.76, 0.0018695
_07290_, 242.74, 157.76, 0.0018695
_07333_, 242.74, 157.76, 0.0018695
_09154_, 242.74, 157.76, 0.0018695
_09155_, 242.74, 157.76, 0.0018695
_10315_, 242.74, 157.76, 0.0018695
_12903_, 242.74, 157.76, 0.0018695
ANTENNA__07333__B, 242.74, 157.76, 0.0018695
FILLER_0_54_517, 242.74, 157.76, 0.0018695
FILLER_0_54_529, 242.74, 157.76, 0.0018695
FILLER_0_55_517, 242.74, 157.76, 0.0018695
_06987_, 255.54, 157.76, 0.00186682
_08671_, 255.54, 157.76, 0.00186682
_10935_, 255.54, 157.76, 0.00186682
_14191_, 255.54, 157.76, 0.00186682
ANTENNA__06987__A2, 255.54, 157.76, 0.00186682
ANTENNA__06987__B1, 255.54, 157.76, 0.00186682
ANTENNA__08671__S, 255.54, 157.76, 0.00186682
FILLER_0_54_537, 255.54, 157.76, 0.00186682
FILLER_0_55_548, 255.54, 157.76, 0.00186682
_06988_, 268.34, 157.76, 0.00185639
_08563_, 268.34, 157.76, 0.00185639
_08583_, 268.34, 157.76, 0.00185639
_13128_, 268.34, 157.76, 0.00185639
FILLER_0_54_585, 268.34, 157.76, 0.00185639
_09943_, 281.14, 157.76, 0.00183578
_10644_, 281.14, 157.76, 0.00183578
_11723_, 281.14, 157.76, 0.00183578
_14055_, 281.14, 157.76, 0.00183578
ANTENNA__09943__A1, 281.14, 157.76, 0.00183578
ANTENNA__08563__A0, 281.14, 157.76, 0.00183578
ANTENNA__11723__A, 281.14, 157.76, 0.00183578
ANTENNA__06988__A1, 281.14, 157.76, 0.00183578
FILLER_0_55_609, 281.14, 157.76, 0.00183578
_08800_, 293.94, 157.76, 0.00180755
_09384_, 293.94, 157.76, 0.00180755
_09794_, 293.94, 157.76, 0.00180755
_13224_, 293.94, 157.76, 0.00180755
ANTENNA__09794__A0, 293.94, 157.76, 0.00180755
ANTENNA__10643__S, 293.94, 157.76, 0.00180755
ANTENNA_clkbuf_leaf_142_wclk_A, 293.94, 157.76, 0.00180755
FILLER_0_53_621, 293.94, 157.76, 0.00180755
FILLER_0_54_623, 293.94, 157.76, 0.00180755
_06972_, 306.74, 157.76, 0.00177189
_08802_, 306.74, 157.76, 0.00177189
_13225_, 306.74, 157.76, 0.00177189
ANTENNA__06972__C, 306.74, 157.76, 0.00177189
ANTENNA__06918__B, 306.74, 157.76, 0.00177189
ANTENNA__06918__C, 306.74, 157.76, 0.00177189
ANTENNA__08795__S, 306.74, 157.76, 0.00177189
ANTENNA__09381__A0, 306.74, 157.76, 0.00177189
ANTENNA__09381__S, 306.74, 157.76, 0.00177189
ANTENNA__10982__A, 306.74, 157.76, 0.00177189
FILLER_0_54_657, 306.74, 157.76, 0.00177189
_09212_, 319.54, 157.76, 0.0017306
_09214_, 319.54, 157.76, 0.0017306
_13415_, 319.54, 157.76, 0.0017306
_13416_, 319.54, 157.76, 0.0017306
ANTENNA__07020__C, 319.54, 157.76, 0.0017306
ANTENNA__06972__B, 319.54, 157.76, 0.0017306
ANTENNA__08801__A0, 319.54, 157.76, 0.0017306
ANTENNA__08801__S, 319.54, 157.76, 0.0017306
ANTENNA__10507__A1, 319.54, 157.76, 0.0017306
ANTENNA__10507__S, 319.54, 157.76, 0.0017306
_09282_, 345.14, 157.76, 0.00176797
_13447_, 345.14, 157.76, 0.00176797
ANTENNA__06927__B, 345.14, 157.76, 0.00176797
ANTENNA__06928__C, 345.14, 157.76, 0.00176797
ANTENNA__09282__S, 345.14, 157.76, 0.00176797
ANTENNA__09726__A0, 345.14, 157.76, 0.00176797
ANTENNA__10523__S, 345.14, 157.76, 0.00176797
FILLER_0_53_737, 345.14, 157.76, 0.00176797
_09219_, 357.94, 157.76, 0.00185122
_09220_, 357.94, 157.76, 0.00185122
_09738_, 357.94, 157.76, 0.00185122
_13419_, 357.94, 157.76, 0.00185122
ANTENNA__09219__S, 357.94, 157.76, 0.00185122
ANTENNA__09282__A0, 357.94, 157.76, 0.00185122
ANTENNA__09810__A0, 357.94, 157.76, 0.00185122
ANTENNA__09397__S, 357.94, 157.76, 0.00185122
ANTENNA__10523__A1, 357.94, 157.76, 0.00185122
_07220_, 370.74, 157.76, 0.00192701
_07221_, 370.74, 157.76, 0.00192701
_09221_, 370.74, 157.76, 0.00192701
_09300_, 370.74, 157.76, 0.00192701
clkbuf_leaf_113_wclk, 370.74, 157.76, 0.00192701
ANTENNA__09738__A0, 370.74, 157.76, 0.00192701
ANTENNA__09738__S, 370.74, 157.76, 0.00192701
FILLER_0_53_781, 370.74, 157.76, 0.00192701
_08805_, 383.54, 157.76, 0.00197341
_08806_, 383.54, 157.76, 0.00197341
_13227_, 383.54, 157.76, 0.00197341
ANTENNA__07219__B, 383.54, 157.76, 0.00197341
ANTENNA__07169__C, 383.54, 157.76, 0.00197341
ANTENNA__07220__A2, 383.54, 157.76, 0.00197341
ANTENNA__09221__A0, 383.54, 157.76, 0.00197341
ANTENNA__09223__A0, 383.54, 157.76, 0.00197341
ANTENNA__08805__S, 383.54, 157.76, 0.00197341
ANTENNA__09225__S, 383.54, 157.76, 0.00197341
ANTENNA__09223__S, 383.54, 157.76, 0.00197341
ANTENNA__09221__S, 383.54, 157.76, 0.00197341
ANTENNA__09300__S, 383.54, 157.76, 0.00197341
FILLER_0_54_825, 383.54, 157.76, 0.00197341
_07117_, 396.34, 157.76, 0.00201315
_07213_, 396.34, 157.76, 0.00201315
_08812_, 396.34, 157.76, 0.00201315
_09394_, 396.34, 157.76, 0.00201315
_13485_, 396.34, 157.76, 0.00201315
ANTENNA__07212__C, 396.34, 157.76, 0.00201315
ANTENNA__07213__C, 396.34, 157.76, 0.00201315
ANTENNA__07213__B, 396.34, 157.76, 0.00201315
ANTENNA__08811__A0, 396.34, 157.76, 0.00201315
ANTENNA__09806__S, 396.34, 157.76, 0.00201315
FILLER_0_54_847, 396.34, 157.76, 0.00201315
ANTENNA__07117__C, 409.14, 157.76, 0.00204644
ANTENNA__09808__A0, 409.14, 157.76, 0.00204644
ANTENNA__09808__S, 409.14, 157.76, 0.00204644
ANTENNA__09802__S, 409.14, 157.76, 0.00204644
FILLER_0_54_865, 409.14, 157.76, 0.00204644
FILLER_0_55_890, 409.14, 157.76, 0.00204644
FILLER_0_54_917, 421.94, 157.76, 0.00207973
FILLER_0_55_945, 434.74, 157.76, 0.00211301
FILLER_0_54_973, 447.54, 157.76, 0.0021463
FILLER_0_55_1001, 460.34, 157.76, 0.00217958
FILLER_0_54_1029, 473.14, 157.76, 0.00221287
PHY_102, 5.52, 152.32, 0.00228488
PHY_104, 5.52, 152.32, 0.00228488
PHY_103, 494.04, 152.32, 0.00226591
PHY_105, 494.04, 152.32, 0.00226591
FILLER_0_52_77, 37.94, 152.32, 0.00226469
FILLER_0_53_105, 50.74, 152.32, 0.00224451
FILLER_0_52_133, 63.54, 152.32, 0.00222433
ANTENNA__11678__S, 76.34, 152.32, 0.00220414
FILLER_0_53_161, 76.34, 152.32, 0.00220414
FILLER_0_52_189, 89.14, 152.32, 0.00218396
_15039_, 101.94, 152.32, 0.00216378
ANTENNA_clkbuf_leaf_167_wclk_A, 101.94, 152.32, 0.00216378
FILLER_0_52_209, 101.94, 152.32, 0.00216378
_12800_, 114.74, 152.32, 0.00213856
_12804_, 114.74, 152.32, 0.00213856
clkbuf_4_0_0_wclk, 114.74, 152.32, 0.00213856
ANTENNA__12804__A1, 114.74, 152.32, 0.00213856
FILLER_0_51_225, 114.74, 152.32, 0.00213856
FILLER_0_52_234, 114.74, 152.32, 0.00213856
FILLER_0_53_242, 114.74, 152.32, 0.00213856
_09008_, 127.54, 152.32, 0.00208375
_12075_, 127.54, 152.32, 0.00208375
_14697_, 127.54, 152.32, 0.00208375
_14703_, 127.54, 152.32, 0.00208375
ANTENNA__09008__A0, 127.54, 152.32, 0.00208375
ANTENNA__09008__S, 127.54, 152.32, 0.00208375
ANTENNA__12800__A1, 127.54, 152.32, 0.00208375
FILLER_0_53_272, 127.54, 152.32, 0.00208375
_10083_, 140.34, 152.32, 0.00201759
_12074_, 140.34, 152.32, 0.00201759
_13199_, 140.34, 152.32, 0.00201759
ANTENNA__12086__A0, 140.34, 152.32, 0.00201759
ANTENNA__12086__S, 140.34, 152.32, 0.00201759
ANTENNA__12074__S, 140.34, 152.32, 0.00201759
FILLER_0_52_286, 140.34, 152.32, 0.00201759
_08584_, 153.14, 152.32, 0.00194442
_08744_, 153.14, 152.32, 0.00194442
ANTENNA__10083__A1, 153.14, 152.32, 0.00194442
ANTENNA__08584__A0, 153.14, 152.32, 0.00194442
ANTENNA__08744__S, 153.14, 152.32, 0.00194442
ANTENNA__10083__S, 153.14, 152.32, 0.00194442
FILLER_0_51_316, 153.14, 152.32, 0.00194442
FILLER_0_52_318, 153.14, 152.32, 0.00194442
FILLER_0_53_328, 153.14, 152.32, 0.00194442
_14701_, 165.94, 152.32, 0.00186905
_14767_, 165.94, 152.32, 0.00186905
ANTENNA__12358__S, 165.94, 152.32, 0.00186905
ANTENNA__07284__A2, 165.94, 152.32, 0.00186905
ANTENNA__08584__S, 165.94, 152.32, 0.00186905
ANTENNA__12358__A1, 165.94, 152.32, 0.00186905
ANTENNA__12222__A1, 165.94, 152.32, 0.00186905
ANTENNA_1, 165.94, 152.32, 0.00186905
FILLER_0_52_338, 165.94, 152.32, 0.00186905
_11443_, 191.54, 152.32, 0.00183844
_14415_, 191.54, 152.32, 0.00183844
clkbuf_leaf_149_wclk, 191.54, 152.32, 0.00183844
_09149_, 204.34, 152.32, 0.00186835
_13386_, 204.34, 152.32, 0.00186835
ANTENNA__07291__A2, 204.34, 152.32, 0.00186835
ANTENNA__07291__B1, 204.34, 152.32, 0.00186835
ANTENNA__08663__S, 204.34, 152.32, 0.00186835
ANTENNA__11442__A1, 204.34, 152.32, 0.00186835
ANTENNA__11442__S, 204.34, 152.32, 0.00186835
FILLER_0_52_421, 204.34, 152.32, 0.00186835
FILLER_0_52_444, 204.34, 152.32, 0.00186835
_07014_, 217.14, 152.32, 0.0018928
_13897_, 217.14, 152.32, 0.0018928
ANTENNA__07013__C, 217.14, 152.32, 0.0018928
ANTENNA__07062__A2, 217.14, 152.32, 0.0018928
ANTENNA__07014__A3, 217.14, 152.32, 0.0018928
ANTENNA__09146__A0, 217.14, 152.32, 0.0018928
ANTENNA__09148__A0, 217.14, 152.32, 0.0018928
ANTENNA__09148__S, 217.14, 152.32, 0.0018928
ANTENNA__09146__S, 217.14, 152.32, 0.0018928
FILLER_0_52_449, 217.14, 152.32, 0.0018928
FILLER_0_52_472, 217.14, 152.32, 0.0018928
_15117_, 229.94, 152.32, 0.00191136
ANTENNA__07060__A2, 229.94, 152.32, 0.00191136
ANTENNA__12958__A1, 229.94, 152.32, 0.00191136
FILLER_0_51_482, 229.94, 152.32, 0.00191136
FILLER_0_51_487, 229.94, 152.32, 0.00191136
FILLER_0_52_477, 229.94, 152.32, 0.00191136
FILLER_0_52_485, 229.94, 152.32, 0.00191136
_08672_, 242.74, 152.32, 0.00192518
_12966_, 242.74, 152.32, 0.00192518
_13165_, 242.74, 152.32, 0.00192518
_13389_, 242.74, 152.32, 0.00192518
ANTENNA__12966__S, 242.74, 152.32, 0.00192518
ANTENNA__10315__A0, 242.74, 152.32, 0.00192518
FILLER_0_51_513, 242.74, 152.32, 0.00192518
_07206_, 255.54, 152.32, 0.00192764
_07207_, 255.54, 152.32, 0.00192764
_10934_, 255.54, 152.32, 0.00192764
ANTENNA__07231__A2, 255.54, 152.32, 0.00192764
ANTENNA__07206__C, 255.54, 152.32, 0.00192764
ANTENNA__07207__A2, 255.54, 152.32, 0.00192764
ANTENNA__07206__B, 255.54, 152.32, 0.00192764
ANTENNA__08671__A0, 255.54, 152.32, 0.00192764
FILLER_0_52_541, 255.54, 152.32, 0.00192764
FILLER_0_53_546, 255.54, 152.32, 0.00192764
_07231_, 268.34, 152.32, 0.00192835
_08579_, 268.34, 152.32, 0.00192835
_13057_, 268.34, 152.32, 0.00192835
ANTENNA__06988__A2, 268.34, 152.32, 0.00192835
ANTENNA__08563__S, 268.34, 152.32, 0.00192835
ANTENNA__10934__A1, 268.34, 152.32, 0.00192835
ANTENNA__10934__S, 268.34, 152.32, 0.00192835
ANTENNA__08583__A, 268.34, 152.32, 0.00192835
ANTENNA__07231__A1, 268.34, 152.32, 0.00192835
FILLER_0_52_579, 268.34, 152.32, 0.00192835
_06915_, 281.14, 152.32, 0.00191432
_09935_, 281.14, 152.32, 0.00191432
_10643_, 281.14, 152.32, 0.00191432
ANTENNA__09935__A1, 281.14, 152.32, 0.00191432
FILLER_0_51_587, 281.14, 152.32, 0.00191432
FILLER_0_52_601, 281.14, 152.32, 0.00191432
FILLER_0_53_613, 281.14, 152.32, 0.00191432
_06970_, 293.94, 152.32, 0.00189801
_08799_, 293.94, 152.32, 0.00189801
_13480_, 293.94, 152.32, 0.00189801
_13672_, 293.94, 152.32, 0.00189801
ANTENNA__09794__S, 293.94, 152.32, 0.00189801
FILLER_0_53_628, 293.94, 152.32, 0.00189801
_06973_, 306.74, 152.32, 0.00187087
_06974_, 306.74, 152.32, 0.00187087
_07020_, 306.74, 152.32, 0.00187087
clkbuf_leaf_139_wclk, 306.74, 152.32, 0.00187087
ANTENNA__06922__C, 306.74, 152.32, 0.00187087
ANTENNA__06922__B, 306.74, 152.32, 0.00187087
ANTENNA__08799__A0, 306.74, 152.32, 0.00187087
ANTENNA__08799__S, 306.74, 152.32, 0.00187087
_06976_, 319.54, 152.32, 0.00182181
_07022_, 319.54, 152.32, 0.00182181
_09213_, 319.54, 152.32, 0.00182181
ANTENNA__06973__C, 319.54, 152.32, 0.00182181
ANTENNA__06973__B, 319.54, 152.32, 0.00182181
ANTENNA__06970__B, 319.54, 152.32, 0.00182181
ANTENNA__07020__B, 319.54, 152.32, 0.00182181
ANTENNA_clkbuf_leaf_139_wclk_A, 319.54, 152.32, 0.00182181
_09217_, 345.14, 152.32, 0.00184641
_09218_, 345.14, 152.32, 0.00184641
ANTENNA__07024__B, 345.14, 152.32, 0.00184641
ANTENNA__07026__A2, 345.14, 152.32, 0.00184641
ANTENNA__09217__A0, 345.14, 152.32, 0.00184641
ANTENNA__09219__A0, 345.14, 152.32, 0.00184641
ANTENNA__09217__S, 345.14, 152.32, 0.00184641
ANTENNA__09288__S, 345.14, 152.32, 0.00184641
ANTENNA__09730__S, 345.14, 152.32, 0.00184641
FILLER_0_51_737, 345.14, 152.32, 0.00184641
FILLER_0_52_730, 345.14, 152.32, 0.00184641
FILLER_0_53_745, 345.14, 152.32, 0.00184641
_07074_, 357.94, 152.32, 0.00192026
_07122_, 357.94, 152.32, 0.00192026
_09222_, 357.94, 152.32, 0.00192026
_13420_, 357.94, 152.32, 0.00192026
ANTENNA__07122__C, 357.94, 152.32, 0.00192026
ANTENNA__07074__C, 357.94, 152.32, 0.00192026
ANTENNA__07122__B, 357.94, 152.32, 0.00192026
ANTENNA__09736__A0, 357.94, 152.32, 0.00192026
FILLER_0_52_757, 357.94, 152.32, 0.00192026
FILLER_0_53_768, 357.94, 152.32, 0.00192026
_07169_, 370.74, 152.32, 0.00198807
_08803_, 370.74, 152.32, 0.00198807
_09736_, 370.74, 152.32, 0.00198807
ANTENNA__07169__B, 370.74, 152.32, 0.00198807
FILLER_0_52_800, 370.74, 152.32, 0.00198807
FILLER_0_53_805, 370.74, 152.32, 0.00198807
_07068_, 383.54, 152.32, 0.0020535
_08811_, 383.54, 152.32, 0.0020535
_13226_, 383.54, 152.32, 0.0020535
clkbuf_leaf_114_wclk, 383.54, 152.32, 0.0020535
ANTENNA_clkbuf_leaf_113_wclk_A, 383.54, 152.32, 0.0020535
FILLER_0_52_813, 383.54, 152.32, 0.0020535
_07264_, 396.34, 152.32, 0.00209366
_09809_, 396.34, 152.32, 0.00209366
_13228_, 396.34, 152.32, 0.00209366
_13230_, 396.34, 152.32, 0.00209366
ANTENNA__07117__B, 396.34, 152.32, 0.00209366
ANTENNA__08811__S, 396.34, 152.32, 0.00209366
ANTENNA__09806__A0, 396.34, 152.32, 0.00209366
ANTENNA_clkbuf_leaf_114_wclk_A, 396.34, 152.32, 0.00209366
FILLER_0_52_859, 396.34, 152.32, 0.00209366
_09802_, 409.14, 152.32, 0.00212339
_13678_, 409.14, 152.32, 0.00212339
ANTENNA__09802__A0, 409.14, 152.32, 0.00212339
FILLER_0_52_865, 409.14, 152.32, 0.00212339
FILLER_0_52_921, 434.74, 152.32, 0.0021709
FILLER_0_53_945, 434.74, 152.32, 0.0021709
FILLER_0_52_973, 447.54, 152.32, 0.00219465
FILLER_0_53_1001, 460.34, 152.32, 0.00221841
FILLER_0_52_1029, 473.14, 152.32, 0.00224216
PHY_98, 5.52, 146.88, 0.00229813
PHY_100, 5.52, 146.88, 0.00229813
output60, 5.52, 146.88, 0.00229813
ANTENNA_output60_A, 5.52, 146.88, 0.00229813
PHY_99, 494.04, 146.88, 0.00229047
PHY_101, 494.04, 146.88, 0.00229047
output41, 494.04, 146.88, 0.00229047
ANTENNA_output41_A, 494.04, 146.88, 0.00229047
FILLER_0_50_22, 15.33, 146.88, 0.00229769
FILLER_0_50_77, 37.94, 146.88, 0.00227489
FILLER_0_51_105, 50.74, 146.88, 0.00225253
FILLER_0_50_133, 63.54, 146.88, 0.00223017
FILLER_0_51_161, 76.34, 146.88, 0.00220781
FILLER_0_50_189, 89.14, 146.88, 0.00218545
FILLER_0_51_217, 101.94, 146.88, 0.00216308
_08733_, 114.74, 146.88, 0.00214072
_09009_, 114.74, 146.88, 0.00214072
ANTENNA__12804__S, 114.74, 146.88, 0.00214072
ANTENNA__12800__S, 114.74, 146.88, 0.00214072
FILLER_0_49_237, 114.74, 146.88, 0.00214072
FILLER_0_50_233, 114.74, 146.88, 0.00214072
FILLER_0_50_245, 114.74, 146.88, 0.00214072
FILLER_0_51_243, 114.74, 146.88, 0.00214072
_08732_, 127.54, 146.88, 0.00211677
_10072_, 127.54, 146.88, 0.00211677
_13193_, 127.54, 146.88, 0.00211677
_13801_, 127.54, 146.88, 0.00211677
_06992_, 140.34, 146.88, 0.00208155
_10071_, 140.34, 146.88, 0.00208155
clkbuf_leaf_9_wclk, 140.34, 146.88, 0.00208155
ANTENNA__12074__A0, 140.34, 146.88, 0.00208155
_12083_, 153.14, 146.88, 0.00202116
_12151_, 153.14, 146.88, 0.00202116
_14733_, 153.14, 146.88, 0.00202116
ANTENNA__12354__S, 153.14, 146.88, 0.00202116
ANTENNA__12150__A0, 153.14, 146.88, 0.00202116
ANTENNA__12082__A0, 153.14, 146.88, 0.00202116
ANTENNA__06992__B1, 153.14, 146.88, 0.00202116
ANTENNA__08744__A0, 153.14, 146.88, 0.00202116
ANTENNA__12150__S, 153.14, 146.88, 0.00202116
FILLER_0_50_309, 153.14, 146.88, 0.00202116
FILLER_0_50_323, 153.14, 146.88, 0.00202116
FILLER_0_51_326, 153.14, 146.88, 0.00202116
_07183_, 165.94, 146.88, 0.00195448
_07184_, 165.94, 146.88, 0.00195448
_09017_, 165.94, 146.88, 0.00195448
_12082_, 165.94, 146.88, 0.00195448
_12491_, 165.94, 146.88, 0.00195448
_13325_, 165.94, 146.88, 0.00195448
ANTENNA__12082__S, 165.94, 146.88, 0.00195448
FILLER_0_51_353, 165.94, 146.88, 0.00195448
_11374_, 191.54, 146.88, 0.00193568
_11442_, 191.54, 146.88, 0.00193568
_14383_, 191.54, 146.88, 0.00193568
ANTENNA__10079__A1, 191.54, 146.88, 0.00193568
ANTENNA__11374__S, 191.54, 146.88, 0.00193568
ANTENNA_clkbuf_leaf_149_wclk_A, 191.54, 146.88, 0.00193568
FILLER_0_50_409, 191.54, 146.88, 0.00193568
FILLER_0_50_417, 191.54, 146.88, 0.00193568
_09148_, 204.34, 146.88, 0.00198424
_13162_, 204.34, 146.88, 0.00198424
_13163_, 204.34, 146.88, 0.00198424
ANTENNA__08667__A0, 204.34, 146.88, 0.00198424
_07061_, 217.14, 146.88, 0.00202224
_07062_, 217.14, 146.88, 0.00202224
_08665_, 217.14, 146.88, 0.00202224
_10310_, 217.14, 146.88, 0.00202224
_13898_, 217.14, 146.88, 0.00202224
ANTENNA__07061__C, 217.14, 146.88, 0.00202224
ANTENNA__07014__A2, 217.14, 146.88, 0.00202224
ANTENNA__07062__A3, 217.14, 146.88, 0.00202224
ANTENNA__07061__B, 217.14, 146.88, 0.00202224
FILLER_0_50_448, 217.14, 146.88, 0.00202224
FILLER_0_51_461, 217.14, 146.88, 0.00202224
_07060_, 229.94, 146.88, 0.00205225
_07276_, 229.94, 146.88, 0.00205225
_12961_, 229.94, 146.88, 0.00205225
_12967_, 229.94, 146.88, 0.00205225
_15114_, 229.94, 146.88, 0.00205225
ANTENNA__12960__S, 229.94, 146.88, 0.00205225
ANTENNA__07188__B1, 229.94, 146.88, 0.00205225
FILLER_0_50_488, 229.94, 146.88, 0.00205225
FILLER_0_50_494, 229.94, 146.88, 0.00205225
_08674_, 242.74, 146.88, 0.00206201
ANTENNA__07276__A, 242.74, 146.88, 0.00206201
ANTENNA__07258__C, 242.74, 146.88, 0.00206201
ANTENNA__07207__A3, 242.74, 146.88, 0.00206201
ANTENNA__07290__A2, 242.74, 146.88, 0.00206201
ANTENNA__07258__B, 242.74, 146.88, 0.00206201
ANTENNA__08661__A0, 242.74, 146.88, 0.00206201
ANTENNA__09154__A0, 242.74, 146.88, 0.00206201
ANTENNA__08661__S, 242.74, 146.88, 0.00206201
ANTENNA__12960__A1, 242.74, 146.88, 0.00206201
ANTENNA__12966__A1, 242.74, 146.88, 0.00206201
ANTENNA__12898__A1, 242.74, 146.88, 0.00206201
FILLER_0_49_508, 242.74, 146.88, 0.00206201
FILLER_0_50_517, 242.74, 146.88, 0.00206201
FILLER_0_50_523, 242.74, 146.88, 0.00206201
FILLER_0_50_528, 242.74, 146.88, 0.00206201
FILLER_0_51_519, 242.74, 146.88, 0.00206201
_07204_, 255.54, 146.88, 0.00207095
_07228_, 255.54, 146.88, 0.00207095
_08578_, 255.54, 146.88, 0.00207095
_11879_, 255.54, 146.88, 0.00207095
_13133_, 255.54, 146.88, 0.00207095
ANTENNA__07204__A2, 255.54, 146.88, 0.00207095
ANTENNA__07204__B1, 255.54, 146.88, 0.00207095
ANTENNA__13057__CLK, 255.54, 146.88, 0.00207095
FILLER_0_50_533, 255.54, 146.88, 0.00207095
_07230_, 268.34, 146.88, 0.00207026
clkbuf_leaf_141_wclk, 268.34, 146.88, 0.00207026
ANTENNA__07228__D, 268.34, 146.88, 0.00207026
ANTENNA__13057__RESET_B, 268.34, 146.88, 0.00207026
ANTENNA_clkbuf_leaf_141_wclk_A, 268.34, 146.88, 0.00207026
_09936_, 281.14, 146.88, 0.00205044
_10648_, 281.14, 146.88, 0.00205044
_13735_, 281.14, 146.88, 0.00205044
_13737_, 281.14, 146.88, 0.00205044
ANTENNA__10643__A1, 281.14, 146.88, 0.00205044
FILLER_0_50_611, 281.14, 146.88, 0.00205044
FILLER_0_51_603, 281.14, 146.88, 0.00205044
_07016_, 293.94, 146.88, 0.00201895
_09383_, 293.94, 146.88, 0.00201895
_09796_, 293.94, 146.88, 0.00201895
_09797_, 293.94, 146.88, 0.00201895
ANTENNA__07021__C, 293.94, 146.88, 0.00201895
ANTENNA__09796__A0, 293.94, 146.88, 0.00201895
ANTENNA__09383__A0, 293.94, 146.88, 0.00201895
ANTENNA__10647__S, 293.94, 146.88, 0.00201895
FILLER_0_50_639, 293.94, 146.88, 0.00201895
_06930_, 306.74, 146.88, 0.00198446
_06971_, 306.74, 146.88, 0.00198446
_07019_, 306.74, 146.88, 0.00198446
_07021_, 306.74, 146.88, 0.00198446
_13481_, 306.74, 146.88, 0.00198446
_13993_, 306.74, 146.88, 0.00198446
ANTENNA__06970__C, 306.74, 146.88, 0.00198446
ANTENNA__09383__S, 306.74, 146.88, 0.00198446
FILLER_0_51_657, 306.74, 146.88, 0.00198446
_07018_, 319.54, 146.88, 0.00193473
_09385_, 319.54, 146.88, 0.00193473
_09729_, 319.54, 146.88, 0.00193473
_13640_, 319.54, 146.88, 0.00193473
ANTENNA__07018__C, 319.54, 146.88, 0.00193473
ANTENNA__09213__A0, 319.54, 146.88, 0.00193473
ANTENNA__09213__S, 319.54, 146.88, 0.00193473
_07026_, 345.14, 146.88, 0.00196599
_09288_, 345.14, 146.88, 0.00196599
_09289_, 345.14, 146.88, 0.00196599
_09733_, 345.14, 146.88, 0.00196599
_13418_, 345.14, 146.88, 0.00196599
ANTENNA__07074__B, 345.14, 146.88, 0.00196599
ANTENNA__09730__A0, 345.14, 146.88, 0.00196599
ANTENNA__09288__A0, 345.14, 146.88, 0.00196599
FILLER_0_50_749, 345.14, 146.88, 0.00196599
_07075_, 357.94, 146.88, 0.00204508
_07123_, 357.94, 146.88, 0.00204508
_09732_, 357.94, 146.88, 0.00204508
_09735_, 357.94, 146.88, 0.00204508
_09737_, 357.94, 146.88, 0.00204508
_13643_, 357.94, 146.88, 0.00204508
ANTENNA__07123__B, 357.94, 146.88, 0.00204508
ANTENNA__07075__B, 357.94, 146.88, 0.00204508
ANTENNA__07123__C, 357.94, 146.88, 0.00204508
ANTENNA__07075__C, 357.94, 146.88, 0.00204508
_07170_, 370.74, 146.88, 0.00211666
_08804_, 370.74, 146.88, 0.00211666
_13451_, 370.74, 146.88, 0.00211666
_13644_, 370.74, 146.88, 0.00211666
ANTENNA__07170__C, 370.74, 146.88, 0.00211666
ANTENNA__09736__S, 370.74, 146.88, 0.00211666
FILLER_0_50_806, 370.74, 146.88, 0.00211666
_08807_, 383.54, 146.88, 0.00217788
_08808_, 383.54, 146.88, 0.00217788
_09800_, 383.54, 146.88, 0.00217788
_13674_, 383.54, 146.88, 0.00217788
clkbuf_4_10_0_wclk, 383.54, 146.88, 0.00217788
ANTENNA__08803__A0, 383.54, 146.88, 0.00217788
FILLER_0_50_813, 383.54, 146.88, 0.00217788
_07165_, 396.34, 146.88, 0.00220344
_07265_, 396.34, 146.88, 0.00220344
_09801_, 396.34, 146.88, 0.00220344
_09804_, 396.34, 146.88, 0.00220344
_09808_, 396.34, 146.88, 0.00220344
ANTENNA__07264__B, 396.34, 146.88, 0.00220344
ANTENNA__07070__C, 396.34, 146.88, 0.00220344
ANTENNA__09800__A0, 396.34, 146.88, 0.00220344
ANTENNA_clkbuf_4_10_0_wclk_A, 396.34, 146.88, 0.00220344
FILLER_0_49_849, 396.34, 146.88, 0.00220344
_09803_, 409.14, 146.88, 0.00222569
_09805_, 409.14, 146.88, 0.00222569
_13675_, 409.14, 146.88, 0.00222569
_13676_, 409.14, 146.88, 0.00222569
ANTENNA__07264__C, 409.14, 146.88, 0.00222569
ANTENNA__07165__B, 409.14, 146.88, 0.00222569
ANTENNA__07265__C, 409.14, 146.88, 0.00222569
ANTENNA__09804__A0, 409.14, 146.88, 0.00222569
FILLER_0_51_887, 409.14, 146.88, 0.00222569
ANTENNA__07166__B, 421.94, 146.88, 0.00223642
ANTENNA__09804__S, 421.94, 146.88, 0.00223642
FILLER_0_50_920, 434.74, 146.88, 0.00224715
FILLER_0_51_945, 434.74, 146.88, 0.00224715
FILLER_0_50_973, 447.54, 146.88, 0.00225787
FILLER_0_51_1001, 460.34, 146.88, 0.0022686
FILLER_0_50_1029, 473.14, 146.88, 0.00227933
PHY_94, 5.52, 141.44, 0.0023123
PHY_96, 5.52, 141.44, 0.0023123
PHY_95, 494.04, 141.44, 0.00229596
PHY_97, 494.04, 141.44, 0.00229596
FILLER_0_48_77, 37.94, 141.44, 0.00229098
FILLER_0_49_105, 50.74, 141.44, 0.00226965
FILLER_0_48_133, 63.54, 141.44, 0.00224833
FILLER_0_49_161, 76.34, 141.44, 0.002227
FILLER_0_48_189, 89.14, 141.44, 0.00220568
FILLER_0_49_217, 101.94, 141.44, 0.00218435
_13321_, 114.74, 141.44, 0.00216303
FILLER_0_47_237, 114.74, 141.44, 0.00216303
FILLER_0_48_245, 114.74, 141.44, 0.00216303
_06991_, 127.54, 141.44, 0.00213685
_14695_, 127.54, 141.44, 0.00213685
ANTENNA__06991__A2, 127.54, 141.44, 0.00213685
ANTENNA__06991__B1, 127.54, 141.44, 0.00213685
ANTENNA__08732__A0, 127.54, 141.44, 0.00213685
ANTENNA__08732__S, 127.54, 141.44, 0.00213685
_08728_, 140.34, 141.44, 0.00210591
_08729_, 140.34, 141.44, 0.00210591
_13191_, 140.34, 141.44, 0.00210591
ANTENNA__10071__A1, 140.34, 141.44, 0.00210591
ANTENNA__06992__A2, 140.34, 141.44, 0.00210591
ANTENNA__08728__A0, 140.34, 141.44, 0.00210591
ANTENNA__08728__S, 140.34, 141.44, 0.00210591
ANTENNA__10071__S, 140.34, 141.44, 0.00210591
ANTENNA_clkbuf_leaf_9_wclk_A, 140.34, 141.44, 0.00210591
_12150_, 153.14, 141.44, 0.00206848
_12354_, 153.14, 141.44, 0.00206848
_12355_, 153.14, 141.44, 0.00206848
_14829_, 153.14, 141.44, 0.00206848
_14893_, 153.14, 141.44, 0.00206848
ANTENNA__06860__B1, 153.14, 141.44, 0.00206848
_08740_, 165.94, 141.44, 0.00201878
_08741_, 165.94, 141.44, 0.00201878
_09874_, 165.94, 141.44, 0.00201878
_09875_, 165.94, 141.44, 0.00201878
_12490_, 165.94, 141.44, 0.00201878
_13709_, 165.94, 141.44, 0.00201878
ANTENNA__07183__B1, 165.94, 141.44, 0.00201878
ANTENNA__08740__A0, 165.94, 141.44, 0.00201878
FILLER_0_49_353, 165.94, 141.44, 0.00201878
_08668_, 191.54, 141.44, 0.00201553
_09086_, 191.54, 141.44, 0.00201553
_11439_, 191.54, 141.44, 0.00201553
_13357_, 191.54, 141.44, 0.00201553
ANTENNA__07185__B1, 191.54, 141.44, 0.00201553
ANTENNA__11374__A1, 191.54, 141.44, 0.00201553
FILLER_0_47_393, 191.54, 141.44, 0.00201553
FILLER_0_49_413, 191.54, 141.44, 0.00201553
_08666_, 204.34, 141.44, 0.00206448
_08667_, 204.34, 141.44, 0.00206448
_08670_, 204.34, 141.44, 0.00206448
_13164_, 204.34, 141.44, 0.00206448
clkbuf_leaf_148_wclk, 204.34, 141.44, 0.00206448
ANTENNA__07189__B1, 204.34, 141.44, 0.00206448
ANTENNA__09085__A0, 204.34, 141.44, 0.00206448
ANTENNA__08665__S, 204.34, 141.44, 0.00206448
FILLER_0_47_426, 204.34, 141.44, 0.00206448
FILLER_0_48_430, 204.34, 141.44, 0.00206448
_07111_, 217.14, 141.44, 0.00208487
_07159_, 217.14, 141.44, 0.00208487
_10309_, 217.14, 141.44, 0.00208487
ANTENNA__07111__C, 217.14, 141.44, 0.00208487
ANTENNA__08665__A0, 217.14, 141.44, 0.00208487
FILLER_0_47_449, 217.14, 141.44, 0.00208487
_07188_, 229.94, 141.44, 0.00210412
_08948_, 229.94, 141.44, 0.00210412
_12960_, 229.94, 141.44, 0.00210412
_13166_, 229.94, 141.44, 0.00210412
_13293_, 229.94, 141.44, 0.00210412
ANTENNA__10309__A0, 229.94, 141.44, 0.00210412
ANTENNA__07188__A2, 229.94, 141.44, 0.00210412
ANTENNA__07159__B, 229.94, 141.44, 0.00210412
ANTENNA_clkbuf_leaf_148_wclk_A, 229.94, 141.44, 0.00210412
_07258_, 242.74, 141.44, 0.0021124
_08661_, 242.74, 141.44, 0.0021124
_08662_, 242.74, 141.44, 0.0021124
_08673_, 242.74, 141.44, 0.0021124
_12898_, 242.74, 141.44, 0.0021124
_12899_, 242.74, 141.44, 0.0021124
ANTENNA__08673__A0, 242.74, 141.44, 0.0021124
FILLER_0_49_529, 242.74, 141.44, 0.0021124
_07229_, 255.54, 141.44, 0.00211588
_11878_, 255.54, 141.44, 0.00211588
_14605_, 255.54, 141.44, 0.00211588
ANTENNA__07228__C, 255.54, 141.44, 0.00211588
FILLER_0_48_553, 255.54, 141.44, 0.00211588
_08565_, 268.34, 141.44, 0.00210952
_08568_, 268.34, 141.44, 0.00210952
_09931_, 268.34, 141.44, 0.00210952
_09932_, 268.34, 141.44, 0.00210952
_14189_, 268.34, 141.44, 0.00210952
ANTENNA__07230__A2, 268.34, 141.44, 0.00210952
ANTENNA__07230__B1, 268.34, 141.44, 0.00210952
ANTENNA__08578__S, 268.34, 141.44, 0.00210952
ANTENNA__08578__A0, 268.34, 141.44, 0.00210952
FILLER_0_48_585, 268.34, 141.44, 0.00210952
_10647_, 281.14, 141.44, 0.00209278
_14057_, 281.14, 141.44, 0.00209278
ANTENNA__09931__A1, 281.14, 141.44, 0.00209278
ANTENNA__08565__A, 281.14, 141.44, 0.00209278
ANTENNA__08568__A, 281.14, 141.44, 0.00209278
ANTENNA__09305__A, 281.14, 141.44, 0.00209278
_09798_, 293.94, 141.44, 0.00207034
_09799_, 293.94, 141.44, 0.00207034
_13673_, 293.94, 141.44, 0.00207034
ANTENNA__09796__S, 293.94, 141.44, 0.00207034
ANTENNA__10647__A1, 293.94, 141.44, 0.00207034
FILLER_0_48_617, 293.94, 141.44, 0.00207034
FILLER_0_48_625, 293.94, 141.44, 0.00207034
FILLER_0_49_628, 293.94, 141.44, 0.00207034
_09386_, 306.74, 141.44, 0.00204151
_10510_, 306.74, 141.44, 0.00204151
_10511_, 306.74, 141.44, 0.00204151
_10512_, 306.74, 141.44, 0.00204151
_13992_, 306.74, 141.44, 0.00204151
ANTENNA__07021__B, 306.74, 141.44, 0.00204151
ANTENNA__06971__C, 306.74, 141.44, 0.00204151
ANTENNA__09798__A0, 306.74, 141.44, 0.00204151
_07027_, 319.54, 141.44, 0.00200423
_09286_, 319.54, 141.44, 0.00200423
_09728_, 319.54, 141.44, 0.00200423
_13448_, 319.54, 141.44, 0.00200423
ANTENNA__07019__B, 319.54, 141.44, 0.00200423
ANTENNA__09385__S, 319.54, 141.44, 0.00200423
ANTENNA__10511__S, 319.54, 141.44, 0.00200423
FILLER_0_47_669, 319.54, 141.44, 0.00200423
FILLER_0_47_677, 319.54, 141.44, 0.00200423
_07025_, 345.14, 141.44, 0.00200805
_13449_, 345.14, 141.44, 0.00200805
_13642_, 345.14, 141.44, 0.00200805
ANTENNA__07025__B, 345.14, 141.44, 0.00200805
ANTENNA__07025__C, 345.14, 141.44, 0.00200805
FILLER_0_47_729, 345.14, 141.44, 0.00200805
FILLER_0_47_737, 345.14, 141.44, 0.00200805
FILLER_0_48_751, 345.14, 141.44, 0.00200805
_07072_, 357.94, 141.44, 0.00205183
_07076_, 357.94, 141.44, 0.00205183
_07124_, 357.94, 141.44, 0.00205183
_09291_, 357.94, 141.44, 0.00205183
_09295_, 357.94, 141.44, 0.00205183
_09734_, 357.94, 141.44, 0.00205183
ANTENNA__09291__S, 357.94, 141.44, 0.00205183
ANTENNA__09732__A0, 357.94, 141.44, 0.00205183
ANTENNA__09734__S, 357.94, 141.44, 0.00205183
ANTENNA__09732__S, 357.94, 141.44, 0.00205183
_07168_, 370.74, 141.44, 0.00209014
_07171_, 370.74, 141.44, 0.00209014
_09294_, 370.74, 141.44, 0.00209014
_09298_, 370.74, 141.44, 0.00209014
_13452_, 370.74, 141.44, 0.00209014
ANTENNA__07121__B, 370.74, 141.44, 0.00209014
ANTENNA__07170__B, 370.74, 141.44, 0.00209014
FILLER_0_48_803, 370.74, 141.44, 0.00209014
_07067_, 383.54, 141.44, 0.00212025
_07070_, 383.54, 141.44, 0.00212025
_09297_, 383.54, 141.44, 0.00212025
_09387_, 383.54, 141.44, 0.00212025
ANTENNA__07068__C, 383.54, 141.44, 0.00212025
ANTENNA__08803__S, 383.54, 141.44, 0.00212025
ANTENNA__09800__S, 383.54, 141.44, 0.00212025
_07116_, 396.34, 141.44, 0.00214787
_07119_, 396.34, 141.44, 0.00214787
_07120_, 396.34, 141.44, 0.00214787
_07163_, 396.34, 141.44, 0.00214787
_07164_, 396.34, 141.44, 0.00214787
_07166_, 396.34, 141.44, 0.00214787
ANTENNA__07265__B, 396.34, 141.44, 0.00214787
ANTENNA__08807__A0, 396.34, 141.44, 0.00214787
ANTENNA__08807__S, 396.34, 141.44, 0.00214787
ANTENNA__09297__A0, 396.34, 141.44, 0.00214787
_09390_, 409.14, 141.44, 0.00217389
_13483_, 409.14, 141.44, 0.00217389
ANTENNA__07165__C, 409.14, 141.44, 0.00217389
ANTENNA__07164__B, 409.14, 141.44, 0.00217389
ANTENNA__07166__C, 409.14, 141.44, 0.00217389
ANTENNA__07119__C, 409.14, 141.44, 0.00217389
ANTENNA__07119__B, 409.14, 141.44, 0.00217389
FILLER_0_48_865, 409.14, 141.44, 0.00217389
ANTENNA__07163__B, 421.94, 141.44, 0.00219424
ANTENNA__07163__C, 421.94, 141.44, 0.00219424
ANTENNA__09389__A0, 421.94, 141.44, 0.00219424
ANTENNA__09389__S, 421.94, 141.44, 0.00219424
FILLER_0_49_945, 434.74, 141.44, 0.00221458
FILLER_0_47_949, 447.54, 141.44, 0.00223492
FILLER_0_48_973, 447.54, 141.44, 0.00223492
FILLER_0_49_1001, 460.34, 141.44, 0.00225527
FILLER_0_48_1029, 473.14, 141.44, 0.00227561
PHY_90, 5.52, 136, 0.00232865
PHY_92, 5.52, 136, 0.00232865
PHY_91, 494.04, 136, 0.00231973
PHY_93, 494.04, 136, 0.00231973
FILLER_0_46_77, 37.94, 136, 0.00230815
FILLER_0_47_105, 50.74, 136, 0.00228765
FILLER_0_46_133, 63.54, 136, 0.00226715
FILLER_0_47_161, 76.34, 136, 0.00224665
FILLER_0_46_189, 89.14, 136, 0.00222614
FILLER_0_47_217, 101.94, 136, 0.00220564
_09005_, 114.74, 136, 0.00218514
_13319_, 114.74, 136, 0.00218514
FILLER_0_46_248, 114.74, 136, 0.00218514
_06859_, 127.54, 136, 0.00215903
_09004_, 127.54, 136, 0.00215903
_12070_, 127.54, 136, 0.00215903
_12071_, 127.54, 136, 0.00215903
ANTENNA__12070__A0, 127.54, 136, 0.00215903
ANTENNA__09010__A0, 127.54, 136, 0.00215903
ANTENNA__09010__S, 127.54, 136, 0.00215903
ANTENNA__09004__S, 127.54, 136, 0.00215903
FILLER_0_47_274, 127.54, 136, 0.00215903
_06860_, 140.34, 136, 0.00213006
_10067_, 140.34, 136, 0.00213006
_10068_, 140.34, 136, 0.00213006
_13799_, 140.34, 136, 0.00213006
ANTENNA__06859__A2, 140.34, 136, 0.00213006
ANTENNA__06859__B1, 140.34, 136, 0.00213006
ANTENNA__09012__A0, 140.34, 136, 0.00213006
ANTENNA__10067__S, 140.34, 136, 0.00213006
_07182_, 153.14, 136, 0.00209432
ANTENNA__06860__A2, 153.14, 136, 0.00209432
ANTENNA__09012__S, 153.14, 136, 0.00209432
ANTENNA__12354__A1, 153.14, 136, 0.00209432
FILLER_0_46_313, 153.14, 136, 0.00209432
_07186_, 165.94, 136, 0.00205853
ANTENNA__12490__S, 165.94, 136, 0.00205853
ANTENNA__07183__A2, 165.94, 136, 0.00205853
ANTENNA__07182__A2, 165.94, 136, 0.00205853
ANTENNA__07182__B1, 165.94, 136, 0.00205853
ANTENNA__07186__B1, 165.94, 136, 0.00205853
ANTENNA__12490__A1, 165.94, 136, 0.00205853
ANTENNA__12218__A1, 165.94, 136, 0.00205853
FILLER_0_47_357, 165.94, 136, 0.00205853
_07189_, 191.54, 136, 0.00208152
_09019_, 191.54, 136, 0.00208152
_09085_, 191.54, 136, 0.00208152
_11438_, 191.54, 136, 0.00208152
_14413_, 191.54, 136, 0.00208152
ANTENNA__09085__S, 191.54, 136, 0.00208152
ANTENNA__11438__A1, 191.54, 136, 0.00208152
FILLER_0_45_393, 191.54, 136, 0.00208152
FILLER_0_46_412, 191.54, 136, 0.00208152
_08669_, 204.34, 136, 0.00213211
_09142_, 204.34, 136, 0.00213211
_09143_, 204.34, 136, 0.00213211
ANTENNA__07189__A2, 204.34, 136, 0.00213211
ANTENNA__09142__A0, 204.34, 136, 0.00213211
ANTENNA__08669__A0, 204.34, 136, 0.00213211
ANTENNA__08669__S, 204.34, 136, 0.00213211
ANTENNA__09142__S, 204.34, 136, 0.00213211
FILLER_0_46_425, 204.34, 136, 0.00213211
_07112_, 217.14, 136, 0.00217995
_07160_, 217.14, 136, 0.00217995
_10304_, 217.14, 136, 0.00217995
_10314_, 217.14, 136, 0.00217995
_13895_, 217.14, 136, 0.00217995
ANTENNA__07159__C, 217.14, 136, 0.00217995
ANTENNA__07111__B, 217.14, 136, 0.00217995
ANTENNA__08667__S, 217.14, 136, 0.00217995
FILLER_0_46_451, 217.14, 136, 0.00217995
FILLER_0_47_462, 217.14, 136, 0.00217995
_08947_, 229.94, 136, 0.00221943
clkbuf_leaf_147_wclk, 229.94, 136, 0.00221943
ANTENNA__10303__A0, 229.94, 136, 0.00221943
ANTENNA__07259__A3, 229.94, 136, 0.00221943
ANTENNA__07160__A3, 229.94, 136, 0.00221943
ANTENNA__06911__A2, 229.94, 136, 0.00221943
ANTENNA__08947__S, 229.94, 136, 0.00221943
FILLER_0_45_480, 229.94, 136, 0.00221943
FILLER_0_46_481, 229.94, 136, 0.00221943
FILLER_0_46_495, 229.94, 136, 0.00221943
FILLER_0_47_498, 229.94, 136, 0.00221943
_06966_, 242.74, 136, 0.00223931
_07259_, 242.74, 136, 0.00223931
_13160_, 242.74, 136, 0.00223931
_15085_, 242.74, 136, 0.00223931
ANTENNA__07259__A2, 242.74, 136, 0.00223931
ANTENNA__08673__S, 242.74, 136, 0.00223931
FILLER_0_45_505, 242.74, 136, 0.00223931
_07203_, 255.54, 136, 0.00224864
_10930_, 255.54, 136, 0.00224864
_10931_, 255.54, 136, 0.00224864
_11811_, 255.54, 136, 0.00224864
ANTENNA__12898__S, 255.54, 136, 0.00224864
ANTENNA__06966__C, 255.54, 136, 0.00224864
ANTENNA__07203__A2, 255.54, 136, 0.00224864
ANTENNA__07203__B1, 255.54, 136, 0.00224864
ANTENNA__06966__B, 255.54, 136, 0.00224864
ANTENNA__10930__S, 255.54, 136, 0.00224864
ANTENNA__11878__A1, 255.54, 136, 0.00224864
ANTENNA__11878__S, 255.54, 136, 0.00224864
FILLER_0_45_532, 255.54, 136, 0.00224864
FILLER_0_46_541, 255.54, 136, 0.00224864
_09305_, 268.34, 136, 0.00225523
_09934_, 268.34, 136, 0.00225523
_10383_, 268.34, 136, 0.00225523
_11810_, 268.34, 136, 0.00225523
_13736_, 268.34, 136, 0.00225523
FILLER_0_46_566, 268.34, 136, 0.00225523
_09937_, 281.14, 136, 0.00225264
_09938_, 281.14, 136, 0.00225264
_10646_, 281.14, 136, 0.00225264
_13738_, 281.14, 136, 0.00225264
_14056_, 281.14, 136, 0.00225264
ANTENNA__09933__A1, 281.14, 136, 0.00225264
ANTENNA__09937__A1, 281.14, 136, 0.00225264
FILLER_0_46_589, 281.14, 136, 0.00225264
FILLER_0_47_605, 281.14, 136, 0.00225264
_06969_, 293.94, 136, 0.00223778
_07064_, 293.94, 136, 0.00223778
clkbuf_leaf_140_wclk, 293.94, 136, 0.00223778
ANTENNA_clkbuf_leaf_140_wclk_A, 293.94, 136, 0.00223778
_06979_, 306.74, 136, 0.00220224
_10509_, 306.74, 136, 0.00220224
clkbuf_4_9_0_wclk, 306.74, 136, 0.00220224
ANTENNA__07019__C, 306.74, 136, 0.00220224
ANTENNA__06971__B, 306.74, 136, 0.00220224
ANTENNA__09798__S, 306.74, 136, 0.00220224
ANTENNA__10511__A1, 306.74, 136, 0.00220224
FILLER_0_46_645, 306.74, 136, 0.00220224
_06914_, 319.54, 136, 0.00212711
_06978_, 319.54, 136, 0.00212711
_10853_, 319.54, 136, 0.00212711
_14152_, 319.54, 136, 0.00212711
ANTENNA__06914__A2, 319.54, 136, 0.00212711
ANTENNA__06914__B1, 319.54, 136, 0.00212711
ANTENNA__09385__A0, 319.54, 136, 0.00212711
ANTENNA__10509__A1, 319.54, 136, 0.00212711
FILLER_0_45_669, 319.54, 136, 0.00212711
FILLER_0_46_677, 319.54, 136, 0.00212711
_09292_, 345.14, 136, 0.00209197
_10854_, 345.14, 136, 0.00209197
_10857_, 345.14, 136, 0.00209197
_13450_, 345.14, 136, 0.00209197
ANTENNA__07023__B, 345.14, 136, 0.00209197
ANTENNA__07023__C, 345.14, 136, 0.00209197
ANTENNA__10715__S, 345.14, 136, 0.00209197
FILLER_0_45_725, 345.14, 136, 0.00209197
_07121_, 357.94, 136, 0.00213127
ANTENNA__07072__B, 357.94, 136, 0.00213127
ANTENNA__07124__A2, 357.94, 136, 0.00213127
ANTENNA__07076__A2, 357.94, 136, 0.00213127
ANTENNA__07072__C, 357.94, 136, 0.00213127
ANTENNA__09291__A0, 357.94, 136, 0.00213127
ANTENNA__09734__A0, 357.94, 136, 0.00213127
ANTENNA__10854__A1, 357.94, 136, 0.00213127
ANTENNA__10854__S, 357.94, 136, 0.00213127
FILLER_0_46_769, 357.94, 136, 0.00213127
_10860_, 370.74, 136, 0.00217049
ANTENNA__07168__B, 370.74, 136, 0.00217049
ANTENNA__07171__A2, 370.74, 136, 0.00217049
ANTENNA__07068__B, 370.74, 136, 0.00217049
ANTENNA__07168__C, 370.74, 136, 0.00217049
ANTENNA__07121__C, 370.74, 136, 0.00217049
ANTENNA__09297__S, 370.74, 136, 0.00217049
ANTENNA__09294__S, 370.74, 136, 0.00217049
ANTENNA__09294__A0, 370.74, 136, 0.00217049
ANTENNA__10860__A1, 370.74, 136, 0.00217049
FILLER_0_45_781, 370.74, 136, 0.00217049
FILLER_0_46_799, 370.74, 136, 0.00217049
FILLER_0_46_806, 370.74, 136, 0.00217049
FILLER_0_47_802, 370.74, 136, 0.00217049
FILLER_0_47_807, 370.74, 136, 0.00217049
_07065_, 383.54, 136, 0.00220875
_07071_, 383.54, 136, 0.00220875
_09388_, 383.54, 136, 0.00220875
_13482_, 383.54, 136, 0.00220875
ANTENNA__09387__A0, 383.54, 136, 0.00220875
ANTENNA__10515__S, 383.54, 136, 0.00220875
ANTENNA__10860__S, 383.54, 136, 0.00220875
_07115_, 396.34, 136, 0.00224026
_07167_, 396.34, 136, 0.00224026
_07262_, 396.34, 136, 0.00224026
_07263_, 396.34, 136, 0.00224026
_07266_, 396.34, 136, 0.00224026
_09389_, 396.34, 136, 0.00224026
_09391_, 396.34, 136, 0.00224026
_10517_, 396.34, 136, 0.00224026
ANTENNA__07070__B, 396.34, 136, 0.00224026
clkbuf_leaf_122_wclk, 409.14, 136, 0.00226573
ANTENNA__07115__B, 409.14, 136, 0.00226573
ANTENNA__07116__B, 409.14, 136, 0.00226573
ANTENNA_clkbuf_leaf_122_wclk_A, 421.94, 136, 0.00227473
FILLER_0_46_921, 434.74, 136, 0.00228373
FILLER_0_46_973, 447.54, 136, 0.00229273
FILLER_0_47_1001, 460.34, 136, 0.00230173
FILLER_0_46_1029, 473.14, 136, 0.00231073
PHY_86, 5.52, 130.56, 0.00235376
PHY_88, 5.52, 130.56, 0.00235376
PHY_87, 494.04, 130.56, 0.00234324
PHY_89, 494.04, 130.56, 0.00234324
FILLER_0_44_77, 37.94, 130.56, 0.00234404
FILLER_0_45_105, 50.74, 130.56, 0.00233432
FILLER_0_44_133, 63.54, 130.56, 0.00232461
FILLER_0_45_161, 76.34, 130.56, 0.00231489
FILLER_0_44_189, 89.14, 130.56, 0.00230517
FILLER_0_45_217, 101.94, 130.56, 0.00229545
_09015_, 114.74, 130.56, 0.00228573
FILLER_0_44_249, 114.74, 130.56, 0.00228573
FILLER_0_45_249, 114.74, 130.56, 0.00228573
_09010_, 127.54, 130.56, 0.00227523
_12076_, 127.54, 130.56, 0.00227523
_12077_, 127.54, 130.56, 0.00227523
_14698_, 127.54, 130.56, 0.00227523
ANTENNA__12076__A0, 127.54, 130.56, 0.00227523
ANTENNA__09004__A0, 127.54, 130.56, 0.00227523
ANTENNA__12070__S, 127.54, 130.56, 0.00227523
FILLER_0_43_257, 127.54, 130.56, 0.00227523
FILLER_0_44_262, 127.54, 130.56, 0.00227523
FILLER_0_45_270, 127.54, 130.56, 0.00227523
_09012_, 140.34, 130.56, 0.00225714
_09013_, 140.34, 130.56, 0.00225714
_12079_, 140.34, 130.56, 0.00225714
_12080_, 140.34, 130.56, 0.00225714
_13323_, 140.34, 130.56, 0.00225714
_14699_, 140.34, 130.56, 0.00225714
ANTENNA__12080__A0, 140.34, 130.56, 0.00225714
ANTENNA__12076__S, 140.34, 130.56, 0.00225714
FILLER_0_44_283, 140.34, 130.56, 0.00225714
_07089_, 153.14, 130.56, 0.00222603
_12219_, 153.14, 130.56, 0.00222603
_12558_, 153.14, 130.56, 0.00222603
_12559_, 153.14, 130.56, 0.00222603
_14925_, 153.14, 130.56, 0.00222603
ANTENNA__12558__S, 153.14, 130.56, 0.00222603
ANTENNA__10067__A1, 153.14, 130.56, 0.00222603
ANTENNA__12558__A0, 153.14, 130.56, 0.00222603
ANTENNA__07089__A2, 153.14, 130.56, 0.00222603
FILLER_0_44_313, 153.14, 130.56, 0.00222603
FILLER_0_44_318, 153.14, 130.56, 0.00222603
FILLER_0_45_327, 153.14, 130.56, 0.00222603
_06606_, 165.94, 130.56, 0.00218743
_09007_, 165.94, 130.56, 0.00218743
_12218_, 165.94, 130.56, 0.00218743
_13320_, 165.94, 130.56, 0.00218743
_13581_, 165.94, 130.56, 0.00218743
_14696_, 165.94, 130.56, 0.00218743
ANTENNA__07186__A2, 165.94, 130.56, 0.00218743
ANTENNA__12218__S, 165.94, 130.56, 0.00218743
FILLER_0_44_345, 165.94, 130.56, 0.00218743
_07234_, 191.54, 130.56, 0.00220049
_09018_, 191.54, 130.56, 0.00220049
_11370_, 191.54, 130.56, 0.00220049
_13326_, 191.54, 130.56, 0.00220049
ANTENNA__09018__A0, 191.54, 130.56, 0.00220049
ANTENNA__09018__S, 191.54, 130.56, 0.00220049
FILLER_0_45_411, 191.54, 130.56, 0.00220049
_09152_, 204.34, 130.56, 0.00226245
_13383_, 204.34, 130.56, 0.00226245
_13387_, 204.34, 130.56, 0.00226245
ANTENNA__07160__A2, 204.34, 130.56, 0.00226245
ANTENNA__07112__A2, 204.34, 130.56, 0.00226245
ANTENNA__07112__A3, 204.34, 130.56, 0.00226245
_06913_, 217.14, 130.56, 0.0023134
_10303_, 217.14, 130.56, 0.0023134
_10311_, 217.14, 130.56, 0.0023134
_13899_, 217.14, 130.56, 0.0023134
clkbuf_4_3_0_wclk, 217.14, 130.56, 0.0023134
_06911_, 229.94, 130.56, 0.0023181
_06964_, 229.94, 130.56, 0.0023181
_07110_, 229.94, 130.56, 0.0023181
_10306_, 229.94, 130.56, 0.0023181
_10317_, 229.94, 130.56, 0.0023181
_10318_, 229.94, 130.56, 0.0023181
_13902_, 229.94, 130.56, 0.0023181
ANTENNA__10317__A0, 229.94, 130.56, 0.0023181
ANTENNA__08947__A0, 229.94, 130.56, 0.0023181
ANTENNA_clkbuf_leaf_147_wclk_A, 229.94, 130.56, 0.0023181
FILLER_0_44_485, 229.94, 130.56, 0.0023181
FILLER_0_45_491, 229.94, 130.56, 0.0023181
_09156_, 242.74, 130.56, 0.00231474
_09157_, 242.74, 130.56, 0.00231474
_10305_, 242.74, 130.56, 0.00231474
ANTENNA__10305__A0, 242.74, 130.56, 0.00231474
ANTENNA__09156__A0, 242.74, 130.56, 0.00231474
ANTENNA__09156__S, 242.74, 130.56, 0.00231474
FILLER_0_44_529, 242.74, 130.56, 0.00231474
_09144_, 255.54, 130.56, 0.00230849
_13933_, 255.54, 130.56, 0.00230849
_14573_, 255.54, 130.56, 0.00230849
ANTENNA__09144__S, 255.54, 130.56, 0.00230849
_09933_, 268.34, 130.56, 0.00229167
_09946_, 268.34, 130.56, 0.00229167
ANTENNA__10381__A1, 268.34, 130.56, 0.00229167
ANTENNA__10930__A1, 268.34, 130.56, 0.00229167
ANTENNA__10383__S, 268.34, 130.56, 0.00229167
ANTENNA__11810__A1, 268.34, 130.56, 0.00229167
ANTENNA__11810__S, 268.34, 130.56, 0.00229167
FILLER_0_43_561, 268.34, 130.56, 0.00229167
FILLER_0_44_581, 268.34, 130.56, 0.00229167
_07162_, 281.14, 130.56, 0.00227294
_09945_, 281.14, 130.56, 0.00227294
_13742_, 281.14, 130.56, 0.00227294
ANTENNA__09945__A1, 281.14, 130.56, 0.00227294
ANTENNA__10645__A1, 281.14, 130.56, 0.00227294
FILLER_0_44_605, 281.14, 130.56, 0.00227294
FILLER_0_45_612, 281.14, 130.56, 0.00227294
_07114_, 293.94, 130.56, 0.00224785
_10645_, 293.94, 130.56, 0.00224785
_14058_, 293.94, 130.56, 0.00224785
_14062_, 293.94, 130.56, 0.00224785
ANTENNA__10649__S, 293.94, 130.56, 0.00224785
FILLER_0_43_617, 293.94, 130.56, 0.00224785
_10650_, 306.74, 130.56, 0.00221202
_10657_, 306.74, 130.56, 0.00221202
_10712_, 306.74, 130.56, 0.00221202
_14087_, 306.74, 130.56, 0.00221202
ANTENNA__10649__A1, 306.74, 130.56, 0.00221202
ANTENNA__10509__S, 306.74, 130.56, 0.00221202
ANTENNA__10645__S, 306.74, 130.56, 0.00221202
ANTENNA_clkbuf_4_9_0_wclk_A, 306.74, 130.56, 0.00221202
FILLER_0_44_656, 306.74, 130.56, 0.00221202
FILLER_0_45_659, 306.74, 130.56, 0.00221202
_10441_, 319.54, 130.56, 0.00216868
_10711_, 319.54, 130.56, 0.00216868
_10713_, 319.54, 130.56, 0.00216868
_10852_, 319.54, 130.56, 0.00216868
ANTENNA__10852__A1, 319.54, 130.56, 0.00216868
ANTENNA__10713__A1, 319.54, 130.56, 0.00216868
ANTENNA__10441__S, 319.54, 130.56, 0.00216868
ANTENNA__10711__S, 319.54, 130.56, 0.00216868
_07063_, 345.14, 130.56, 0.00219463
_07077_, 345.14, 130.56, 0.00219463
_10717_, 345.14, 130.56, 0.00219463
_10718_, 345.14, 130.56, 0.00219463
_11005_, 345.14, 130.56, 0.00219463
_14090_, 345.14, 130.56, 0.00219463
_14154_, 345.14, 130.56, 0.00219463
ANTENNA__07015__B1, 345.14, 130.56, 0.00219463
ANTENNA__10443__A1, 345.14, 130.56, 0.00219463
FILLER_0_44_734, 345.14, 130.56, 0.00219463
_10446_, 357.94, 130.56, 0.00224975
_10856_, 357.94, 130.56, 0.00224975
_10859_, 357.94, 130.56, 0.00224975
_10861_, 357.94, 130.56, 0.00224975
_14155_, 357.94, 130.56, 0.00224975
ANTENNA__07063__A2, 357.94, 130.56, 0.00224975
ANTENNA__10856__A1, 357.94, 130.56, 0.00224975
ANTENNA__10445__S, 357.94, 130.56, 0.00224975
FILLER_0_44_753, 357.94, 130.56, 0.00224975
_10864_, 370.74, 130.56, 0.00229656
_10865_, 370.74, 130.56, 0.00229656
_13994_, 370.74, 130.56, 0.00229656
_14156_, 370.74, 130.56, 0.00229656
_14158_, 370.74, 130.56, 0.00229656
ANTENNA__07067__B, 370.74, 130.56, 0.00229656
ANTENNA__10858__A1, 370.74, 130.56, 0.00229656
FILLER_0_43_781, 370.74, 130.56, 0.00229656
FILLER_0_45_797, 370.74, 130.56, 0.00229656
_10513_, 383.54, 130.56, 0.00232691
_10514_, 383.54, 130.56, 0.00232691
_10515_, 383.54, 130.56, 0.00232691
_10516_, 383.54, 130.56, 0.00232691
_10522_, 383.54, 130.56, 0.00232691
_13998_, 383.54, 130.56, 0.00232691
ANTENNA__07067__C, 383.54, 130.56, 0.00232691
ANTENNA__09387__S, 383.54, 130.56, 0.00232691
ANTENNA__10864__A1, 383.54, 130.56, 0.00232691
ANTENNA__10513__S, 383.54, 130.56, 0.00232691
_09392_, 396.34, 130.56, 0.00234773
_09395_, 396.34, 130.56, 0.00234773
_13484_, 396.34, 130.56, 0.00234773
_13995_, 396.34, 130.56, 0.00234773
_13996_, 396.34, 130.56, 0.00234773
_09396_, 409.14, 130.56, 0.00235197
_13486_, 409.14, 130.56, 0.00235197
ANTENNA__09391__A0, 409.14, 130.56, 0.00235197
ANTENNA__09395__A0, 409.14, 130.56, 0.00235197
ANTENNA__09391__S, 409.14, 130.56, 0.00235197
ANTENNA__10517__A1, 409.14, 130.56, 0.00235197
FILLER_0_45_888, 409.14, 130.56, 0.00235197
FILLER_0_43_893, 421.94, 130.56, 0.00235051
FILLER_0_44_921, 434.74, 130.56, 0.00234906
FILLER_0_45_945, 434.74, 130.56, 0.00234906
FILLER_0_44_973, 447.54, 130.56, 0.0023476
FILLER_0_45_1001, 460.34, 130.56, 0.00234615
FILLER_0_44_1029, 473.14, 130.56, 0.00234469
PHY_82, 5.52, 125.12, 0.00237831
PHY_84, 5.52, 125.12, 0.00237831
PHY_83, 494.04, 125.12, 0.00235162
PHY_85, 494.04, 125.12, 0.00235162
FILLER_0_42_77, 37.94, 125.12, 0.00237805
FILLER_0_43_105, 50.74, 125.12, 0.0023778
FILLER_0_42_133, 63.54, 125.12, 0.00237754
FILLER_0_43_161, 76.34, 125.12, 0.00237728
FILLER_0_42_189, 89.14, 125.12, 0.00237703
FILLER_0_43_217, 101.94, 125.12, 0.00237677
_09011_, 114.74, 125.12, 0.00237651
_13322_, 114.74, 125.12, 0.00237651
_13324_, 114.74, 125.12, 0.00237651
FILLER_0_41_237, 114.74, 125.12, 0.00237651
FILLER_0_42_233, 114.74, 125.12, 0.00237651
_07039_, 127.54, 125.12, 0.00236548
_09014_, 127.54, 125.12, 0.00236548
_12081_, 127.54, 125.12, 0.00236548
_14700_, 127.54, 125.12, 0.00236548
clkbuf_leaf_166_wclk, 127.54, 125.12, 0.00236548
ANTENNA__07039__A2, 127.54, 125.12, 0.00236548
FILLER_0_42_273, 127.54, 125.12, 0.00236548
_07137_, 140.34, 125.12, 0.00233084
_12078_, 140.34, 125.12, 0.00233084
ANTENNA__10073__A1, 140.34, 125.12, 0.00233084
ANTENNA__07137__A2, 140.34, 125.12, 0.00233084
ANTENNA__07039__B1, 140.34, 125.12, 0.00233084
ANTENNA__12080__S, 140.34, 125.12, 0.00233084
_14765_, 153.14, 125.12, 0.00229503
ANTENNA__12078__A0, 153.14, 125.12, 0.00229503
ANTENNA__07089__B1, 153.14, 125.12, 0.00229503
ANTENNA__08736__S, 153.14, 125.12, 0.00229503
ANTENNA__12078__S, 153.14, 125.12, 0.00229503
FILLER_0_41_320, 153.14, 125.12, 0.00229503
FILLER_0_42_313, 153.14, 125.12, 0.00229503
_09006_, 165.94, 125.12, 0.00225443
_12073_, 165.94, 125.12, 0.00225443
clkbuf_leaf_150_wclk, 165.94, 125.12, 0.00225443
ANTENNA__12072__A0, 165.94, 125.12, 0.00225443
ANTENNA__06606__A, 165.94, 125.12, 0.00225443
FILLER_0_41_337, 165.94, 125.12, 0.00225443
FILLER_0_42_341, 165.94, 125.12, 0.00225443
_09151_, 191.54, 125.12, 0.00222562
_09153_, 191.54, 125.12, 0.00222562
ANTENNA__07234__A2, 191.54, 125.12, 0.00222562
ANTENNA__07234__B1, 191.54, 125.12, 0.00222562
ANTENNA__11370__A1, 191.54, 125.12, 0.00222562
ANTENNA__11370__S, 191.54, 125.12, 0.00222562
ANTENNA__11438__S, 191.54, 125.12, 0.00222562
ANTENNA__12084__S, 191.54, 125.12, 0.00222562
FILLER_0_41_401, 191.54, 125.12, 0.00222562
FILLER_0_42_398, 191.54, 125.12, 0.00222562
FILLER_0_42_404, 191.54, 125.12, 0.00222562
FILLER_0_42_417, 191.54, 125.12, 0.00222562
FILLER_0_43_409, 191.54, 125.12, 0.00222562
_09150_, 204.34, 125.12, 0.00226113
_13388_, 204.34, 125.12, 0.00226113
ANTENNA__09152__S, 204.34, 125.12, 0.00226113
FILLER_0_41_432, 204.34, 125.12, 0.00226113
FILLER_0_42_438, 204.34, 125.12, 0.00226113
_07158_, 217.14, 125.12, 0.00229065
_10312_, 217.14, 125.12, 0.00229065
_10313_, 217.14, 125.12, 0.00229065
_13900_, 217.14, 125.12, 0.00229065
_15115_, 217.14, 125.12, 0.00229065
ANTENNA__10311__A0, 217.14, 125.12, 0.00229065
ANTENNA_clkbuf_4_3_0_wclk_A, 217.14, 125.12, 0.00229065
FILLER_0_41_449, 217.14, 125.12, 0.00229065
_07257_, 229.94, 125.12, 0.00230856
_13896_, 229.94, 125.12, 0.00230856
ANTENNA__12962__S, 229.94, 125.12, 0.00230856
ANTENNA__06913__A3, 229.94, 125.12, 0.00230856
ANTENNA__07158__A2, 229.94, 125.12, 0.00230856
ANTENNA__07110__A2, 229.94, 125.12, 0.00230856
_09145_, 242.74, 125.12, 0.00232149
_13384_, 242.74, 125.12, 0.00232149
_13390_, 242.74, 125.12, 0.00232149
ANTENNA__06964__A2, 242.74, 125.12, 0.00232149
ANTENNA__07257__A2, 242.74, 125.12, 0.00232149
FILLER_0_41_505, 242.74, 125.12, 0.00232149
FILLER_0_42_509, 242.74, 125.12, 0.00232149
_06967_, 255.54, 125.12, 0.00232416
_07157_, 255.54, 125.12, 0.00232416
_10384_, 255.54, 125.12, 0.00232416
ANTENNA__07157__B1, 255.54, 125.12, 0.00232416
ANTENNA__06967__A2, 255.54, 125.12, 0.00232416
ANTENNA__09144__A0, 255.54, 125.12, 0.00232416
FILLER_0_42_553, 255.54, 125.12, 0.00232416
FILLER_0_43_550, 255.54, 125.12, 0.00232416
FILLER_0_43_556, 255.54, 125.12, 0.00232416
_09942_, 268.34, 125.12, 0.0023244
_10381_, 268.34, 125.12, 0.0023244
_13739_, 268.34, 125.12, 0.0023244
_13932_, 268.34, 125.12, 0.0023244
ANTENNA__10383__A1, 268.34, 125.12, 0.0023244
ANTENNA__10381__S, 268.34, 125.12, 0.0023244
FILLER_0_43_576, 268.34, 125.12, 0.0023244
_09941_, 281.14, 125.12, 0.00231266
_13740_, 281.14, 125.12, 0.00231266
_14060_, 281.14, 125.12, 0.00231266
_10649_, 293.94, 125.12, 0.00229015
_10653_, 293.94, 125.12, 0.00229015
_10658_, 293.94, 125.12, 0.00229015
_14059_, 293.94, 125.12, 0.00229015
ANTENNA__11724__S, 293.94, 125.12, 0.00229015
FILLER_0_42_621, 293.94, 125.12, 0.00229015
_07261_, 306.74, 125.12, 0.00225994
_10440_, 306.74, 125.12, 0.00225994
_10652_, 306.74, 125.12, 0.00225994
_10714_, 306.74, 125.12, 0.00225994
_14088_, 306.74, 125.12, 0.00225994
ANTENNA__10651__A1, 306.74, 125.12, 0.00225994
ANTENNA__10657__A1, 306.74, 125.12, 0.00225994
ANTENNA__10657__S, 306.74, 125.12, 0.00225994
ANTENNA__10713__S, 306.74, 125.12, 0.00225994
_06968_, 319.54, 125.12, 0.00222236
_10439_, 319.54, 125.12, 0.00222236
_10442_, 319.54, 125.12, 0.00222236
_13959_, 319.54, 125.12, 0.00222236
_13960_, 319.54, 125.12, 0.00222236
_10445_, 345.14, 125.12, 0.00223153
_13962_, 345.14, 125.12, 0.00223153
clkbuf_leaf_137_wclk, 345.14, 125.12, 0.00223153
ANTENNA__09466__S, 345.14, 125.12, 0.00223153
ANTENNA__10717__S, 345.14, 125.12, 0.00223153
ANTENNA__11005__A, 345.14, 125.12, 0.00223153
ANTENNA__12834__A1, 345.14, 125.12, 0.00223153
_07125_, 357.94, 125.12, 0.00226176
_10858_, 357.94, 125.12, 0.00226176
ANTENNA__07063__B1, 357.94, 125.12, 0.00226176
ANTENNA__08882__A0, 357.94, 125.12, 0.00226176
ANTENNA__08882__S, 357.94, 125.12, 0.00226176
ANTENNA__10717__A1, 357.94, 125.12, 0.00226176
ANTENNA__10445__A1, 357.94, 125.12, 0.00226176
ANTENNA__10858__S, 357.94, 125.12, 0.00226176
ANTENNA__10856__S, 357.94, 125.12, 0.00226176
FILLER_0_42_765, 357.94, 125.12, 0.00226176
_07172_, 370.74, 125.12, 0.00228306
_07273_, 370.74, 125.12, 0.00228306
ANTENNA__07260__A2, 370.74, 125.12, 0.00228306
ANTENNA__07113__A2, 370.74, 125.12, 0.00228306
ANTENNA__10864__S, 370.74, 125.12, 0.00228306
FILLER_0_41_789, 370.74, 125.12, 0.00228306
_07208_, 383.54, 125.12, 0.00229269
_10518_, 383.54, 125.12, 0.00229269
_10521_, 383.54, 125.12, 0.00229269
ANTENNA__07208__A2, 383.54, 125.12, 0.00229269
ANTENNA__07208__B1, 383.54, 125.12, 0.00229269
ANTENNA__07065__B, 383.54, 125.12, 0.00229269
ANTENNA__07065__C, 383.54, 125.12, 0.00229269
ANTENNA__10513__A1, 383.54, 125.12, 0.00229269
ANTENNA__10515__A1, 383.54, 125.12, 0.00229269
ANTENNA__10521__A1, 383.54, 125.12, 0.00229269
ANTENNA__10521__S, 383.54, 125.12, 0.00229269
FILLER_0_42_809, 383.54, 125.12, 0.00229269
FILLER_0_42_821, 383.54, 125.12, 0.00229269
FILLER_0_42_832, 383.54, 125.12, 0.00229269
ANTENNA__07262__B, 396.34, 125.12, 0.00230006
ANTENNA__07263__B, 396.34, 125.12, 0.00230006
ANTENNA__07262__C, 396.34, 125.12, 0.00230006
ANTENNA__07115__C, 396.34, 125.12, 0.00230006
ANTENNA__07263__C, 396.34, 125.12, 0.00230006
ANTENNA__07164__C, 396.34, 125.12, 0.00230006
ANTENNA__07116__C, 396.34, 125.12, 0.00230006
ANTENNA__09395__S, 396.34, 125.12, 0.00230006
ANTENNA__10449__A1, 396.34, 125.12, 0.00230006
ANTENNA__10451__S, 396.34, 125.12, 0.00230006
ANTENNA__10449__S, 396.34, 125.12, 0.00230006
ANTENNA__10517__S, 396.34, 125.12, 0.00230006
FILLER_0_42_865, 409.14, 125.12, 0.00230742
FILLER_0_41_893, 421.94, 125.12, 0.00231479
FILLER_0_42_917, 421.94, 125.12, 0.00231479
FILLER_0_43_945, 434.74, 125.12, 0.00232215
FILLER_0_42_973, 447.54, 125.12, 0.00232952
FILLER_0_43_1001, 460.34, 125.12, 0.00233689
FILLER_0_42_1029, 473.14, 125.12, 0.00234425
PHY_78, 5.52, 119.68, 0.00238837
PHY_80, 5.52, 119.68, 0.00238837
PHY_79, 494.04, 119.68, 0.00236982
PHY_81, 494.04, 119.68, 0.00236982
FILLER_0_40_77, 37.94, 119.68, 0.00237902
FILLER_0_41_105, 50.74, 119.68, 0.00236968
FILLER_0_40_133, 63.54, 119.68, 0.00236033
FILLER_0_41_161, 76.34, 119.68, 0.00235099
FILLER_0_40_189, 89.14, 119.68, 0.00234164
FILLER_0_41_217, 101.94, 119.68, 0.0023323
ANTENNA__09014__A0, 114.74, 119.68, 0.00232295
ANTENNA__08738__A0, 114.74, 119.68, 0.00232295
ANTENNA__08738__S, 114.74, 119.68, 0.00232295
ANTENNA__09014__S, 114.74, 119.68, 0.00232295
ANTENNA_clkbuf_leaf_166_wclk_A, 114.74, 119.68, 0.00232295
FILLER_0_39_237, 114.74, 119.68, 0.00232295
_08734_, 127.54, 119.68, 0.0023136
_08738_, 127.54, 119.68, 0.0023136
_10073_, 127.54, 119.68, 0.0023136
_10074_, 127.54, 119.68, 0.0023136
FILLER_0_39_263, 127.54, 119.68, 0.0023136
FILLER_0_40_273, 127.54, 119.68, 0.0023136
_08736_, 140.34, 119.68, 0.00230016
_13195_, 140.34, 119.68, 0.00230016
_13802_, 140.34, 119.68, 0.00230016
ANTENNA__07137__B1, 140.34, 119.68, 0.00230016
ANTENNA__08736__A0, 140.34, 119.68, 0.00230016
ANTENNA__10073__S, 140.34, 119.68, 0.00230016
FILLER_0_41_297, 140.34, 119.68, 0.00230016
_07090_, 153.14, 119.68, 0.00227613
_08737_, 153.14, 119.68, 0.00227613
_10075_, 153.14, 119.68, 0.00227613
ANTENNA__07090__B1, 153.14, 119.68, 0.00227613
ANTENNA__10075__S, 153.14, 119.68, 0.00227613
FILLER_0_41_325, 153.14, 119.68, 0.00227613
FILLER_0_41_333, 153.14, 119.68, 0.00227613
_08731_, 165.94, 119.68, 0.00224999
_10070_, 165.94, 119.68, 0.00224999
_12018_, 165.94, 119.68, 0.00224999
_12072_, 165.94, 119.68, 0.00224999
_12630_, 165.94, 119.68, 0.00224999
ANTENNA__12630__S, 165.94, 119.68, 0.00224999
ANTENNA__12018__A0, 165.94, 119.68, 0.00224999
ANTENNA__07090__A2, 165.94, 119.68, 0.00224999
ANTENNA__12018__S, 165.94, 119.68, 0.00224999
ANTENNA__12072__S, 165.94, 119.68, 0.00224999
ANTENNA__09299__A, 165.94, 119.68, 0.00224999
FILLER_0_41_359, 165.94, 119.68, 0.00224999
_07235_, 191.54, 119.68, 0.00224959
_10081_, 191.54, 119.68, 0.00224959
_10082_, 191.54, 119.68, 0.00224959
_13198_, 191.54, 119.68, 0.00224959
ANTENNA__10081__A1, 191.54, 119.68, 0.00224959
ANTENNA__07235__A2, 191.54, 119.68, 0.00224959
ANTENNA__07235__B1, 191.54, 119.68, 0.00224959
ANTENNA__08742__A0, 191.54, 119.68, 0.00224959
ANTENNA__10081__S, 191.54, 119.68, 0.00224959
FILLER_0_40_417, 191.54, 119.68, 0.00224959
FILLER_0_41_407, 191.54, 119.68, 0.00224959
FILLER_0_41_415, 191.54, 119.68, 0.00224959
_11511_, 204.34, 119.68, 0.00227324
_12698_, 204.34, 119.68, 0.00227324
_12699_, 204.34, 119.68, 0.00227324
ANTENNA__12698__S, 204.34, 119.68, 0.00227324
ANTENNA__07178__D, 204.34, 119.68, 0.00227324
ANTENNA__09150__A0, 204.34, 119.68, 0.00227324
ANTENNA__09152__A0, 204.34, 119.68, 0.00227324
ANTENNA__08742__S, 204.34, 119.68, 0.00227324
ANTENNA__09150__S, 204.34, 119.68, 0.00227324
FILLER_0_40_421, 204.34, 119.68, 0.00227324
FILLER_0_40_442, 204.34, 119.68, 0.00227324
FILLER_0_41_441, 204.34, 119.68, 0.00227324
_07178_, 217.14, 119.68, 0.00229427
_12962_, 217.14, 119.68, 0.00229427
_12963_, 217.14, 119.68, 0.00229427
_15116_, 217.14, 119.68, 0.00229427
ANTENNA__10313__A0, 217.14, 119.68, 0.00229427
ANTENNA__06913__A2, 217.14, 119.68, 0.00229427
ANTENNA__07178__C, 217.14, 119.68, 0.00229427
FILLER_0_39_449, 217.14, 119.68, 0.00229427
FILLER_0_40_462, 217.14, 119.68, 0.00229427
_12955_, 229.94, 119.68, 0.00230268
ANTENNA__12964__S, 229.94, 119.68, 0.00230268
ANTENNA__12962__A1, 229.94, 119.68, 0.00230268
FILLER_0_39_485, 229.94, 119.68, 0.00230268
FILLER_0_40_489, 229.94, 119.68, 0.00230268
FILLER_0_41_500, 229.94, 119.68, 0.00230268
_11877_, 242.74, 119.68, 0.00231029
_15118_, 242.74, 119.68, 0.00231029
ANTENNA__12956__S, 242.74, 119.68, 0.00231029
ANTENNA__06967__A3, 242.74, 119.68, 0.00231029
ANTENNA__11876__S, 242.74, 119.68, 0.00231029
FILLER_0_40_509, 242.74, 119.68, 0.00231029
FILLER_0_40_521, 242.74, 119.68, 0.00231029
FILLER_0_41_526, 242.74, 119.68, 0.00231029
_10382_, 255.54, 119.68, 0.00231221
_11809_, 255.54, 119.68, 0.00231221
_11876_, 255.54, 119.68, 0.00231221
_14572_, 255.54, 119.68, 0.00231221
_15084_, 255.54, 119.68, 0.00231221
ANTENNA__07157__A2, 255.54, 119.68, 0.00231221
ANTENNA__11876__A1, 255.54, 119.68, 0.00231221
FILLER_0_41_553, 255.54, 119.68, 0.00231221
_07156_, 268.34, 119.68, 0.00230209
_09939_, 268.34, 119.68, 0.00230209
_09940_, 268.34, 119.68, 0.00230209
_11808_, 268.34, 119.68, 0.00230209
ANTENNA__09939__A1, 268.34, 119.68, 0.00230209
ANTENNA__07156__A2, 268.34, 119.68, 0.00230209
ANTENNA__07156__B1, 268.34, 119.68, 0.00230209
ANTENNA__11808__A1, 268.34, 119.68, 0.00230209
ANTENNA__11808__S, 268.34, 119.68, 0.00230209
FILLER_0_40_583, 268.34, 119.68, 0.00230209
_07295_, 281.14, 119.68, 0.00228885
_10654_, 281.14, 119.68, 0.00228885
_12290_, 281.14, 119.68, 0.00228885
ANTENNA__12290__S, 281.14, 119.68, 0.00228885
ANTENNA__09941__A1, 281.14, 119.68, 0.00228885
ANTENNA__12290__A0, 281.14, 119.68, 0.00228885
ANTENNA__11724__A1, 281.14, 119.68, 0.00228885
FILLER_0_40_593, 281.14, 119.68, 0.00228885
FILLER_0_41_600, 281.14, 119.68, 0.00228885
_10229_, 293.94, 119.68, 0.00227337
_10651_, 293.94, 119.68, 0.00227337
ANTENNA__07295__A2, 293.94, 119.68, 0.00227337
ANTENNA__07295__B1, 293.94, 119.68, 0.00227337
ANTENNA__07302__A2, 293.94, 119.68, 0.00227337
ANTENNA__07302__B1, 293.94, 119.68, 0.00227337
ANTENNA__10229__S, 293.94, 119.68, 0.00227337
ANTENNA__10653__A1, 293.94, 119.68, 0.00227337
ANTENNA__10229__A1, 293.94, 119.68, 0.00227337
ANTENNA__10653__S, 293.94, 119.68, 0.00227337
ANTENNA__10651__S, 293.94, 119.68, 0.00227337
_07306_, 306.74, 119.68, 0.00225559
_12426_, 306.74, 119.68, 0.00225559
ANTENNA__12426__S, 306.74, 119.68, 0.00225559
ANTENNA__12426__A1, 306.74, 119.68, 0.00225559
FILLER_0_41_663, 306.74, 119.68, 0.00225559
_11307_, 319.54, 119.68, 0.00223296
_11950_, 319.54, 119.68, 0.00223296
ANTENNA__06968__A2, 319.54, 119.68, 0.00223296
ANTENNA__06968__B1, 319.54, 119.68, 0.00223296
ANTENNA__11950__A1, 319.54, 119.68, 0.00223296
ANTENNA__11950__S, 319.54, 119.68, 0.00223296
FILLER_0_39_673, 319.54, 119.68, 0.00223296
FILLER_0_39_682, 319.54, 119.68, 0.00223296
FILLER_0_40_677, 319.54, 119.68, 0.00223296
_07300_, 345.14, 119.68, 0.00224236
_08882_, 345.14, 119.68, 0.00224236
_08883_, 345.14, 119.68, 0.00224236
_09466_, 345.14, 119.68, 0.00224236
ANTENNA_clkbuf_leaf_137_wclk_A, 345.14, 119.68, 0.00224236
FILLER_0_39_729, 345.14, 119.68, 0.00224236
FILLER_0_40_730, 345.14, 119.68, 0.00224236
_07299_, 357.94, 119.68, 0.0022744
_10720_, 357.94, 119.68, 0.0022744
_13963_, 357.94, 119.68, 0.0022744
ANTENNA__07113__B1, 357.94, 119.68, 0.0022744
ANTENNA__07300__A2, 357.94, 119.68, 0.0022744
ANTENNA__07300__B1, 357.94, 119.68, 0.0022744
FILLER_0_41_775, 357.94, 119.68, 0.0022744
_07113_, 370.74, 119.68, 0.00230091
_07260_, 370.74, 119.68, 0.00230091
_10447_, 370.74, 119.68, 0.00230091
_10722_, 370.74, 119.68, 0.00230091
_10725_, 370.74, 119.68, 0.00230091
_10726_, 370.74, 119.68, 0.00230091
ANTENNA__07260__B1, 370.74, 119.68, 0.00230091
ANTENNA__10725__A1, 370.74, 119.68, 0.00230091
ANTENNA__10725__S, 370.74, 119.68, 0.00230091
FILLER_0_41_798, 370.74, 119.68, 0.00230091
_07161_, 383.54, 119.68, 0.00232327
_10449_, 383.54, 119.68, 0.00232327
_10453_, 383.54, 119.68, 0.00232327
_10454_, 383.54, 119.68, 0.00232327
_10721_, 383.54, 119.68, 0.00232327
ANTENNA__07161__A2, 383.54, 119.68, 0.00232327
ANTENNA__07161__B1, 383.54, 119.68, 0.00232327
ANTENNA__10453__A1, 383.54, 119.68, 0.00232327
ANTENNA__10453__S, 383.54, 119.68, 0.00232327
_10451_, 396.34, 119.68, 0.0023414
clkbuf_leaf_123_wclk, 396.34, 119.68, 0.0023414
ANTENNA__10451__A1, 396.34, 119.68, 0.0023414
FILLER_0_40_857, 396.34, 119.68, 0.0023414
FILLER_0_40_865, 409.14, 119.68, 0.00234546
FILLER_0_41_885, 409.14, 119.68, 0.00234546
FILLER_0_39_893, 421.94, 119.68, 0.00234952
FILLER_0_40_917, 421.94, 119.68, 0.00234952
FILLER_0_41_945, 434.74, 119.68, 0.00235358
FILLER_0_40_973, 447.54, 119.68, 0.00235764
FILLER_0_41_1001, 460.34, 119.68, 0.0023617
FILLER_0_40_1029, 473.14, 119.68, 0.00236576
PHY_74, 5.52, 114.24, 0.00242292
PHY_76, 5.52, 114.24, 0.00242292
input20, 5.52, 114.24, 0.00242292
PHY_75, 494.04, 114.24, 0.00239276
PHY_77, 494.04, 114.24, 0.00239276
FILLER_0_38_77, 37.94, 114.24, 0.00242832
FILLER_0_39_105, 50.74, 114.24, 0.00243608
FILLER_0_38_133, 63.54, 114.24, 0.00244384
FILLER_0_39_161, 76.34, 114.24, 0.0024516
FILLER_0_38_189, 89.14, 114.24, 0.00245936
FILLER_0_38_221, 101.94, 114.24, 0.00246712
FILLER_0_39_217, 101.94, 114.24, 0.00246712
_08735_, 114.74, 114.24, 0.00247488
_08739_, 114.74, 114.24, 0.00247488
_13056_, 114.74, 114.24, 0.00247488
_13196_, 114.74, 114.24, 0.00247488
ANTENNA__13056__RESET_B, 114.74, 114.24, 0.00247488
_07180_, 127.54, 114.24, 0.00246719
_10077_, 127.54, 114.24, 0.00246719
_10078_, 127.54, 114.24, 0.00246719
_13194_, 127.54, 114.24, 0.00246719
_13804_, 127.54, 114.24, 0.00246719
ANTENNA__07180__A2, 127.54, 114.24, 0.00246719
ANTENNA__07180__B1, 127.54, 114.24, 0.00246719
ANTENNA__08734__S, 127.54, 114.24, 0.00246719
FILLER_0_38_269, 127.54, 114.24, 0.00246719
_07040_, 140.34, 114.24, 0.00244725
_07138_, 140.34, 114.24, 0.00244725
_13803_, 140.34, 114.24, 0.00244725
ANTENNA__12148__A0, 140.34, 114.24, 0.00244725
ANTENNA__10077__A1, 140.34, 114.24, 0.00244725
ANTENNA__07040__A2, 140.34, 114.24, 0.00244725
ANTENNA__07138__B1, 140.34, 114.24, 0.00244725
ANTENNA__10077__S, 140.34, 114.24, 0.00244725
FILLER_0_37_293, 140.34, 114.24, 0.00244725
FILLER_0_38_300, 140.34, 114.24, 0.00244725
_07179_, 153.14, 114.24, 0.00242216
_10076_, 153.14, 114.24, 0.00242216
_12019_, 153.14, 114.24, 0.00242216
_12488_, 153.14, 114.24, 0.00242216
_12489_, 153.14, 114.24, 0.00242216
_14671_, 153.14, 114.24, 0.00242216
ANTENNA__10075__A1, 153.14, 114.24, 0.00242216
ANTENNA__07040__B1, 153.14, 114.24, 0.00242216
ANTENNA__07179__B, 153.14, 114.24, 0.00242216
FILLER_0_38_317, 153.14, 114.24, 0.00242216
FILLER_0_39_326, 153.14, 114.24, 0.00242216
_13192_, 165.94, 114.24, 0.00238282
_13800_, 165.94, 114.24, 0.00238282
_14959_, 165.94, 114.24, 0.00238282
_08742_, 191.54, 114.24, 0.0023882
_11510_, 191.54, 114.24, 0.0023882
ANTENNA__09864__S, 191.54, 114.24, 0.0023882
ANTENNA__11510__A1, 191.54, 114.24, 0.0023882
FILLER_0_38_406, 191.54, 114.24, 0.0023882
_07328_, 204.34, 114.24, 0.00244493
_09084_, 204.34, 114.24, 0.00244493
_13356_, 204.34, 114.24, 0.00244493
_14991_, 204.34, 114.24, 0.00244493
ANTENNA__07328__A2, 204.34, 114.24, 0.00244493
ANTENNA__12698__A1, 204.34, 114.24, 0.00244493
FILLER_0_39_443, 204.34, 114.24, 0.00244493
_07331_, 217.14, 114.24, 0.00249094
_08946_, 217.14, 114.24, 0.00249094
_12964_, 217.14, 114.24, 0.00249094
_12965_, 217.14, 114.24, 0.00249094
ANTENNA__07328__B1, 217.14, 114.24, 0.00249094
FILLER_0_38_451, 217.14, 114.24, 0.00249094
FILLER_0_38_463, 217.14, 114.24, 0.00249094
_07141_, 229.94, 114.24, 0.00253029
_15111_, 229.94, 114.24, 0.00253029
clkbuf_leaf_153_wclk, 229.94, 114.24, 0.00253029
ANTENNA__12964__A1, 229.94, 114.24, 0.00253029
ANTENNA_clkbuf_leaf_153_wclk_A, 229.94, 114.24, 0.00253029
_12897_, 242.74, 114.24, 0.00254404
_12956_, 242.74, 114.24, 0.00254404
_12968_, 242.74, 114.24, 0.00254404
_12969_, 242.74, 114.24, 0.00254404
_14604_, 242.74, 114.24, 0.00254404
_15112_, 242.74, 114.24, 0.00254404
_06985_, 255.54, 114.24, 0.00254407
_12896_, 255.54, 114.24, 0.00254407
ANTENNA__12896__S, 255.54, 114.24, 0.00254407
ANTENNA__06963__B1, 255.54, 114.24, 0.00254407
ANTENNA__12956__A1, 255.54, 114.24, 0.00254407
ANTENNA__12896__A1, 255.54, 114.24, 0.00254407
FILLER_0_37_540, 255.54, 114.24, 0.00254407
_10928_, 268.34, 114.24, 0.00254049
_11725_, 268.34, 114.24, 0.00254049
_12291_, 268.34, 114.24, 0.00254049
_14188_, 268.34, 114.24, 0.00254049
ANTENNA__10928__A1, 268.34, 114.24, 0.00254049
ANTENNA__10928__S, 268.34, 114.24, 0.00254049
FILLER_0_38_578, 268.34, 114.24, 0.00254049
FILLER_0_39_584, 268.34, 114.24, 0.00254049
_10152_, 281.14, 114.24, 0.00252892
_11724_, 281.14, 114.24, 0.00252892
_13839_, 281.14, 114.24, 0.00252892
_14543_, 281.14, 114.24, 0.00252892
clkbuf_leaf_134_wclk, 281.14, 114.24, 0.00252892
FILLER_0_38_589, 281.14, 114.24, 0.00252892
_07302_, 293.94, 114.24, 0.00248937
_09536_, 293.94, 114.24, 0.00248937
_12427_, 293.94, 114.24, 0.00248937
_13551_, 293.94, 114.24, 0.00248937
_13871_, 293.94, 114.24, 0.00248937
_07303_, 306.74, 114.24, 0.00243867
_11012_, 306.74, 114.24, 0.00243867
_11013_, 306.74, 114.24, 0.00243867
_14863_, 306.74, 114.24, 0.00243867
ANTENNA__11012__S, 306.74, 114.24, 0.00243867
FILLER_0_39_662, 306.74, 114.24, 0.00243867
_11306_, 319.54, 114.24, 0.00238113
_11951_, 319.54, 114.24, 0.00238113
_14351_, 319.54, 114.24, 0.00238113
_14639_, 319.54, 114.24, 0.00238113
ANTENNA__07305__A2, 319.54, 114.24, 0.00238113
ANTENNA__07304__B1, 319.54, 114.24, 0.00238113
ANTENNA__11012__A1, 319.54, 114.24, 0.00238113
FILLER_0_37_677, 319.54, 114.24, 0.00238113
_09467_, 345.14, 114.24, 0.00236043
_10592_, 345.14, 114.24, 0.00236043
_10795_, 345.14, 114.24, 0.00236043
_13263_, 345.14, 114.24, 0.00236043
_13519_, 345.14, 114.24, 0.00236043
_14031_, 345.14, 114.24, 0.00236043
FILLER_0_39_741, 345.14, 114.24, 0.00236043
_10719_, 357.94, 114.24, 0.00239407
_10796_, 357.94, 114.24, 0.00239407
_14091_, 357.94, 114.24, 0.00239407
_14127_, 357.94, 114.24, 0.00239407
ANTENNA__07299__A2, 357.94, 114.24, 0.00239407
ANTENNA__07299__B1, 357.94, 114.24, 0.00239407
FILLER_0_37_765, 357.94, 114.24, 0.00239407
_10724_, 370.74, 114.24, 0.00241624
_14092_, 370.74, 114.24, 0.00241624
_14094_, 370.74, 114.24, 0.00241624
ANTENNA__10447__A1, 370.74, 114.24, 0.00241624
ANTENNA__10447__S, 370.74, 114.24, 0.00241624
_10450_, 383.54, 114.24, 0.00242814
_10723_, 383.54, 114.24, 0.00242814
_13964_, 383.54, 114.24, 0.00242814
_13966_, 383.54, 114.24, 0.00242814
ANTENNA__10723__S, 383.54, 114.24, 0.00242814
ANTENNA__10721__S, 383.54, 114.24, 0.00242814
FILLER_0_37_821, 383.54, 114.24, 0.00242814
FILLER_0_38_822, 383.54, 114.24, 0.00242814
_13965_, 396.34, 114.24, 0.00242816
ANTENNA_clkbuf_leaf_123_wclk_A, 396.34, 114.24, 0.00242816
FILLER_0_38_860, 396.34, 114.24, 0.00242816
FILLER_0_39_885, 409.14, 114.24, 0.0024231
FILLER_0_37_893, 421.94, 114.24, 0.00241805
FILLER_0_38_917, 421.94, 114.24, 0.00241805
FILLER_0_39_945, 434.74, 114.24, 0.00241299
FILLER_0_38_973, 447.54, 114.24, 0.00240793
FILLER_0_39_1001, 460.34, 114.24, 0.00240288
FILLER_0_38_1029, 473.14, 114.24, 0.00239782
PHY_70, 5.52, 108.8, 0.00242971
PHY_72, 5.52, 108.8, 0.00242971
PHY_71, 494.04, 108.8, 0.00240245
PHY_73, 494.04, 108.8, 0.00240245
FILLER_0_36_77, 37.94, 108.8, 0.00242876
FILLER_0_37_105, 50.74, 108.8, 0.00242781
FILLER_0_36_133, 63.54, 108.8, 0.00242686
FILLER_0_37_161, 76.34, 108.8, 0.0024259
FILLER_0_36_189, 89.14, 108.8, 0.00242495
FILLER_0_37_217, 101.94, 108.8, 0.002424
_07181_, 114.74, 108.8, 0.00242305
ANTENNA__08574__A, 114.74, 108.8, 0.00242305
ANTENNA__07181__A1, 114.74, 108.8, 0.00242305
ANTENNA__13056__CLK, 114.74, 108.8, 0.00242305
FILLER_0_35_237, 114.74, 108.8, 0.00242305
FILLER_0_36_245, 114.74, 108.8, 0.00242305
_08574_, 127.54, 108.8, 0.00241885
_08575_, 127.54, 108.8, 0.00241885
_12148_, 127.54, 108.8, 0.00241885
ANTENNA__07181__A2, 127.54, 108.8, 0.00241885
ANTENNA__08575__S, 127.54, 108.8, 0.00241885
ANTENNA__08734__A0, 127.54, 108.8, 0.00241885
ANTENNA__08575__A0, 127.54, 108.8, 0.00241885
FILLER_0_35_257, 127.54, 108.8, 0.00241885
FILLER_0_35_264, 127.54, 108.8, 0.00241885
FILLER_0_36_272, 127.54, 108.8, 0.00241885
FILLER_0_37_270, 127.54, 108.8, 0.00241885
FILLER_0_37_275, 127.54, 108.8, 0.00241885
_07135_, 140.34, 108.8, 0.00241137
_09873_, 140.34, 108.8, 0.00241137
_14828_, 140.34, 108.8, 0.00241137
ANTENNA__07135__A2, 140.34, 108.8, 0.00241137
ANTENNA__07135__B1, 140.34, 108.8, 0.00241137
ANTENNA__07138__A2, 140.34, 108.8, 0.00241137
ANTENNA__12148__S, 140.34, 108.8, 0.00241137
FILLER_0_36_291, 140.34, 108.8, 0.00241137
FILLER_0_37_298, 140.34, 108.8, 0.00241137
_07136_, 153.14, 108.8, 0.00239834
_07143_, 153.14, 108.8, 0.00239834
_09872_, 153.14, 108.8, 0.00239834
_13708_, 153.14, 108.8, 0.00239834
ANTENNA__12488__S, 153.14, 108.8, 0.00239834
ANTENNA__12488__A1, 153.14, 108.8, 0.00239834
_07330_, 165.94, 108.8, 0.00237862
_12631_, 165.94, 108.8, 0.00237862
ANTENNA__07330__A2, 165.94, 108.8, 0.00237862
ANTENNA__09872__A0, 165.94, 108.8, 0.00237862
ANTENNA__09872__S, 165.94, 108.8, 0.00237862
FILLER_0_36_359, 165.94, 108.8, 0.00237862
_06948_, 191.54, 108.8, 0.00240241
_09075_, 191.54, 108.8, 0.00240241
_09076_, 191.54, 108.8, 0.00240241
_13352_, 191.54, 108.8, 0.00240241
_14447_, 191.54, 108.8, 0.00240241
ANTENNA__06942__B1, 191.54, 108.8, 0.00240241
ANTENNA__11510__S, 191.54, 108.8, 0.00240241
FILLER_0_35_397, 191.54, 108.8, 0.00240241
FILLER_0_36_393, 191.54, 108.8, 0.00240241
FILLER_0_37_411, 191.54, 108.8, 0.00240241
_07142_, 204.34, 108.8, 0.00243491
_09083_, 204.34, 108.8, 0.00243491
_11437_, 204.34, 108.8, 0.00243491
_14412_, 204.34, 108.8, 0.00243491
ANTENNA__06948__A2, 204.34, 108.8, 0.00243491
ANTENNA__07142__B1, 204.34, 108.8, 0.00243491
ANTENNA__06948__B1, 204.34, 108.8, 0.00243491
ANTENNA__09083__A0, 204.34, 108.8, 0.00243491
ANTENNA__09083__S, 204.34, 108.8, 0.00243491
FILLER_0_35_422, 204.34, 108.8, 0.00243491
_08938_, 217.14, 108.8, 0.00245976
_13288_, 217.14, 108.8, 0.00245976
_13292_, 217.14, 108.8, 0.00245976
ANTENNA__07142__A2, 217.14, 108.8, 0.00245976
FILLER_0_35_449, 217.14, 108.8, 0.00245976
FILLER_0_35_456, 217.14, 108.8, 0.00245976
FILLER_0_36_454, 217.14, 108.8, 0.00245976
_06947_, 229.94, 108.8, 0.00247502
_08945_, 229.94, 108.8, 0.00247502
_12954_, 229.94, 108.8, 0.00247502
_12957_, 229.94, 108.8, 0.00247502
ANTENNA__12954__S, 229.94, 108.8, 0.00247502
ANTENNA__07141__A2, 229.94, 108.8, 0.00247502
ANTENNA__07141__B1, 229.94, 108.8, 0.00247502
ANTENNA__08945__S, 229.94, 108.8, 0.00247502
FILLER_0_36_486, 229.94, 108.8, 0.00247502
FILLER_0_36_499, 229.94, 108.8, 0.00247502
_12888_, 242.74, 108.8, 0.00248721
_15080_, 242.74, 108.8, 0.00248721
ANTENNA__12968__S, 242.74, 108.8, 0.00248721
ANTENNA__12954__A1, 242.74, 108.8, 0.00248721
ANTENNA__12968__A1, 242.74, 108.8, 0.00248721
FILLER_0_35_505, 242.74, 108.8, 0.00248721
FILLER_0_35_513, 242.74, 108.8, 0.00248721
FILLER_0_36_529, 242.74, 108.8, 0.00248721
FILLER_0_37_527, 242.74, 108.8, 0.00248721
_06962_, 255.54, 108.8, 0.00249367
_06963_, 255.54, 108.8, 0.00249367
_06986_, 255.54, 108.8, 0.00249367
_10929_, 255.54, 108.8, 0.00249367
_11801_, 255.54, 108.8, 0.00249367
_14568_, 255.54, 108.8, 0.00249367
ANTENNA__12888__S, 255.54, 108.8, 0.00249367
ANTENNA__06963__A2, 255.54, 108.8, 0.00249367
ANTENNA__06985__D, 255.54, 108.8, 0.00249367
ANTENNA__12888__A1, 255.54, 108.8, 0.00249367
FILLER_0_36_541, 255.54, 108.8, 0.00249367
_10228_, 268.34, 108.8, 0.00248572
_10921_, 268.34, 108.8, 0.00248572
_13928_, 268.34, 108.8, 0.00248572
_14184_, 268.34, 108.8, 0.00248572
ANTENNA__06962__B1, 268.34, 108.8, 0.00248572
ANTENNA__10228__A, 268.34, 108.8, 0.00248572
_07191_, 281.14, 108.8, 0.00246554
_10151_, 281.14, 108.8, 0.00246554
_10230_, 281.14, 108.8, 0.00246554
_14799_, 281.14, 108.8, 0.00246554
ANTENNA__06607__A1, 281.14, 108.8, 0.00246554
ANTENNA__10151__A1, 281.14, 108.8, 0.00246554
ANTENNA__07191__C, 281.14, 108.8, 0.00246554
ANTENNA__10151__S, 281.14, 108.8, 0.00246554
ANTENNA__10920__A1, 281.14, 108.8, 0.00246554
FILLER_0_35_594, 281.14, 108.8, 0.00246554
_09535_, 293.94, 108.8, 0.00243842
ANTENNA__10147__A1, 293.94, 108.8, 0.00243842
ANTENNA__07192__A2, 293.94, 108.8, 0.00243842
ANTENNA__07192__B1, 293.94, 108.8, 0.00243842
ANTENNA__07303__B1, 293.94, 108.8, 0.00243842
ANTENNA__09535__A0, 293.94, 108.8, 0.00243842
ANTENNA__10147__S, 293.94, 108.8, 0.00243842
ANTENNA__10223__S, 293.94, 108.8, 0.00243842
ANTENNA_clkbuf_leaf_134_wclk_A, 293.94, 108.8, 0.00243842
FILLER_0_36_628, 293.94, 108.8, 0.00243842
FILLER_0_36_635, 293.94, 108.8, 0.00243842
_07199_, 306.74, 108.8, 0.00241027
_11239_, 306.74, 108.8, 0.00241027
_14223_, 306.74, 108.8, 0.00241027
_14319_, 306.74, 108.8, 0.00241027
ANTENNA__07303__A2, 306.74, 108.8, 0.00241027
ANTENNA__09535__S, 306.74, 108.8, 0.00241027
FILLER_0_35_642, 306.74, 108.8, 0.00241027
_07304_, 319.54, 108.8, 0.00237167
_07305_, 319.54, 108.8, 0.00237167
_13615_, 319.54, 108.8, 0.00237167
ANTENNA__07305__B1, 319.54, 108.8, 0.00237167
ANTENNA_clkbuf_4_8_0_wclk_A, 319.54, 108.8, 0.00237167
_08577_, 345.14, 108.8, 0.00234221
_10591_, 345.14, 108.8, 0.00234221
ANTENNA__07298__A3, 345.14, 108.8, 0.00234221
ANTENNA__07298__B1, 345.14, 108.8, 0.00234221
ANTENNA__07298__A2, 345.14, 108.8, 0.00234221
ANTENNA__09466__A0, 345.14, 108.8, 0.00234221
ANTENNA__10795__A1, 345.14, 108.8, 0.00234221
ANTENNA__10795__S, 345.14, 108.8, 0.00234221
FILLER_0_35_725, 345.14, 108.8, 0.00234221
_07197_, 357.94, 108.8, 0.00235514
_10448_, 357.94, 108.8, 0.00235514
ANTENNA__07193__A3, 357.94, 108.8, 0.00235514
ANTENNA__10011__A0, 357.94, 108.8, 0.00235514
ANTENNA__10011__S, 357.94, 108.8, 0.00235514
ANTENNA__10719__A1, 357.94, 108.8, 0.00235514
ANTENNA__10591__S, 357.94, 108.8, 0.00235514
ANTENNA__10719__S, 357.94, 108.8, 0.00235514
ANTENNA__11166__A1, 357.94, 108.8, 0.00235514
ANTENNA__11166__S, 357.94, 108.8, 0.00235514
FILLER_0_36_757, 357.94, 108.8, 0.00235514
FILLER_0_36_763, 357.94, 108.8, 0.00235514
FILLER_0_37_779, 357.94, 108.8, 0.00235514
_08878_, 370.74, 108.8, 0.00236614
_14093_, 370.74, 108.8, 0.00236614
ANTENNA__08878__A0, 370.74, 108.8, 0.00236614
ANTENNA__08878__S, 370.74, 108.8, 0.00236614
ANTENNA__10791__A1, 370.74, 108.8, 0.00236614
ANTENNA__10791__S, 370.74, 108.8, 0.00236614
FILLER_0_35_785, 370.74, 108.8, 0.00236614
FILLER_0_36_788, 370.74, 108.8, 0.00236614
FILLER_0_36_801, 370.74, 108.8, 0.00236614
_10452_, 383.54, 108.8, 0.00237174
_10588_, 383.54, 108.8, 0.00237174
ANTENNA__07196__B1, 383.54, 108.8, 0.00237174
ANTENNA__09462__A0, 383.54, 108.8, 0.00237174
ANTENNA__09462__S, 383.54, 108.8, 0.00237174
ANTENNA__10721__A1, 383.54, 108.8, 0.00237174
ANTENNA__10723__A1, 383.54, 108.8, 0.00237174
FILLER_0_37_834, 383.54, 108.8, 0.00237174
ANTENNA__10587__S, 396.34, 108.8, 0.00237558
FILLER_0_36_861, 396.34, 108.8, 0.00237558
FILLER_0_36_917, 421.94, 108.8, 0.00238326
FILLER_0_37_945, 434.74, 108.8, 0.0023871
FILLER_0_36_973, 447.54, 108.8, 0.00239094
FILLER_0_37_1001, 460.34, 108.8, 0.00239478
FILLER_0_36_1029, 473.14, 108.8, 0.00239862
PHY_66, 5.52, 103.36, 0.00245184
PHY_68, 5.52, 103.36, 0.00245184
PHY_67, 494.04, 103.36, 0.00243159
PHY_69, 494.04, 103.36, 0.00243159
FILLER_0_34_77, 37.94, 103.36, 0.00245718
FILLER_0_35_105, 50.74, 103.36, 0.00246253
FILLER_0_34_133, 63.54, 103.36, 0.00246787
FILLER_0_35_161, 76.34, 103.36, 0.00247322
FILLER_0_34_189, 89.14, 103.36, 0.00247856
FILLER_0_35_217, 101.94, 103.36, 0.00248391
_08576_, 114.74, 103.36, 0.00248925
_13132_, 114.74, 103.36, 0.00248925
FILLER_0_34_248, 114.74, 103.36, 0.00248925
_12149_, 127.54, 103.36, 0.00248917
_14732_, 127.54, 103.36, 0.00248917
FILLER_0_34_265, 127.54, 103.36, 0.00248917
FILLER_0_35_272, 127.54, 103.36, 0.00248917
_06603_, 140.34, 103.36, 0.00248345
_12352_, 140.34, 103.36, 0.00248345
_12353_, 140.34, 103.36, 0.00248345
_14892_, 140.34, 103.36, 0.00248345
ANTENNA__12138__A0, 140.34, 103.36, 0.00248345
ANTENNA__12352__A1, 140.34, 103.36, 0.00248345
FILLER_0_33_287, 140.34, 103.36, 0.00248345
FILLER_0_33_292, 140.34, 103.36, 0.00248345
FILLER_0_34_305, 140.34, 103.36, 0.00248345
FILLER_0_35_299, 140.34, 103.36, 0.00248345
_09862_, 153.14, 103.36, 0.00247001
_09863_, 153.14, 103.36, 0.00247001
_13703_, 153.14, 103.36, 0.00247001
ANTENNA__07136__A2, 153.14, 103.36, 0.00247001
ANTENNA__07136__B1, 153.14, 103.36, 0.00247001
ANTENNA__09862__S, 153.14, 103.36, 0.00247001
FILLER_0_33_307, 153.14, 103.36, 0.00247001
FILLER_0_34_309, 153.14, 103.36, 0.00247001
FILLER_0_34_317, 153.14, 103.36, 0.00247001
_06941_, 165.94, 103.36, 0.00245001
_12140_, 165.94, 103.36, 0.00245001
_12141_, 165.94, 103.36, 0.00245001
_12345_, 165.94, 103.36, 0.00245001
_12481_, 165.94, 103.36, 0.00245001
_14824_, 165.94, 103.36, 0.00245001
ANTENNA__12140__A0, 165.94, 103.36, 0.00245001
ANTENNA__06941__A2, 165.94, 103.36, 0.00245001
ANTENNA__09862__A0, 165.94, 103.36, 0.00245001
ANTENNA__12140__S, 165.94, 103.36, 0.00245001
FILLER_0_34_340, 165.94, 103.36, 0.00245001
_11429_, 191.54, 103.36, 0.0024821
_14408_, 191.54, 103.36, 0.0024821
clkbuf_leaf_151_wclk, 191.54, 103.36, 0.0024821
ANTENNA__09075__A0, 191.54, 103.36, 0.0024821
ANTENNA__09075__S, 191.54, 103.36, 0.0024821
ANTENNA_clkbuf_leaf_151_wclk_A, 191.54, 103.36, 0.0024821
FILLER_0_35_417, 191.54, 103.36, 0.0024821
_09074_, 204.34, 103.36, 0.00251856
_11436_, 204.34, 103.36, 0.00251856
_13351_, 204.34, 103.36, 0.00251856
ANTENNA__11428__A1, 204.34, 103.36, 0.00251856
ANTENNA__11436__S, 204.34, 103.36, 0.00251856
FILLER_0_34_429, 204.34, 103.36, 0.00251856
_08937_, 217.14, 103.36, 0.00254843
ANTENNA__06872__A2, 217.14, 103.36, 0.00254843
ANTENNA__06872__B1, 217.14, 103.36, 0.00254843
ANTENNA__08945__A0, 217.14, 103.36, 0.00254843
ANTENNA__11436__A1, 217.14, 103.36, 0.00254843
FILLER_0_33_457, 217.14, 103.36, 0.00254843
FILLER_0_34_463, 217.14, 103.36, 0.00254843
FILLER_0_34_471, 217.14, 103.36, 0.00254843
_08935_, 229.94, 103.36, 0.00257736
_08936_, 229.94, 103.36, 0.00257736
_08944_, 229.94, 103.36, 0.00257736
ANTENNA__06947__A2, 229.94, 103.36, 0.00257736
ANTENNA__06947__B1, 229.94, 103.36, 0.00257736
ANTENNA__08937__A0, 229.94, 103.36, 0.00257736
ANTENNA__08941__A0, 229.94, 103.36, 0.00257736
ANTENNA__08943__S, 229.94, 103.36, 0.00257736
ANTENNA__08941__S, 229.94, 103.36, 0.00257736
ANTENNA__08937__S, 229.94, 103.36, 0.00257736
ANTENNA__08935__S, 229.94, 103.36, 0.00257736
FILLER_0_33_480, 229.94, 103.36, 0.00257736
FILLER_0_34_481, 229.94, 103.36, 0.00257736
FILLER_0_35_496, 229.94, 103.36, 0.00257736
_11869_, 242.74, 103.36, 0.00260392
_12889_, 242.74, 103.36, 0.00260392
_14600_, 242.74, 103.36, 0.00260392
ANTENNA__06871__A2, 242.74, 103.36, 0.00260392
ANTENNA__08935__A0, 242.74, 103.36, 0.00260392
FILLER_0_33_505, 242.74, 103.36, 0.00260392
FILLER_0_33_515, 242.74, 103.36, 0.00260392
FILLER_0_34_519, 242.74, 103.36, 0.00260392
FILLER_0_34_527, 242.74, 103.36, 0.00260392
_10374_, 255.54, 103.36, 0.00262427
_11800_, 255.54, 103.36, 0.00262427
_11868_, 255.54, 103.36, 0.00262427
ANTENNA__11868__A1, 255.54, 103.36, 0.00262427
ANTENNA__11800__A1, 255.54, 103.36, 0.00262427
ANTENNA__11868__S, 255.54, 103.36, 0.00262427
_10373_, 268.34, 103.36, 0.00264188
_10920_, 268.34, 103.36, 0.00264188
clkbuf_leaf_133_wclk, 268.34, 103.36, 0.00264188
ANTENNA__06962__A2, 268.34, 103.36, 0.00264188
ANTENNA__10373__A1, 268.34, 103.36, 0.00264188
ANTENNA__10373__S, 268.34, 103.36, 0.00264188
ANTENNA__10924__S, 268.34, 103.36, 0.00264188
ANTENNA__10920__S, 268.34, 103.36, 0.00264188
FILLER_0_33_561, 268.34, 103.36, 0.00264188
FILLER_0_33_567, 268.34, 103.36, 0.00264188
FILLER_0_34_585, 268.34, 103.36, 0.00264188
_06607_, 281.14, 103.36, 0.00263827
_10147_, 281.14, 103.36, 0.00263827
_13025_, 281.14, 103.36, 0.00263827
_13837_, 281.14, 103.36, 0.00263827
ANTENNA__07191__B, 281.14, 103.36, 0.00263827
_07192_, 293.94, 103.36, 0.00262271
_09531_, 293.94, 103.36, 0.00262271
_09532_, 293.94, 103.36, 0.00262271
_10223_, 293.94, 103.36, 0.00262271
_10224_, 293.94, 103.36, 0.00262271
_13869_, 293.94, 103.36, 0.00262271
ANTENNA__09531__A0, 293.94, 103.36, 0.00262271
ANTENNA__10223__A1, 293.94, 103.36, 0.00262271
_07202_, 306.74, 103.36, 0.00259826
_11238_, 306.74, 103.36, 0.00259826
_13549_, 306.74, 103.36, 0.00259826
clkbuf_4_8_0_wclk, 306.74, 103.36, 0.00259826
ANTENNA__07199__B1, 306.74, 103.36, 0.00259826
ANTENNA__09531__S, 306.74, 103.36, 0.00259826
ANTENNA_7, 306.74, 103.36, 0.00259826
_07201_, 319.54, 103.36, 0.00252009
_09673_, 319.54, 103.36, 0.00252009
ANTENNA__07199__A2, 319.54, 103.36, 0.00252009
ANTENNA__07201__A2, 319.54, 103.36, 0.00252009
ANTENNA__07201__B1, 319.54, 103.36, 0.00252009
ANTENNA__09672__A0, 319.54, 103.36, 0.00252009
ANTENNA__11238__A1, 319.54, 103.36, 0.00252009
ANTENNA__11170__S, 319.54, 103.36, 0.00252009
ANTENNA__11238__S, 319.54, 103.36, 0.00252009
ANTENNA__11306__S, 319.54, 103.36, 0.00252009
ANTENNA__08559__A, 319.54, 103.36, 0.00252009
FILLER_0_34_684, 319.54, 103.36, 0.00252009
_11166_, 345.14, 103.36, 0.00248321
_12830_, 345.14, 103.36, 0.00248321
_15053_, 345.14, 103.36, 0.00248321
ANTENNA__12830__S, 345.14, 103.36, 0.00248321
ANTENNA__10591__A1, 345.14, 103.36, 0.00248321
ANTENNA__12830__A1, 345.14, 103.36, 0.00248321
ANTENNA__08577__A, 345.14, 103.36, 0.00248321
ANTENNA__11011__A, 345.14, 103.36, 0.00248321
FILLER_0_33_725, 345.14, 103.36, 0.00248321
_07193_, 357.94, 103.36, 0.00252063
_08879_, 357.94, 103.36, 0.00252063
_10011_, 357.94, 103.36, 0.00252063
_10012_, 357.94, 103.36, 0.00252063
_11167_, 357.94, 103.36, 0.00252063
_11947_, 357.94, 103.36, 0.00252063
_13773_, 357.94, 103.36, 0.00252063
ANTENNA__07193__A2, 357.94, 103.36, 0.00252063
ANTENNA__07193__B1, 357.94, 103.36, 0.00252063
FILLER_0_34_753, 357.94, 103.36, 0.00252063
FILLER_0_35_778, 357.94, 103.36, 0.00252063
_10791_, 370.74, 103.36, 0.00255074
_13260_, 370.74, 103.36, 0.00255074
_13261_, 370.74, 103.36, 0.00255074
clkbuf_leaf_125_wclk, 370.74, 103.36, 0.00255074
FILLER_0_33_785, 370.74, 103.36, 0.00255074
_07196_, 383.54, 103.36, 0.00254835
_08876_, 383.54, 103.36, 0.00254835
_09462_, 383.54, 103.36, 0.00254835
_09463_, 383.54, 103.36, 0.00254835
_10792_, 383.54, 103.36, 0.00254835
_13517_, 383.54, 103.36, 0.00254835
_14029_, 383.54, 103.36, 0.00254835
_10587_, 396.34, 103.36, 0.00253471
ANTENNA__10587__A1, 396.34, 103.36, 0.00253471
FILLER_0_33_837, 396.34, 103.36, 0.00253471
FILLER_0_34_861, 396.34, 103.36, 0.00253471
FILLER_0_35_889, 409.14, 103.36, 0.00251998
FILLER_0_34_917, 421.94, 103.36, 0.00250525
FILLER_0_35_945, 434.74, 103.36, 0.00249052
FILLER_0_34_973, 447.54, 103.36, 0.00247578
FILLER_0_35_1001, 460.34, 103.36, 0.00246105
FILLER_0_34_1029, 473.14, 103.36, 0.00244632
PHY_62, 5.52, 97.92, 0.00247271
PHY_64, 5.52, 97.92, 0.00247271
PHY_63, 494.04, 97.92, 0.00243755
PHY_65, 494.04, 97.92, 0.00243755
FILLER_0_32_77, 37.94, 97.92, 0.00248306
FILLER_0_33_105, 50.74, 97.92, 0.00249342
FILLER_0_32_133, 63.54, 97.92, 0.00250377
FILLER_0_33_161, 76.34, 97.92, 0.00251413
FILLER_0_32_189, 89.14, 97.92, 0.00252448
FILLER_0_33_217, 101.94, 97.92, 0.00253484
FILLER_0_31_237, 114.74, 97.92, 0.00254519
FILLER_0_32_245, 114.74, 97.92, 0.00254519
_08566_, 127.54, 97.92, 0.00255554
_14727_, 127.54, 97.92, 0.00255554
ANTENNA__08566__S, 127.54, 97.92, 0.00255554
ANTENNA__06603__A, 127.54, 97.92, 0.00255554
FILLER_0_32_253, 127.54, 97.92, 0.00255554
FILLER_0_33_273, 127.54, 97.92, 0.00255554
_06853_, 140.34, 97.92, 0.00256005
_12138_, 140.34, 97.92, 0.00256005
_12342_, 140.34, 97.92, 0.00256005
_12343_, 140.34, 97.92, 0.00256005
_14823_, 140.34, 97.92, 0.00256005
ANTENNA__12352__S, 140.34, 97.92, 0.00256005
ANTENNA__12342__S, 140.34, 97.92, 0.00256005
FILLER_0_32_281, 140.34, 97.92, 0.00256005
_14887_, 153.14, 97.92, 0.00255712
clkbuf_leaf_163_wclk, 153.14, 97.92, 0.00255712
ANTENNA__06853__A2, 153.14, 97.92, 0.00255712
ANTENNA__06853__B1, 153.14, 97.92, 0.00255712
FILLER_0_33_332, 153.14, 97.92, 0.00255712
_06873_, 165.94, 97.92, 0.00253016
_12014_, 165.94, 97.92, 0.00253016
_12344_, 165.94, 97.92, 0.00253016
_14669_, 165.94, 97.92, 0.00253016
_14728_, 165.94, 97.92, 0.00253016
ANTENNA__06854__B1, 165.94, 97.92, 0.00253016
ANTENNA_clkbuf_leaf_163_wclk_A, 165.94, 97.92, 0.00253016
_09077_, 191.54, 97.92, 0.00255411
_09088_, 191.54, 97.92, 0.00255411
_11428_, 191.54, 97.92, 0.00255411
_13358_, 191.54, 97.92, 0.00255411
ANTENNA__09077__A0, 191.54, 97.92, 0.00255411
ANTENNA__09087__A0, 191.54, 97.92, 0.00255411
ANTENNA__09087__S, 191.54, 97.92, 0.00255411
ANTENNA__09077__S, 191.54, 97.92, 0.00255411
ANTENNA__11428__S, 191.54, 97.92, 0.00255411
_06872_, 204.34, 97.92, 0.00261017
_09073_, 204.34, 97.92, 0.00261017
_09080_, 204.34, 97.92, 0.00261017
_13354_, 204.34, 97.92, 0.00261017
clkbuf_leaf_152_wclk, 204.34, 97.92, 0.00261017
ANTENNA__09073__S, 204.34, 97.92, 0.00261017
ANTENNA_clkbuf_4_2_0_wclk_A, 204.34, 97.92, 0.00261017
ANTENNA_clkbuf_leaf_152_wclk_A, 204.34, 97.92, 0.00261017
FILLER_0_31_419, 204.34, 97.92, 0.00261017
_08940_, 217.14, 97.92, 0.00263871
_08941_, 217.14, 97.92, 0.00263871
_08942_, 217.14, 97.92, 0.00263871
_13289_, 217.14, 97.92, 0.00263871
_13290_, 217.14, 97.92, 0.00263871
ANTENNA__09079__A0, 217.14, 97.92, 0.00263871
ANTENNA__09081__A0, 217.14, 97.92, 0.00263871
FILLER_0_32_454, 217.14, 97.92, 0.00263871
_08939_, 229.94, 97.92, 0.00265587
_08943_, 229.94, 97.92, 0.00265587
_08950_, 229.94, 97.92, 0.00265587
_13287_, 229.94, 97.92, 0.00265587
_13291_, 229.94, 97.92, 0.00265587
_13294_, 229.94, 97.92, 0.00265587
ANTENNA__08943__A0, 229.94, 97.92, 0.00265587
_06871_, 242.74, 97.92, 0.00265687
_07093_, 242.74, 97.92, 0.00265687
_10919_, 242.74, 97.92, 0.00265687
_14183_, 242.74, 97.92, 0.00265687
ANTENNA__06871__B1, 242.74, 97.92, 0.00265687
FILLER_0_31_512, 242.74, 97.92, 0.00265687
FILLER_0_32_513, 242.74, 97.92, 0.00265687
_08582_, 255.54, 97.92, 0.00265196
_10918_, 255.54, 97.92, 0.00265196
_10933_, 255.54, 97.92, 0.00265196
ANTENNA__10918__A1, 255.54, 97.92, 0.00265196
ANTENNA__10926__A1, 255.54, 97.92, 0.00265196
ANTENNA__10918__S, 255.54, 97.92, 0.00265196
ANTENNA__11800__S, 255.54, 97.92, 0.00265196
FILLER_0_32_554, 255.54, 97.92, 0.00265196
FILLER_0_33_552, 255.54, 97.92, 0.00265196
_06608_, 268.34, 97.92, 0.00264444
_10923_, 268.34, 97.92, 0.00264444
_10924_, 268.34, 97.92, 0.00264444
_10925_, 268.34, 97.92, 0.00264444
_14186_, 268.34, 97.92, 0.00264444
ANTENNA__10924__A1, 268.34, 97.92, 0.00264444
FILLER_0_32_580, 268.34, 97.92, 0.00264444
_10148_, 281.14, 97.92, 0.00262775
_12286_, 281.14, 97.92, 0.00262775
_12287_, 281.14, 97.92, 0.00262775
_14541_, 281.14, 97.92, 0.00262775
_14797_, 281.14, 97.92, 0.00262775
ANTENNA__06607__S, 281.14, 97.92, 0.00262775
ANTENNA_clkbuf_leaf_133_wclk_A, 281.14, 97.92, 0.00262775
FILLER_0_31_587, 281.14, 97.92, 0.00262775
_07198_, 293.94, 97.92, 0.0025994
_11718_, 293.94, 97.92, 0.0025994
_14861_, 293.94, 97.92, 0.0025994
ANTENNA__12286__S, 293.94, 97.92, 0.0025994
ANTENNA__11718__S, 293.94, 97.92, 0.0025994
FILLER_0_31_621, 293.94, 97.92, 0.0025994
FILLER_0_32_625, 293.94, 97.92, 0.0025994
_11007_, 306.74, 97.92, 0.00256534
_11235_, 306.74, 97.92, 0.00256534
_12422_, 306.74, 97.92, 0.00256534
clkbuf_leaf_135_wclk, 306.74, 97.92, 0.00256534
ANTENNA__12422__S, 306.74, 97.92, 0.00256534
ANTENNA__12422__A1, 306.74, 97.92, 0.00256534
FILLER_0_31_645, 306.74, 97.92, 0.00256534
FILLER_0_31_653, 306.74, 97.92, 0.00256534
FILLER_0_33_658, 306.74, 97.92, 0.00256534
_09668_, 319.54, 97.92, 0.00250765
_09669_, 319.54, 97.92, 0.00250765
_11234_, 319.54, 97.92, 0.00250765
_14317_, 319.54, 97.92, 0.00250765
ANTENNA__09668__A0, 319.54, 97.92, 0.00250765
ANTENNA_clkbuf_leaf_135_wclk_A, 319.54, 97.92, 0.00250765
FILLER_0_32_695, 319.54, 97.92, 0.00250765
_07194_, 345.14, 97.92, 0.00245438
_12831_, 345.14, 97.92, 0.00245438
_14285_, 345.14, 97.92, 0.00245438
ANTENNA__07200__A2, 345.14, 97.92, 0.00245438
ANTENNA__11170__A1, 345.14, 97.92, 0.00245438
ANTENNA__10222__A, 345.14, 97.92, 0.00245438
ANTENNA__12832__A1, 345.14, 97.92, 0.00245438
FILLER_0_32_729, 345.14, 97.92, 0.00245438
_11946_, 357.94, 97.92, 0.00246295
_14637_, 357.94, 97.92, 0.00246295
ANTENNA__07244__A3, 357.94, 97.92, 0.00246295
ANTENNA__07194__A3, 357.94, 97.92, 0.00246295
ANTENNA__11946__S, 357.94, 97.92, 0.00246295
ANTENNA__10210__A, 357.94, 97.92, 0.00246295
FILLER_0_31_757, 357.94, 97.92, 0.00246295
_07195_, 370.74, 97.92, 0.00246567
_08877_, 370.74, 97.92, 0.00246567
_14125_, 370.74, 97.92, 0.00246567
ANTENNA__07195__B1, 370.74, 97.92, 0.00246567
ANTENNA__11946__A1, 370.74, 97.92, 0.00246567
FILLER_0_31_785, 370.74, 97.92, 0.00246567
FILLER_0_32_783, 370.74, 97.92, 0.00246567
_09464_, 383.54, 97.92, 0.00246296
ANTENNA__07247__A2, 383.54, 97.92, 0.00246296
ANTENNA__07196__A2, 383.54, 97.92, 0.00246296
ANTENNA__07247__B1, 383.54, 97.92, 0.00246296
ANTENNA__08876__A0, 383.54, 97.92, 0.00246296
ANTENNA__08876__S, 383.54, 97.92, 0.00246296
ANTENNA__09464__A0, 383.54, 97.92, 0.00246296
ANTENNA__09464__S, 383.54, 97.92, 0.00246296
ANTENNA_clkbuf_leaf_125_wclk_A, 383.54, 97.92, 0.00246296
FILLER_0_32_821, 383.54, 97.92, 0.00246296
FILLER_0_31_837, 396.34, 97.92, 0.00245979
FILLER_0_33_889, 409.14, 97.92, 0.00245661
FILLER_0_32_917, 421.94, 97.92, 0.00245343
FILLER_0_33_945, 434.74, 97.92, 0.00245026
FILLER_0_32_973, 447.54, 97.92, 0.00244708
FILLER_0_33_1001, 460.34, 97.92, 0.0024439
FILLER_0_32_1029, 473.14, 97.92, 0.00244073
PHY_58, 5.52, 92.48, 0.00249488
PHY_60, 5.52, 92.48, 0.00249488
PHY_59, 494.04, 92.48, 0.00245739
PHY_61, 494.04, 92.48, 0.00245739
FILLER_0_30_77, 37.94, 92.48, 0.00251254
FILLER_0_31_105, 50.74, 92.48, 0.0025302
FILLER_0_30_133, 63.54, 92.48, 0.00254787
FILLER_0_31_161, 76.34, 92.48, 0.00256553
FILLER_0_30_189, 89.14, 92.48, 0.00258319
FILLER_0_31_217, 101.94, 92.48, 0.00260085
_08567_, 114.74, 92.48, 0.00261851
_13129_, 114.74, 92.48, 0.00261851
ANTENNA__07036__A2, 114.74, 92.48, 0.00261851
_12139_, 127.54, 92.48, 0.00263067
_12143_, 127.54, 92.48, 0.00263067
_12145_, 127.54, 92.48, 0.00263067
_14730_, 127.54, 92.48, 0.00263067
clkbuf_leaf_164_wclk, 127.54, 92.48, 0.00263067
ANTENNA__12144__A0, 127.54, 92.48, 0.00263067
ANTENNA__07035__B1, 127.54, 92.48, 0.00263067
ANTENNA__08566__A0, 127.54, 92.48, 0.00263067
ANTENNA_clkbuf_leaf_164_wclk_A, 127.54, 92.48, 0.00263067
FILLER_0_29_257, 127.54, 92.48, 0.00263067
FILLER_0_30_253, 127.54, 92.48, 0.00263067
FILLER_0_31_267, 127.54, 92.48, 0.00263067
FILLER_0_31_277, 127.54, 92.48, 0.00263067
_12144_, 140.34, 92.48, 0.00261371
_12146_, 140.34, 92.48, 0.00261371
_12147_, 140.34, 92.48, 0.00261371
_14731_, 140.34, 92.48, 0.00261371
ANTENNA__12342__A1, 140.34, 92.48, 0.00261371
ANTENNA__12138__S, 140.34, 92.48, 0.00261371
FILLER_0_30_289, 140.34, 92.48, 0.00261371
_06854_, 153.14, 92.48, 0.00258912
_07038_, 153.14, 92.48, 0.00258912
_12478_, 153.14, 92.48, 0.00258912
_12479_, 153.14, 92.48, 0.00258912
ANTENNA__12146__A0, 153.14, 92.48, 0.00258912
ANTENNA__07038__A2, 153.14, 92.48, 0.00258912
ANTENNA__06854__A2, 153.14, 92.48, 0.00258912
ANTENNA__07087__B1, 153.14, 92.48, 0.00258912
ANTENNA__12478__A1, 153.14, 92.48, 0.00258912
ANTENNA__12146__S, 153.14, 92.48, 0.00258912
FILLER_0_29_314, 153.14, 92.48, 0.00258912
FILLER_0_30_329, 153.14, 92.48, 0.00258912
_06990_, 165.94, 92.48, 0.00256265
_12483_, 165.94, 92.48, 0.00256265
ANTENNA__12014__A0, 165.94, 92.48, 0.00256265
ANTENNA__07038__B1, 165.94, 92.48, 0.00256265
ANTENNA__09866__A0, 165.94, 92.48, 0.00256265
ANTENNA__09868__S, 165.94, 92.48, 0.00256265
FILLER_0_30_359, 165.94, 92.48, 0.00256265
_09078_, 191.54, 92.48, 0.00260582
_09087_, 191.54, 92.48, 0.00260582
_09876_, 191.54, 92.48, 0.00260582
_11441_, 191.54, 92.48, 0.00260582
_13353_, 191.54, 92.48, 0.00260582
_14414_, 191.54, 92.48, 0.00260582
_06996_, 204.34, 92.48, 0.00266314
_07239_, 204.34, 92.48, 0.00266314
_09079_, 204.34, 92.48, 0.00266314
_09082_, 204.34, 92.48, 0.00266314
clkbuf_4_2_0_wclk, 204.34, 92.48, 0.00266314
ANTENNA__09073__A0, 204.34, 92.48, 0.00266314
_06995_, 217.14, 92.48, 0.00267271
_09081_, 217.14, 92.48, 0.00267271
_13355_, 217.14, 92.48, 0.00267271
ANTENNA__06995__B1, 217.14, 92.48, 0.00267271
ANTENNA__09081__S, 217.14, 92.48, 0.00267271
ANTENNA__09079__S, 217.14, 92.48, 0.00267271
_07043_, 229.94, 92.48, 0.00267618
_07238_, 229.94, 92.48, 0.00267618
_08949_, 229.94, 92.48, 0.00267618
ANTENNA__07043__A2, 229.94, 92.48, 0.00267618
ANTENNA__07043__B1, 229.94, 92.48, 0.00267618
ANTENNA__08949__S, 229.94, 92.48, 0.00267618
ANTENNA__08939__S, 229.94, 92.48, 0.00267618
_07280_, 242.74, 92.48, 0.00267858
_10927_, 242.74, 92.48, 0.00267858
_14187_, 242.74, 92.48, 0.00267858
ANTENNA__07282__A2, 242.74, 92.48, 0.00267858
ANTENNA__07093__A2, 242.74, 92.48, 0.00267858
ANTENNA__07238__B1, 242.74, 92.48, 0.00267858
ANTENNA__07093__B1, 242.74, 92.48, 0.00267858
ANTENNA__07280__C, 242.74, 92.48, 0.00267858
ANTENNA__11870__S, 242.74, 92.48, 0.00267858
FILLER_0_29_505, 242.74, 92.48, 0.00267858
FILLER_0_30_505, 242.74, 92.48, 0.00267858
FILLER_0_30_516, 242.74, 92.48, 0.00267858
FILLER_0_31_517, 242.74, 92.48, 0.00267858
_07282_, 255.54, 92.48, 0.0026723
_08581_, 255.54, 92.48, 0.0026723
_10926_, 255.54, 92.48, 0.0026723
_10932_, 255.54, 92.48, 0.0026723
_13134_, 255.54, 92.48, 0.0026723
_14190_, 255.54, 92.48, 0.0026723
_10922_, 268.34, 92.48, 0.00265232
_14185_, 268.34, 92.48, 0.00265232
ANTENNA__10932__A1, 268.34, 92.48, 0.00265232
ANTENNA__10932__S, 268.34, 92.48, 0.00265232
ANTENNA__10922__S, 268.34, 92.48, 0.00265232
FILLER_0_30_582, 268.34, 92.48, 0.00265232
_07241_, 281.14, 92.48, 0.00262539
_11719_, 281.14, 92.48, 0.00262539
_12288_, 281.14, 92.48, 0.00262539
ANTENNA__12288__S, 281.14, 92.48, 0.00262539
ANTENNA__12286__A0, 281.14, 92.48, 0.00262539
ANTENNA__12288__A0, 281.14, 92.48, 0.00262539
ANTENNA__07241__C, 281.14, 92.48, 0.00262539
ANTENNA__10922__A1, 281.14, 92.48, 0.00262539
FILLER_0_31_613, 281.14, 92.48, 0.00262539
_12423_, 293.94, 92.48, 0.00259684
ANTENNA__07198__A2, 293.94, 92.48, 0.00259684
ANTENNA__07198__B1, 293.94, 92.48, 0.00259684
ANTENNA__09533__A0, 293.94, 92.48, 0.00259684
ANTENNA__09533__S, 293.94, 92.48, 0.00259684
ANTENNA__11718__A1, 293.94, 92.48, 0.00259684
FILLER_0_29_617, 293.94, 92.48, 0.00259684
FILLER_0_29_626, 293.94, 92.48, 0.00259684
FILLER_0_30_624, 293.94, 92.48, 0.00259684
FILLER_0_30_637, 293.94, 92.48, 0.00259684
FILLER_0_31_638, 293.94, 92.48, 0.00259684
_11006_, 306.74, 92.48, 0.00256748
_11009_, 306.74, 92.48, 0.00256748
_14221_, 306.74, 92.48, 0.00256748
ANTENNA__07250__A2, 306.74, 92.48, 0.00256748
ANTENNA__11006__S, 306.74, 92.48, 0.00256748
ANTENNA__11009__A1, 306.74, 92.48, 0.00256748
FILLER_0_29_643, 306.74, 92.48, 0.00256748
_08562_, 319.54, 92.48, 0.00253103
_08869_, 319.54, 92.48, 0.00253103
_11303_, 319.54, 92.48, 0.00253103
_13256_, 319.54, 92.48, 0.00253103
_13613_, 319.54, 92.48, 0.00253103
ANTENNA__10781__A1, 319.54, 92.48, 0.00253103
ANTENNA__11234__A1, 319.54, 92.48, 0.00253103
ANTENNA__11006__A1, 319.54, 92.48, 0.00253103
ANTENNA__11234__S, 319.54, 92.48, 0.00253103
ANTENNA__08562__A, 319.54, 92.48, 0.00253103
_07245_, 345.14, 92.48, 0.00250764
_08870_, 345.14, 92.48, 0.00250764
_08871_, 345.14, 92.48, 0.00250764
_10210_, 345.14, 92.48, 0.00250764
_13257_, 345.14, 92.48, 0.00250764
ANTENNA__07245__A2, 345.14, 92.48, 0.00250764
ANTENNA__07194__A2, 345.14, 92.48, 0.00250764
ANTENNA__07245__A3, 345.14, 92.48, 0.00250764
ANTENNA__07245__B1, 345.14, 92.48, 0.00250764
ANTENNA__07194__B1, 345.14, 92.48, 0.00250764
ANTENNA__11302__A1, 345.14, 92.48, 0.00250764
FILLER_0_30_734, 345.14, 92.48, 0.00250764
_07244_, 357.94, 92.48, 0.00252559
_10014_, 357.94, 92.48, 0.00252559
_11949_, 357.94, 92.48, 0.00252559
_13774_, 357.94, 92.48, 0.00252559
_14638_, 357.94, 92.48, 0.00252559
ANTENNA__07244__B1, 357.94, 92.48, 0.00252559
ANTENNA__07244__A2, 357.94, 92.48, 0.00252559
ANTENNA__08870__A0, 357.94, 92.48, 0.00252559
ANTENNA__08870__S, 357.94, 92.48, 0.00252559
FILLER_0_29_756, 357.94, 92.48, 0.00252559
FILLER_0_30_761, 357.94, 92.48, 0.00252559
_08880_, 370.74, 92.48, 0.00253269
_08881_, 370.74, 92.48, 0.00253269
_10013_, 370.74, 92.48, 0.00253269
_13262_, 370.74, 92.48, 0.00253269
ANTENNA__07195__A2, 370.74, 92.48, 0.00253269
ANTENNA__08880__A0, 370.74, 92.48, 0.00253269
ANTENNA__10013__A0, 370.74, 92.48, 0.00253269
ANTENNA__10013__S, 370.74, 92.48, 0.00253269
_07246_, 383.54, 92.48, 0.00253406
_07247_, 383.54, 92.48, 0.00253406
_09465_, 383.54, 92.48, 0.00253406
_10589_, 383.54, 92.48, 0.00253406
_10590_, 383.54, 92.48, 0.00253406
_13518_, 383.54, 92.48, 0.00253406
_14030_, 383.54, 92.48, 0.00253406
ANTENNA__08880__S, 383.54, 92.48, 0.00253406
ANTENNA__10589__A1, 396.34, 92.48, 0.00252448
ANTENNA__10589__S, 396.34, 92.48, 0.00252448
FILLER_0_29_837, 396.34, 92.48, 0.00252448
FILLER_0_30_863, 396.34, 92.48, 0.00252448
FILLER_0_31_889, 409.14, 92.48, 0.00251489
FILLER_0_30_917, 421.94, 92.48, 0.00250531
FILLER_0_31_945, 434.74, 92.48, 0.00249573
FILLER_0_30_973, 447.54, 92.48, 0.00248614
FILLER_0_31_1001, 460.34, 92.48, 0.00247656
FILLER_0_30_1029, 473.14, 92.48, 0.00246697
PHY_54, 5.52, 87.04, 0.00250865
PHY_56, 5.52, 87.04, 0.00250865
PHY_55, 494.04, 87.04, 0.00246886
PHY_57, 494.04, 87.04, 0.00246886
FILLER_0_28_77, 37.94, 87.04, 0.00252395
FILLER_0_29_105, 50.74, 87.04, 0.00253925
FILLER_0_28_133, 63.54, 87.04, 0.00255455
FILLER_0_29_161, 76.34, 87.04, 0.00256985
FILLER_0_28_189, 89.14, 87.04, 0.00258515
FILLER_0_29_217, 101.94, 87.04, 0.00260045
_07035_, 114.74, 87.04, 0.00261575
_07036_, 114.74, 87.04, 0.00261575
_08561_, 114.74, 87.04, 0.00261575
_13053_, 114.74, 87.04, 0.00261575
_13127_, 114.74, 87.04, 0.00261575
ANTENNA__07035__A2, 114.74, 87.04, 0.00261575
ANTENNA__07036__A1, 114.74, 87.04, 0.00261575
_08560_, 127.54, 87.04, 0.00261444
_08571_, 127.54, 87.04, 0.00261444
_08572_, 127.54, 87.04, 0.00261444
_14729_, 127.54, 87.04, 0.00261444
ANTENNA__08572__S, 127.54, 87.04, 0.00261444
_07087_, 140.34, 87.04, 0.00260485
_12142_, 140.34, 87.04, 0.00260485
ANTENNA__07087__A2, 140.34, 87.04, 0.00260485
ANTENNA__06989__A2, 140.34, 87.04, 0.00260485
ANTENNA__06989__B1, 140.34, 87.04, 0.00260485
ANTENNA__12144__S, 140.34, 87.04, 0.00260485
FILLER_0_27_281, 140.34, 87.04, 0.00260485
_07088_, 153.14, 87.04, 0.00259396
_09868_, 153.14, 87.04, 0.00259396
_09869_, 153.14, 87.04, 0.00259396
_09870_, 153.14, 87.04, 0.00259396
_13706_, 153.14, 87.04, 0.00259396
ANTENNA__12478__S, 153.14, 87.04, 0.00259396
ANTENNA__07088__A2, 153.14, 87.04, 0.00259396
ANTENNA__09868__A0, 153.14, 87.04, 0.00259396
_06997_, 165.94, 87.04, 0.00257511
_07045_, 165.94, 87.04, 0.00257511
_09866_, 165.94, 87.04, 0.00257511
_09867_, 165.94, 87.04, 0.00257511
_13705_, 165.94, 87.04, 0.00257511
ANTENNA__06990__A2, 165.94, 87.04, 0.00257511
ANTENNA__06990__B1, 165.94, 87.04, 0.00257511
FILLER_0_28_361, 165.94, 87.04, 0.00257511
FILLER_0_29_360, 165.94, 87.04, 0.00257511
_11440_, 191.54, 87.04, 0.0025846
ANTENNA__07233__B1, 191.54, 87.04, 0.0025846
ANTENNA__07239__A2, 191.54, 87.04, 0.0025846
ANTENNA__09876__A0, 191.54, 87.04, 0.0025846
ANTENNA__09876__S, 191.54, 87.04, 0.0025846
ANTENNA__11440__A1, 191.54, 87.04, 0.0025846
FILLER_0_27_393, 191.54, 87.04, 0.0025846
FILLER_0_28_396, 191.54, 87.04, 0.0025846
_07044_, 204.34, 87.04, 0.00262013
_07240_, 204.34, 87.04, 0.00262013
ANTENNA__07044__A2, 204.34, 87.04, 0.00262013
ANTENNA__06996__A2, 204.34, 87.04, 0.00262013
ANTENNA__07094__B1, 204.34, 87.04, 0.00262013
ANTENNA__07044__B1, 204.34, 87.04, 0.00262013
ANTENNA__06996__B1, 204.34, 87.04, 0.00262013
FILLER_0_29_437, 204.34, 87.04, 0.00262013
_07033_, 217.14, 87.04, 0.00265294
_07094_, 217.14, 87.04, 0.00265294
ANTENNA__07094__A2, 217.14, 87.04, 0.00265294
ANTENNA__06995__A2, 217.14, 87.04, 0.00265294
ANTENNA__07033__C, 217.14, 87.04, 0.00265294
ANTENNA__07329__A2, 217.14, 87.04, 0.00265294
ANTENNA__11434__A1, 217.14, 87.04, 0.00265294
ANTENNA__11434__S, 217.14, 87.04, 0.00265294
FILLER_0_28_455, 217.14, 87.04, 0.00265294
FILLER_0_28_466, 217.14, 87.04, 0.00265294
FILLER_0_29_465, 217.14, 87.04, 0.00265294
_07329_, 229.94, 87.04, 0.0026797
_15021_, 229.94, 87.04, 0.0026797
ANTENNA__07329__B1, 229.94, 87.04, 0.0026797
ANTENNA__07238__A2, 229.94, 87.04, 0.0026797
ANTENNA__08939__A0, 229.94, 87.04, 0.0026797
ANTENNA__08949__A0, 229.94, 87.04, 0.0026797
FILLER_0_28_501, 229.94, 87.04, 0.0026797
FILLER_0_29_496, 229.94, 87.04, 0.0026797
_11870_, 242.74, 87.04, 0.00270126
_11871_, 242.74, 87.04, 0.00270126
_12891_, 242.74, 87.04, 0.00270126
_14601_, 242.74, 87.04, 0.00270126
clkbuf_leaf_154_wclk, 242.74, 87.04, 0.00270126
ANTENNA__11870__A1, 242.74, 87.04, 0.00270126
ANTENNA_clkbuf_leaf_154_wclk_A, 242.74, 87.04, 0.00270126
FILLER_0_29_528, 242.74, 87.04, 0.00270126
_07281_, 255.54, 87.04, 0.00269502
_07283_, 255.54, 87.04, 0.00269502
ANTENNA__08581__S, 255.54, 87.04, 0.00269502
ANTENNA__08581__A0, 255.54, 87.04, 0.00269502
ANTENNA__10926__S, 255.54, 87.04, 0.00269502
FILLER_0_28_549, 255.54, 87.04, 0.00269502
FILLER_0_29_557, 255.54, 87.04, 0.00269502
_10375_, 268.34, 87.04, 0.00268213
_11802_, 268.34, 87.04, 0.00268213
_12289_, 268.34, 87.04, 0.00268213
ANTENNA__10375__A1, 268.34, 87.04, 0.00268213
ANTENNA__10375__S, 268.34, 87.04, 0.00268213
ANTENNA__11802__A1, 268.34, 87.04, 0.00268213
ANTENNA__11802__S, 268.34, 87.04, 0.00268213
FILLER_0_28_574, 268.34, 87.04, 0.00268213
FILLER_0_28_581, 268.34, 87.04, 0.00268213
FILLER_0_29_581, 268.34, 87.04, 0.00268213
_07242_, 281.14, 87.04, 0.00266641
_14542_, 281.14, 87.04, 0.00266641
_14798_, 281.14, 87.04, 0.00266641
ANTENNA__07241__B, 281.14, 87.04, 0.00266641
FILLER_0_29_608, 281.14, 87.04, 0.00266641
_07250_, 293.94, 87.04, 0.00264136
_07253_, 293.94, 87.04, 0.00264136
_09533_, 293.94, 87.04, 0.00264136
_09534_, 293.94, 87.04, 0.00264136
_12425_, 293.94, 87.04, 0.00264136
_13550_, 293.94, 87.04, 0.00264136
ANTENNA__07242__A2, 293.94, 87.04, 0.00264136
ANTENNA__07242__B1, 293.94, 87.04, 0.00264136
ANTENNA__07250__B1, 293.94, 87.04, 0.00264136
_11010_, 306.74, 87.04, 0.0026066
_14222_, 306.74, 87.04, 0.0026066
_14318_, 306.74, 87.04, 0.0026066
ANTENNA__07252__A2, 306.74, 87.04, 0.0026066
ANTENNA__11009__S, 306.74, 87.04, 0.0026066
FILLER_0_29_664, 306.74, 87.04, 0.0026066
_07251_, 319.54, 87.04, 0.00256157
_08868_, 319.54, 87.04, 0.00256157
_14120_, 319.54, 87.04, 0.00256157
ANTENNA__07251__B1, 319.54, 87.04, 0.00256157
ANTENNA__07251__C1, 319.54, 87.04, 0.00256157
ANTENNA__08868__A0, 319.54, 87.04, 0.00256157
ANTENNA__08868__S, 319.54, 87.04, 0.00256157
FILLER_0_28_669, 319.54, 87.04, 0.00256157
_10784_, 345.14, 87.04, 0.00251979
_11717_, 345.14, 87.04, 0.00251979
_14121_, 345.14, 87.04, 0.00251979
ANTENNA__11168__S, 345.14, 87.04, 0.00251979
ANTENNA__10204__A, 345.14, 87.04, 0.00251979
ANTENNA__11717__A, 345.14, 87.04, 0.00251979
_07248_, 357.94, 87.04, 0.00252205
_10004_, 357.94, 87.04, 0.00252205
_11948_, 357.94, 87.04, 0.00252205
ANTENNA__07002__A2, 357.94, 87.04, 0.00252205
ANTENNA__07002__B1, 357.94, 87.04, 0.00252205
ANTENNA__10783__A1, 357.94, 87.04, 0.00252205
ANTENNA__11948__S, 357.94, 87.04, 0.00252205
FILLER_0_28_757, 357.94, 87.04, 0.00252205
_10794_, 370.74, 87.04, 0.00252168
_14126_, 370.74, 87.04, 0.00252168
ANTENNA__08872__A0, 370.74, 87.04, 0.00252168
FILLER_0_27_781, 370.74, 87.04, 0.00252168
FILLER_0_27_789, 370.74, 87.04, 0.00252168
ANTENNA__07246__A2, 383.54, 87.04, 0.00251581
ANTENNA__07246__B1, 383.54, 87.04, 0.00251581
FILLER_0_28_865, 409.14, 87.04, 0.00250407
FILLER_0_29_889, 409.14, 87.04, 0.00250407
FILLER_0_28_917, 421.94, 87.04, 0.0024982
FILLER_0_29_945, 434.74, 87.04, 0.00249233
FILLER_0_28_973, 447.54, 87.04, 0.00248647
FILLER_0_29_1001, 460.34, 87.04, 0.0024806
FILLER_0_28_1029, 473.14, 87.04, 0.00247473
PHY_50, 5.52, 81.6, 0.00252688
PHY_52, 5.52, 81.6, 0.00252688
input13, 5.52, 81.6, 0.00252688
PHY_51, 494.04, 81.6, 0.00248734
PHY_53, 494.04, 81.6, 0.00248734
FILLER_0_26_77, 37.94, 81.6, 0.00253913
FILLER_0_27_105, 50.74, 81.6, 0.00255388
FILLER_0_26_133, 63.54, 81.6, 0.00256864
FILLER_0_27_161, 76.34, 81.6, 0.00258339
FILLER_0_26_189, 89.14, 81.6, 0.00259814
ANTENNA__13053__RESET_B, 101.94, 81.6, 0.0026129
FILLER_0_26_221, 101.94, 81.6, 0.0026129
FILLER_0_27_217, 101.94, 81.6, 0.0026129
_07085_, 114.74, 81.6, 0.00262765
_08569_, 114.74, 81.6, 0.00262765
_13130_, 114.74, 81.6, 0.00262765
ANTENNA__07085__B1, 114.74, 81.6, 0.00262765
ANTENNA__08569__S, 114.74, 81.6, 0.00262765
FILLER_0_25_237, 114.74, 81.6, 0.00262765
_07133_, 127.54, 81.6, 0.00263581
_08573_, 127.54, 81.6, 0.00263581
_13131_, 127.54, 81.6, 0.00263581
ANTENNA__12142__A0, 127.54, 81.6, 0.00263581
ANTENNA__08560__S, 127.54, 81.6, 0.00263581
ANTENNA__08571__A, 127.54, 81.6, 0.00263581
FILLER_0_25_254, 127.54, 81.6, 0.00263581
FILLER_0_27_273, 127.54, 81.6, 0.00263581
_06989_, 140.34, 81.6, 0.00263773
_07037_, 140.34, 81.6, 0.00263773
_12346_, 140.34, 81.6, 0.00263773
_12347_, 140.34, 81.6, 0.00263773
_14825_, 140.34, 81.6, 0.00263773
ANTENNA__07133__B1, 140.34, 81.6, 0.00263773
ANTENNA__07037__A2, 140.34, 81.6, 0.00263773
FILLER_0_25_288, 140.34, 81.6, 0.00263773
FILLER_0_26_305, 140.34, 81.6, 0.00263773
_07095_, 153.14, 81.6, 0.00263307
_09871_, 153.14, 81.6, 0.00263307
_13707_, 153.14, 81.6, 0.00263307
_14889_, 153.14, 81.6, 0.00263307
ANTENNA__09870__S, 153.14, 81.6, 0.00263307
FILLER_0_25_318, 153.14, 81.6, 0.00263307
_07034_, 165.94, 81.6, 0.00261709
_12482_, 165.94, 81.6, 0.00261709
ANTENNA__09866__S, 165.94, 81.6, 0.00261709
FILLER_0_26_348, 165.94, 81.6, 0.00261709
FILLER_0_26_359, 165.94, 81.6, 0.00261709
FILLER_0_27_357, 165.94, 81.6, 0.00261709
_11430_, 191.54, 81.6, 0.00264723
_11431_, 191.54, 81.6, 0.00264723
_14407_, 191.54, 81.6, 0.00264723
_14409_, 191.54, 81.6, 0.00264723
ANTENNA__07239__B1, 191.54, 81.6, 0.00264723
ANTENNA__11440__S, 191.54, 81.6, 0.00264723
ANTENNA__11432__S, 191.54, 81.6, 0.00264723
ANTENNA__11430__S, 191.54, 81.6, 0.00264723
ANTENNA__11578__S, 191.54, 81.6, 0.00264723
ANTENNA__12492__A1, 191.54, 81.6, 0.00264723
FILLER_0_25_393, 191.54, 81.6, 0.00264723
FILLER_0_26_392, 191.54, 81.6, 0.00264723
FILLER_0_26_411, 191.54, 81.6, 0.00264723
FILLER_0_27_408, 191.54, 81.6, 0.00264723
_11426_, 204.34, 81.6, 0.00269035
_11427_, 204.34, 81.6, 0.00269035
_11432_, 204.34, 81.6, 0.00269035
_11433_, 204.34, 81.6, 0.00269035
_11434_, 204.34, 81.6, 0.00269035
_14410_, 204.34, 81.6, 0.00269035
_14411_, 204.34, 81.6, 0.00269035
ANTENNA__11426__A1, 204.34, 81.6, 0.00269035
_07225_, 217.14, 81.6, 0.00271899
_07227_, 217.14, 81.6, 0.00271899
_11103_, 217.14, 81.6, 0.00271899
_11435_, 217.14, 81.6, 0.00271899
_12763_, 217.14, 81.6, 0.00271899
_14255_, 217.14, 81.6, 0.00271899
ANTENNA__07225__A3, 217.14, 81.6, 0.00271899
ANTENNA__07225__B1, 217.14, 81.6, 0.00271899
ANTENNA__07225__A2, 217.14, 81.6, 0.00271899
FILLER_0_25_449, 217.14, 81.6, 0.00271899
FILLER_0_26_454, 217.14, 81.6, 0.00271899
FILLER_0_27_461, 217.14, 81.6, 0.00271899
_11098_, 229.94, 81.6, 0.0027351
_11102_, 229.94, 81.6, 0.0027351
_12762_, 229.94, 81.6, 0.0027351
_12767_, 229.94, 81.6, 0.0027351
_15023_, 229.94, 81.6, 0.0027351
FILLER_0_27_501, 229.94, 81.6, 0.0027351
_12890_, 242.74, 81.6, 0.00274218
_13058_, 242.74, 81.6, 0.00274218
_15081_, 242.74, 81.6, 0.00274218
ANTENNA__07329__A3, 242.74, 81.6, 0.00274218
ANTENNA__12766__A1, 242.74, 81.6, 0.00274218
FILLER_0_25_513, 242.74, 81.6, 0.00274218
_07010_, 255.54, 81.6, 0.00273785
_10386_, 255.54, 81.6, 0.00273785
_11803_, 255.54, 81.6, 0.00273785
_13934_, 255.54, 81.6, 0.00273785
ANTENNA__12890__S, 255.54, 81.6, 0.00273785
ANTENNA__07283__A2, 255.54, 81.6, 0.00273785
ANTENNA__07011__A2, 255.54, 81.6, 0.00273785
ANTENNA__07011__B1, 255.54, 81.6, 0.00273785
ANTENNA__07282__B1, 255.54, 81.6, 0.00273785
ANTENNA__12890__A1, 255.54, 81.6, 0.00273785
ANTENNA__13058__RESET_B, 255.54, 81.6, 0.00273785
FILLER_0_26_541, 255.54, 81.6, 0.00273785
FILLER_0_27_552, 255.54, 81.6, 0.00273785
_06611_, 268.34, 81.6, 0.00272696
_10376_, 268.34, 81.6, 0.00272696
_13026_, 268.34, 81.6, 0.00272696
_13929_, 268.34, 81.6, 0.00272696
_14569_, 268.34, 81.6, 0.00272696
ANTENNA__07010__B1, 268.34, 81.6, 0.00272696
_06610_, 281.14, 81.6, 0.00270021
_11721_, 281.14, 81.6, 0.00270021
_11722_, 281.14, 81.6, 0.00270021
ANTENNA__06610__S, 281.14, 81.6, 0.00270021
ANTENNA__06610__A1, 281.14, 81.6, 0.00270021
ANTENNA__11721__S, 281.14, 81.6, 0.00270021
FILLER_0_25_589, 281.14, 81.6, 0.00270021
FILLER_0_26_598, 281.14, 81.6, 0.00270021
_10226_, 293.94, 81.6, 0.00267101
_12424_, 293.94, 81.6, 0.00267101
_14862_, 293.94, 81.6, 0.00267101
ANTENNA__10226__S, 293.94, 81.6, 0.00267101
ANTENNA__11721__A1, 293.94, 81.6, 0.00267101
_07252_, 306.74, 81.6, 0.00263497
_11236_, 306.74, 81.6, 0.00263497
_11237_, 306.74, 81.6, 0.00263497
ANTENNA__12424__S, 306.74, 81.6, 0.00263497
ANTENNA__12414__S, 306.74, 81.6, 0.00263497
ANTENNA__07252__B1, 306.74, 81.6, 0.00263497
ANTENNA__11236__A1, 306.74, 81.6, 0.00263497
ANTENNA__12424__A1, 306.74, 81.6, 0.00263497
FILLER_0_25_644, 306.74, 81.6, 0.00263497
FILLER_0_25_654, 306.74, 81.6, 0.00263497
_10781_, 319.54, 81.6, 0.00259652
_10782_, 319.54, 81.6, 0.00259652
_11304_, 319.54, 81.6, 0.00259652
_11305_, 319.54, 81.6, 0.00259652
_14350_, 319.54, 81.6, 0.00259652
ANTENNA__11304__A1, 319.54, 81.6, 0.00259652
ANTENNA__11236__S, 319.54, 81.6, 0.00259652
FILLER_0_25_673, 319.54, 81.6, 0.00259652
FILLER_0_25_681, 319.54, 81.6, 0.00259652
_07002_, 345.14, 81.6, 0.00256393
_10783_, 345.14, 81.6, 0.00256393
_10999_, 345.14, 81.6, 0.00256393
_11939_, 345.14, 81.6, 0.00256393
_14633_, 345.14, 81.6, 0.00256393
ANTENNA__06890__B1, 345.14, 81.6, 0.00256393
ANTENNA__08866__A0, 345.14, 81.6, 0.00256393
ANTENNA__08866__S, 345.14, 81.6, 0.00256393
ANTENNA__09670__S, 345.14, 81.6, 0.00256393
ANTENNA__10783__S, 345.14, 81.6, 0.00256393
_07000_, 357.94, 81.6, 0.00257047
_08873_, 357.94, 81.6, 0.00257047
_10003_, 357.94, 81.6, 0.00257047
_13769_, 357.94, 81.6, 0.00257047
ANTENNA__08872__S, 357.94, 81.6, 0.00257047
ANTENNA__10003__S, 357.94, 81.6, 0.00257047
ANTENNA__11938__A1, 357.94, 81.6, 0.00257047
ANTENNA__11948__A1, 357.94, 81.6, 0.00257047
ANTENNA__10999__A, 357.94, 81.6, 0.00257047
FILLER_0_27_776, 357.94, 81.6, 0.00257047
_08872_, 370.74, 81.6, 0.0025712
_10793_, 370.74, 81.6, 0.0025712
_13258_, 370.74, 81.6, 0.0025712
ANTENNA__07000__A3, 370.74, 81.6, 0.0025712
ANTENNA__08874__A0, 370.74, 81.6, 0.0025712
ANTENNA__08874__S, 370.74, 81.6, 0.0025712
ANTENNA__10003__A0, 370.74, 81.6, 0.0025712
ANTENNA__10793__A1, 370.74, 81.6, 0.0025712
ANTENNA__10793__S, 370.74, 81.6, 0.0025712
FILLER_0_26_796, 370.74, 81.6, 0.0025712
_08874_, 383.54, 81.6, 0.00256636
_08875_, 383.54, 81.6, 0.00256636
_13259_, 383.54, 81.6, 0.00256636
FILLER_0_26_858, 396.34, 81.6, 0.00255648
FILLER_0_27_889, 409.14, 81.6, 0.00254661
FILLER_0_26_917, 421.94, 81.6, 0.00253673
FILLER_0_27_945, 434.74, 81.6, 0.00252685
FILLER_0_26_973, 447.54, 81.6, 0.00251697
FILLER_0_27_1001, 460.34, 81.6, 0.0025071
FILLER_0_26_1029, 473.14, 81.6, 0.00249722
PHY_46, 5.52, 76.16, 0.00253929
PHY_48, 5.52, 76.16, 0.00253929
PHY_47, 494.04, 76.16, 0.00250146
PHY_49, 494.04, 76.16, 0.00250146
FILLER_0_24_77, 37.94, 76.16, 0.00255672
FILLER_0_25_105, 50.74, 76.16, 0.00257415
FILLER_0_24_133, 63.54, 76.16, 0.00259158
FILLER_0_25_161, 76.34, 76.16, 0.00260901
FILLER_0_24_189, 89.14, 76.16, 0.00262645
FILLER_0_25_217, 101.94, 76.16, 0.00264388
_06939_, 114.74, 76.16, 0.00266131
_07086_, 114.74, 76.16, 0.00266131
_08570_, 114.74, 76.16, 0.00266131
_13051_, 114.74, 76.16, 0.00266131
ANTENNA__07085__A2, 114.74, 76.16, 0.00266131
ANTENNA__13051__RESET_B, 114.74, 76.16, 0.00266131
ANTENNA__07086__A1, 114.74, 76.16, 0.00266131
ANTENNA__13053__CLK, 114.74, 76.16, 0.00266131
FILLER_0_23_225, 114.74, 76.16, 0.00266131
FILLER_0_24_233, 114.74, 76.16, 0.00266131
FILLER_0_25_245, 114.74, 76.16, 0.00266131
_13055_, 127.54, 76.16, 0.00266644
ANTENNA__12348__S, 127.54, 76.16, 0.00266644
ANTENNA__07086__A2, 127.54, 76.16, 0.00266644
ANTENNA__07133__A2, 127.54, 76.16, 0.00266644
ANTENNA__06939__A2, 127.54, 76.16, 0.00266644
ANTENNA__06939__B1, 127.54, 76.16, 0.00266644
ANTENNA__08560__A0, 127.54, 76.16, 0.00266644
ANTENNA__08569__A0, 127.54, 76.16, 0.00266644
ANTENNA__08572__A0, 127.54, 76.16, 0.00266644
ANTENNA__13055__CLK, 127.54, 76.16, 0.00266644
FILLER_0_23_257, 127.54, 76.16, 0.00266644
FILLER_0_24_269, 127.54, 76.16, 0.00266644
FILLER_0_25_268, 127.54, 76.16, 0.00266644
FILLER_0_25_277, 127.54, 76.16, 0.00266644
_12348_, 140.34, 76.16, 0.00266622
_12349_, 140.34, 76.16, 0.00266622
_12351_, 140.34, 76.16, 0.00266622
_12485_, 140.34, 76.16, 0.00266622
_14827_, 140.34, 76.16, 0.00266622
_14890_, 140.34, 76.16, 0.00266622
ANTENNA__07037__B1, 140.34, 76.16, 0.00266622
ANTENNA__12346__A1, 140.34, 76.16, 0.00266622
ANTENNA__12348__A1, 140.34, 76.16, 0.00266622
ANTENNA__12142__S, 140.34, 76.16, 0.00266622
FILLER_0_24_299, 140.34, 76.16, 0.00266622
_12484_, 153.14, 76.16, 0.00265287
ANTENNA__12346__S, 153.14, 76.16, 0.00265287
ANTENNA__12484__S, 153.14, 76.16, 0.00265287
ANTENNA__07088__B1, 153.14, 76.16, 0.00265287
ANTENNA__09870__A0, 153.14, 76.16, 0.00265287
ANTENNA__12484__A1, 153.14, 76.16, 0.00265287
FILLER_0_25_324, 153.14, 76.16, 0.00265287
_12627_, 165.94, 76.16, 0.00263853
_14957_, 165.94, 76.16, 0.00263853
ANTENNA__12486__S, 165.94, 76.16, 0.00263853
ANTENNA__12482__S, 165.94, 76.16, 0.00263853
ANTENNA__07084__B, 165.94, 76.16, 0.00263853
ANTENNA__09592__S, 165.94, 76.16, 0.00263853
ANTENNA__12482__A1, 165.94, 76.16, 0.00263853
FILLER_0_23_341, 165.94, 76.16, 0.00263853
FILLER_0_24_351, 165.94, 76.16, 0.00263853
_07223_, 191.54, 76.16, 0.00264199
_12694_, 191.54, 76.16, 0.00264199
_14445_, 191.54, 76.16, 0.00264199
ANTENNA__11426__S, 191.54, 76.16, 0.00264199
FILLER_0_25_410, 191.54, 76.16, 0.00264199
_07327_, 204.34, 76.16, 0.00265866
_11578_, 204.34, 76.16, 0.00265866
_11646_, 204.34, 76.16, 0.00265866
ANTENNA__07327__B1, 204.34, 76.16, 0.00265866
ANTENNA__11432__A1, 204.34, 76.16, 0.00265866
_07083_, 217.14, 76.16, 0.00267131
_07222_, 217.14, 76.16, 0.00267131
_11099_, 217.14, 76.16, 0.00267131
_11574_, 217.14, 76.16, 0.00267131
_14253_, 217.14, 76.16, 0.00267131
ANTENNA__07327__A2, 217.14, 76.16, 0.00267131
ANTENNA__07222__A2, 217.14, 76.16, 0.00267131
ANTENNA__07083__C, 217.14, 76.16, 0.00267131
ANTENNA__11574__A1, 217.14, 76.16, 0.00267131
FILLER_0_24_470, 217.14, 76.16, 0.00267131
_12766_, 229.94, 76.16, 0.00267127
ANTENNA__12762__S, 229.94, 76.16, 0.00267127
ANTENNA__07277__B1, 229.94, 76.16, 0.00267127
ANTENNA__11098__A1, 229.94, 76.16, 0.00267127
ANTENNA__11102__A1, 229.94, 76.16, 0.00267127
ANTENNA__11102__S, 229.94, 76.16, 0.00267127
ANTENNA__11098__S, 229.94, 76.16, 0.00267127
ANTENNA__12762__A1, 229.94, 76.16, 0.00267127
FILLER_0_24_477, 229.94, 76.16, 0.00267127
FILLER_0_24_500, 229.94, 76.16, 0.00267127
FILLER_0_25_491, 229.94, 76.16, 0.00267127
_07011_, 242.74, 76.16, 0.00267007
_11880_, 242.74, 76.16, 0.00267007
_12900_, 242.74, 76.16, 0.00267007
_12901_, 242.74, 76.16, 0.00267007
ANTENNA__12766__S, 242.74, 76.16, 0.00267007
ANTENNA__12900__S, 242.74, 76.16, 0.00267007
ANTENNA__11880__A1, 242.74, 76.16, 0.00267007
ANTENNA__12900__A1, 242.74, 76.16, 0.00267007
ANTENNA__13058__CLK, 242.74, 76.16, 0.00267007
FILLER_0_24_505, 242.74, 76.16, 0.00267007
_07254_, 255.54, 76.16, 0.00266497
_07255_, 255.54, 76.16, 0.00266497
_10385_, 255.54, 76.16, 0.00266497
ANTENNA__07255__B1, 255.54, 76.16, 0.00266497
ANTENNA__11880__S, 255.54, 76.16, 0.00266497
FILLER_0_23_538, 255.54, 76.16, 0.00266497
ANTENNA__10149__A1, 268.34, 76.16, 0.00265778
ANTENNA__07058__A2, 268.34, 76.16, 0.00265778
ANTENNA__07010__A2, 268.34, 76.16, 0.00265778
ANTENNA__07058__B1, 268.34, 76.16, 0.00265778
ANTENNA__10149__S, 268.34, 76.16, 0.00265778
ANTENNA__10385__A1, 268.34, 76.16, 0.00265778
ANTENNA__10385__S, 268.34, 76.16, 0.00265778
FILLER_0_23_561, 268.34, 76.16, 0.00265778
FILLER_0_24_558, 268.34, 76.16, 0.00265778
FILLER_0_24_571, 268.34, 76.16, 0.00265778
FILLER_0_25_577, 268.34, 76.16, 0.00265778
_07249_, 281.14, 76.16, 0.00265059
_10149_, 281.14, 76.16, 0.00265059
_10227_, 281.14, 76.16, 0.00265059
_13870_, 281.14, 76.16, 0.00265059
ANTENNA__07249__B1, 281.14, 76.16, 0.00265059
FILLER_0_24_598, 281.14, 76.16, 0.00265059
_07005_, 293.94, 76.16, 0.00263681
ANTENNA__07005__A2, 293.94, 76.16, 0.00263681
ANTENNA__10226__A1, 293.94, 76.16, 0.00263681
ANTENNA__12414__A1, 293.94, 76.16, 0.00263681
FILLER_0_23_625, 293.94, 76.16, 0.00263681
FILLER_0_24_636, 293.94, 76.16, 0.00263681
_07008_, 306.74, 76.16, 0.00262298
_07009_, 306.74, 76.16, 0.00262298
_12414_, 306.74, 76.16, 0.00262298
ANTENNA__07008__A2, 306.74, 76.16, 0.00262298
ANTENNA__07008__B1, 306.74, 76.16, 0.00262298
ANTENNA__09523__S, 306.74, 76.16, 0.00262298
FILLER_0_24_656, 306.74, 76.16, 0.00262298
FILLER_0_25_663, 306.74, 76.16, 0.00262298
_09671_, 319.54, 76.16, 0.00260239
_13614_, 319.54, 76.16, 0.00260239
ANTENNA__06954__B1, 319.54, 76.16, 0.00260239
ANTENNA__07007__B1, 319.54, 76.16, 0.00260239
ANTENNA__10781__S, 319.54, 76.16, 0.00260239
ANTENNA__10994__S, 319.54, 76.16, 0.00260239
ANTENNA__10994__A1, 319.54, 76.16, 0.00260239
ANTENNA__11304__S, 319.54, 76.16, 0.00260239
FILLER_0_23_677, 319.54, 76.16, 0.00260239
FILLER_0_24_675, 319.54, 76.16, 0.00260239
_11159_, 345.14, 76.16, 0.00260574
_11938_, 345.14, 76.16, 0.00260574
_12823_, 345.14, 76.16, 0.00260574
_15049_, 345.14, 76.16, 0.00260574
clkbuf_leaf_126_wclk, 345.14, 76.16, 0.00260574
FILLER_0_25_742, 345.14, 76.16, 0.00260574
_07001_, 357.94, 76.16, 0.00260856
_07003_, 357.94, 76.16, 0.00260856
_07004_, 357.94, 76.16, 0.00260856
ANTENNA__07000__A2, 357.94, 76.16, 0.00260856
ANTENNA__07000__B1, 357.94, 76.16, 0.00260856
ANTENNA__07001__A3, 357.94, 76.16, 0.00260856
ANTENNA__11938__S, 357.94, 76.16, 0.00260856
FILLER_0_24_779, 357.94, 76.16, 0.00260856
_07050_, 370.74, 76.16, 0.00261012
_10785_, 370.74, 76.16, 0.00261012
_10788_, 370.74, 76.16, 0.00261012
_10789_, 370.74, 76.16, 0.00261012
_14122_, 370.74, 76.16, 0.00261012
_14124_, 370.74, 76.16, 0.00261012
_07100_, 383.54, 76.16, 0.0025992
_07148_, 383.54, 76.16, 0.0025992
_10787_, 383.54, 76.16, 0.0025992
ANTENNA__07148__A2, 383.54, 76.16, 0.0025992
ANTENNA__07148__B1, 383.54, 76.16, 0.0025992
FILLER_0_25_835, 383.54, 76.16, 0.0025992
FILLER_0_23_837, 396.34, 76.16, 0.00258699
FILLER_0_24_861, 396.34, 76.16, 0.00258699
FILLER_0_25_889, 409.14, 76.16, 0.00257477
FILLER_0_24_917, 421.94, 76.16, 0.00256255
FILLER_0_25_945, 434.74, 76.16, 0.00255033
FILLER_0_24_973, 447.54, 76.16, 0.00253811
FILLER_0_25_1001, 460.34, 76.16, 0.0025259
FILLER_0_24_1029, 473.14, 76.16, 0.00251368
PHY_42, 5.52, 70.72, 0.00255608
PHY_44, 5.52, 70.72, 0.00255608
PHY_43, 494.04, 70.72, 0.0025145
PHY_45, 494.04, 70.72, 0.0025145
FILLER_0_22_77, 37.94, 70.72, 0.00257805
FILLER_0_23_105, 50.74, 70.72, 0.00260001
FILLER_0_22_133, 63.54, 70.72, 0.00262197
FILLER_0_23_161, 76.34, 70.72, 0.00264394
FILLER_0_22_189, 89.14, 70.72, 0.0026659
FILLER_0_22_221, 101.94, 70.72, 0.00268786
FILLER_0_23_217, 101.94, 70.72, 0.00268786
_13054_, 114.74, 70.72, 0.00270983
ANTENNA__13054__RESET_B, 114.74, 70.72, 0.00270983
_06940_, 127.54, 70.72, 0.00272572
_07134_, 127.54, 70.72, 0.00272572
_14826_, 127.54, 70.72, 0.00272572
ANTENNA__06940__A2, 127.54, 70.72, 0.00272572
ANTENNA__13055__RESET_B, 127.54, 70.72, 0.00272572
ANTENNA__13051__CLK, 127.54, 70.72, 0.00272572
ANTENNA__13054__CLK, 127.54, 70.72, 0.00272572
FILLER_0_21_257, 127.54, 70.72, 0.00272572
FILLER_0_22_276, 127.54, 70.72, 0.00272572
_12350_, 140.34, 70.72, 0.00273033
_14891_, 140.34, 70.72, 0.00273033
FILLER_0_23_302, 140.34, 70.72, 0.00273033
_09598_, 153.14, 70.72, 0.00272897
_12486_, 153.14, 70.72, 0.00272897
_12487_, 153.14, 70.72, 0.00272897
_13577_, 153.14, 70.72, 0.00272897
ANTENNA__07140__A2, 153.14, 70.72, 0.00272897
ANTENNA__07140__B1, 153.14, 70.72, 0.00272897
ANTENNA__07139__B1, 153.14, 70.72, 0.00272897
ANTENNA__09598__A0, 153.14, 70.72, 0.00272897
ANTENNA__12486__A1, 153.14, 70.72, 0.00272897
ANTENNA__12350__A1, 153.14, 70.72, 0.00272897
FILLER_0_21_312, 153.14, 70.72, 0.00272897
FILLER_0_22_316, 153.14, 70.72, 0.00272897
_06938_, 165.94, 70.72, 0.00271991
_06994_, 165.94, 70.72, 0.00271991
_07084_, 165.94, 70.72, 0.00271991
_07132_, 165.94, 70.72, 0.00271991
_09592_, 165.94, 70.72, 0.00271991
_09593_, 165.94, 70.72, 0.00271991
_14377_, 165.94, 70.72, 0.00271991
ANTENNA__09592__A0, 165.94, 70.72, 0.00271991
_06946_, 191.54, 70.72, 0.00275198
_09302_, 191.54, 70.72, 0.00275198
_11506_, 191.54, 70.72, 0.00275198
_11579_, 191.54, 70.72, 0.00275198
_11647_, 191.54, 70.72, 0.00275198
_14479_, 191.54, 70.72, 0.00275198
ANTENNA__12694__S, 191.54, 70.72, 0.00275198
ANTENNA__07223__A2, 191.54, 70.72, 0.00275198
ANTENNA__11506__S, 191.54, 70.72, 0.00275198
ANTENNA__12694__A1, 191.54, 70.72, 0.00275198
FILLER_0_22_404, 191.54, 70.72, 0.00275198
_11575_, 204.34, 70.72, 0.00281157
_11643_, 204.34, 70.72, 0.00281157
_14477_, 204.34, 70.72, 0.00281157
_14511_, 204.34, 70.72, 0.00281157
ANTENNA__11646__A1, 204.34, 70.72, 0.00281157
ANTENNA__11578__A1, 204.34, 70.72, 0.00281157
ANTENNA__11574__S, 204.34, 70.72, 0.00281157
FILLER_0_21_420, 204.34, 70.72, 0.00281157
FILLER_0_23_437, 204.34, 70.72, 0.00281157
_06937_, 217.14, 70.72, 0.00285991
_11642_, 217.14, 70.72, 0.00285991
clkbuf_leaf_155_wclk, 217.14, 70.72, 0.00285991
ANTENNA__07222__B1, 217.14, 70.72, 0.00285991
ANTENNA__06937__C, 217.14, 70.72, 0.00285991
ANTENNA__11642__A1, 217.14, 70.72, 0.00285991
FILLER_0_21_449, 217.14, 70.72, 0.00285991
FILLER_0_21_456, 217.14, 70.72, 0.00285991
FILLER_0_22_471, 217.14, 70.72, 0.00285991
_07277_, 229.94, 70.72, 0.00288187
_12764_, 229.94, 70.72, 0.00288187
_12765_, 229.94, 70.72, 0.00288187
_12893_, 229.94, 70.72, 0.00288187
_15022_, 229.94, 70.72, 0.00288187
ANTENNA__12764__S, 229.94, 70.72, 0.00288187
ANTENNA__07277__A2, 229.94, 70.72, 0.00288187
ANTENNA__07277__A3, 229.94, 70.72, 0.00288187
ANTENNA__12764__A1, 229.94, 70.72, 0.00288187
FILLER_0_23_492, 229.94, 70.72, 0.00288187
_11873_, 242.74, 70.72, 0.0028962
_11881_, 242.74, 70.72, 0.0028962
_14602_, 242.74, 70.72, 0.0028962
_14606_, 242.74, 70.72, 0.0028962
_15086_, 242.74, 70.72, 0.0028962
FILLER_0_22_502, 242.74, 70.72, 0.0028962
FILLER_0_22_527, 242.74, 70.72, 0.0028962
_10372_, 255.54, 70.72, 0.00289459
_10379_, 255.54, 70.72, 0.00289459
ANTENNA__07255__A2, 255.54, 70.72, 0.00289459
ANTENNA__07059__A2, 255.54, 70.72, 0.00289459
ANTENNA__07059__B1, 255.54, 70.72, 0.00289459
ANTENNA__07254__A2, 255.54, 70.72, 0.00289459
ANTENNA__07254__B1, 255.54, 70.72, 0.00289459
ANTENNA__10379__A1, 255.54, 70.72, 0.00289459
ANTENNA__10379__S, 255.54, 70.72, 0.00289459
ANTENNA__11804__A1, 255.54, 70.72, 0.00289459
FILLER_0_22_553, 255.54, 70.72, 0.00289459
FILLER_0_23_557, 255.54, 70.72, 0.00289459
_07058_, 268.34, 70.72, 0.00289108
_10150_, 268.34, 70.72, 0.00289108
_10378_, 268.34, 70.72, 0.00289108
_11804_, 268.34, 70.72, 0.00289108
_13838_, 268.34, 70.72, 0.00289108
_14570_, 268.34, 70.72, 0.00289108
ANTENNA__10377__S, 268.34, 70.72, 0.00289108
ANTENNA__11804__S, 268.34, 70.72, 0.00289108
FILLER_0_22_582, 268.34, 70.72, 0.00289108
FILLER_0_23_574, 268.34, 70.72, 0.00289108
_10139_, 281.14, 70.72, 0.00287537
_10140_, 281.14, 70.72, 0.00287537
_13833_, 281.14, 70.72, 0.00287537
clkbuf_leaf_132_wclk, 281.14, 70.72, 0.00287537
ANTENNA__07249__A2, 281.14, 70.72, 0.00287537
ANTENNA__07005__B1, 281.14, 70.72, 0.00287537
ANTENNA__10139__S, 281.14, 70.72, 0.00287537
ANTENNA__10377__A1, 281.14, 70.72, 0.00287537
FILLER_0_21_590, 281.14, 70.72, 0.00287537
FILLER_0_23_600, 281.14, 70.72, 0.00287537
FILLER_0_23_613, 281.14, 70.72, 0.00287537
_09523_, 293.94, 70.72, 0.00282682
_09524_, 293.94, 70.72, 0.00282682
_13545_, 293.94, 70.72, 0.00282682
_13865_, 293.94, 70.72, 0.00282682
_07006_, 306.74, 70.72, 0.002767
_10994_, 306.74, 70.72, 0.002767
_10995_, 306.74, 70.72, 0.002767
_11227_, 306.74, 70.72, 0.002767
_14217_, 306.74, 70.72, 0.002767
ANTENNA__07006__B1, 306.74, 70.72, 0.002767
FILLER_0_21_653, 306.74, 70.72, 0.002767
_07007_, 319.54, 70.72, 0.00269961
_11226_, 319.54, 70.72, 0.00269961
_11295_, 319.54, 70.72, 0.00269961
_14345_, 319.54, 70.72, 0.00269961
ANTENNA__07007__C1, 319.54, 70.72, 0.00269961
ANTENNA__11226__A1, 319.54, 70.72, 0.00269961
ANTENNA__11226__S, 319.54, 70.72, 0.00269961
FILLER_0_21_673, 319.54, 70.72, 0.00269961
FILLER_0_21_680, 319.54, 70.72, 0.00269961
_10216_, 345.14, 70.72, 0.00262932
_10579_, 345.14, 70.72, 0.00262932
_10580_, 345.14, 70.72, 0.00262932
_12822_, 345.14, 70.72, 0.00262932
ANTENNA__11158__A1, 345.14, 70.72, 0.00262932
ANTENNA__10216__A, 345.14, 70.72, 0.00262932
ANTENNA__10219__A, 345.14, 70.72, 0.00262932
ANTENNA_clkbuf_leaf_126_wclk_A, 345.14, 70.72, 0.00262932
FILLER_0_22_725, 345.14, 70.72, 0.00262932
_09287_, 357.94, 70.72, 0.00262985
_09455_, 357.94, 70.72, 0.00262985
_10786_, 357.94, 70.72, 0.00262985
_13513_, 357.94, 70.72, 0.00262985
ANTENNA__07001__A2, 357.94, 70.72, 0.00262985
ANTENNA__07001__B1, 357.94, 70.72, 0.00262985
ANTENNA__07003__A2, 357.94, 70.72, 0.00262985
ANTENNA__10579__A1, 357.94, 70.72, 0.00262985
ANTENNA__10579__S, 357.94, 70.72, 0.00262985
FILLER_0_23_777, 357.94, 70.72, 0.00262985
_10790_, 370.74, 70.72, 0.00262421
_14123_, 370.74, 70.72, 0.00262421
ANTENNA__07050__A2, 370.74, 70.72, 0.00262421
ANTENNA__07050__B1, 370.74, 70.72, 0.00262421
ANTENNA__09454__A0, 370.74, 70.72, 0.00262421
ANTENNA__10785__A1, 370.74, 70.72, 0.00262421
ANTENNA__10789__S, 370.74, 70.72, 0.00262421
ANTENNA__10785__S, 370.74, 70.72, 0.00262421
_10585_, 383.54, 70.72, 0.00261305
ANTENNA__07100__A2, 383.54, 70.72, 0.00261305
ANTENNA__07100__B1, 383.54, 70.72, 0.00261305
ANTENNA__10787__A1, 383.54, 70.72, 0.00261305
ANTENNA__10789__A1, 383.54, 70.72, 0.00261305
ANTENNA__10585__A1, 383.54, 70.72, 0.00261305
ANTENNA__10585__S, 383.54, 70.72, 0.00261305
ANTENNA__10787__S, 383.54, 70.72, 0.00261305
FILLER_0_21_808, 383.54, 70.72, 0.00261305
FILLER_0_23_829, 383.54, 70.72, 0.00261305
FILLER_0_21_837, 396.34, 70.72, 0.00260073
FILLER_0_22_861, 396.34, 70.72, 0.00260073
FILLER_0_23_889, 409.14, 70.72, 0.00258841
FILLER_0_22_917, 421.94, 70.72, 0.00257609
FILLER_0_23_945, 434.74, 70.72, 0.00256378
FILLER_0_22_973, 447.54, 70.72, 0.00255146
FILLER_0_23_1001, 460.34, 70.72, 0.00253914
FILLER_0_22_1029, 473.14, 70.72, 0.00252682
PHY_38, 5.52, 65.28, 0.0025616
PHY_40, 5.52, 65.28, 0.0025616
PHY_39, 494.04, 65.28, 0.00253241
PHY_41, 494.04, 65.28, 0.00253241
FILLER_0_20_77, 37.94, 65.28, 0.00257501
FILLER_0_21_105, 50.74, 65.28, 0.00258842
FILLER_0_20_133, 63.54, 65.28, 0.00260183
FILLER_0_21_161, 76.34, 65.28, 0.00261524
FILLER_0_20_189, 89.14, 65.28, 0.00262865
FILLER_0_21_217, 101.94, 65.28, 0.00264206
ANTENNA__06940__A1, 114.74, 65.28, 0.00265547
FILLER_0_20_245, 114.74, 65.28, 0.00265547
_14924_, 127.54, 65.28, 0.00266888
ANTENNA__07134__A2, 127.54, 65.28, 0.00266888
FILLER_0_19_261, 127.54, 65.28, 0.00266888
FILLER_0_20_265, 127.54, 65.28, 0.00266888
_07139_, 140.34, 65.28, 0.00267754
_12556_, 140.34, 65.28, 0.00267754
_14764_, 140.34, 65.28, 0.00267754
ANTENNA__12350__S, 140.34, 65.28, 0.00267754
ANTENNA__12556__S, 140.34, 65.28, 0.00267754
ANTENNA__12556__A0, 140.34, 65.28, 0.00267754
ANTENNA__07139__A2, 140.34, 65.28, 0.00267754
FILLER_0_20_294, 140.34, 65.28, 0.00267754
FILLER_0_21_296, 140.34, 65.28, 0.00267754
_07140_, 153.14, 65.28, 0.00268037
_09599_, 153.14, 65.28, 0.00268037
_13580_, 153.14, 65.28, 0.00268037
_14380_, 153.14, 65.28, 0.00268037
ANTENNA__12216__A1, 153.14, 65.28, 0.00268037
ANTENNA__12216__S, 153.14, 65.28, 0.00268037
FILLER_0_20_326, 153.14, 65.28, 0.00268037
_11362_, 165.94, 65.28, 0.00267216
_11368_, 165.94, 65.28, 0.00267216
_11369_, 165.94, 65.28, 0.00267216
ANTENNA__06994__A2, 165.94, 65.28, 0.00267216
ANTENNA__06866__B1, 165.94, 65.28, 0.00267216
_09602_, 191.54, 65.28, 0.00269732
_13582_, 191.54, 65.28, 0.00269732
ANTENNA__07223__B1, 191.54, 65.28, 0.00269732
ANTENNA__07237__A2, 191.54, 65.28, 0.00269732
ANTENNA__06946__A2, 191.54, 65.28, 0.00269732
ANTENNA__06946__B1, 191.54, 65.28, 0.00269732
ANTENNA__09602__A0, 191.54, 65.28, 0.00269732
ANTENNA__09602__S, 191.54, 65.28, 0.00269732
ANTENNA__11360__S, 191.54, 65.28, 0.00269732
ANTENNA__09302__A, 191.54, 65.28, 0.00269732
_07131_, 204.34, 65.28, 0.00272789
_11508_, 204.34, 65.28, 0.00272789
ANTENNA__07237__B1, 204.34, 65.28, 0.00272789
ANTENNA__11508__S, 204.34, 65.28, 0.00272789
ANTENNA__11646__S, 204.34, 65.28, 0.00272789
ANTENNA_5, 204.34, 65.28, 0.00272789
FILLER_0_20_437, 204.34, 65.28, 0.00272789
_11101_, 217.14, 65.28, 0.00275235
_14509_, 217.14, 65.28, 0.00275235
ANTENNA__07131__C, 217.14, 65.28, 0.00275235
ANTENNA__11642__S, 217.14, 65.28, 0.00275235
ANTENNA_clkbuf_leaf_155_wclk_A, 217.14, 65.28, 0.00275235
FILLER_0_19_449, 217.14, 65.28, 0.00275235
FILLER_0_19_460, 217.14, 65.28, 0.00275235
FILLER_0_20_465, 217.14, 65.28, 0.00275235
_11100_, 229.94, 65.28, 0.00277123
_12892_, 229.94, 65.28, 0.00277123
_14254_, 229.94, 65.28, 0.00277123
_15082_, 229.94, 65.28, 0.00277123
_06910_, 242.74, 65.28, 0.00277838
_07059_, 242.74, 65.28, 0.00277838
_07109_, 242.74, 65.28, 0.00277838
_11872_, 242.74, 65.28, 0.00277838
ANTENNA__12892__S, 242.74, 65.28, 0.00277838
ANTENNA__06910__B1, 242.74, 65.28, 0.00277838
ANTENNA__11872__S, 242.74, 65.28, 0.00277838
ANTENNA__12892__A1, 242.74, 65.28, 0.00277838
FILLER_0_19_509, 242.74, 65.28, 0.00277838
_06909_, 255.54, 65.28, 0.00278158
_10371_, 255.54, 65.28, 0.00278158
_10380_, 255.54, 65.28, 0.00278158
_13927_, 255.54, 65.28, 0.00278158
_13931_, 255.54, 65.28, 0.00278158
ANTENNA__11872__A1, 255.54, 65.28, 0.00278158
_10377_, 268.34, 65.28, 0.00277312
_11805_, 268.34, 65.28, 0.00277312
_13930_, 268.34, 65.28, 0.00277312
ANTENNA__06909__A2, 268.34, 65.28, 0.00277312
ANTENNA__06909__B1, 268.34, 65.28, 0.00277312
ANTENNA__10371__S, 268.34, 65.28, 0.00277312
FILLER_0_20_582, 268.34, 65.28, 0.00277312
_10212_, 281.14, 65.28, 0.0027583
_10220_, 281.14, 65.28, 0.0027583
ANTENNA__10139__A1, 281.14, 65.28, 0.0027583
ANTENNA__10220__S, 281.14, 65.28, 0.0027583
ANTENNA__10208__S, 281.14, 65.28, 0.0027583
ANTENNA__10208__A1, 281.14, 65.28, 0.0027583
FILLER_0_19_593, 281.14, 65.28, 0.0027583
FILLER_0_20_589, 281.14, 65.28, 0.0027583
FILLER_0_20_610, 281.14, 65.28, 0.0027583
FILLER_0_21_607, 281.14, 65.28, 0.0027583
_10211_, 293.94, 65.28, 0.00274161
_10214_, 293.94, 65.28, 0.00274161
_10217_, 293.94, 65.28, 0.00274161
_12415_, 293.94, 65.28, 0.00274161
_14857_, 293.94, 65.28, 0.00274161
ANTENNA__10217__S, 293.94, 65.28, 0.00274161
ANTENNA__10211__S, 293.94, 65.28, 0.00274161
ANTENNA__10211__A1, 293.94, 65.28, 0.00274161
ANTENNA_clkbuf_leaf_132_wclk_A, 293.94, 65.28, 0.00274161
FILLER_0_20_626, 293.94, 65.28, 0.00274161
_10207_, 306.74, 65.28, 0.00271626
_13512_, 306.74, 65.28, 0.00271626
_14313_, 306.74, 65.28, 0.00271626
ANTENNA__07006__A2, 306.74, 65.28, 0.00271626
ANTENNA__07054__B1, 306.74, 65.28, 0.00271626
ANTENNA__09523__A0, 306.74, 65.28, 0.00271626
ANTENNA__10217__A1, 306.74, 65.28, 0.00271626
ANTENNA__10207__A, 306.74, 65.28, 0.00271626
FILLER_0_20_641, 306.74, 65.28, 0.00271626
FILLER_0_20_653, 306.74, 65.28, 0.00271626
_09453_, 319.54, 65.28, 0.00268157
_10578_, 319.54, 65.28, 0.00268157
_11294_, 319.54, 65.28, 0.00268157
_14024_, 319.54, 65.28, 0.00268157
ANTENNA__10577__S, 319.54, 65.28, 0.00268157
ANTENNA__11294__S, 319.54, 65.28, 0.00268157
FILLER_0_20_686, 319.54, 65.28, 0.00268157
FILLER_0_20_693, 319.54, 65.28, 0.00268157
_10219_, 345.14, 65.28, 0.0026603
_11162_, 345.14, 65.28, 0.0026603
_14025_, 345.14, 65.28, 0.0026603
_14283_, 345.14, 65.28, 0.0026603
ANTENNA__12822__S, 345.14, 65.28, 0.0026603
ANTENNA__11162__A1, 345.14, 65.28, 0.0026603
ANTENNA__11162__S, 345.14, 65.28, 0.0026603
ANTENNA__12822__A1, 345.14, 65.28, 0.0026603
ANTENNA__10993__A, 345.14, 65.28, 0.0026603
_09454_, 357.94, 65.28, 0.00267164
ANTENNA__12826__S, 357.94, 65.28, 0.00267164
ANTENNA__07099__A2, 357.94, 65.28, 0.00267164
ANTENNA__07049__A2, 357.94, 65.28, 0.00267164
ANTENNA__07099__A3, 357.94, 65.28, 0.00267164
ANTENNA__07099__B1, 357.94, 65.28, 0.00267164
ANTENNA__07003__B1, 357.94, 65.28, 0.00267164
ANTENNA__09454__S, 357.94, 65.28, 0.00267164
ANTENNA__09287__A, 357.94, 65.28, 0.00267164
_09456_, 370.74, 65.28, 0.00268253
_09457_, 370.74, 65.28, 0.00268253
_10213_, 370.74, 65.28, 0.00268253
_13514_, 370.74, 65.28, 0.00268253
ANTENNA__09456__S, 370.74, 65.28, 0.00268253
ANTENNA__10213__A, 370.74, 65.28, 0.00268253
FILLER_0_20_785, 370.74, 65.28, 0.00268253
FILLER_0_21_801, 370.74, 65.28, 0.00268253
_10582_, 383.54, 65.28, 0.00268778
_10583_, 383.54, 65.28, 0.00268778
_14028_, 383.54, 65.28, 0.00268778
clkbuf_leaf_124_wclk, 383.54, 65.28, 0.00268778
ANTENNA__09456__A0, 383.54, 65.28, 0.00268778
ANTENNA__10583__A1, 383.54, 65.28, 0.00268778
ANTENNA__10583__S, 383.54, 65.28, 0.00268778
ANTENNA_clkbuf_leaf_124_wclk_A, 396.34, 65.28, 0.00266836
FILLER_0_20_858, 396.34, 65.28, 0.00266836
FILLER_0_21_889, 409.14, 65.28, 0.00264894
FILLER_0_20_917, 421.94, 65.28, 0.00262952
FILLER_0_21_945, 434.74, 65.28, 0.00261009
FILLER_0_20_973, 447.54, 65.28, 0.00259067
FILLER_0_21_1001, 460.34, 65.28, 0.00257125
FILLER_0_20_1029, 473.14, 65.28, 0.00255183
PHY_34, 5.52, 59.84, 0.00257315
PHY_36, 5.52, 59.84, 0.00257315
PHY_35, 494.04, 59.84, 0.00253997
PHY_37, 494.04, 59.84, 0.00253997
FILLER_0_18_77, 37.94, 59.84, 0.00258653
FILLER_0_19_105, 50.74, 59.84, 0.00259992
FILLER_0_18_133, 63.54, 59.84, 0.0026133
FILLER_0_19_161, 76.34, 59.84, 0.00262668
FILLER_0_18_189, 89.14, 59.84, 0.00264007
FILLER_0_19_217, 101.94, 59.84, 0.00265345
FILLER_0_18_245, 114.74, 59.84, 0.00266684
_12557_, 127.54, 59.84, 0.00268022
_14921_, 127.54, 59.84, 0.00268022
FILLER_0_19_269, 127.54, 59.84, 0.00268022
FILLER_0_19_275, 127.54, 59.84, 0.00268022
_06993_, 140.34, 59.84, 0.00268795
_12216_, 140.34, 59.84, 0.00268795
_12217_, 140.34, 59.84, 0.00268795
_14761_, 140.34, 59.84, 0.00268795
ANTENNA__06993__B1, 140.34, 59.84, 0.00268795
FILLER_0_18_294, 140.34, 59.84, 0.00268795
_06866_, 153.14, 59.84, 0.00268898
_09594_, 153.14, 59.84, 0.00268898
_09595_, 153.14, 59.84, 0.00268898
ANTENNA__06866__A2, 153.14, 59.84, 0.00268898
ANTENNA__06993__A2, 153.14, 59.84, 0.00268898
ANTENNA__09594__A0, 153.14, 59.84, 0.00268898
ANTENNA__09598__S, 153.14, 59.84, 0.00268898
ANTENNA__09594__S, 153.14, 59.84, 0.00268898
ANTENNA__12210__A1, 153.14, 59.84, 0.00268898
ANTENNA__12210__S, 153.14, 59.84, 0.00268898
FILLER_0_18_313, 153.14, 59.84, 0.00268898
FILLER_0_19_322, 153.14, 59.84, 0.00268898
_07092_, 165.94, 59.84, 0.00268757
_14375_, 165.94, 59.84, 0.00268757
ANTENNA__07092__A2, 165.94, 59.84, 0.00268757
ANTENNA__07092__B1, 165.94, 59.84, 0.00268757
ANTENNA__06994__B1, 165.94, 59.84, 0.00268757
ANTENNA__11364__A1, 165.94, 59.84, 0.00268757
ANTENNA__11368__A1, 165.94, 59.84, 0.00268757
ANTENNA__11368__S, 165.94, 59.84, 0.00268757
FILLER_0_18_351, 165.94, 59.84, 0.00268757
FILLER_0_18_359, 165.94, 59.84, 0.00268757
FILLER_0_19_352, 165.94, 59.84, 0.00268757
FILLER_0_19_362, 165.94, 59.84, 0.00268757
_07237_, 191.54, 59.84, 0.00271729
_11373_, 191.54, 59.84, 0.00271729
_11509_, 191.54, 59.84, 0.00271729
_14382_, 191.54, 59.84, 0.00271729
ANTENNA__12016__A0, 191.54, 59.84, 0.00271729
ANTENNA__09590__S, 191.54, 59.84, 0.00271729
ANTENNA__11372__S, 191.54, 59.84, 0.00271729
FILLER_0_17_397, 191.54, 59.84, 0.00271729
FILLER_0_18_395, 191.54, 59.84, 0.00271729
FILLER_0_19_418, 191.54, 59.84, 0.00271729
_07275_, 204.34, 59.84, 0.00274726
_12697_, 204.34, 59.84, 0.00274726
_14446_, 204.34, 59.84, 0.00274726
_14990_, 204.34, 59.84, 0.00274726
ANTENNA__07275__A2, 204.34, 59.84, 0.00274726
ANTENNA__07275__B1, 204.34, 59.84, 0.00274726
ANTENNA__11576__A1, 204.34, 59.84, 0.00274726
ANTENNA__11508__A1, 204.34, 59.84, 0.00274726
ANTENNA__11644__S, 204.34, 59.84, 0.00274726
_07274_, 217.14, 59.84, 0.00276648
_07279_, 217.14, 59.84, 0.00276648
_11576_, 217.14, 59.84, 0.00276648
_11644_, 217.14, 59.84, 0.00276648
_11645_, 217.14, 59.84, 0.00276648
_14510_, 217.14, 59.84, 0.00276648
ANTENNA__07274__A2, 217.14, 59.84, 0.00276648
FILLER_0_18_473, 217.14, 59.84, 0.00276648
FILLER_0_19_472, 217.14, 59.84, 0.00276648
_06594_, 229.94, 59.84, 0.00277465
_11008_, 229.94, 59.84, 0.00277465
_12754_, 229.94, 59.84, 0.00277465
ANTENNA__12894__S, 229.94, 59.84, 0.00277465
ANTENNA__11100__A1, 229.94, 59.84, 0.00277465
ANTENNA__11100__S, 229.94, 59.84, 0.00277465
ANTENNA__06594__A, 229.94, 59.84, 0.00277465
ANTENNA__12894__A1, 229.94, 59.84, 0.00277465
ANTENNA__11008__A, 229.94, 59.84, 0.00277465
FILLER_0_17_477, 229.94, 59.84, 0.00277465
FILLER_0_18_483, 229.94, 59.84, 0.00277465
FILLER_0_18_493, 229.94, 59.84, 0.00277465
FILLER_0_19_490, 229.94, 59.84, 0.00277465
FILLER_0_19_499, 229.94, 59.84, 0.00277465
_12886_, 242.74, 59.84, 0.00277937
_12894_, 242.74, 59.84, 0.00277937
_12895_, 242.74, 59.84, 0.00277937
_15083_, 242.74, 59.84, 0.00277937
ANTENNA__06910__A2, 242.74, 59.84, 0.00277937
ANTENNA__07109__B1, 242.74, 59.84, 0.00277937
FILLER_0_19_522, 242.74, 59.84, 0.00277937
_07108_, 255.54, 59.84, 0.00277648
_11798_, 255.54, 59.84, 0.00277648
_11812_, 255.54, 59.84, 0.00277648
_11813_, 255.54, 59.84, 0.00277648
ANTENNA__12886__S, 255.54, 59.84, 0.00277648
ANTENNA__07108__A2, 255.54, 59.84, 0.00277648
ANTENNA__11798__A1, 255.54, 59.84, 0.00277648
ANTENNA__11798__S, 255.54, 59.84, 0.00277648
FILLER_0_18_533, 255.54, 59.84, 0.00277648
FILLER_0_18_549, 255.54, 59.84, 0.00277648
FILLER_0_19_557, 255.54, 59.84, 0.00277648
_10205_, 268.34, 59.84, 0.00277068
_10208_, 268.34, 59.84, 0.00277068
_10209_, 268.34, 59.84, 0.00277068
_13864_, 268.34, 59.84, 0.00277068
ANTENNA__07108__B1, 268.34, 59.84, 0.00277068
ANTENNA__10371__A1, 268.34, 59.84, 0.00277068
FILLER_0_18_567, 268.34, 59.84, 0.00277068
_10142_, 281.14, 59.84, 0.00275738
_10221_, 281.14, 59.84, 0.00275738
_13868_, 281.14, 59.84, 0.00275738
ANTENNA__07151__B1, 281.14, 59.84, 0.00275738
ANTENNA__06957__B1, 281.14, 59.84, 0.00275738
ANTENNA__10205__A1, 281.14, 59.84, 0.00275738
ANTENNA__10220__A1, 281.14, 59.84, 0.00275738
FILLER_0_18_609, 281.14, 59.84, 0.00275738
_10215_, 293.94, 59.84, 0.0027376
_13866_, 293.94, 59.84, 0.0027376
_13867_, 293.94, 59.84, 0.0027376
ANTENNA__10214__S, 293.94, 59.84, 0.0027376
ANTENNA__10214__A1, 293.94, 59.84, 0.0027376
_07054_, 306.74, 59.84, 0.00270744
ANTENNA__12416__S, 306.74, 59.84, 0.00270744
ANTENNA__07054__A2, 306.74, 59.84, 0.00270744
ANTENNA__07053__A2, 306.74, 59.84, 0.00270744
ANTENNA__09452__S, 306.74, 59.84, 0.00270744
ANTENNA__12416__A1, 306.74, 59.84, 0.00270744
ANTENNA__12820__A1, 306.74, 59.84, 0.00270744
FILLER_0_18_657, 306.74, 59.84, 0.00270744
FILLER_0_18_663, 306.74, 59.84, 0.00270744
_06953_, 319.54, 59.84, 0.00267707
_06955_, 319.54, 59.84, 0.00267707
_09452_, 319.54, 59.84, 0.00267707
_10577_, 319.54, 59.84, 0.00267707
ANTENNA__06955__A2, 319.54, 59.84, 0.00267707
ANTENNA__09452__A0, 319.54, 59.84, 0.00267707
_07099_, 345.14, 59.84, 0.00265634
_11163_, 345.14, 59.84, 0.00265634
_12827_, 345.14, 59.84, 0.00265634
_15051_, 345.14, 59.84, 0.00265634
ANTENNA__06893__A2, 345.14, 59.84, 0.00265634
ANTENNA__06893__B1, 345.14, 59.84, 0.00265634
ANTENNA__11154__A1, 345.14, 59.84, 0.00265634
ANTENNA__11154__S, 345.14, 59.84, 0.00265634
_07049_, 357.94, 59.84, 0.00266277
_07102_, 357.94, 59.84, 0.00266277
_12826_, 357.94, 59.84, 0.00266277
_15050_, 357.94, 59.84, 0.00266277
ANTENNA__07049__B1, 357.94, 59.84, 0.00266277
ANTENNA__12826__A1, 357.94, 59.84, 0.00266277
FILLER_0_19_776, 357.94, 59.84, 0.00266277
_07052_, 370.74, 59.84, 0.0026626
_10581_, 370.74, 59.84, 0.0026626
_14026_, 370.74, 59.84, 0.0026626
ANTENNA__07049__A3, 370.74, 59.84, 0.0026626
ANTENNA__10581__S, 370.74, 59.84, 0.0026626
ANTENNA__11160__A1, 370.74, 59.84, 0.0026626
FILLER_0_17_791, 370.74, 59.84, 0.0026626
FILLER_0_18_784, 370.74, 59.84, 0.0026626
_07101_, 383.54, 59.84, 0.00265563
_09458_, 383.54, 59.84, 0.00265563
_09459_, 383.54, 59.84, 0.00265563
_10584_, 383.54, 59.84, 0.00265563
_10586_, 383.54, 59.84, 0.00265563
_14027_, 383.54, 59.84, 0.00265563
ANTENNA__09458__S, 383.54, 59.84, 0.00265563
ANTENNA__10581__A1, 383.54, 59.84, 0.00265563
FILLER_0_18_809, 383.54, 59.84, 0.00265563
ANTENNA__07149__A2, 396.34, 59.84, 0.00264117
ANTENNA__07101__A2, 396.34, 59.84, 0.00264117
ANTENNA__07101__B1, 396.34, 59.84, 0.00264117
FILLER_0_18_861, 396.34, 59.84, 0.00264117
FILLER_0_19_889, 409.14, 59.84, 0.00262671
FILLER_0_17_893, 421.94, 59.84, 0.00261226
FILLER_0_18_917, 421.94, 59.84, 0.00261226
FILLER_0_19_945, 434.74, 59.84, 0.0025978
FILLER_0_18_973, 447.54, 59.84, 0.00258334
FILLER_0_19_1001, 460.34, 59.84, 0.00256889
FILLER_0_18_1029, 473.14, 59.84, 0.00255443
PHY_30, 5.52, 54.4, 0.00259519
PHY_32, 5.52, 54.4, 0.00259519
input31, 5.52, 54.4, 0.00259519
PHY_31, 494.04, 54.4, 0.00255587
PHY_33, 494.04, 54.4, 0.00255587
FILLER_0_16_77, 37.94, 54.4, 0.00261573
FILLER_0_17_105, 50.74, 54.4, 0.00263868
FILLER_0_16_133, 63.54, 54.4, 0.00266163
FILLER_0_17_161, 76.34, 54.4, 0.00268459
FILLER_0_16_189, 89.14, 54.4, 0.00270754
FILLER_0_17_217, 101.94, 54.4, 0.00273049
FILLER_0_16_245, 114.74, 54.4, 0.00275345
_12550_, 127.54, 54.4, 0.0027764
_12551_, 127.54, 54.4, 0.0027764
clkbuf_leaf_165_wclk, 127.54, 54.4, 0.0027764
FILLER_0_16_253, 127.54, 54.4, 0.0027764
FILLER_0_16_261, 127.54, 54.4, 0.0027764
_09589_, 140.34, 54.4, 0.00278116
_12210_, 140.34, 54.4, 0.00278116
_12211_, 140.34, 54.4, 0.00278116
ANTENNA__12550__S, 140.34, 54.4, 0.00278116
FILLER_0_15_288, 140.34, 54.4, 0.00278116
FILLER_0_16_296, 140.34, 54.4, 0.00278116
_09588_, 153.14, 54.4, 0.0027831
_13575_, 153.14, 54.4, 0.0027831
_13578_, 153.14, 54.4, 0.0027831
ANTENNA__09588__S, 153.14, 54.4, 0.0027831
FILLER_0_17_329, 153.14, 54.4, 0.0027831
_11359_, 165.94, 54.4, 0.00277425
_11364_, 165.94, 54.4, 0.00277425
_11365_, 165.94, 54.4, 0.00277425
_11367_, 165.94, 54.4, 0.00277425
_14378_, 165.94, 54.4, 0.00277425
clkbuf_leaf_161_wclk, 165.94, 54.4, 0.00277425
FILLER_0_16_361, 165.94, 54.4, 0.00277425
_07236_, 191.54, 54.4, 0.00277882
_11372_, 191.54, 54.4, 0.00277882
_12220_, 191.54, 54.4, 0.00277882
ANTENNA__12560__A0, 191.54, 54.4, 0.00277882
ANTENNA__07236__A2, 191.54, 54.4, 0.00277882
ANTENNA__07236__B1, 191.54, 54.4, 0.00277882
ANTENNA__11372__A1, 191.54, 54.4, 0.00277882
ANTENNA__12220__A1, 191.54, 54.4, 0.00277882
FILLER_0_16_414, 191.54, 54.4, 0.00277882
_11577_, 204.34, 54.4, 0.00281995
_12686_, 204.34, 54.4, 0.00281995
_12696_, 204.34, 54.4, 0.00281995
ANTENNA__12696__S, 204.34, 54.4, 0.00281995
ANTENNA__12686__S, 204.34, 54.4, 0.00281995
ANTENNA__11576__S, 204.34, 54.4, 0.00281995
ANTENNA__12696__A1, 204.34, 54.4, 0.00281995
FILLER_0_16_421, 204.34, 54.4, 0.00281995
FILLER_0_16_441, 204.34, 54.4, 0.00281995
FILLER_0_17_439, 204.34, 54.4, 0.00281995
_12755_, 217.14, 54.4, 0.00285797
_14478_, 217.14, 54.4, 0.00285797
ANTENNA__07274__B1, 217.14, 54.4, 0.00285797
ANTENNA__11644__A1, 217.14, 54.4, 0.00285797
ANTENNA__11634__S, 217.14, 54.4, 0.00285797
FILLER_0_15_449, 217.14, 54.4, 0.00285797
FILLER_0_16_468, 217.14, 54.4, 0.00285797
FILLER_0_17_472, 217.14, 54.4, 0.00285797
_11705_, 229.94, 54.4, 0.00289035
_12887_, 229.94, 54.4, 0.00289035
_15017_, 229.94, 54.4, 0.00289035
_15079_, 229.94, 54.4, 0.00289035
ANTENNA__12754__S, 229.94, 54.4, 0.00289035
ANTENNA__12754__A1, 229.94, 54.4, 0.00289035
ANTENNA__11705__A, 229.94, 54.4, 0.00289035
_11807_, 242.74, 54.4, 0.00291117
_11874_, 242.74, 54.4, 0.00291117
clkbuf_leaf_156_wclk, 242.74, 54.4, 0.00291117
ANTENNA__07109__A2, 242.74, 54.4, 0.00291117
ANTENNA__11874__A1, 242.74, 54.4, 0.00291117
ANTENNA__11874__S, 242.74, 54.4, 0.00291117
ANTENNA__12886__A1, 242.74, 54.4, 0.00291117
FILLER_0_16_528, 242.74, 54.4, 0.00291117
_10206_, 255.54, 54.4, 0.00290859
_13863_, 255.54, 54.4, 0.00290859
_14571_, 255.54, 54.4, 0.00290859
_14574_, 255.54, 54.4, 0.00290859
ANTENNA__10137__A1, 255.54, 54.4, 0.00290859
ANTENNA__11806__A1, 255.54, 54.4, 0.00290859
ANTENNA__11812__A1, 255.54, 54.4, 0.00290859
ANTENNA__11812__S, 255.54, 54.4, 0.00290859
_06957_, 268.34, 54.4, 0.00289094
_10136_, 268.34, 54.4, 0.00289094
_10137_, 268.34, 54.4, 0.00289094
_10138_, 268.34, 54.4, 0.00289094
_13832_, 268.34, 54.4, 0.00289094
ANTENNA__10137__S, 268.34, 54.4, 0.00289094
ANTENNA__10205__S, 268.34, 54.4, 0.00289094
_07151_, 281.14, 54.4, 0.00286596
_10141_, 281.14, 54.4, 0.00286596
_13834_, 281.14, 54.4, 0.00286596
ANTENNA__06957__A2, 281.14, 54.4, 0.00286596
ANTENNA__10141__S, 281.14, 54.4, 0.00286596
_07053_, 293.94, 54.4, 0.00283499
_07103_, 293.94, 54.4, 0.00283499
_09526_, 293.94, 54.4, 0.00283499
_10218_, 293.94, 54.4, 0.00283499
_12416_, 293.94, 54.4, 0.00283499
_13546_, 293.94, 54.4, 0.00283499
ANTENNA__10141__A1, 293.94, 54.4, 0.00283499
ANTENNA__10143__S, 293.94, 54.4, 0.00283499
_07057_, 306.74, 54.4, 0.00279648
_09525_, 306.74, 54.4, 0.00279648
_12417_, 306.74, 54.4, 0.00279648
_12820_, 306.74, 54.4, 0.00279648
_12821_, 306.74, 54.4, 0.00279648
_15048_, 306.74, 54.4, 0.00279648
FILLER_0_17_657, 306.74, 54.4, 0.00279648
_06956_, 319.54, 54.4, 0.00274511
_14280_, 319.54, 54.4, 0.00274511
ANTENNA__12820__S, 319.54, 54.4, 0.00274511
ANTENNA__06953__A2, 319.54, 54.4, 0.00274511
ANTENNA__06955__B1, 319.54, 54.4, 0.00274511
ANTENNA__10577__A1, 319.54, 54.4, 0.00274511
ANTENNA__11156__S, 319.54, 54.4, 0.00274511
ANTENNA__11936__A1, 319.54, 54.4, 0.00274511
_06885_, 345.14, 54.4, 0.00270968
_11160_, 345.14, 54.4, 0.00270968
_11161_, 345.14, 54.4, 0.00270968
_12818_, 345.14, 54.4, 0.00270968
_14282_, 345.14, 54.4, 0.00270968
ANTENNA__12818__S, 345.14, 54.4, 0.00270968
ANTENNA__11160__S, 345.14, 54.4, 0.00270968
ANTENNA__12818__A1, 345.14, 54.4, 0.00270968
_07150_, 357.94, 54.4, 0.0027255
_12824_, 357.94, 54.4, 0.0027255
_12825_, 357.94, 54.4, 0.0027255
clkbuf_leaf_127_wclk, 357.94, 54.4, 0.0027255
ANTENNA__12824__S, 357.94, 54.4, 0.0027255
_07051_, 370.74, 54.4, 0.0027163
_10005_, 370.74, 54.4, 0.0027163
ANTENNA__07048__A2, 370.74, 54.4, 0.0027163
ANTENNA__07048__B1, 370.74, 54.4, 0.0027163
ANTENNA__07051__A2, 370.74, 54.4, 0.0027163
ANTENNA__07051__B1, 370.74, 54.4, 0.0027163
ANTENNA__10005__A0, 370.74, 54.4, 0.0027163
ANTENNA__09458__A0, 370.74, 54.4, 0.0027163
ANTENNA__12824__A1, 370.74, 54.4, 0.0027163
FILLER_0_16_800, 370.74, 54.4, 0.0027163
FILLER_0_17_805, 370.74, 54.4, 0.0027163
_07149_, 383.54, 54.4, 0.00270606
_09460_, 383.54, 54.4, 0.00270606
_09461_, 383.54, 54.4, 0.00270606
_13515_, 383.54, 54.4, 0.00270606
_13516_, 383.54, 54.4, 0.00270606
ANTENNA__07149__B1, 383.54, 54.4, 0.00270606
ANTENNA__09460__S, 383.54, 54.4, 0.00270606
FILLER_0_15_837, 396.34, 54.4, 0.00268728
FILLER_0_16_861, 396.34, 54.4, 0.00268728
FILLER_0_16_917, 421.94, 54.4, 0.00264974
FILLER_0_17_945, 434.74, 54.4, 0.00263096
FILLER_0_16_973, 447.54, 54.4, 0.00261219
FILLER_0_17_1001, 460.34, 54.4, 0.00259342
FILLER_0_16_1029, 473.14, 54.4, 0.00257464
PHY_26, 5.52, 48.96, 0.00259579
PHY_28, 5.52, 48.96, 0.00259579
PHY_27, 494.04, 48.96, 0.00256003
PHY_29, 494.04, 48.96, 0.00256003
FILLER_0_14_77, 37.94, 48.96, 0.00261171
FILLER_0_15_105, 50.74, 48.96, 0.00262763
FILLER_0_14_133, 63.54, 48.96, 0.00264355
FILLER_0_15_161, 76.34, 48.96, 0.00265947
FILLER_0_14_189, 89.14, 48.96, 0.00267539
FILLER_0_15_217, 101.94, 48.96, 0.00269131
FILLER_0_14_245, 114.74, 48.96, 0.00270723
_14919_, 127.54, 48.96, 0.00272315
ANTENNA__12550__A0, 127.54, 48.96, 0.00272315
ANTENNA_clkbuf_leaf_165_wclk_A, 127.54, 48.96, 0.00272315
FILLER_0_14_265, 127.54, 48.96, 0.00272315
_06865_, 140.34, 48.96, 0.00273433
_09597_, 140.34, 48.96, 0.00273433
_12207_, 140.34, 48.96, 0.00273433
_12546_, 140.34, 48.96, 0.00273433
_14759_, 140.34, 48.96, 0.00273433
ANTENNA__12546__S, 140.34, 48.96, 0.00273433
ANTENNA__12546__A0, 140.34, 48.96, 0.00273433
ANTENNA__06865__A2, 140.34, 48.96, 0.00273433
FILLER_0_14_295, 140.34, 48.96, 0.00273433
FILLER_0_15_303, 140.34, 48.96, 0.00273433
_07042_, 153.14, 48.96, 0.002738
_09596_, 153.14, 48.96, 0.002738
_13579_, 153.14, 48.96, 0.002738
ANTENNA__07041__A2, 153.14, 48.96, 0.002738
ANTENNA__06865__B1, 153.14, 48.96, 0.002738
ANTENNA__12206__S, 153.14, 48.96, 0.002738
FILLER_0_14_325, 153.14, 48.96, 0.002738
_11358_, 165.94, 48.96, 0.0027349
_11366_, 165.94, 48.96, 0.0027349
_14379_, 165.94, 48.96, 0.0027349
ANTENNA__07042__B1, 165.94, 48.96, 0.0027349
ANTENNA__09588__A0, 165.94, 48.96, 0.0027349
ANTENNA__09596__S, 165.94, 48.96, 0.0027349
ANTENNA__11366__A1, 165.94, 48.96, 0.0027349
FILLER_0_14_358, 165.94, 48.96, 0.0027349
_11498_, 191.54, 48.96, 0.00277015
_11499_, 191.54, 48.96, 0.00277015
ANTENNA__11498__A1, 191.54, 48.96, 0.00277015
ANTENNA__11498__S, 191.54, 48.96, 0.00277015
ANTENNA__12220__S, 191.54, 48.96, 0.00277015
FILLER_0_14_400, 191.54, 48.96, 0.00277015
FILLER_0_15_410, 191.54, 48.96, 0.00277015
_07029_, 204.34, 48.96, 0.00281378
_12687_, 204.34, 48.96, 0.00281378
_14985_, 204.34, 48.96, 0.00281378
ANTENNA__12686__A1, 204.34, 48.96, 0.00281378
FILLER_0_14_444, 204.34, 48.96, 0.00281378
FILLER_0_15_438, 204.34, 48.96, 0.00281378
_07032_, 217.14, 48.96, 0.0028514
_11091_, 217.14, 48.96, 0.0028514
_11634_, 217.14, 48.96, 0.0028514
_11635_, 217.14, 48.96, 0.0028514
_14249_, 217.14, 48.96, 0.0028514
_14505_, 217.14, 48.96, 0.0028514
ANTENNA__11634__A1, 217.14, 48.96, 0.0028514
ANTENNA__11566__S, 217.14, 48.96, 0.0028514
_07030_, 229.94, 48.96, 0.00287492
_11090_, 229.94, 48.96, 0.00287492
_11867_, 229.94, 48.96, 0.00287492
_11875_, 229.94, 48.96, 0.00287492
ANTENNA__07030__A3, 229.94, 48.96, 0.00287492
ANTENNA__07030__B1, 229.94, 48.96, 0.00287492
ANTENNA__07030__A2, 229.94, 48.96, 0.00287492
ANTENNA__11566__A1, 229.94, 48.96, 0.00287492
ANTENNA_clkbuf_leaf_156_wclk_A, 229.94, 48.96, 0.00287492
FILLER_0_13_482, 229.94, 48.96, 0.00287492
_11799_, 242.74, 48.96, 0.00289547
_11866_, 242.74, 48.96, 0.00289547
_14599_, 242.74, 48.96, 0.00289547
_14603_, 242.74, 48.96, 0.00289547
_11806_, 255.54, 48.96, 0.00290452
_13831_, 255.54, 48.96, 0.00290452
_14567_, 255.54, 48.96, 0.00290452
ANTENNA__11866__A1, 255.54, 48.96, 0.00290452
ANTENNA__11866__S, 255.54, 48.96, 0.00290452
FILLER_0_14_549, 255.54, 48.96, 0.00290452
_10135_, 268.34, 48.96, 0.00290308
_10146_, 268.34, 48.96, 0.00290308
_13836_, 268.34, 48.96, 0.00290308
clkbuf_leaf_131_wclk, 268.34, 48.96, 0.00290308
ANTENNA__10135__A1, 268.34, 48.96, 0.00290308
ANTENNA__10135__S, 268.34, 48.96, 0.00290308
ANTENNA__11806__S, 268.34, 48.96, 0.00290308
_06961_, 281.14, 48.96, 0.00287445
_10143_, 281.14, 48.96, 0.00287445
_10144_, 281.14, 48.96, 0.00287445
_10145_, 281.14, 48.96, 0.00287445
_13835_, 281.14, 48.96, 0.00287445
ANTENNA__07151__A2, 281.14, 48.96, 0.00287445
ANTENNA__10145__S, 281.14, 48.96, 0.00287445
FILLER_0_15_604, 281.14, 48.96, 0.00287445
_09527_, 293.94, 48.96, 0.00283545
_14858_, 293.94, 48.96, 0.00283545
ANTENNA__07152__B1, 293.94, 48.96, 0.00283545
ANTENNA__07103__A2, 293.94, 48.96, 0.00283545
ANTENNA__07103__B1, 293.94, 48.96, 0.00283545
ANTENNA__07053__B1, 293.94, 48.96, 0.00283545
ANTENNA__09527__A0, 293.94, 48.96, 0.00283545
_11156_, 306.74, 48.96, 0.00279059
_11157_, 306.74, 48.96, 0.00279059
ANTENNA__06960__B1, 306.74, 48.96, 0.00279059
ANTENNA__09525__A0, 306.74, 48.96, 0.00279059
ANTENNA__09525__S, 306.74, 48.96, 0.00279059
ANTENNA__10991__S, 306.74, 48.96, 0.00279059
ANTENNA__11156__A1, 306.74, 48.96, 0.00279059
FILLER_0_13_642, 306.74, 48.96, 0.00279059
FILLER_0_13_650, 306.74, 48.96, 0.00279059
FILLER_0_14_649, 306.74, 48.96, 0.00279059
FILLER_0_14_656, 306.74, 48.96, 0.00279059
FILLER_0_14_662, 306.74, 48.96, 0.00279059
_06952_, 319.54, 48.96, 0.00274552
_10002_, 319.54, 48.96, 0.00274552
_11293_, 319.54, 48.96, 0.00274552
_11936_, 319.54, 48.96, 0.00274552
_11937_, 319.54, 48.96, 0.00274552
_14632_, 319.54, 48.96, 0.00274552
ANTENNA__11936__S, 319.54, 48.96, 0.00274552
ANTENNA_clkbuf_leaf_129_wclk_A, 319.54, 48.96, 0.00274552
FILLER_0_13_680, 319.54, 48.96, 0.00274552
FILLER_0_14_669, 319.54, 48.96, 0.00274552
_06881_, 345.14, 48.96, 0.00269415
_12828_, 345.14, 48.96, 0.00269415
_12829_, 345.14, 48.96, 0.00269415
_15052_, 345.14, 48.96, 0.00269415
ANTENNA__06885__A2, 345.14, 48.96, 0.00269415
ANTENNA__06885__A3, 345.14, 48.96, 0.00269415
ANTENNA__06885__B1, 345.14, 48.96, 0.00269415
ANTENNA__12828__A1, 345.14, 48.96, 0.00269415
FILLER_0_13_725, 345.14, 48.96, 0.00269415
FILLER_0_14_732, 345.14, 48.96, 0.00269415
_07048_, 357.94, 48.96, 0.00269017
_07098_, 357.94, 48.96, 0.00269017
_07147_, 357.94, 48.96, 0.00269017
ANTENNA__07147__A2, 357.94, 48.96, 0.00269017
ANTENNA__07147__A3, 357.94, 48.96, 0.00269017
ANTENNA__07147__B1, 357.94, 48.96, 0.00269017
ANTENNA__11164__S, 357.94, 48.96, 0.00269017
ANTENNA_clkbuf_leaf_127_wclk_A, 357.94, 48.96, 0.00269017
FILLER_0_15_773, 357.94, 48.96, 0.00269017
_10006_, 370.74, 48.96, 0.00268533
_13770_, 370.74, 48.96, 0.00268533
_13771_, 370.74, 48.96, 0.00268533
ANTENNA__07098__A3, 370.74, 48.96, 0.00268533
ANTENNA__07048__A3, 370.74, 48.96, 0.00268533
ANTENNA__10005__S, 370.74, 48.96, 0.00268533
FILLER_0_14_804, 370.74, 48.96, 0.00268533
FILLER_0_15_802, 370.74, 48.96, 0.00268533
ANTENNA__09460__A0, 383.54, 48.96, 0.00267141
FILLER_0_15_829, 383.54, 48.96, 0.00267141
FILLER_0_13_837, 396.34, 48.96, 0.00265749
FILLER_0_14_861, 396.34, 48.96, 0.00265749
FILLER_0_15_889, 409.14, 48.96, 0.00264357
FILLER_0_14_917, 421.94, 48.96, 0.00262964
FILLER_0_15_945, 434.74, 48.96, 0.00261572
FILLER_0_14_973, 447.54, 48.96, 0.0026018
FILLER_0_15_1001, 460.34, 48.96, 0.00258788
FILLER_0_14_1029, 473.14, 48.96, 0.00257395
PHY_22, 5.52, 43.52, 0.0026039
PHY_24, 5.52, 43.52, 0.0026039
PHY_23, 494.04, 43.52, 0.00256884
PHY_25, 494.04, 43.52, 0.00256884
FILLER_0_12_77, 37.94, 43.52, 0.00261871
FILLER_0_13_105, 50.74, 43.52, 0.00263351
FILLER_0_12_133, 63.54, 43.52, 0.00264832
FILLER_0_13_161, 76.34, 43.52, 0.00266312
FILLER_0_12_189, 89.14, 43.52, 0.00267793
FILLER_0_13_217, 101.94, 43.52, 0.00269274
FILLER_0_12_245, 114.74, 43.52, 0.00270754
_12547_, 127.54, 43.52, 0.00272235
_14922_, 127.54, 43.52, 0.00272235
ANTENNA__12552__A0, 127.54, 43.52, 0.00272235
FILLER_0_12_265, 127.54, 43.52, 0.00272235
_07041_, 140.34, 43.52, 0.00273169
_12206_, 140.34, 43.52, 0.00273169
_12552_, 140.34, 43.52, 0.00273169
_14762_, 140.34, 43.52, 0.00273169
ANTENNA__07041__B1, 140.34, 43.52, 0.00273169
_07091_, 153.14, 43.52, 0.00273409
_12007_, 153.14, 43.52, 0.00273409
_12554_, 153.14, 43.52, 0.00273409
ANTENNA__12006__A0, 153.14, 43.52, 0.00273409
ANTENNA__12554__A0, 153.14, 43.52, 0.00273409
ANTENNA__07042__A2, 153.14, 43.52, 0.00273409
ANTENNA__07091__A2, 153.14, 43.52, 0.00273409
ANTENNA__07091__B1, 153.14, 43.52, 0.00273409
ANTENNA__09596__A0, 153.14, 43.52, 0.00273409
ANTENNA__12206__A1, 153.14, 43.52, 0.00273409
FILLER_0_13_321, 153.14, 43.52, 0.00273409
_12618_, 165.94, 43.52, 0.00273451
_12619_, 165.94, 43.52, 0.00273451
_14953_, 165.94, 43.52, 0.00273451
ANTENNA__12618__S, 165.94, 43.52, 0.00273451
ANTENNA__11358__A1, 165.94, 43.52, 0.00273451
ANTENNA__11358__S, 165.94, 43.52, 0.00273451
ANTENNA__12618__A1, 165.94, 43.52, 0.00273451
ANTENNA_clkbuf_leaf_161_wclk_A, 165.94, 43.52, 0.00273451
FILLER_0_12_353, 165.94, 43.52, 0.00273451
_11503_, 191.54, 43.52, 0.00276987
_14441_, 191.54, 43.52, 0.00276987
_14443_, 191.54, 43.52, 0.00276987
ANTENNA__12548__A0, 191.54, 43.52, 0.00276987
ANTENNA__06932__A2, 191.54, 43.52, 0.00276987
ANTENNA__06932__B1, 191.54, 43.52, 0.00276987
ANTENNA__11500__A1, 191.54, 43.52, 0.00276987
ANTENNA__11500__S, 191.54, 43.52, 0.00276987
FILLER_0_12_398, 191.54, 43.52, 0.00276987
FILLER_0_12_410, 191.54, 43.52, 0.00276987
FILLER_0_13_405, 191.54, 43.52, 0.00276987
_06932_, 204.34, 43.52, 0.00280083
_11495_, 204.34, 43.52, 0.00280083
_11567_, 204.34, 43.52, 0.00280083
_12682_, 204.34, 43.52, 0.00280083
_12683_, 204.34, 43.52, 0.00280083
_14983_, 204.34, 43.52, 0.00280083
ANTENNA__07029__A2, 204.34, 43.52, 0.00280083
ANTENNA__07029__B1, 204.34, 43.52, 0.00280083
ANTENNA__12682__A1, 204.34, 43.52, 0.00280083
FILLER_0_12_444, 204.34, 43.52, 0.00280083
FILLER_0_13_442, 204.34, 43.52, 0.00280083
_07028_, 217.14, 43.52, 0.00282302
_11566_, 217.14, 43.52, 0.00282302
_14473_, 217.14, 43.52, 0.00282302
ANTENNA__06931__A2, 217.14, 43.52, 0.00282302
ANTENNA__06931__B1, 217.14, 43.52, 0.00282302
ANTENNA__11494__A1, 217.14, 43.52, 0.00282302
ANTENNA__11630__S, 217.14, 43.52, 0.00282302
FILLER_0_12_472, 217.14, 43.52, 0.00282302
_11095_, 229.94, 43.52, 0.00283804
_14251_, 229.94, 43.52, 0.00283804
ANTENNA__06934__B1, 229.94, 43.52, 0.00283804
ANTENNA__11562__A1, 229.94, 43.52, 0.00283804
ANTENNA__11090__A1, 229.94, 43.52, 0.00283804
ANTENNA__11094__S, 229.94, 43.52, 0.00283804
ANTENNA__11090__S, 229.94, 43.52, 0.00283804
FILLER_0_12_477, 229.94, 43.52, 0.00283804
FILLER_0_12_485, 229.94, 43.52, 0.00283804
FILLER_0_12_500, 229.94, 43.52, 0.00283804
FILLER_0_13_496, 229.94, 43.52, 0.00283804
_09281_, 242.74, 43.52, 0.00284758
_09284_, 242.74, 43.52, 0.00284758
_09293_, 242.74, 43.52, 0.00284758
ANTENNA__12758__S, 242.74, 43.52, 0.00284758
ANTENNA__11699__A, 242.74, 43.52, 0.00284758
ANTENNA__09281__A, 242.74, 43.52, 0.00284758
ANTENNA__09284__A, 242.74, 43.52, 0.00284758
ANTENNA__09293__A, 242.74, 43.52, 0.00284758
FILLER_0_12_508, 242.74, 43.52, 0.00284758
FILLER_0_13_521, 242.74, 43.52, 0.00284758
_06595_, 255.54, 43.52, 0.00285307
_06999_, 255.54, 43.52, 0.00285307
_11707_, 255.54, 43.52, 0.00285307
_12278_, 255.54, 43.52, 0.00285307
ANTENNA__12278__S, 255.54, 43.52, 0.00285307
ANTENNA__06595__S, 255.54, 43.52, 0.00285307
ANTENNA__12278__A0, 255.54, 43.52, 0.00285307
ANTENNA__06595__A1, 255.54, 43.52, 0.00285307
FILLER_0_12_533, 255.54, 43.52, 0.00285307
_06899_, 268.34, 43.52, 0.00285537
_11706_, 268.34, 43.52, 0.00285537
_13544_, 268.34, 43.52, 0.00285537
ANTENNA__06999__A2, 268.34, 43.52, 0.00285537
ANTENNA__06999__B1, 268.34, 43.52, 0.00285537
FILLER_0_11_570, 268.34, 43.52, 0.00285537
_06958_, 281.14, 43.52, 0.00285204
_09521_, 281.14, 43.52, 0.00285204
_09529_, 281.14, 43.52, 0.00285204
ANTENNA__10143__A1, 281.14, 43.52, 0.00285204
ANTENNA__10145__A1, 281.14, 43.52, 0.00285204
ANTENNA__06899__A2, 281.14, 43.52, 0.00285204
ANTENNA__06899__B1, 281.14, 43.52, 0.00285204
ANTENNA__09521__A0, 281.14, 43.52, 0.00285204
ANTENNA__09521__S, 281.14, 43.52, 0.00285204
ANTENNA__11706__S, 281.14, 43.52, 0.00285204
ANTENNA_clkbuf_leaf_131_wclk_A, 281.14, 43.52, 0.00285204
ANTENNA_6, 281.14, 43.52, 0.00285204
_07107_, 293.94, 43.52, 0.00284648
_07155_, 293.94, 43.52, 0.00284648
_09528_, 293.94, 43.52, 0.00284648
_13547_, 293.94, 43.52, 0.00284648
ANTENNA__07104__A2, 293.94, 43.52, 0.00284648
ANTENNA__09529__A0, 293.94, 43.52, 0.00284648
ANTENNA__09527__S, 293.94, 43.52, 0.00284648
ANTENNA_4, 293.94, 43.52, 0.00284648
FILLER_0_12_627, 293.94, 43.52, 0.00284648
_06960_, 306.74, 43.52, 0.00282304
_10991_, 306.74, 43.52, 0.00282304
_11225_, 306.74, 43.52, 0.00282304
_14216_, 306.74, 43.52, 0.00282304
clkbuf_leaf_129_wclk, 306.74, 43.52, 0.00282304
ANTENNA__06960__A2, 306.74, 43.52, 0.00282304
ANTENNA__10991__A1, 306.74, 43.52, 0.00282304
_06959_, 319.54, 43.52, 0.00277156
_09659_, 319.54, 43.52, 0.00277156
_11292_, 319.54, 43.52, 0.00277156
_13768_, 319.54, 43.52, 0.00277156
_14344_, 319.54, 43.52, 0.00277156
_09999_, 345.14, 43.52, 0.00271009
_11164_, 345.14, 43.52, 0.00271009
_11165_, 345.14, 43.52, 0.00271009
_13767_, 345.14, 43.52, 0.00271009
_14284_, 345.14, 43.52, 0.00271009
ANTENNA__12828__S, 345.14, 43.52, 0.00271009
ANTENNA__06881__A3, 345.14, 43.52, 0.00271009
FILLER_0_12_734, 345.14, 43.52, 0.00271009
_07146_, 357.94, 43.52, 0.00270338
_10007_, 357.94, 43.52, 0.00270338
_13772_, 357.94, 43.52, 0.00270338
ANTENNA__07146__A2, 357.94, 43.52, 0.00270338
ANTENNA__07146__B1, 357.94, 43.52, 0.00270338
ANTENNA__07098__B1, 357.94, 43.52, 0.00270338
ANTENNA__11164__A1, 357.94, 43.52, 0.00270338
ANTENNA__11942__A1, 357.94, 43.52, 0.00270338
FILLER_0_11_764, 357.94, 43.52, 0.00270338
_10008_, 370.74, 43.52, 0.0026912
_10009_, 370.74, 43.52, 0.0026912
ANTENNA__10007__A0, 370.74, 43.52, 0.0026912
ANTENNA__10009__A0, 370.74, 43.52, 0.0026912
ANTENNA__10007__S, 370.74, 43.52, 0.0026912
FILLER_0_12_803, 370.74, 43.52, 0.0026912
FILLER_0_12_861, 396.34, 43.52, 0.00266401
FILLER_0_13_889, 409.14, 43.52, 0.00265042
FILLER_0_12_917, 421.94, 43.52, 0.00263682
FILLER_0_13_945, 434.74, 43.52, 0.00262322
FILLER_0_12_973, 447.54, 43.52, 0.00260963
FILLER_0_13_1001, 460.34, 43.52, 0.00259603
FILLER_0_12_1029, 473.14, 43.52, 0.00258244
PHY_18, 5.52, 38.08, 0.00261371
PHY_20, 5.52, 38.08, 0.00261371
PHY_19, 494.04, 38.08, 0.00257667
PHY_21, 494.04, 38.08, 0.00257667
FILLER_0_10_77, 37.94, 38.08, 0.00263049
FILLER_0_11_105, 50.74, 38.08, 0.00264726
FILLER_0_10_133, 63.54, 38.08, 0.00266404
FILLER_0_11_161, 76.34, 38.08, 0.00268081
FILLER_0_10_189, 89.14, 38.08, 0.00269759
FILLER_0_11_217, 101.94, 38.08, 0.00271436
FILLER_0_10_245, 114.74, 38.08, 0.00273114
_12553_, 127.54, 38.08, 0.00274791
FILLER_0_10_277, 127.54, 38.08, 0.00274791
FILLER_0_11_277, 127.54, 38.08, 0.00274791
_12212_, 140.34, 38.08, 0.00276394
_12213_, 140.34, 38.08, 0.00276394
_14763_, 140.34, 38.08, 0.00276394
_06600_, 153.14, 38.08, 0.0027733
_12006_, 153.14, 38.08, 0.0027733
_14665_, 153.14, 38.08, 0.0027733
_14923_, 153.14, 38.08, 0.0027733
ANTENNA__12554__S, 153.14, 38.08, 0.0027733
ANTENNA__12212__S, 153.14, 38.08, 0.0027733
FILLER_0_11_324, 153.14, 38.08, 0.0027733
_07031_, 165.94, 38.08, 0.00277079
_12209_, 165.94, 38.08, 0.00277079
_12549_, 165.94, 38.08, 0.00277079
_14920_, 165.94, 38.08, 0.00277079
ANTENNA__12614__S, 165.94, 38.08, 0.00277079
ANTENNA__07031__B1, 165.94, 38.08, 0.00277079
ANTENNA__12006__S, 165.94, 38.08, 0.00277079
FILLER_0_9_341, 165.94, 38.08, 0.00277079
FILLER_0_10_346, 165.94, 38.08, 0.00277079
FILLER_0_11_353, 165.94, 38.08, 0.00277079
_07127_, 191.54, 38.08, 0.00282218
_11500_, 191.54, 38.08, 0.00282218
_12690_, 191.54, 38.08, 0.00282218
_12691_, 191.54, 38.08, 0.00282218
_14987_, 191.54, 38.08, 0.00282218
ANTENNA__12690__A1, 191.54, 38.08, 0.00282218
FILLER_0_11_416, 191.54, 38.08, 0.00282218
_11494_, 204.34, 38.08, 0.00287426
_14439_, 204.34, 38.08, 0.00287426
clkbuf_leaf_158_wclk, 204.34, 38.08, 0.00287426
ANTENNA__12682__S, 204.34, 38.08, 0.00287426
ANTENNA__07127__A2, 204.34, 38.08, 0.00287426
ANTENNA__11494__S, 204.34, 38.08, 0.00287426
FILLER_0_10_421, 204.34, 38.08, 0.00287426
FILLER_0_10_428, 204.34, 38.08, 0.00287426
_06931_, 217.14, 38.08, 0.00290004
_06936_, 217.14, 38.08, 0.00290004
_11563_, 217.14, 38.08, 0.00290004
_11630_, 217.14, 38.08, 0.00290004
_11631_, 217.14, 38.08, 0.00290004
_14503_, 217.14, 38.08, 0.00290004
ANTENNA__07028__A2, 217.14, 38.08, 0.00290004
ANTENNA__07028__B1, 217.14, 38.08, 0.00290004
ANTENNA__11630__A1, 217.14, 38.08, 0.00290004
FILLER_0_11_473, 217.14, 38.08, 0.00290004
_11087_, 229.94, 38.08, 0.00291509
_11094_, 229.94, 38.08, 0.00291509
_12759_, 229.94, 38.08, 0.00291509
_15019_, 229.94, 38.08, 0.00291509
ANTENNA__11094__A1, 229.94, 38.08, 0.00291509
FILLER_0_9_485, 229.94, 38.08, 0.00291509
FILLER_0_10_477, 229.94, 38.08, 0.00291509
FILLER_0_11_498, 229.94, 38.08, 0.00291509
_06588_, 242.74, 38.08, 0.00292273
_06596_, 242.74, 38.08, 0.00292273
_10987_, 242.74, 38.08, 0.00292273
_11699_, 242.74, 38.08, 0.00292273
_12758_, 242.74, 38.08, 0.00292273
_15015_, 242.74, 38.08, 0.00292273
ANTENNA__06588__A, 242.74, 38.08, 0.00292273
FILLER_0_10_517, 242.74, 38.08, 0.00292273
_06998_, 255.54, 38.08, 0.00292021
_12279_, 255.54, 38.08, 0.00292021
_13543_, 255.54, 38.08, 0.00292021
_14537_, 255.54, 38.08, 0.00292021
_14793_, 255.54, 38.08, 0.00292021
_06900_, 268.34, 38.08, 0.00290307
_06908_, 268.34, 38.08, 0.00290307
_09519_, 268.34, 38.08, 0.00290307
_09522_, 268.34, 38.08, 0.00290307
ANTENNA_15, 268.34, 38.08, 0.00290307
FILLER_0_10_572, 268.34, 38.08, 0.00290307
_07152_, 281.14, 38.08, 0.00287935
_09530_, 281.14, 38.08, 0.00287935
_12420_, 281.14, 38.08, 0.00287935
_13548_, 281.14, 38.08, 0.00287935
ANTENNA__06958__B1, 281.14, 38.08, 0.00287935
ANTENNA__06900__B1, 281.14, 38.08, 0.00287935
ANTENNA__09519__A0, 281.14, 38.08, 0.00287935
_07104_, 293.94, 38.08, 0.00284888
_12418_, 293.94, 38.08, 0.00284888
_12419_, 293.94, 38.08, 0.00284888
_12421_, 293.94, 38.08, 0.00284888
_14859_, 293.94, 38.08, 0.00284888
ANTENNA__12420__S, 293.94, 38.08, 0.00284888
ANTENNA__12420__A1, 293.94, 38.08, 0.00284888
_10992_, 306.74, 38.08, 0.0028105
_11224_, 306.74, 38.08, 0.0028105
_14312_, 306.74, 38.08, 0.0028105
ANTENNA__06907__A2, 306.74, 38.08, 0.0028105
ANTENNA__12418__A1, 306.74, 38.08, 0.0028105
FILLER_0_9_644, 306.74, 38.08, 0.0028105
FILLER_0_10_641, 306.74, 38.08, 0.0028105
FILLER_0_10_645, 306.74, 38.08, 0.0028105
_06907_, 319.54, 38.08, 0.0027655
_09658_, 319.54, 38.08, 0.0027655
_13608_, 319.54, 38.08, 0.0027655
ANTENNA__06959__B1, 319.54, 38.08, 0.0027655
ANTENNA__06959__C1, 319.54, 38.08, 0.0027655
ANTENNA__11292__A1, 319.54, 38.08, 0.0027655
ANTENNA__11224__A1, 319.54, 38.08, 0.0027655
ANTENNA__11224__S, 319.54, 38.08, 0.0027655
ANTENNA__11292__S, 319.54, 38.08, 0.0027655
FILLER_0_9_669, 319.54, 38.08, 0.0027655
_10000_, 345.14, 38.08, 0.00271154
_11942_, 345.14, 38.08, 0.00271154
_11943_, 345.14, 38.08, 0.00271154
_11944_, 345.14, 38.08, 0.00271154
_11945_, 345.14, 38.08, 0.00271154
ANTENNA__09664__A0, 345.14, 38.08, 0.00271154
ANTENNA__09664__S, 345.14, 38.08, 0.00271154
ANTENNA__11934__A1, 345.14, 38.08, 0.00271154
ANTENNA__11944__A1, 345.14, 38.08, 0.00271154
ANTENNA__11944__S, 345.14, 38.08, 0.00271154
ANTENNA__11942__S, 345.14, 38.08, 0.00271154
FILLER_0_9_733, 345.14, 38.08, 0.00271154
_10010_, 357.94, 38.08, 0.00270517
_11940_, 357.94, 38.08, 0.00270517
_14636_, 357.94, 38.08, 0.00270517
ANTENNA__07146__A3, 357.94, 38.08, 0.00270517
ANTENNA__07098__A2, 357.94, 38.08, 0.00270517
ANTENNA__10009__S, 370.74, 38.08, 0.00269232
ANTENNA__11940__A1, 370.74, 38.08, 0.00269232
ANTENNA__11940__S, 370.74, 38.08, 0.00269232
FILLER_0_10_802, 370.74, 38.08, 0.00269232
FILLER_0_11_833, 383.54, 38.08, 0.00267947
FILLER_0_10_861, 396.34, 38.08, 0.00266662
FILLER_0_11_889, 409.14, 38.08, 0.00265377
FILLER_0_10_917, 421.94, 38.08, 0.00264092
FILLER_0_11_945, 434.74, 38.08, 0.00262807
FILLER_0_10_973, 447.54, 38.08, 0.00261522
FILLER_0_11_1001, 460.34, 38.08, 0.00260237
FILLER_0_10_1029, 473.14, 38.08, 0.00258952
PHY_14, 5.52, 32.64, 0.00261801
PHY_16, 5.52, 32.64, 0.00261801
PHY_15, 494.04, 32.64, 0.00258506
PHY_17, 494.04, 32.64, 0.00258506
FILLER_0_8_77, 37.94, 32.64, 0.00263073
FILLER_0_9_105, 50.74, 32.64, 0.00264345
FILLER_0_8_133, 63.54, 32.64, 0.00265617
FILLER_0_9_161, 76.34, 32.64, 0.00266889
FILLER_0_8_189, 89.14, 32.64, 0.0026816
FILLER_0_9_217, 101.94, 32.64, 0.00269432
FILLER_0_8_245, 114.74, 32.64, 0.00270704
FILLER_0_9_273, 127.54, 32.64, 0.00271976
_12214_, 140.34, 32.64, 0.00273248
_12215_, 140.34, 32.64, 0.00273248
_12555_, 140.34, 32.64, 0.00273248
ANTENNA__12552__S, 140.34, 32.64, 0.00273248
FILLER_0_8_301, 140.34, 32.64, 0.00273248
_14663_, 153.14, 32.64, 0.00274254
ANTENNA__12212__A1, 153.14, 32.64, 0.00274254
ANTENNA__12214__A1, 153.14, 32.64, 0.00274254
ANTENNA__12214__S, 153.14, 32.64, 0.00274254
ANTENNA__06600__A, 153.14, 32.64, 0.00274254
FILLER_0_7_317, 153.14, 32.64, 0.00274254
FILLER_0_8_317, 153.14, 32.64, 0.00274254
FILLER_0_9_327, 153.14, 32.64, 0.00274254
_06935_, 165.94, 32.64, 0.00274785
_12002_, 165.94, 32.64, 0.00274785
_12614_, 165.94, 32.64, 0.00274785
ANTENNA__07031__A2, 165.94, 32.64, 0.00274785
ANTENNA__06935__A2, 165.94, 32.64, 0.00274785
ANTENNA__07081__B1, 165.94, 32.64, 0.00274785
ANTENNA__06935__B1, 165.94, 32.64, 0.00274785
ANTENNA__12614__A1, 165.94, 32.64, 0.00274785
ANTENNA__12002__S, 165.94, 32.64, 0.00274785
FILLER_0_8_361, 165.94, 32.64, 0.00274785
FILLER_0_9_352, 165.94, 32.64, 0.00274785
FILLER_0_9_362, 165.94, 32.64, 0.00274785
_12688_, 191.54, 32.64, 0.00278504
_14986_, 191.54, 32.64, 0.00278504
ANTENNA__07127__B1, 191.54, 32.64, 0.00278504
FILLER_0_9_416, 191.54, 32.64, 0.00278504
_07130_, 204.34, 32.64, 0.00281314
_11496_, 204.34, 32.64, 0.00281314
_11497_, 204.34, 32.64, 0.00281314
_12684_, 204.34, 32.64, 0.00281314
_12685_, 204.34, 32.64, 0.00281314
_14984_, 204.34, 32.64, 0.00281314
ANTENNA__12684__S, 204.34, 32.64, 0.00281314
ANTENNA__12688__A1, 204.34, 32.64, 0.00281314
ANTENNA_clkbuf_leaf_158_wclk_A, 204.34, 32.64, 0.00281314
_06981_, 217.14, 32.64, 0.00283048
_11562_, 217.14, 32.64, 0.00283048
_14471_, 217.14, 32.64, 0.00283048
ANTENNA__12684__A1, 217.14, 32.64, 0.00283048
FILLER_0_7_456, 217.14, 32.64, 0.00283048
FILLER_0_8_451, 217.14, 32.64, 0.00283048
FILLER_0_8_470, 217.14, 32.64, 0.00283048
_06934_, 229.94, 32.64, 0.00284141
_07128_, 229.94, 32.64, 0.00284141
_11086_, 229.94, 32.64, 0.00284141
_14247_, 229.94, 32.64, 0.00284141
ANTENNA__06934__A3, 229.94, 32.64, 0.00284141
ANTENNA__07128__B1, 229.94, 32.64, 0.00284141
ANTENNA__07175__A2, 229.94, 32.64, 0.00284141
ANTENNA__06934__A2, 229.94, 32.64, 0.00284141
ANTENNA__11086__A1, 229.94, 32.64, 0.00284141
FILLER_0_8_495, 229.94, 32.64, 0.00284141
_09296_, 242.74, 32.64, 0.00284593
_12750_, 242.74, 32.64, 0.00284593
_12751_, 242.74, 32.64, 0.00284593
_13021_, 242.74, 32.64, 0.00284593
ANTENNA__12750__S, 242.74, 32.64, 0.00284593
ANTENNA__07128__A3, 242.74, 32.64, 0.00284593
ANTENNA__12750__A1, 242.74, 32.64, 0.00284593
ANTENNA__10987__A, 242.74, 32.64, 0.00284593
ANTENNA__12758__A1, 242.74, 32.64, 0.00284593
ANTENNA__09296__A, 242.74, 32.64, 0.00284593
FILLER_0_7_509, 242.74, 32.64, 0.00284593
FILLER_0_7_514, 242.74, 32.64, 0.00284593
FILLER_0_8_524, 242.74, 32.64, 0.00284593
_06589_, 255.54, 32.64, 0.00284227
_09520_, 255.54, 32.64, 0.00284227
ANTENNA__06998__B, 255.54, 32.64, 0.00284227
ANTENNA__06589__S, 255.54, 32.64, 0.00284227
ANTENNA__06998__C, 255.54, 32.64, 0.00284227
ANTENNA__06877__A2, 255.54, 32.64, 0.00284227
FILLER_0_8_545, 255.54, 32.64, 0.00284227
FILLER_0_8_553, 255.54, 32.64, 0.00284227
FILLER_0_9_544, 255.54, 32.64, 0.00284227
_06877_, 268.34, 32.64, 0.00283686
_11700_, 268.34, 32.64, 0.00283686
_12410_, 268.34, 32.64, 0.00283686
_12413_, 268.34, 32.64, 0.00283686
_14855_, 268.34, 32.64, 0.00283686
ANTENNA__06876__C, 268.34, 32.64, 0.00283686
ANTENNA__09519__S, 268.34, 32.64, 0.00283686
ANTENNA__11706__A1, 268.34, 32.64, 0.00283686
_12412_, 281.14, 32.64, 0.00282369
_14860_, 281.14, 32.64, 0.00282369
ANTENNA__12412__S, 281.14, 32.64, 0.00282369
ANTENNA__12410__S, 281.14, 32.64, 0.00282369
ANTENNA__07152__A2, 281.14, 32.64, 0.00282369
ANTENNA__06958__A2, 281.14, 32.64, 0.00282369
ANTENNA__06900__A2, 281.14, 32.64, 0.00282369
_11712_, 293.94, 32.64, 0.00280481
ANTENNA__12282__S, 293.94, 32.64, 0.00280481
ANTENNA__12418__S, 293.94, 32.64, 0.00280481
ANTENNA__07097__A2, 293.94, 32.64, 0.00280481
ANTENNA__07097__B1, 293.94, 32.64, 0.00280481
ANTENNA__07104__B1, 293.94, 32.64, 0.00280481
ANTENNA__09529__S, 293.94, 32.64, 0.00280481
ANTENNA__11712__A1, 293.94, 32.64, 0.00280481
FILLER_0_8_618, 293.94, 32.64, 0.00280481
FILLER_0_8_639, 293.94, 32.64, 0.00280481
_10989_, 306.74, 32.64, 0.00278508
_11702_, 306.74, 32.64, 0.00278508
_14215_, 306.74, 32.64, 0.00278508
ANTENNA__10988__S, 306.74, 32.64, 0.00278508
ANTENNA__11702__A, 306.74, 32.64, 0.00278508
FILLER_0_7_642, 306.74, 32.64, 0.00278508
FILLER_0_8_645, 306.74, 32.64, 0.00278508
_06906_, 319.54, 32.64, 0.00275861
_11222_, 319.54, 32.64, 0.00275861
_11290_, 319.54, 32.64, 0.00275861
_11291_, 319.54, 32.64, 0.00275861
_14311_, 319.54, 32.64, 0.00275861
ANTENNA__06907__B1, 319.54, 32.64, 0.00275861
FILLER_0_7_682, 319.54, 32.64, 0.00275861
FILLER_0_9_685, 319.54, 32.64, 0.00275861
_09664_, 345.14, 32.64, 0.00272637
_09665_, 345.14, 32.64, 0.00272637
_09667_, 345.14, 32.64, 0.00272637
_11711_, 345.14, 32.64, 0.00272637
_14635_, 345.14, 32.64, 0.00272637
ANTENNA__09666__S, 345.14, 32.64, 0.00272637
ANTENNA__11711__A, 345.14, 32.64, 0.00272637
FILLER_0_8_748, 345.14, 32.64, 0.00272637
_11941_, 357.94, 32.64, 0.00271976
_14634_, 357.94, 32.64, 0.00271976
FILLER_0_8_757, 357.94, 32.64, 0.00271976
FILLER_0_8_765, 357.94, 32.64, 0.00271976
_09290_, 370.74, 32.64, 0.00270747
ANTENNA__09290__A, 370.74, 32.64, 0.00270747
FILLER_0_8_807, 370.74, 32.64, 0.00270747
FILLER_0_9_833, 383.54, 32.64, 0.00269387
FILLER_0_8_861, 396.34, 32.64, 0.00268026
FILLER_0_9_889, 409.14, 32.64, 0.00266666
FILLER_0_8_917, 421.94, 32.64, 0.00265306
FILLER_0_9_945, 434.74, 32.64, 0.00263946
FILLER_0_8_973, 447.54, 32.64, 0.00262586
FILLER_0_9_1001, 460.34, 32.64, 0.00261226
FILLER_0_8_1029, 473.14, 32.64, 0.00259866
PHY_10, 5.52, 27.2, 0.00262318
PHY_12, 5.52, 27.2, 0.00262318
output61, 5.52, 27.2, 0.00262318
ANTENNA_output61_A, 5.52, 27.2, 0.00262318
PHY_11, 494.04, 27.2, 0.00258784
PHY_13, 494.04, 27.2, 0.00258784
output40, 494.04, 27.2, 0.00258784
ANTENNA_output40_A, 494.04, 27.2, 0.00258784
FILLER_0_6_22, 15.33, 27.2, 0.00262276
FILLER_0_6_77, 37.94, 27.2, 0.00263489
FILLER_0_7_105, 50.74, 27.2, 0.00264744
FILLER_0_6_133, 63.54, 27.2, 0.00265999
FILLER_0_7_161, 76.34, 27.2, 0.00267254
FILLER_0_6_189, 89.14, 27.2, 0.0026851
FILLER_0_7_217, 101.94, 27.2, 0.00269765
FILLER_0_6_245, 114.74, 27.2, 0.0027102
FILLER_0_7_273, 127.54, 27.2, 0.00272275
FILLER_0_6_301, 140.34, 27.2, 0.00273531
_12003_, 153.14, 27.2, 0.00274786
_12615_, 153.14, 27.2, 0.00274786
_14667_, 153.14, 27.2, 0.00274786
_14951_, 153.14, 27.2, 0.00274786
ANTENNA__12002__A0, 153.14, 27.2, 0.00274786
ANTENNA__12010__A0, 153.14, 27.2, 0.00274786
ANTENNA__12012__A0, 153.14, 27.2, 0.00274786
ANTENNA__07081__A2, 153.14, 27.2, 0.00274786
FILLER_0_7_327, 153.14, 27.2, 0.00274786
_07081_, 165.94, 27.2, 0.00274921
_12010_, 165.94, 27.2, 0.00274921
_12623_, 165.94, 27.2, 0.00274921
_14955_, 165.94, 27.2, 0.00274921
ANTENNA__07129__A2, 165.94, 27.2, 0.00274921
ANTENNA__07129__B1, 165.94, 27.2, 0.00274921
FILLER_0_5_346, 165.94, 27.2, 0.00274921
FILLER_0_6_350, 165.94, 27.2, 0.00274921
FILLER_0_6_358, 165.94, 27.2, 0.00274921
_07079_, 191.54, 27.2, 0.00277752
_11504_, 191.54, 27.2, 0.00277752
_12692_, 191.54, 27.2, 0.00277752
_12693_, 191.54, 27.2, 0.00277752
_14988_, 191.54, 27.2, 0.00277752
ANTENNA__12690__S, 191.54, 27.2, 0.00277752
ANTENNA__11504__S, 191.54, 27.2, 0.00277752
_07082_, 204.34, 27.2, 0.002803
_14440_, 204.34, 27.2, 0.002803
ANTENNA__07079__A2, 204.34, 27.2, 0.002803
ANTENNA__11496__A1, 204.34, 27.2, 0.002803
ANTENNA__11496__S, 204.34, 27.2, 0.002803
FILLER_0_5_430, 204.34, 27.2, 0.002803
ANTENNA__06981__A2, 217.14, 27.2, 0.00282104
ANTENNA__06981__B1, 217.14, 27.2, 0.00282104
ANTENNA__07175__B1, 217.14, 27.2, 0.00282104
ANTENNA__11564__A1, 217.14, 27.2, 0.00282104
ANTENNA__11572__A1, 217.14, 27.2, 0.00282104
ANTENNA__11086__S, 217.14, 27.2, 0.00282104
ANTENNA__11562__S, 217.14, 27.2, 0.00282104
ANTENNA__11632__S, 217.14, 27.2, 0.00282104
FILLER_0_5_457, 217.14, 27.2, 0.00282104
FILLER_0_6_465, 217.14, 27.2, 0.00282104
_06982_, 229.94, 27.2, 0.00283907
_07175_, 229.94, 27.2, 0.00283907
_11093_, 229.94, 27.2, 0.00283907
_14250_, 229.94, 27.2, 0.00283907
ANTENNA__06982__A3, 229.94, 27.2, 0.00283907
ANTENNA__06982__B1, 229.94, 27.2, 0.00283907
ANTENNA__07128__A2, 229.94, 27.2, 0.00283907
ANTENNA__06982__A2, 229.94, 27.2, 0.00283907
FILLER_0_6_477, 229.94, 27.2, 0.00283907
FILLER_0_7_493, 229.94, 27.2, 0.00283907
_06590_, 242.74, 27.2, 0.00285112
_11708_, 242.74, 27.2, 0.00285112
_12757_, 242.74, 27.2, 0.00285112
_15018_, 242.74, 27.2, 0.00285112
ANTENNA__06589__A1, 242.74, 27.2, 0.00285112
ANTENNA__07175__A3, 242.74, 27.2, 0.00285112
ANTENNA__07080__A3, 242.74, 27.2, 0.00285112
ANTENNA__06591__A, 242.74, 27.2, 0.00285112
ANTENNA__11708__A, 242.74, 27.2, 0.00285112
FILLER_0_7_522, 242.74, 27.2, 0.00285112
_06876_, 255.54, 27.2, 0.00285529
_12274_, 255.54, 27.2, 0.00285529
_12275_, 255.54, 27.2, 0.00285529
_14535_, 255.54, 27.2, 0.00285529
_14791_, 255.54, 27.2, 0.00285529
ANTENNA__06876__B, 255.54, 27.2, 0.00285529
FILLER_0_7_544, 255.54, 27.2, 0.00285529
_12411_, 268.34, 27.2, 0.00284871
_14856_, 268.34, 27.2, 0.00284871
ANTENNA__06950__B, 268.34, 27.2, 0.00284871
ANTENNA__06951__A2, 268.34, 27.2, 0.00284871
ANTENNA__06877__B1, 268.34, 27.2, 0.00284871
ANTENNA__11700__S, 268.34, 27.2, 0.00284871
ANTENNA__12410__A1, 268.34, 27.2, 0.00284871
ANTENNA__11700__A1, 268.34, 27.2, 0.00284871
FILLER_0_5_565, 268.34, 27.2, 0.00284871
FILLER_0_6_570, 268.34, 27.2, 0.00284871
FILLER_0_6_580, 268.34, 27.2, 0.00284871
_06601_, 281.14, 27.2, 0.00283655
_07096_, 281.14, 27.2, 0.00283655
_12282_, 281.14, 27.2, 0.00283655
_13023_, 281.14, 27.2, 0.00283655
ANTENNA__07096__B, 281.14, 27.2, 0.00283655
ANTENNA__06601__S, 281.14, 27.2, 0.00283655
ANTENNA__06601__A1, 281.14, 27.2, 0.00283655
ANTENNA__07096__C, 281.14, 27.2, 0.00283655
ANTENNA__07145__A2, 281.14, 27.2, 0.00283655
ANTENNA__07145__B1, 281.14, 27.2, 0.00283655
ANTENNA__12412__A1, 281.14, 27.2, 0.00283655
FILLER_0_6_589, 281.14, 27.2, 0.00283655
_07097_, 293.94, 27.2, 0.00281763
_11713_, 293.94, 27.2, 0.00281763
_12283_, 293.94, 27.2, 0.00281763
_14539_, 293.94, 27.2, 0.00281763
_14795_, 293.94, 27.2, 0.00281763
ANTENNA__11712__S, 293.94, 27.2, 0.00281763
_07154_, 306.74, 27.2, 0.00278775
_10988_, 306.74, 27.2, 0.00278775
_11003_, 306.74, 27.2, 0.00278775
_11223_, 306.74, 27.2, 0.00278775
ANTENNA__07154__A2, 306.74, 27.2, 0.00278775
ANTENNA__07106__A2, 306.74, 27.2, 0.00278775
ANTENNA__07154__B1, 306.74, 27.2, 0.00278775
ANTENNA__10988__A1, 306.74, 27.2, 0.00278775
ANTENNA_clkbuf_leaf_130_wclk_A, 306.74, 27.2, 0.00278775
FILLER_0_6_645, 306.74, 27.2, 0.00278775
_07056_, 319.54, 27.2, 0.00275411
_14343_, 319.54, 27.2, 0.00275411
ANTENNA__07106__B1, 319.54, 27.2, 0.00275411
ANTENNA__11003__S, 319.54, 27.2, 0.00275411
ANTENNA__11290__A1, 319.54, 27.2, 0.00275411
ANTENNA__11222__A1, 319.54, 27.2, 0.00275411
ANTENNA__11003__A1, 319.54, 27.2, 0.00275411
ANTENNA__11222__S, 319.54, 27.2, 0.00275411
ANTENNA__11290__S, 319.54, 27.2, 0.00275411
FILLER_0_5_681, 319.54, 27.2, 0.00275411
_13611_, 345.14, 27.2, 0.00270907
ANTENNA__07153__A2, 345.14, 27.2, 0.00270907
ANTENNA__07105__C1, 345.14, 27.2, 0.00270907
ANTENNA__09666__A0, 345.14, 27.2, 0.00270907
ANTENNA__11002__A, 345.14, 27.2, 0.00270907
FILLER_0_5_737, 345.14, 27.2, 0.00270907
FILLER_0_6_748, 345.14, 27.2, 0.00270907
ANTENNA__10996__A, 357.94, 27.2, 0.00269801
FILLER_0_7_779, 357.94, 27.2, 0.00269801
FILLER_0_6_805, 370.74, 27.2, 0.00268696
FILLER_0_7_833, 383.54, 27.2, 0.00267591
FILLER_0_6_861, 396.34, 27.2, 0.00266486
FILLER_0_7_889, 409.14, 27.2, 0.0026538
FILLER_0_6_917, 421.94, 27.2, 0.00264275
FILLER_0_7_945, 434.74, 27.2, 0.0026317
FILLER_0_6_973, 447.54, 27.2, 0.00262064
FILLER_0_7_1001, 460.34, 27.2, 0.00260959
FILLER_0_6_1029, 473.14, 27.2, 0.00259854
PHY_6, 5.52, 21.76, 0.00262589
PHY_8, 5.52, 21.76, 0.00262589
PHY_7, 494.04, 21.76, 0.00258993
PHY_9, 494.04, 21.76, 0.00258993
FILLER_0_4_77, 37.94, 21.76, 0.002641
FILLER_0_5_105, 50.74, 21.76, 0.00265611
FILLER_0_4_133, 63.54, 21.76, 0.00267122
FILLER_0_5_161, 76.34, 21.76, 0.00268634
FILLER_0_4_189, 89.14, 21.76, 0.00270145
FILLER_0_5_217, 101.94, 21.76, 0.00271656
FILLER_0_4_245, 114.74, 21.76, 0.00273168
FILLER_0_5_273, 127.54, 21.76, 0.00274679
FILLER_0_4_301, 140.34, 21.76, 0.0027619
_12008_, 153.14, 21.76, 0.00277702
_12009_, 153.14, 21.76, 0.00277702
_12011_, 153.14, 21.76, 0.00277702
_14666_, 153.14, 21.76, 0.00277702
ANTENNA__12008__A0, 153.14, 21.76, 0.00277702
ANTENNA__12008__S, 153.14, 21.76, 0.00277702
FILLER_0_3_317, 153.14, 21.76, 0.00277702
FILLER_0_4_309, 153.14, 21.76, 0.00277702
_12012_, 165.94, 21.76, 0.00278489
_12013_, 165.94, 21.76, 0.00278489
_12620_, 165.94, 21.76, 0.00278489
clkbuf_leaf_160_wclk, 165.94, 21.76, 0.00278489
ANTENNA__07176__B1, 165.94, 21.76, 0.00278489
ANTENNA__06983__B1, 165.94, 21.76, 0.00278489
FILLER_0_4_339, 165.94, 21.76, 0.00278489
FILLER_0_5_358, 165.94, 21.76, 0.00278489
_07174_, 191.54, 21.76, 0.00282318
_11568_, 191.54, 21.76, 0.00282318
_11570_, 191.54, 21.76, 0.00282318
_14474_, 191.54, 21.76, 0.00282318
ANTENNA__07174__A2, 191.54, 21.76, 0.00282318
ANTENNA__07079__B1, 191.54, 21.76, 0.00282318
ANTENNA__11504__A1, 191.54, 21.76, 0.00282318
ANTENNA__11568__S, 191.54, 21.76, 0.00282318
_07126_, 204.34, 21.76, 0.00286688
_07177_, 204.34, 21.76, 0.00286688
_11572_, 204.34, 21.76, 0.00286688
ANTENNA__07173__A2, 204.34, 21.76, 0.00286688
ANTENNA__07126__A2, 204.34, 21.76, 0.00286688
ANTENNA__07126__B1, 204.34, 21.76, 0.00286688
ANTENNA__11640__A1, 204.34, 21.76, 0.00286688
ANTENNA__11572__S, 204.34, 21.76, 0.00286688
FILLER_0_4_421, 204.34, 21.76, 0.00286688
FILLER_0_4_444, 204.34, 21.76, 0.00286688
FILLER_0_5_436, 204.34, 21.76, 0.00286688
_06984_, 217.14, 21.76, 0.00290456
_07173_, 217.14, 21.76, 0.00290456
_11564_, 217.14, 21.76, 0.00290456
_11565_, 217.14, 21.76, 0.00290456
_11632_, 217.14, 21.76, 0.00290456
ANTENNA__07080__B1, 217.14, 21.76, 0.00290456
ANTENNA__11092__A1, 217.14, 21.76, 0.00290456
ANTENNA__11092__S, 217.14, 21.76, 0.00290456
ANTENNA__11564__S, 217.14, 21.76, 0.00290456
FILLER_0_4_462, 217.14, 21.76, 0.00290456
FILLER_0_5_469, 217.14, 21.76, 0.00290456
_07080_, 229.94, 21.76, 0.00293326
_11092_, 229.94, 21.76, 0.00293326
_12756_, 229.94, 21.76, 0.00293326
_14252_, 229.94, 21.76, 0.00293326
ANTENNA__12756__S, 229.94, 21.76, 0.00293326
ANTENNA__12756__A1, 229.94, 21.76, 0.00293326
FILLER_0_4_477, 229.94, 21.76, 0.00293326
_06591_, 242.74, 21.76, 0.00295447
_06597_, 242.74, 21.76, 0.00295447
_12760_, 242.74, 21.76, 0.00295447
_13019_, 242.74, 21.76, 0.00295447
clkbuf_leaf_157_wclk, 242.74, 21.76, 0.00295447
ANTENNA__06597__A, 242.74, 21.76, 0.00295447
FILLER_0_4_529, 242.74, 21.76, 0.00295447
_06592_, 255.54, 21.76, 0.00294613
_06950_, 255.54, 21.76, 0.00294613
_11701_, 255.54, 21.76, 0.00294613
ANTENNA__12274__S, 255.54, 21.76, 0.00294613
ANTENNA__06592__S, 255.54, 21.76, 0.00294613
ANTENNA__12274__A0, 255.54, 21.76, 0.00294613
FILLER_0_4_546, 255.54, 21.76, 0.00294613
FILLER_0_5_557, 255.54, 21.76, 0.00294613
_06951_, 268.34, 21.76, 0.00293611
_07144_, 268.34, 21.76, 0.00293611
_07145_, 268.34, 21.76, 0.00293611
_11716_, 268.34, 21.76, 0.00293611
_12285_, 268.34, 21.76, 0.00293611
_14796_, 268.34, 21.76, 0.00293611
ANTENNA__12276__A0, 268.34, 21.76, 0.00293611
ANTENNA__07144__C, 268.34, 21.76, 0.00293611
ANTENNA__06950__C, 268.34, 21.76, 0.00293611
ANTENNA__06951__B1, 268.34, 21.76, 0.00293611
FILLER_0_5_578, 268.34, 21.76, 0.00293611
_06598_, 281.14, 21.76, 0.00291894
_06599_, 281.14, 21.76, 0.00291894
_06602_, 281.14, 21.76, 0.00291894
_07046_, 281.14, 21.76, 0.00291894
ANTENNA__12282__A0, 281.14, 21.76, 0.00291894
ANTENNA__07046__C, 281.14, 21.76, 0.00291894
FILLER_0_4_589, 281.14, 21.76, 0.00291894
FILLER_0_4_595, 281.14, 21.76, 0.00291894
FILLER_0_4_612, 281.14, 21.76, 0.00291894
_07047_, 293.94, 21.76, 0.00289913
_11004_, 293.94, 21.76, 0.00289913
_14220_, 293.94, 21.76, 0.00289913
clkbuf_leaf_130_wclk, 293.94, 21.76, 0.00289913
ANTENNA__06598__S, 293.94, 21.76, 0.00289913
ANTENNA__11715__A1, 293.94, 21.76, 0.00289913
FILLER_0_4_635, 293.94, 21.76, 0.00289913
_07106_, 306.74, 21.76, 0.00285177
_10990_, 306.74, 21.76, 0.00285177
_10998_, 306.74, 21.76, 0.00285177
_11000_, 306.74, 21.76, 0.00285177
_11232_, 306.74, 21.76, 0.00285177
_14218_, 306.74, 21.76, 0.00285177
FILLER_0_4_641, 306.74, 21.76, 0.00285177
_07055_, 319.54, 21.76, 0.00279494
_07153_, 319.54, 21.76, 0.00279494
_11228_, 319.54, 21.76, 0.00279494
_11300_, 319.54, 21.76, 0.00279494
ANTENNA__11000__S, 319.54, 21.76, 0.00279494
ANTENNA__11000__A1, 319.54, 21.76, 0.00279494
ANTENNA__10990__A, 319.54, 21.76, 0.00279494
_10996_, 345.14, 21.76, 0.00272618
_11002_, 345.14, 21.76, 0.00272618
_11714_, 345.14, 21.76, 0.00272618
ANTENNA__09662__A0, 345.14, 21.76, 0.00272618
FILLER_0_3_729, 345.14, 21.76, 0.00272618
FILLER_0_4_738, 345.14, 21.76, 0.00272618
FILLER_0_4_747, 345.14, 21.76, 0.00272618
FILLER_0_5_780, 357.94, 21.76, 0.00271379
FILLER_0_4_805, 370.74, 21.76, 0.00270141
FILLER_0_5_833, 383.54, 21.76, 0.00268902
FILLER_0_4_861, 396.34, 21.76, 0.00267664
FILLER_0_5_889, 409.14, 21.76, 0.00266425
FILLER_0_4_917, 421.94, 21.76, 0.00265186
FILLER_0_5_945, 434.74, 21.76, 0.00263948
FILLER_0_4_973, 447.54, 21.76, 0.00262709
FILLER_0_5_1001, 460.34, 21.76, 0.0026147
FILLER_0_4_1029, 473.14, 21.76, 0.00260232
PHY_2, 5.52, 16.32, 0.00262651
PHY_4, 5.52, 16.32, 0.00262651
PHY_3, 494.04, 16.32, 0.002591
PHY_5, 494.04, 16.32, 0.002591
FILLER_0_2_77, 37.94, 16.32, 0.00264081
FILLER_0_3_105, 50.74, 16.32, 0.00265511
FILLER_0_2_133, 63.54, 16.32, 0.00266941
FILLER_0_3_161, 76.34, 16.32, 0.00268371
FILLER_0_2_189, 89.14, 16.32, 0.00269801
FILLER_0_3_217, 101.94, 16.32, 0.00271231
FILLER_0_2_245, 114.74, 16.32, 0.0027266
FILLER_0_3_273, 127.54, 16.32, 0.0027409
FILLER_0_2_301, 140.34, 16.32, 0.0027552
ANTENNA__12620__A1, 153.14, 16.32, 0.0027695
FILLER_0_2_321, 153.14, 16.32, 0.0027695
FILLER_0_2_329, 153.14, 16.32, 0.0027695
_12617_, 165.94, 16.32, 0.0027838
_12621_, 165.94, 16.32, 0.0027838
_12625_, 165.94, 16.32, 0.0027838
_14668_, 165.94, 16.32, 0.0027838
_14954_, 165.94, 16.32, 0.0027838
_14956_, 165.94, 16.32, 0.0027838
ANTENNA__12010__S, 165.94, 16.32, 0.0027838
_07078_, 191.54, 16.32, 0.00283714
_11569_, 191.54, 16.32, 0.00283714
_11571_, 191.54, 16.32, 0.00283714
_11638_, 191.54, 16.32, 0.00283714
_14507_, 191.54, 16.32, 0.00283714
ANTENNA__11570__S, 191.54, 16.32, 0.00283714
FILLER_0_1_400, 191.54, 16.32, 0.00283714
_11573_, 204.34, 16.32, 0.00288429
_11636_, 204.34, 16.32, 0.00288429
_11639_, 204.34, 16.32, 0.00288429
_11640_, 204.34, 16.32, 0.00288429
_14476_, 204.34, 16.32, 0.00288429
_14508_, 204.34, 16.32, 0.00288429
ANTENNA__11638__S, 204.34, 16.32, 0.00288429
FILLER_0_1_424, 204.34, 16.32, 0.00288429
_06980_, 217.14, 16.32, 0.00291785
_11089_, 217.14, 16.32, 0.00291785
_11633_, 217.14, 16.32, 0.00291785
_14472_, 217.14, 16.32, 0.00291785
_14504_, 217.14, 16.32, 0.00291785
ANTENNA__11096__A1, 217.14, 16.32, 0.00291785
FILLER_0_2_468, 217.14, 16.32, 0.00291785
_11088_, 229.94, 16.32, 0.00293919
_11096_, 229.94, 16.32, 0.00293919
_11097_, 229.94, 16.32, 0.00293919
_12752_, 229.94, 16.32, 0.00293919
ANTENNA_clkbuf_leaf_157_wclk_A, 229.94, 16.32, 0.00293919
_06604_, 242.74, 16.32, 0.00295658
_12761_, 242.74, 16.32, 0.00295658
_13024_, 242.74, 16.32, 0.00295658
_15016_, 242.74, 16.32, 0.00295658
_15020_, 242.74, 16.32, 0.00295658
ANTENNA__06592__A1, 242.74, 16.32, 0.00295658
_06593_, 255.54, 16.32, 0.00295716
_06605_, 255.54, 16.32, 0.00295716
_12276_, 255.54, 16.32, 0.00295716
_14536_, 255.54, 16.32, 0.00295716
_14792_, 255.54, 16.32, 0.00295716
_11703_, 268.34, 16.32, 0.0029461
_11715_, 268.34, 16.32, 0.0029461
_12284_, 268.34, 16.32, 0.0029461
_14540_, 268.34, 16.32, 0.0029461
ANTENNA__07144__B, 268.34, 16.32, 0.0029461
_12280_, 281.14, 16.32, 0.00292833
_13022_, 281.14, 16.32, 0.00292833
_14794_, 281.14, 16.32, 0.00292833
ANTENNA__12284__S, 281.14, 16.32, 0.00292833
ANTENNA__06598__A1, 281.14, 16.32, 0.00292833
ANTENNA__11715__S, 281.14, 16.32, 0.00292833
_11001_, 293.94, 16.32, 0.00290025
_11709_, 293.94, 16.32, 0.00290025
_11710_, 293.94, 16.32, 0.00290025
_14219_, 293.94, 16.32, 0.00290025
_14538_, 293.94, 16.32, 0.00290025
ANTENNA__12280__S, 293.94, 16.32, 0.00290025
ANTENNA__07047__A2, 293.94, 16.32, 0.00290025
ANTENNA__07047__B1, 293.94, 16.32, 0.00290025
ANTENNA__11709__A1, 293.94, 16.32, 0.00290025
_10997_, 306.74, 16.32, 0.00286088
_11231_, 306.74, 16.32, 0.00286088
_11233_, 306.74, 16.32, 0.00286088
_14314_, 306.74, 16.32, 0.00286088
_14315_, 306.74, 16.32, 0.00286088
_14316_, 306.74, 16.32, 0.00286088
FILLER_0_1_645, 306.74, 16.32, 0.00286088
_11297_, 319.54, 16.32, 0.00280447
_11301_, 319.54, 16.32, 0.00280447
_14347_, 319.54, 16.32, 0.00280447
_14348_, 319.54, 16.32, 0.00280447
ANTENNA__07056__B1, 319.54, 16.32, 0.00280447
ANTENNA__11232__S, 319.54, 16.32, 0.00280447
ANTENNA__11228__S, 319.54, 16.32, 0.00280447
ANTENNA__11714__A, 345.14, 16.32, 0.00272475
FILLER_0_2_745, 345.14, 16.32, 0.00272475
FILLER_0_2_753, 357.94, 16.32, 0.00271259
FILLER_0_3_777, 357.94, 16.32, 0.00271259
FILLER_0_2_805, 370.74, 16.32, 0.00270043
FILLER_0_3_833, 383.54, 16.32, 0.00268828
FILLER_0_2_861, 396.34, 16.32, 0.00267612
FILLER_0_3_889, 409.14, 16.32, 0.00266396
FILLER_0_2_917, 421.94, 16.32, 0.0026518
FILLER_0_3_945, 434.74, 16.32, 0.00263964
FILLER_0_2_973, 447.54, 16.32, 0.00262748
FILLER_0_3_1001, 460.34, 16.32, 0.00261532
FILLER_0_2_1029, 473.14, 16.32, 0.00260316
PHY_0, 5.52, 10.88, 0.00262624
output47, 5.52, 10.88, 0.00262624
ANTENNA_output47_A, 5.52, 10.88, 0.00262624
PHY_1, 494.04, 10.88, 0.00259343
output59, 494.04, 10.88, 0.00259343
ANTENNA_output59_A, 494.04, 10.88, 0.00259343
FILLER_0_0_22, 15.33, 10.88, 0.00262573
FILLER_0_0_81, 37.94, 10.88, 0.00263588
output53, 50.74, 10.88, 0.00264655
FILLER_0_0_97, 50.74, 10.88, 0.00264655
FILLER_0_0_105, 50.74, 10.88, 0.00264655
FILLER_0_1_105, 50.74, 10.88, 0.00264655
ANTENNA_output53_A, 63.54, 10.88, 0.00265662
FILLER_0_0_129, 63.54, 10.88, 0.00265662
FILLER_0_0_137, 63.54, 10.88, 0.00265662
output62, 76.34, 10.88, 0.0026667
FILLER_0_0_153, 76.34, 10.88, 0.0026667
FILLER_0_0_161, 76.34, 10.88, 0.0026667
FILLER_0_1_161, 76.34, 10.88, 0.0026667
ANTENNA_output62_A, 89.14, 10.88, 0.00267616
FILLER_0_0_185, 89.14, 10.88, 0.00267616
FILLER_0_0_193, 89.14, 10.88, 0.00267616
FILLER_0_0_221, 101.94, 10.88, 0.00268563
FILLER_0_1_217, 101.94, 10.88, 0.00268563
input29, 114.74, 10.88, 0.00269509
FILLER_0_0_277, 127.54, 10.88, 0.00270297
FILLER_0_1_273, 127.54, 10.88, 0.00270297
output63, 140.34, 10.88, 0.00271084
FILLER_0_0_281, 140.34, 10.88, 0.00271084
FILLER_0_0_305, 140.34, 10.88, 0.00271084
FILLER_0_0_333, 153.14, 10.88, 0.00271813
FILLER_0_1_329, 153.14, 10.88, 0.00271813
input18, 165.94, 10.88, 0.00272542
ANTENNA__12620__S, 165.94, 10.88, 0.00272542
ANTENNA__12012__S, 165.94, 10.88, 0.00272542
ANTENNA_clkbuf_leaf_160_wclk_A, 165.94, 10.88, 0.00272542
FILLER_0_0_337, 165.94, 10.88, 0.00272542
FILLER_0_0_357, 165.94, 10.88, 0.00272542
FILLER_0_1_353, 165.94, 10.88, 0.00272542
_11637_, 191.54, 10.88, 0.00274576
_14506_, 191.54, 10.88, 0.00274576
output57, 191.54, 10.88, 0.00274576
ANTENNA__07078__B1, 191.54, 10.88, 0.00274576
ANTENNA__11570__A1, 191.54, 10.88, 0.00274576
ANTENNA_output57_A, 191.54, 10.88, 0.00274576
FILLER_0_0_393, 191.54, 10.88, 0.00274576
_11641_, 204.34, 10.88, 0.00275409
ANTENNA__07173__B1, 204.34, 10.88, 0.00275409
ANTENNA__11636__A1, 204.34, 10.88, 0.00275409
ANTENNA__11638__A1, 204.34, 10.88, 0.00275409
ANTENNA__11636__S, 204.34, 10.88, 0.00275409
FILLER_0_0_421, 204.34, 10.88, 0.00275409
FILLER_0_0_427, 204.34, 10.88, 0.00275409
FILLER_0_0_438, 204.34, 10.88, 0.00275409
_14248_, 217.14, 10.88, 0.00276159
input17, 217.14, 10.88, 0.00276159
ANTENNA__06980__A2, 217.14, 10.88, 0.00276159
ANTENNA__06980__B1, 217.14, 10.88, 0.00276159
ANTENNA__11632__A1, 217.14, 10.88, 0.00276159
ANTENNA__11640__S, 217.14, 10.88, 0.00276159
FILLER_0_0_453, 217.14, 10.88, 0.00276159
_12753_, 229.94, 10.88, 0.00276252
ANTENNA__12760__S, 229.94, 10.88, 0.00276252
ANTENNA__12752__S, 229.94, 10.88, 0.00276252
ANTENNA__07080__A2, 229.94, 10.88, 0.00276252
ANTENNA__11096__S, 229.94, 10.88, 0.00276252
ANTENNA__11088__S, 229.94, 10.88, 0.00276252
ANTENNA__12760__A1, 229.94, 10.88, 0.00276252
FILLER_0_1_493, 229.94, 10.88, 0.00276252
_13020_, 242.74, 10.88, 0.00276258
output66, 242.74, 10.88, 0.00276258
ANTENNA__06604__S, 242.74, 10.88, 0.00276258
ANTENNA__06604__A1, 242.74, 10.88, 0.00276258
ANTENNA__11088__A1, 242.74, 10.88, 0.00276258
ANTENNA__12752__A1, 242.74, 10.88, 0.00276258
FILLER_0_0_513, 242.74, 10.88, 0.00276258
FILLER_0_0_523, 242.74, 10.88, 0.00276258
FILLER_0_1_521, 242.74, 10.88, 0.00276258
_11704_, 255.54, 10.88, 0.00275739
_12277_, 255.54, 10.88, 0.00275739
ANTENNA__12276__S, 255.54, 10.88, 0.00275739
FILLER_0_0_557, 255.54, 10.88, 0.00275739
FILLER_0_1_547, 255.54, 10.88, 0.00275739
ANTENNA__12284__A0, 268.34, 10.88, 0.00275087
ANTENNA__11703__S, 268.34, 10.88, 0.00275087
ANTENNA__11703__A1, 268.34, 10.88, 0.00275087
FILLER_0_0_561, 268.34, 10.88, 0.00275087
FILLER_0_0_569, 268.34, 10.88, 0.00275087
FILLER_0_0_582, 268.34, 10.88, 0.00275087
_12281_, 281.14, 10.88, 0.00274434
input23, 281.14, 10.88, 0.00274434
ANTENNA__07046__B, 281.14, 10.88, 0.00274434
ANTENNA__12280__A0, 281.14, 10.88, 0.00274434
FILLER_0_0_609, 281.14, 10.88, 0.00274434
FILLER_0_1_611, 281.14, 10.88, 0.00274434
ANTENNA__11709__S, 293.94, 10.88, 0.00273598
FILLER_0_1_637, 293.94, 10.88, 0.00273598
_11229_, 306.74, 10.88, 0.00272762
_11230_, 306.74, 10.88, 0.00272762
output42, 306.74, 10.88, 0.00272762
ANTENNA__10997__S, 306.74, 10.88, 0.00272762
ANTENNA__11232__A1, 306.74, 10.88, 0.00272762
ANTENNA_output42_A, 306.74, 10.88, 0.00272762
FILLER_0_0_650, 306.74, 10.88, 0.00272762
FILLER_0_1_664, 306.74, 10.88, 0.00272762
_14346_, 319.54, 10.88, 0.0027168
ANTENNA__11228__A1, 319.54, 10.88, 0.0027168
ANTENNA__10997__A1, 319.54, 10.88, 0.0027168
ANTENNA__11230__A1, 319.54, 10.88, 0.0027168
ANTENNA__11230__S, 319.54, 10.88, 0.0027168
FILLER_0_1_685, 319.54, 10.88, 0.0027168
input11, 357.94, 10.88, 0.00268891
FILLER_0_0_753, 357.94, 10.88, 0.00268891
FILLER_0_0_769, 357.94, 10.88, 0.00268891
FILLER_0_0_779, 357.94, 10.88, 0.00268891
FILLER_0_1_777, 357.94, 10.88, 0.00268891
input2, 383.54, 10.88, 0.00267396
FILLER_0_0_809, 383.54, 10.88, 0.00267396
FILLER_0_0_825, 383.54, 10.88, 0.00267396
FILLER_0_0_835, 383.54, 10.88, 0.00267396
FILLER_0_1_833, 383.54, 10.88, 0.00267396
FILLER_0_0_865, 409.14, 10.88, 0.00265605
FILLER_0_0_881, 409.14, 10.88, 0.00265605
FILLER_0_0_889, 409.14, 10.88, 0.00265605
FILLER_0_1_889, 409.14, 10.88, 0.00265605
output38, 421.94, 10.88, 0.00264709
ANTENNA_output38_A, 421.94, 10.88, 0.00264709
FILLER_0_0_913, 421.94, 10.88, 0.00264709
FILLER_0_0_921, 434.74, 10.88, 0.00263752
FILLER_0_1_945, 434.74, 10.88, 0.00263752
input32, 447.54, 10.88, 0.00262795
FILLER_0_0_949, 447.54, 10.88, 0.00262795
FILLER_0_0_971, 447.54, 10.88, 0.00262795
FILLER_0_1_1001, 460.34, 10.88, 0.00261706
input14, 473.14, 10.88, 0.00260617
FILLER_0_0_1005, 473.14, 10.88, 0.00260617

